solid OpenSCAD_Model
  facet normal 1 -0 0
    outer loop
      vertex 19 4 15.5
      vertex 19 6.52 4.5
      vertex 19 6.52 15.5
    endloop
  endfacet
  facet normal 1 0 0
    outer loop
      vertex 19 6.52 4.5
      vertex 19 4 15.5
      vertex 19 4 4.5
    endloop
  endfacet
  facet normal 0 0 1
    outer loop
      vertex 6.52 19 15.5
      vertex 4 19 15.5
      vertex 6.52 6.52 15.5
    endloop
  endfacet
  facet normal -0 0 1
    outer loop
      vertex 6.52 6.52 15.5
      vertex 19 4 15.5
      vertex 19 6.52 15.5
    endloop
  endfacet
  facet normal 0 0 1
    outer loop
      vertex 6.52 6.52 15.5
      vertex 4 4 15.5
      vertex 19 4 15.5
    endloop
  endfacet
  facet normal 0 0 1
    outer loop
      vertex 4 4 15.5
      vertex 6.52 6.52 15.5
      vertex 4 19 15.5
    endloop
  endfacet
  facet normal -1 0 0
    outer loop
      vertex 4 4 4.5
      vertex 4 19 15.5
      vertex 4 19 4.5
    endloop
  endfacet
  facet normal -1 -0 0
    outer loop
      vertex 4 19 15.5
      vertex 4 4 4.5
      vertex 4 4 15.5
    endloop
  endfacet
  facet normal 0 1 0
    outer loop
      vertex 11.32 6.52 5.5
      vertex 19 6.52 15.5
      vertex 14.52 6.52 5.5
    endloop
  endfacet
  facet normal 0 1 -0
    outer loop
      vertex 19 6.52 4.5
      vertex 14.52 6.52 5.5
      vertex 19 6.52 15.5
    endloop
  endfacet
  facet normal 0 1 0
    outer loop
      vertex 14.52 6.52 5.5
      vertex 19 6.52 4.5
      vertex 14.52 6.52 4.5
    endloop
  endfacet
  facet normal 0 1 0
    outer loop
      vertex 19 6.52 15.5
      vertex 11.32 6.52 5.5
      vertex 6.52 6.52 15.5
    endloop
  endfacet
  facet normal 0 1 0
    outer loop
      vertex 6.52 6.52 4.5
      vertex 11.32 6.52 5.5
      vertex 11.32 6.52 4.5
    endloop
  endfacet
  facet normal 0 1 0
    outer loop
      vertex 11.32 6.52 5.5
      vertex 6.52 6.52 4.5
      vertex 6.52 6.52 15.5
    endloop
  endfacet
  facet normal 0 -1 0
    outer loop
      vertex 4 4 15.5
      vertex 11.32 4 5.5
      vertex 19 4 15.5
    endloop
  endfacet
  facet normal 0 -1 0
    outer loop
      vertex 4 4 4.5
      vertex 11.32 4 5.5
      vertex 4 4 15.5
    endloop
  endfacet
  facet normal 0 -1 -0
    outer loop
      vertex 11.32 4 5.5
      vertex 4 4 4.5
      vertex 11.32 4 4.5
    endloop
  endfacet
  facet normal 0 -1 0
    outer loop
      vertex 14.52 4 5.5
      vertex 19 4 15.5
      vertex 11.32 4 5.5
    endloop
  endfacet
  facet normal 0 -1 0
    outer loop
      vertex 19 4 4.5
      vertex 14.52 4 5.5
      vertex 14.52 4 4.5
    endloop
  endfacet
  facet normal 0 -1 0
    outer loop
      vertex 14.52 4 5.5
      vertex 19 4 4.5
      vertex 19 4 15.5
    endloop
  endfacet
  facet normal 1 -0 0
    outer loop
      vertex 6.52 6.52 15.5
      vertex 6.52 19 4.5
      vertex 6.52 19 15.5
    endloop
  endfacet
  facet normal 1 0 0
    outer loop
      vertex 6.52 19 4.5
      vertex 6.52 6.52 15.5
      vertex 6.52 6.52 4.5
    endloop
  endfacet
  facet normal 0 1 -0
    outer loop
      vertex 6.52 19 4.5
      vertex 4 19 15.5
      vertex 6.52 19 15.5
    endloop
  endfacet
  facet normal 0 1 0
    outer loop
      vertex 4 19 15.5
      vertex 6.52 19 4.5
      vertex 4 19 4.5
    endloop
  endfacet
  facet normal 1 -0 0
    outer loop
      vertex 19 98.82 15.5
      vertex 19 101.34 4.5
      vertex 19 101.34 15.5
    endloop
  endfacet
  facet normal 1 0 0
    outer loop
      vertex 19 101.34 4.5
      vertex 19 98.82 15.5
      vertex 19 98.82 4.5
    endloop
  endfacet
  facet normal 0 0 1
    outer loop
      vertex 19 101.34 15.5
      vertex 6.52 98.82 15.5
      vertex 19 98.82 15.5
    endloop
  endfacet
  facet normal -0 0 1
    outer loop
      vertex 4 101.34 15.5
      vertex 6.52 98.82 15.5
      vertex 19 101.34 15.5
    endloop
  endfacet
  facet normal 0 0 1
    outer loop
      vertex 4 86.34 15.5
      vertex 6.52 98.82 15.5
      vertex 4 101.34 15.5
    endloop
  endfacet
  facet normal 0 0 1
    outer loop
      vertex 6.52 98.82 15.5
      vertex 4 86.34 15.5
      vertex 6.52 86.34 15.5
    endloop
  endfacet
  facet normal -1 0 0
    outer loop
      vertex 4 86.34 4.5
      vertex 4 101.34 15.5
      vertex 4 101.34 4.5
    endloop
  endfacet
  facet normal -1 -0 0
    outer loop
      vertex 4 101.34 15.5
      vertex 4 86.34 4.5
      vertex 4 86.34 15.5
    endloop
  endfacet
  facet normal 0 1 0
    outer loop
      vertex 11.32 101.34 5.5
      vertex 19 101.34 15.5
      vertex 14.52 101.34 5.5
    endloop
  endfacet
  facet normal 0 1 -0
    outer loop
      vertex 19 101.34 4.5
      vertex 14.52 101.34 5.5
      vertex 19 101.34 15.5
    endloop
  endfacet
  facet normal 0 1 0
    outer loop
      vertex 14.52 101.34 5.5
      vertex 19 101.34 4.5
      vertex 14.52 101.34 4.5
    endloop
  endfacet
  facet normal 0 1 0
    outer loop
      vertex 19 101.34 15.5
      vertex 11.32 101.34 5.5
      vertex 4 101.34 15.5
    endloop
  endfacet
  facet normal 0 1 0
    outer loop
      vertex 4 101.34 4.5
      vertex 11.32 101.34 5.5
      vertex 11.32 101.34 4.5
    endloop
  endfacet
  facet normal 0 1 0
    outer loop
      vertex 11.32 101.34 5.5
      vertex 4 101.34 4.5
      vertex 4 101.34 15.5
    endloop
  endfacet
  facet normal 0 -1 0
    outer loop
      vertex 6.52 98.82 15.5
      vertex 11.32 98.82 5.5
      vertex 19 98.82 15.5
    endloop
  endfacet
  facet normal 0 -1 0
    outer loop
      vertex 6.52 98.82 4.5
      vertex 11.32 98.82 5.5
      vertex 6.52 98.82 15.5
    endloop
  endfacet
  facet normal 0 -1 -0
    outer loop
      vertex 11.32 98.82 5.5
      vertex 6.52 98.82 4.5
      vertex 11.32 98.82 4.5
    endloop
  endfacet
  facet normal 0 -1 0
    outer loop
      vertex 14.52 98.82 5.5
      vertex 19 98.82 15.5
      vertex 11.32 98.82 5.5
    endloop
  endfacet
  facet normal 0 -1 0
    outer loop
      vertex 19 98.82 4.5
      vertex 14.52 98.82 5.5
      vertex 14.52 98.82 4.5
    endloop
  endfacet
  facet normal 0 -1 0
    outer loop
      vertex 14.52 98.82 5.5
      vertex 19 98.82 4.5
      vertex 19 98.82 15.5
    endloop
  endfacet
  facet normal 1 -0 0
    outer loop
      vertex 6.52 86.34 15.5
      vertex 6.52 98.82 4.5
      vertex 6.52 98.82 15.5
    endloop
  endfacet
  facet normal 1 0 0
    outer loop
      vertex 6.52 98.82 4.5
      vertex 6.52 86.34 15.5
      vertex 6.52 86.34 4.5
    endloop
  endfacet
  facet normal 0 -1 0
    outer loop
      vertex 4 86.34 4.5
      vertex 6.52 86.34 15.5
      vertex 4 86.34 15.5
    endloop
  endfacet
  facet normal 0 -1 -0
    outer loop
      vertex 6.52 86.34 15.5
      vertex 4 86.34 4.5
      vertex 6.52 86.34 4.5
    endloop
  endfacet
  facet normal 1 -0 0
    outer loop
      vertex 71.54 4 15.5
      vertex 71.54 19 4.5
      vertex 71.54 19 15.5
    endloop
  endfacet
  facet normal 1 0 0
    outer loop
      vertex 71.54 19 4.5
      vertex 71.54 4 15.5
      vertex 71.54 4 4.5
    endloop
  endfacet
  facet normal 0 0 1
    outer loop
      vertex 69.02 6.52 15.5
      vertex 71.54 19 15.5
      vertex 69.02 19 15.5
    endloop
  endfacet
  facet normal 0 0 1
    outer loop
      vertex 71.54 19 15.5
      vertex 69.02 6.52 15.5
      vertex 71.54 4 15.5
    endloop
  endfacet
  facet normal 0 0 1
    outer loop
      vertex 56.54 4 15.5
      vertex 69.02 6.52 15.5
      vertex 56.54 6.52 15.5
    endloop
  endfacet
  facet normal 0 0 1
    outer loop
      vertex 69.02 6.52 15.5
      vertex 56.54 4 15.5
      vertex 71.54 4 15.5
    endloop
  endfacet
  facet normal -1 0 0
    outer loop
      vertex 56.54 4 4.5
      vertex 56.54 6.52 15.5
      vertex 56.54 6.52 4.5
    endloop
  endfacet
  facet normal -1 -0 0
    outer loop
      vertex 56.54 6.52 15.5
      vertex 56.54 4 4.5
      vertex 56.54 4 15.5
    endloop
  endfacet
  facet normal 0 1 0
    outer loop
      vertex 69.02 6.52 15.5
      vertex 64.22 6.52 5.5
      vertex 56.54 6.52 15.5
    endloop
  endfacet
  facet normal 0 1 -0
    outer loop
      vertex 69.02 6.52 4.5
      vertex 64.22 6.52 5.5
      vertex 69.02 6.52 15.5
    endloop
  endfacet
  facet normal 0 1 0
    outer loop
      vertex 64.22 6.52 5.5
      vertex 69.02 6.52 4.5
      vertex 64.22 6.52 4.5
    endloop
  endfacet
  facet normal 0 1 -0
    outer loop
      vertex 61.02 6.52 5.5
      vertex 56.54 6.52 15.5
      vertex 64.22 6.52 5.5
    endloop
  endfacet
  facet normal 0 1 0
    outer loop
      vertex 56.54 6.52 4.5
      vertex 61.02 6.52 5.5
      vertex 61.02 6.52 4.5
    endloop
  endfacet
  facet normal 0 1 0
    outer loop
      vertex 61.02 6.52 5.5
      vertex 56.54 6.52 4.5
      vertex 56.54 6.52 15.5
    endloop
  endfacet
  facet normal 0 -1 0
    outer loop
      vertex 64.22 4 5.5
      vertex 56.54 4 15.5
      vertex 61.02 4 5.5
    endloop
  endfacet
  facet normal 0 -1 0
    outer loop
      vertex 56.54 4 4.5
      vertex 61.02 4 5.5
      vertex 56.54 4 15.5
    endloop
  endfacet
  facet normal 0 -1 -0
    outer loop
      vertex 61.02 4 5.5
      vertex 56.54 4 4.5
      vertex 61.02 4 4.5
    endloop
  endfacet
  facet normal 0 -1 0
    outer loop
      vertex 56.54 4 15.5
      vertex 64.22 4 5.5
      vertex 71.54 4 15.5
    endloop
  endfacet
  facet normal 0 -1 0
    outer loop
      vertex 71.54 4 4.5
      vertex 64.22 4 5.5
      vertex 64.22 4 4.5
    endloop
  endfacet
  facet normal 0 -1 0
    outer loop
      vertex 64.22 4 5.5
      vertex 71.54 4 4.5
      vertex 71.54 4 15.5
    endloop
  endfacet
  facet normal -1 0 0
    outer loop
      vertex 69.02 6.52 4.5
      vertex 69.02 19 15.5
      vertex 69.02 19 4.5
    endloop
  endfacet
  facet normal -1 -0 0
    outer loop
      vertex 69.02 19 15.5
      vertex 69.02 6.52 4.5
      vertex 69.02 6.52 15.5
    endloop
  endfacet
  facet normal 0 1 -0
    outer loop
      vertex 71.54 19 4.5
      vertex 69.02 19 15.5
      vertex 71.54 19 15.5
    endloop
  endfacet
  facet normal 0 1 0
    outer loop
      vertex 69.02 19 15.5
      vertex 71.54 19 4.5
      vertex 69.02 19 4.5
    endloop
  endfacet
  facet normal 1 -0 0
    outer loop
      vertex 71.54 86.34 15.5
      vertex 71.54 101.34 4.5
      vertex 71.54 101.34 15.5
    endloop
  endfacet
  facet normal 1 0 0
    outer loop
      vertex 71.54 101.34 4.5
      vertex 71.54 86.34 15.5
      vertex 71.54 86.34 4.5
    endloop
  endfacet
  facet normal 0 0 1
    outer loop
      vertex 71.54 101.34 15.5
      vertex 69.02 98.82 15.5
      vertex 71.54 86.34 15.5
    endloop
  endfacet
  facet normal -0 0 1
    outer loop
      vertex 56.54 101.34 15.5
      vertex 69.02 98.82 15.5
      vertex 71.54 101.34 15.5
    endloop
  endfacet
  facet normal 0 0 1
    outer loop
      vertex 69.02 98.82 15.5
      vertex 56.54 101.34 15.5
      vertex 56.54 98.82 15.5
    endloop
  endfacet
  facet normal 0 0 1
    outer loop
      vertex 71.54 86.34 15.5
      vertex 69.02 98.82 15.5
      vertex 69.02 86.34 15.5
    endloop
  endfacet
  facet normal -1 0 0
    outer loop
      vertex 56.54 98.82 4.5
      vertex 56.54 101.34 15.5
      vertex 56.54 101.34 4.5
    endloop
  endfacet
  facet normal -1 -0 0
    outer loop
      vertex 56.54 101.34 15.5
      vertex 56.54 98.82 4.5
      vertex 56.54 98.82 15.5
    endloop
  endfacet
  facet normal 0 1 0
    outer loop
      vertex 71.54 101.34 15.5
      vertex 64.22 101.34 5.5
      vertex 56.54 101.34 15.5
    endloop
  endfacet
  facet normal 0 1 -0
    outer loop
      vertex 71.54 101.34 4.5
      vertex 64.22 101.34 5.5
      vertex 71.54 101.34 15.5
    endloop
  endfacet
  facet normal 0 1 0
    outer loop
      vertex 64.22 101.34 5.5
      vertex 71.54 101.34 4.5
      vertex 64.22 101.34 4.5
    endloop
  endfacet
  facet normal 0 1 -0
    outer loop
      vertex 61.02 101.34 5.5
      vertex 56.54 101.34 15.5
      vertex 64.22 101.34 5.5
    endloop
  endfacet
  facet normal 0 1 0
    outer loop
      vertex 56.54 101.34 4.5
      vertex 61.02 101.34 5.5
      vertex 61.02 101.34 4.5
    endloop
  endfacet
  facet normal 0 1 0
    outer loop
      vertex 61.02 101.34 5.5
      vertex 56.54 101.34 4.5
      vertex 56.54 101.34 15.5
    endloop
  endfacet
  facet normal 0 -1 0
    outer loop
      vertex 64.22 98.82 5.5
      vertex 56.54 98.82 15.5
      vertex 61.02 98.82 5.5
    endloop
  endfacet
  facet normal 0 -1 0
    outer loop
      vertex 56.54 98.82 4.5
      vertex 61.02 98.82 5.5
      vertex 56.54 98.82 15.5
    endloop
  endfacet
  facet normal 0 -1 -0
    outer loop
      vertex 61.02 98.82 5.5
      vertex 56.54 98.82 4.5
      vertex 61.02 98.82 4.5
    endloop
  endfacet
  facet normal 0 -1 0
    outer loop
      vertex 56.54 98.82 15.5
      vertex 64.22 98.82 5.5
      vertex 69.02 98.82 15.5
    endloop
  endfacet
  facet normal 0 -1 0
    outer loop
      vertex 69.02 98.82 4.5
      vertex 64.22 98.82 5.5
      vertex 64.22 98.82 4.5
    endloop
  endfacet
  facet normal 0 -1 0
    outer loop
      vertex 64.22 98.82 5.5
      vertex 69.02 98.82 4.5
      vertex 69.02 98.82 15.5
    endloop
  endfacet
  facet normal -1 0 0
    outer loop
      vertex 69.02 86.34 4.5
      vertex 69.02 98.82 15.5
      vertex 69.02 98.82 4.5
    endloop
  endfacet
  facet normal -1 -0 0
    outer loop
      vertex 69.02 98.82 15.5
      vertex 69.02 86.34 4.5
      vertex 69.02 86.34 15.5
    endloop
  endfacet
  facet normal 0 -1 0
    outer loop
      vertex 69.02 86.34 4.5
      vertex 71.54 86.34 15.5
      vertex 69.02 86.34 15.5
    endloop
  endfacet
  facet normal 0 -1 -0
    outer loop
      vertex 71.54 86.34 15.5
      vertex 69.02 86.34 4.5
      vertex 71.54 86.34 4.5
    endloop
  endfacet
  facet normal 1 -0 0
    outer loop
      vertex 75.54 3 4.5
      vertex 75.54 102.34 0
      vertex 75.54 102.34 4.5
    endloop
  endfacet
  facet normal 1 0 0
    outer loop
      vertex 75.54 102.34 0
      vertex 75.54 3 4.5
      vertex 75.54 3 0
    endloop
  endfacet
  facet normal -0.946929 -0.321442 0
    outer loop
      vertex 0.228361 1.85195 0
      vertex 0.102222 2.22354 4.5
      vertex 0.102222 2.22354 0
    endloop
  endfacet
  facet normal -0.946929 -0.321442 0
    outer loop
      vertex 0.102222 2.22354 4.5
      vertex 0.228361 1.85195 0
      vertex 0.228361 1.85195 4.5
    endloop
  endfacet
  facet normal -0.659714 0.751516 0
    outer loop
      vertex 1.17372 104.72 0
      vertex 0.878679 104.461 4.5
      vertex 1.17372 104.72 4.5
    endloop
  endfacet
  facet normal -0.659714 0.751516 0
    outer loop
      vertex 0.878679 104.461 4.5
      vertex 1.17372 104.72 0
      vertex 0.878679 104.461 0
    endloop
  endfacet
  facet normal -0.321125 0.947037 0
    outer loop
      vertex 2.22354 105.238 0
      vertex 1.85195 105.112 4.5
      vertex 2.22354 105.238 4.5
    endloop
  endfacet
  facet normal -0.321125 0.947037 0
    outer loop
      vertex 1.85195 105.112 4.5
      vertex 2.22354 105.238 0
      vertex 1.85195 105.112 0
    endloop
  endfacet
  facet normal 0 0 1
    outer loop
      vertex 11.32 105.34 4.5
      vertex 4 101.34 4.5
      vertex 11.32 101.34 4.5
    endloop
  endfacet
  facet normal 0 0 1
    outer loop
      vertex 0 102.34 4.5
      vertex 4 86.34 4.5
      vertex 4 101.34 4.5
    endloop
  endfacet
  facet normal 0 0 1
    outer loop
      vertex 4 86.34 4.5
      vertex 0 102.34 4.5
      vertex 4 19 4.5
    endloop
  endfacet
  facet normal -0 0 1
    outer loop
      vertex 2.60842 105.314 4.5
      vertex 4 101.34 4.5
      vertex 3 105.34 4.5
    endloop
  endfacet
  facet normal -0 0 1
    outer loop
      vertex 3 105.34 4.5
      vertex 4 101.34 4.5
      vertex 11.32 105.34 4.5
    endloop
  endfacet
  facet normal -0 0 1
    outer loop
      vertex 4 86.34 4.5
      vertex 6.52 19 4.5
      vertex 6.52 86.34 4.5
    endloop
  endfacet
  facet normal 0 0 1
    outer loop
      vertex 6.52 19 4.5
      vertex 4 86.34 4.5
      vertex 4 19 4.5
    endloop
  endfacet
  facet normal -0 0 1
    outer loop
      vertex 6.52 98.82 4.5
      vertex 11.32 95.34 4.5
      vertex 11.32 98.82 4.5
    endloop
  endfacet
  facet normal 0 0 1
    outer loop
      vertex 11.32 95.34 4.5
      vertex 6.52 86.34 4.5
      vertex 11.32 10 4.5
    endloop
  endfacet
  facet normal 0 0 1
    outer loop
      vertex 11.32 95.34 4.5
      vertex 6.52 98.82 4.5
      vertex 6.52 86.34 4.5
    endloop
  endfacet
  facet normal -0 0 1
    outer loop
      vertex 6.52 19 4.5
      vertex 11.32 10 4.5
      vertex 6.52 86.34 4.5
    endloop
  endfacet
  facet normal 0 0 1
    outer loop
      vertex 6.52 6.52 4.5
      vertex 11.32 10 4.5
      vertex 6.52 19 4.5
    endloop
  endfacet
  facet normal 0 0 1
    outer loop
      vertex 11.32 10 4.5
      vertex 6.52 6.52 4.5
      vertex 11.32 6.52 4.5
    endloop
  endfacet
  facet normal 0 0 1
    outer loop
      vertex 61.02 105.34 4.5
      vertex 56.54 101.34 4.5
      vertex 61.02 101.34 4.5
    endloop
  endfacet
  facet normal 0 0 1
    outer loop
      vertex 37.77 82.17 4.5
      vertex 56.54 98.82 4.5
      vertex 56.54 101.34 4.5
    endloop
  endfacet
  facet normal 0 0 1
    outer loop
      vertex 56.54 98.82 4.5
      vertex 55.6652 81.7513 4.5
      vertex 56.3465 81.9826 4.5
    endloop
  endfacet
  facet normal 0 0 1
    outer loop
      vertex 56.54 98.82 4.5
      vertex 55.02 81.4331 4.5
      vertex 55.6652 81.7513 4.5
    endloop
  endfacet
  facet normal 0 -0 1
    outer loop
      vertex 41.1182 81.0334 4.5
      vertex 56.54 98.82 4.5
      vertex 40.52 81.4331 4.5
    endloop
  endfacet
  facet normal 0 0 1
    outer loop
      vertex 56.54 98.82 4.5
      vertex 54.4218 81.0334 4.5
      vertex 55.02 81.4331 4.5
    endloop
  endfacet
  facet normal 0 0 1
    outer loop
      vertex 54.4218 81.0334 4.5
      vertex 41.1182 81.0334 4.5
      vertex 53.8809 80.5591 4.5
    endloop
  endfacet
  facet normal 0 -0 1
    outer loop
      vertex 41.6591 80.5591 4.5
      vertex 53.8809 80.5591 4.5
      vertex 41.1182 81.0334 4.5
    endloop
  endfacet
  facet normal 0 0 1
    outer loop
      vertex 53.8809 80.5591 4.5
      vertex 41.6591 80.5591 4.5
      vertex 53.4066 80.0182 4.5
    endloop
  endfacet
  facet normal 0 -0 1
    outer loop
      vertex 42.1334 80.0182 4.5
      vertex 53.4066 80.0182 4.5
      vertex 41.6591 80.5591 4.5
    endloop
  endfacet
  facet normal 0 0 1
    outer loop
      vertex 53.4066 80.0182 4.5
      vertex 42.1334 80.0182 4.5
      vertex 53.0069 79.42 4.5
    endloop
  endfacet
  facet normal 0 -0 1
    outer loop
      vertex 42.5331 55.42 4.5
      vertex 53.0069 55.42 4.5
      vertex 42.1334 56.0182 4.5
    endloop
  endfacet
  facet normal 0 0 1
    outer loop
      vertex 43.2229 75.9521 4.5
      vertex 52.27 76.67 4.5
      vertex 43.27 76.67 4.5
    endloop
  endfacet
  facet normal 0 0 1
    outer loop
      vertex 52.3171 77.3879 4.5
      vertex 43.27 76.67 4.5
      vertex 52.27 76.67 4.5
    endloop
  endfacet
  facet normal 0 0 1
    outer loop
      vertex 53.0069 79.42 4.5
      vertex 42.5331 79.42 4.5
      vertex 52.6887 78.7748 4.5
    endloop
  endfacet
  facet normal 0 0 1
    outer loop
      vertex 52.3171 77.3879 4.5
      vertex 43.2229 77.3879 4.5
      vertex 43.27 76.67 4.5
    endloop
  endfacet
  facet normal 0 0 1
    outer loop
      vertex 52.3171 77.3879 4.5
      vertex 43.0826 78.0935 4.5
      vertex 43.2229 77.3879 4.5
    endloop
  endfacet
  facet normal 0 0 1
    outer loop
      vertex 52.4574 78.0935 4.5
      vertex 43.0826 78.0935 4.5
      vertex 52.3171 77.3879 4.5
    endloop
  endfacet
  facet normal 0 -0 1
    outer loop
      vertex 43.0826 78.0935 4.5
      vertex 52.4574 78.0935 4.5
      vertex 42.8513 78.7748 4.5
    endloop
  endfacet
  facet normal 0 0 1
    outer loop
      vertex 52.6887 78.7748 4.5
      vertex 42.8513 78.7748 4.5
      vertex 52.4574 78.0935 4.5
    endloop
  endfacet
  facet normal 0 -0 1
    outer loop
      vertex 42.8513 78.7748 4.5
      vertex 52.6887 78.7748 4.5
      vertex 42.5331 79.42 4.5
    endloop
  endfacet
  facet normal 0 -0 1
    outer loop
      vertex 42.5331 79.42 4.5
      vertex 53.0069 79.42 4.5
      vertex 42.1334 80.0182 4.5
    endloop
  endfacet
  facet normal 0 0 1
    outer loop
      vertex 56.54 98.82 4.5
      vertex 41.1182 81.0334 4.5
      vertex 54.4218 81.0334 4.5
    endloop
  endfacet
  facet normal 0 0 1
    outer loop
      vertex 56.54 98.82 4.5
      vertex 39.8748 81.7513 4.5
      vertex 40.52 81.4331 4.5
    endloop
  endfacet
  facet normal 0 0 1
    outer loop
      vertex 56.54 98.82 4.5
      vertex 39.1935 81.9826 4.5
      vertex 39.8748 81.7513 4.5
    endloop
  endfacet
  facet normal 0 0 1
    outer loop
      vertex 56.54 98.82 4.5
      vertex 38.4879 82.1229 4.5
      vertex 39.1935 81.9826 4.5
    endloop
  endfacet
  facet normal 0 0 1
    outer loop
      vertex 56.54 98.82 4.5
      vertex 37.77 82.17 4.5
      vertex 38.4879 82.1229 4.5
    endloop
  endfacet
  facet normal -0 0 1
    outer loop
      vertex 19 101.34 4.5
      vertex 37.77 82.17 4.5
      vertex 56.54 101.34 4.5
    endloop
  endfacet
  facet normal -0 0 1
    outer loop
      vertex 19 98.82 4.5
      vertex 37.77 82.17 4.5
      vertex 19 101.34 4.5
    endloop
  endfacet
  facet normal 0 0 1
    outer loop
      vertex 37.77 82.17 4.5
      vertex 19 98.82 4.5
      vertex 37.0521 82.1229 4.5
    endloop
  endfacet
  facet normal 0 0 1
    outer loop
      vertex 37.0521 82.1229 4.5
      vertex 19 98.82 4.5
      vertex 36.3465 81.9826 4.5
    endloop
  endfacet
  facet normal 0 0 1
    outer loop
      vertex 35.6652 81.7513 4.5
      vertex 19 98.82 4.5
      vertex 35.02 81.4331 4.5
    endloop
  endfacet
  facet normal 0 0 1
    outer loop
      vertex 35.02 81.4331 4.5
      vertex 19 98.82 4.5
      vertex 34.4218 81.0334 4.5
    endloop
  endfacet
  facet normal 0 -0 1
    outer loop
      vertex 22.8513 54.7748 4.5
      vertex 32.6887 54.7748 4.5
      vertex 22.5331 55.42 4.5
    endloop
  endfacet
  facet normal 0 0 1
    outer loop
      vertex 23.2229 75.9521 4.5
      vertex 32.27 76.67 4.5
      vertex 23.27 76.67 4.5
    endloop
  endfacet
  facet normal 0 0 1
    outer loop
      vertex 32.3171 77.3879 4.5
      vertex 23.27 76.67 4.5
      vertex 32.27 76.67 4.5
    endloop
  endfacet
  facet normal 0 0 1
    outer loop
      vertex 23.2229 77.3879 4.5
      vertex 32.3171 77.3879 4.5
      vertex 32.4574 78.0935 4.5
    endloop
  endfacet
  facet normal 0 0 1
    outer loop
      vertex 23.0826 78.0935 4.5
      vertex 32.4574 78.0935 4.5
      vertex 32.6887 78.7748 4.5
    endloop
  endfacet
  facet normal 0 0 1
    outer loop
      vertex 22.8513 78.7748 4.5
      vertex 32.6887 78.7748 4.5
      vertex 33.0069 79.42 4.5
    endloop
  endfacet
  facet normal 0 0 1
    outer loop
      vertex 22.5331 79.42 4.5
      vertex 33.0069 79.42 4.5
      vertex 33.4066 80.0182 4.5
    endloop
  endfacet
  facet normal 0 0 1
    outer loop
      vertex 22.1334 80.0182 4.5
      vertex 33.4066 80.0182 4.5
      vertex 33.8809 80.5591 4.5
    endloop
  endfacet
  facet normal 0 -0 1
    outer loop
      vertex 21.1182 81.0334 4.5
      vertex 34.4218 81.0334 4.5
      vertex 19 98.82 4.5
    endloop
  endfacet
  facet normal 0 0 1
    outer loop
      vertex 19 101.34 4.5
      vertex 56.54 101.34 4.5
      vertex 61.02 105.34 4.5
    endloop
  endfacet
  facet normal 0 0 1
    outer loop
      vertex 32.3171 77.3879 4.5
      vertex 23.2229 77.3879 4.5
      vertex 23.27 76.67 4.5
    endloop
  endfacet
  facet normal 0 0 1
    outer loop
      vertex 32.4574 78.0935 4.5
      vertex 23.0826 78.0935 4.5
      vertex 23.2229 77.3879 4.5
    endloop
  endfacet
  facet normal 0 0 1
    outer loop
      vertex 32.6887 78.7748 4.5
      vertex 22.8513 78.7748 4.5
      vertex 23.0826 78.0935 4.5
    endloop
  endfacet
  facet normal 0 0 1
    outer loop
      vertex 33.0069 79.42 4.5
      vertex 22.5331 79.42 4.5
      vertex 22.8513 78.7748 4.5
    endloop
  endfacet
  facet normal 0 0 1
    outer loop
      vertex 33.4066 80.0182 4.5
      vertex 22.1334 80.0182 4.5
      vertex 22.5331 79.42 4.5
    endloop
  endfacet
  facet normal 0 0 1
    outer loop
      vertex 34.4218 81.0334 4.5
      vertex 21.1182 81.0334 4.5
      vertex 33.8809 80.5591 4.5
    endloop
  endfacet
  facet normal 0 0 1
    outer loop
      vertex 33.8809 80.5591 4.5
      vertex 21.6591 80.5591 4.5
      vertex 22.1334 80.0182 4.5
    endloop
  endfacet
  facet normal 0 0 1
    outer loop
      vertex 33.8809 80.5591 4.5
      vertex 21.1182 81.0334 4.5
      vertex 21.6591 80.5591 4.5
    endloop
  endfacet
  facet normal 0 0 1
    outer loop
      vertex 21.1182 81.0334 4.5
      vertex 19 98.82 4.5
      vertex 20.52 81.4331 4.5
    endloop
  endfacet
  facet normal 0 0 1
    outer loop
      vertex 20.52 81.4331 4.5
      vertex 19 98.82 4.5
      vertex 19.8748 81.7513 4.5
    endloop
  endfacet
  facet normal 0 0 1
    outer loop
      vertex 36.3465 81.9826 4.5
      vertex 19 98.82 4.5
      vertex 35.6652 81.7513 4.5
    endloop
  endfacet
  facet normal -0 0 1
    outer loop
      vertex 14.52 105.34 4.5
      vertex 19 101.34 4.5
      vertex 61.02 105.34 4.5
    endloop
  endfacet
  facet normal 0 0 1
    outer loop
      vertex 19 101.34 4.5
      vertex 14.52 105.34 4.5
      vertex 14.52 101.34 4.5
    endloop
  endfacet
  facet normal -0 0 1
    outer loop
      vertex 56.54 98.82 4.5
      vertex 61.02 95.34 4.5
      vertex 61.02 98.82 4.5
    endloop
  endfacet
  facet normal 0 0 1
    outer loop
      vertex 61.02 95.34 4.5
      vertex 59.8748 81.7513 4.5
      vertex 60.52 81.4331 4.5
    endloop
  endfacet
  facet normal 0 0 1
    outer loop
      vertex 61.02 95.34 4.5
      vertex 59.1935 81.9826 4.5
      vertex 59.8748 81.7513 4.5
    endloop
  endfacet
  facet normal 0 0 1
    outer loop
      vertex 61.02 95.34 4.5
      vertex 58.4879 82.1229 4.5
      vertex 59.1935 81.9826 4.5
    endloop
  endfacet
  facet normal 0 0 1
    outer loop
      vertex 56.3465 81.9826 4.5
      vertex 61.02 95.34 4.5
      vertex 56.54 98.82 4.5
    endloop
  endfacet
  facet normal 0 0 1
    outer loop
      vertex 61.02 95.34 4.5
      vertex 57.77 82.17 4.5
      vertex 58.4879 82.1229 4.5
    endloop
  endfacet
  facet normal 0 0 1
    outer loop
      vertex 61.02 95.34 4.5
      vertex 57.0521 82.1229 4.5
      vertex 57.77 82.17 4.5
    endloop
  endfacet
  facet normal 0 0 1
    outer loop
      vertex 61.02 95.34 4.5
      vertex 56.3465 81.9826 4.5
      vertex 57.0521 82.1229 4.5
    endloop
  endfacet
  facet normal -0 0 1
    outer loop
      vertex 63.0826 51.2465 4.5
      vertex 71.54 19 4.5
      vertex 63.2229 51.9521 4.5
    endloop
  endfacet
  facet normal 0 0 1
    outer loop
      vertex 71.54 19 4.5
      vertex 63.2229 29.3879 4.5
      vertex 63.27 28.67 4.5
    endloop
  endfacet
  facet normal -0 0 1
    outer loop
      vertex 62.8513 50.5652 4.5
      vertex 71.54 19 4.5
      vertex 63.0826 51.2465 4.5
    endloop
  endfacet
  facet normal 0 0 1
    outer loop
      vertex 71.54 19 4.5
      vertex 63.0826 30.0935 4.5
      vertex 63.2229 29.3879 4.5
    endloop
  endfacet
  facet normal -0 0 1
    outer loop
      vertex 62.8513 30.7748 4.5
      vertex 71.54 19 4.5
      vertex 62.8513 50.5652 4.5
    endloop
  endfacet
  facet normal 0 0 1
    outer loop
      vertex 71.54 19 4.5
      vertex 62.8513 30.7748 4.5
      vertex 63.0826 30.0935 4.5
    endloop
  endfacet
  facet normal -0 0 1
    outer loop
      vertex 62.5331 49.92 4.5
      vertex 62.8513 30.7748 4.5
      vertex 62.8513 50.5652 4.5
    endloop
  endfacet
  facet normal 0 0 1
    outer loop
      vertex 62.5331 49.92 4.5
      vertex 62.5331 31.42 4.5
      vertex 62.8513 30.7748 4.5
    endloop
  endfacet
  facet normal -0 0 1
    outer loop
      vertex 62.1334 49.3218 4.5
      vertex 62.5331 31.42 4.5
      vertex 62.5331 49.92 4.5
    endloop
  endfacet
  facet normal 0 0 1
    outer loop
      vertex 62.1334 49.3218 4.5
      vertex 62.1334 32.0182 4.5
      vertex 62.5331 31.42 4.5
    endloop
  endfacet
  facet normal -0 0 1
    outer loop
      vertex 61.6591 48.7809 4.5
      vertex 62.1334 32.0182 4.5
      vertex 62.1334 49.3218 4.5
    endloop
  endfacet
  facet normal 0 0 1
    outer loop
      vertex 61.6591 48.7809 4.5
      vertex 61.6591 32.5591 4.5
      vertex 62.1334 32.0182 4.5
    endloop
  endfacet
  facet normal -0 0 1
    outer loop
      vertex 61.1182 48.3066 4.5
      vertex 61.6591 32.5591 4.5
      vertex 61.6591 48.7809 4.5
    endloop
  endfacet
  facet normal 0 0 1
    outer loop
      vertex 61.1182 48.3066 4.5
      vertex 61.1182 33.0334 4.5
      vertex 61.6591 32.5591 4.5
    endloop
  endfacet
  facet normal -0 0 1
    outer loop
      vertex 60.52 47.9069 4.5
      vertex 61.1182 33.0334 4.5
      vertex 61.1182 48.3066 4.5
    endloop
  endfacet
  facet normal 0 0 1
    outer loop
      vertex 60.52 47.9069 4.5
      vertex 60.52 33.4331 4.5
      vertex 61.1182 33.0334 4.5
    endloop
  endfacet
  facet normal -0 0 1
    outer loop
      vertex 59.8748 47.5887 4.5
      vertex 60.52 33.4331 4.5
      vertex 60.52 47.9069 4.5
    endloop
  endfacet
  facet normal 0 0 1
    outer loop
      vertex 59.8748 47.5887 4.5
      vertex 59.8748 33.7513 4.5
      vertex 60.52 33.4331 4.5
    endloop
  endfacet
  facet normal -0 0 1
    outer loop
      vertex 59.1935 47.3574 4.5
      vertex 59.8748 33.7513 4.5
      vertex 59.8748 47.5887 4.5
    endloop
  endfacet
  facet normal 0 0 1
    outer loop
      vertex 59.1935 47.3574 4.5
      vertex 59.1935 33.9826 4.5
      vertex 59.8748 33.7513 4.5
    endloop
  endfacet
  facet normal -0 0 1
    outer loop
      vertex 58.4879 47.2171 4.5
      vertex 59.1935 33.9826 4.5
      vertex 59.1935 47.3574 4.5
    endloop
  endfacet
  facet normal 0 0 1
    outer loop
      vertex 58.4879 47.2171 4.5
      vertex 58.4879 34.1229 4.5
      vertex 59.1935 33.9826 4.5
    endloop
  endfacet
  facet normal -0 0 1
    outer loop
      vertex 57.77 47.17 4.5
      vertex 58.4879 34.1229 4.5
      vertex 58.4879 47.2171 4.5
    endloop
  endfacet
  facet normal 0 0 1
    outer loop
      vertex 57.77 47.17 4.5
      vertex 57.77 34.17 4.5
      vertex 58.4879 34.1229 4.5
    endloop
  endfacet
  facet normal 0 0 1
    outer loop
      vertex 57.0521 47.2171 4.5
      vertex 57.77 34.17 4.5
      vertex 57.77 47.17 4.5
    endloop
  endfacet
  facet normal 0 0 1
    outer loop
      vertex 57.0521 47.2171 4.5
      vertex 57.0521 34.1229 4.5
      vertex 57.77 34.17 4.5
    endloop
  endfacet
  facet normal 0 0 1
    outer loop
      vertex 56.3465 47.3574 4.5
      vertex 57.0521 34.1229 4.5
      vertex 57.0521 47.2171 4.5
    endloop
  endfacet
  facet normal 0 0 1
    outer loop
      vertex 56.3465 47.3574 4.5
      vertex 56.3465 33.9826 4.5
      vertex 57.0521 34.1229 4.5
    endloop
  endfacet
  facet normal 0 0 1
    outer loop
      vertex 55.6652 47.5887 4.5
      vertex 56.3465 33.9826 4.5
      vertex 56.3465 47.3574 4.5
    endloop
  endfacet
  facet normal 0 0 1
    outer loop
      vertex 55.6652 47.5887 4.5
      vertex 55.6652 33.7513 4.5
      vertex 56.3465 33.9826 4.5
    endloop
  endfacet
  facet normal 0 0 1
    outer loop
      vertex 55.02 47.9069 4.5
      vertex 55.6652 33.7513 4.5
      vertex 55.6652 47.5887 4.5
    endloop
  endfacet
  facet normal 0 0 1
    outer loop
      vertex 55.02 47.9069 4.5
      vertex 55.02 33.4331 4.5
      vertex 55.6652 33.7513 4.5
    endloop
  endfacet
  facet normal 0 0 1
    outer loop
      vertex 54.4218 48.3066 4.5
      vertex 55.02 33.4331 4.5
      vertex 55.02 47.9069 4.5
    endloop
  endfacet
  facet normal 0 0 1
    outer loop
      vertex 54.4218 48.3066 4.5
      vertex 54.4218 33.0334 4.5
      vertex 55.02 33.4331 4.5
    endloop
  endfacet
  facet normal 0 0 1
    outer loop
      vertex 53.8809 48.7809 4.5
      vertex 54.4218 33.0334 4.5
      vertex 54.4218 48.3066 4.5
    endloop
  endfacet
  facet normal 0 0 1
    outer loop
      vertex 53.8809 48.7809 4.5
      vertex 53.8809 32.5591 4.5
      vertex 54.4218 33.0334 4.5
    endloop
  endfacet
  facet normal 0 0 1
    outer loop
      vertex 53.4066 49.3218 4.5
      vertex 53.8809 32.5591 4.5
      vertex 53.8809 48.7809 4.5
    endloop
  endfacet
  facet normal 0 0 1
    outer loop
      vertex 53.4066 49.3218 4.5
      vertex 53.4066 32.0182 4.5
      vertex 53.8809 32.5591 4.5
    endloop
  endfacet
  facet normal 0 0 1
    outer loop
      vertex 53.0069 49.92 4.5
      vertex 53.4066 32.0182 4.5
      vertex 53.4066 49.3218 4.5
    endloop
  endfacet
  facet normal 0 0 1
    outer loop
      vertex 53.0069 49.92 4.5
      vertex 53.0069 31.42 4.5
      vertex 53.4066 32.0182 4.5
    endloop
  endfacet
  facet normal 0 0 1
    outer loop
      vertex 52.6887 50.5652 4.5
      vertex 53.0069 31.42 4.5
      vertex 53.0069 49.92 4.5
    endloop
  endfacet
  facet normal 0 0 1
    outer loop
      vertex 52.6887 50.5652 4.5
      vertex 52.6887 30.7748 4.5
      vertex 53.0069 31.42 4.5
    endloop
  endfacet
  facet normal 0 0 1
    outer loop
      vertex 52.4574 51.2465 4.5
      vertex 52.6887 30.7748 4.5
      vertex 52.6887 50.5652 4.5
    endloop
  endfacet
  facet normal 0 0 1
    outer loop
      vertex 52.4574 51.2465 4.5
      vertex 52.4574 30.0935 4.5
      vertex 52.6887 30.7748 4.5
    endloop
  endfacet
  facet normal 0 0 1
    outer loop
      vertex 52.3171 51.9521 4.5
      vertex 52.4574 30.0935 4.5
      vertex 52.4574 51.2465 4.5
    endloop
  endfacet
  facet normal 0 0 1
    outer loop
      vertex 52.3171 51.9521 4.5
      vertex 52.3171 29.3879 4.5
      vertex 52.4574 30.0935 4.5
    endloop
  endfacet
  facet normal 0 0 1
    outer loop
      vertex 52.27 52.67 4.5
      vertex 52.3171 29.3879 4.5
      vertex 52.3171 51.9521 4.5
    endloop
  endfacet
  facet normal 0 0 1
    outer loop
      vertex 52.3171 29.3879 4.5
      vertex 52.27 52.67 4.5
      vertex 52.27 28.67 4.5
    endloop
  endfacet
  facet normal 0 0 1
    outer loop
      vertex 63.0826 75.2465 4.5
      vertex 71.54 86.34 4.5
      vertex 63.2229 75.9521 4.5
    endloop
  endfacet
  facet normal 0 0 1
    outer loop
      vertex 71.54 86.34 4.5
      vertex 63.2229 53.3879 4.5
      vertex 63.27 52.67 4.5
    endloop
  endfacet
  facet normal 0 0 1
    outer loop
      vertex 62.8513 74.5652 4.5
      vertex 71.54 86.34 4.5
      vertex 63.0826 75.2465 4.5
    endloop
  endfacet
  facet normal 0 0 1
    outer loop
      vertex 71.54 86.34 4.5
      vertex 63.0826 54.0935 4.5
      vertex 63.2229 53.3879 4.5
    endloop
  endfacet
  facet normal 0 0 1
    outer loop
      vertex 62.8513 54.7748 4.5
      vertex 71.54 86.34 4.5
      vertex 62.8513 74.5652 4.5
    endloop
  endfacet
  facet normal 0 0 1
    outer loop
      vertex 71.54 86.34 4.5
      vertex 62.8513 54.7748 4.5
      vertex 63.0826 54.0935 4.5
    endloop
  endfacet
  facet normal -0 0 1
    outer loop
      vertex 62.5331 73.92 4.5
      vertex 62.8513 54.7748 4.5
      vertex 62.8513 74.5652 4.5
    endloop
  endfacet
  facet normal 0 0 1
    outer loop
      vertex 62.5331 73.92 4.5
      vertex 62.5331 55.42 4.5
      vertex 62.8513 54.7748 4.5
    endloop
  endfacet
  facet normal -0 0 1
    outer loop
      vertex 62.1334 73.3218 4.5
      vertex 62.5331 55.42 4.5
      vertex 62.5331 73.92 4.5
    endloop
  endfacet
  facet normal 0 0 1
    outer loop
      vertex 62.1334 73.3218 4.5
      vertex 62.1334 56.0182 4.5
      vertex 62.5331 55.42 4.5
    endloop
  endfacet
  facet normal -0 0 1
    outer loop
      vertex 61.6591 72.7809 4.5
      vertex 62.1334 56.0182 4.5
      vertex 62.1334 73.3218 4.5
    endloop
  endfacet
  facet normal 0 0 1
    outer loop
      vertex 61.6591 72.7809 4.5
      vertex 61.6591 56.5591 4.5
      vertex 62.1334 56.0182 4.5
    endloop
  endfacet
  facet normal -0 0 1
    outer loop
      vertex 61.1182 72.3066 4.5
      vertex 61.6591 56.5591 4.5
      vertex 61.6591 72.7809 4.5
    endloop
  endfacet
  facet normal 0 0 1
    outer loop
      vertex 61.1182 72.3066 4.5
      vertex 61.1182 57.0334 4.5
      vertex 61.6591 56.5591 4.5
    endloop
  endfacet
  facet normal -0 0 1
    outer loop
      vertex 60.52 71.9069 4.5
      vertex 61.1182 57.0334 4.5
      vertex 61.1182 72.3066 4.5
    endloop
  endfacet
  facet normal 0 0 1
    outer loop
      vertex 60.52 71.9069 4.5
      vertex 60.52 57.4331 4.5
      vertex 61.1182 57.0334 4.5
    endloop
  endfacet
  facet normal -0 0 1
    outer loop
      vertex 59.8748 71.5887 4.5
      vertex 60.52 57.4331 4.5
      vertex 60.52 71.9069 4.5
    endloop
  endfacet
  facet normal 0 0 1
    outer loop
      vertex 59.8748 71.5887 4.5
      vertex 59.8748 57.7513 4.5
      vertex 60.52 57.4331 4.5
    endloop
  endfacet
  facet normal -0 0 1
    outer loop
      vertex 59.1935 71.3574 4.5
      vertex 59.8748 57.7513 4.5
      vertex 59.8748 71.5887 4.5
    endloop
  endfacet
  facet normal 0 0 1
    outer loop
      vertex 59.1935 71.3574 4.5
      vertex 59.1935 57.9826 4.5
      vertex 59.8748 57.7513 4.5
    endloop
  endfacet
  facet normal -0 0 1
    outer loop
      vertex 58.4879 71.2171 4.5
      vertex 59.1935 57.9826 4.5
      vertex 59.1935 71.3574 4.5
    endloop
  endfacet
  facet normal 0 0 1
    outer loop
      vertex 58.4879 71.2171 4.5
      vertex 58.4879 58.1229 4.5
      vertex 59.1935 57.9826 4.5
    endloop
  endfacet
  facet normal -0 0 1
    outer loop
      vertex 57.77 71.17 4.5
      vertex 58.4879 58.1229 4.5
      vertex 58.4879 71.2171 4.5
    endloop
  endfacet
  facet normal 0 0 1
    outer loop
      vertex 57.77 71.17 4.5
      vertex 57.77 58.17 4.5
      vertex 58.4879 58.1229 4.5
    endloop
  endfacet
  facet normal 0 0 1
    outer loop
      vertex 57.0521 71.2171 4.5
      vertex 57.77 58.17 4.5
      vertex 57.77 71.17 4.5
    endloop
  endfacet
  facet normal 0 0 1
    outer loop
      vertex 57.0521 71.2171 4.5
      vertex 57.0521 58.1229 4.5
      vertex 57.77 58.17 4.5
    endloop
  endfacet
  facet normal 0 0 1
    outer loop
      vertex 56.3465 71.3574 4.5
      vertex 57.0521 58.1229 4.5
      vertex 57.0521 71.2171 4.5
    endloop
  endfacet
  facet normal 0 0 1
    outer loop
      vertex 56.3465 71.3574 4.5
      vertex 56.3465 57.9826 4.5
      vertex 57.0521 58.1229 4.5
    endloop
  endfacet
  facet normal 0 0 1
    outer loop
      vertex 55.6652 71.5887 4.5
      vertex 56.3465 57.9826 4.5
      vertex 56.3465 71.3574 4.5
    endloop
  endfacet
  facet normal 0 0 1
    outer loop
      vertex 55.6652 71.5887 4.5
      vertex 55.6652 57.7513 4.5
      vertex 56.3465 57.9826 4.5
    endloop
  endfacet
  facet normal 0 0 1
    outer loop
      vertex 55.02 71.9069 4.5
      vertex 55.6652 57.7513 4.5
      vertex 55.6652 71.5887 4.5
    endloop
  endfacet
  facet normal 0 0 1
    outer loop
      vertex 55.02 71.9069 4.5
      vertex 55.02 57.4331 4.5
      vertex 55.6652 57.7513 4.5
    endloop
  endfacet
  facet normal 0 0 1
    outer loop
      vertex 54.4218 72.3066 4.5
      vertex 55.02 57.4331 4.5
      vertex 55.02 71.9069 4.5
    endloop
  endfacet
  facet normal 0 0 1
    outer loop
      vertex 54.4218 72.3066 4.5
      vertex 54.4218 57.0334 4.5
      vertex 55.02 57.4331 4.5
    endloop
  endfacet
  facet normal 0 0 1
    outer loop
      vertex 40.6678 66.8935 4.5
      vertex 54.4218 72.3066 4.5
      vertex 53.8809 72.7809 4.5
    endloop
  endfacet
  facet normal 0 0 1
    outer loop
      vertex 54.4218 72.3066 4.5
      vertex 40.6678 66.8935 4.5
      vertex 54.4218 57.0334 4.5
    endloop
  endfacet
  facet normal 0 0 1
    outer loop
      vertex 40.6678 66.8935 4.5
      vertex 53.8809 72.7809 4.5
      vertex 53.4066 73.3218 4.5
    endloop
  endfacet
  facet normal -0 0 1
    outer loop
      vertex 40.5416 66.5219 4.5
      vertex 54.4218 57.0334 4.5
      vertex 40.6678 66.8935 4.5
    endloop
  endfacet
  facet normal 0 0 1
    outer loop
      vertex 40.6678 66.8935 4.5
      vertex 53.4066 73.3218 4.5
      vertex 53.0069 73.92 4.5
    endloop
  endfacet
  facet normal 0 0 1
    outer loop
      vertex 54.4218 57.0334 4.5
      vertex 40.5416 66.5219 4.5
      vertex 53.8809 56.5591 4.5
    endloop
  endfacet
  facet normal 0 0 1
    outer loop
      vertex 40.6678 66.8935 4.5
      vertex 53.0069 73.92 4.5
      vertex 52.6887 74.5652 4.5
    endloop
  endfacet
  facet normal 0 -0 1
    outer loop
      vertex 41.6591 56.5591 4.5
      vertex 53.8809 56.5591 4.5
      vertex 40.5416 66.5219 4.5
    endloop
  endfacet
  facet normal 0 0 1
    outer loop
      vertex 40.6678 66.8935 4.5
      vertex 52.6887 74.5652 4.5
      vertex 52.4574 75.2465 4.5
    endloop
  endfacet
  facet normal 0 0 1
    outer loop
      vertex 53.8809 56.5591 4.5
      vertex 41.6591 56.5591 4.5
      vertex 53.4066 56.0182 4.5
    endloop
  endfacet
  facet normal 0 0 1
    outer loop
      vertex 40.6678 66.8935 4.5
      vertex 52.4574 75.2465 4.5
      vertex 52.3171 75.9521 4.5
    endloop
  endfacet
  facet normal 0 -0 1
    outer loop
      vertex 42.1334 56.0182 4.5
      vertex 53.4066 56.0182 4.5
      vertex 41.6591 56.5591 4.5
    endloop
  endfacet
  facet normal 0 0 1
    outer loop
      vertex 40.6678 66.8935 4.5
      vertex 52.3171 75.9521 4.5
      vertex 52.27 76.67 4.5
    endloop
  endfacet
  facet normal 0 0 1
    outer loop
      vertex 53.4066 56.0182 4.5
      vertex 42.1334 56.0182 4.5
      vertex 53.0069 55.42 4.5
    endloop
  endfacet
  facet normal -0 0 1
    outer loop
      vertex 63.2229 51.9521 4.5
      vertex 71.54 19 4.5
      vertex 63.27 52.67 4.5
    endloop
  endfacet
  facet normal 0 0 1
    outer loop
      vertex 69.02 86.34 4.5
      vertex 63.2229 77.3879 4.5
      vertex 63.27 76.67 4.5
    endloop
  endfacet
  facet normal 0 0 1
    outer loop
      vertex 69.02 86.34 4.5
      vertex 63.0826 78.0935 4.5
      vertex 63.2229 77.3879 4.5
    endloop
  endfacet
  facet normal 0 0 1
    outer loop
      vertex 69.02 86.34 4.5
      vertex 62.8513 78.7748 4.5
      vertex 63.0826 78.0935 4.5
    endloop
  endfacet
  facet normal 0 0 1
    outer loop
      vertex 69.02 86.34 4.5
      vertex 62.5331 79.42 4.5
      vertex 62.8513 78.7748 4.5
    endloop
  endfacet
  facet normal 0 0 1
    outer loop
      vertex 69.02 86.34 4.5
      vertex 62.1334 80.0182 4.5
      vertex 62.5331 79.42 4.5
    endloop
  endfacet
  facet normal 0 0 1
    outer loop
      vertex 69.02 86.34 4.5
      vertex 61.6591 80.5591 4.5
      vertex 62.1334 80.0182 4.5
    endloop
  endfacet
  facet normal 0 0 1
    outer loop
      vertex 69.02 86.34 4.5
      vertex 61.1182 81.0334 4.5
      vertex 61.6591 80.5591 4.5
    endloop
  endfacet
  facet normal 0 0 1
    outer loop
      vertex 69.02 86.34 4.5
      vertex 61.02 95.34 4.5
      vertex 60.52 81.4331 4.5
    endloop
  endfacet
  facet normal 0 0 1
    outer loop
      vertex 69.02 86.34 4.5
      vertex 60.52 81.4331 4.5
      vertex 61.1182 81.0334 4.5
    endloop
  endfacet
  facet normal -0 0 1
    outer loop
      vertex 64.22 95.34 4.5
      vertex 69.02 86.34 4.5
      vertex 69.02 98.82 4.5
    endloop
  endfacet
  facet normal -0 0 1
    outer loop
      vertex 61.02 95.34 4.5
      vertex 69.02 86.34 4.5
      vertex 64.22 95.34 4.5
    endloop
  endfacet
  facet normal 0 0 1
    outer loop
      vertex 64.22 95.34 4.5
      vertex 69.02 98.82 4.5
      vertex 64.22 98.82 4.5
    endloop
  endfacet
  facet normal 0 0 1
    outer loop
      vertex 71.54 86.34 4.5
      vertex 63.27 52.67 4.5
      vertex 71.54 19 4.5
    endloop
  endfacet
  facet normal 0 0 1
    outer loop
      vertex 69.02 19 4.5
      vertex 64.22 10 4.5
      vertex 69.02 6.52 4.5
    endloop
  endfacet
  facet normal 0 0 1
    outer loop
      vertex 69.02 6.52 4.5
      vertex 64.22 10 4.5
      vertex 64.22 6.52 4.5
    endloop
  endfacet
  facet normal 0 0 1
    outer loop
      vertex 63.27 76.67 4.5
      vertex 71.54 86.34 4.5
      vertex 69.02 86.34 4.5
    endloop
  endfacet
  facet normal 0 0 1
    outer loop
      vertex 63.2229 75.9521 4.5
      vertex 71.54 86.34 4.5
      vertex 63.27 76.67 4.5
    endloop
  endfacet
  facet normal 0 0 1
    outer loop
      vertex 71.54 101.34 4.5
      vertex 75.54 102.34 4.5
      vertex 75.5143 102.732 4.5
    endloop
  endfacet
  facet normal 0 0 1
    outer loop
      vertex 75.54 102.34 4.5
      vertex 71.54 86.34 4.5
      vertex 75.54 3 4.5
    endloop
  endfacet
  facet normal 0 0 1
    outer loop
      vertex 71.54 101.34 4.5
      vertex 75.5143 102.732 4.5
      vertex 75.4378 103.116 4.5
    endloop
  endfacet
  facet normal -0 0 1
    outer loop
      vertex 71.54 19 4.5
      vertex 75.54 3 4.5
      vertex 71.54 86.34 4.5
    endloop
  endfacet
  facet normal 0 0 1
    outer loop
      vertex 71.54 101.34 4.5
      vertex 75.4378 103.116 4.5
      vertex 75.3116 103.488 4.5
    endloop
  endfacet
  facet normal -0 0 1
    outer loop
      vertex 71.54 4 4.5
      vertex 75.54 3 4.5
      vertex 71.54 19 4.5
    endloop
  endfacet
  facet normal 0 0 1
    outer loop
      vertex 71.54 101.34 4.5
      vertex 75.3116 103.488 4.5
      vertex 75.1381 103.84 4.5
    endloop
  endfacet
  facet normal 0 0 1
    outer loop
      vertex 75.54 3 4.5
      vertex 71.54 4 4.5
      vertex 75.5143 2.60842 4.5
    endloop
  endfacet
  facet normal 0 0 1
    outer loop
      vertex 71.54 101.34 4.5
      vertex 75.1381 103.84 4.5
      vertex 74.9201 104.166 4.5
    endloop
  endfacet
  facet normal 0 0 1
    outer loop
      vertex 75.5143 2.60842 4.5
      vertex 71.54 4 4.5
      vertex 75.4378 2.22354 4.5
    endloop
  endfacet
  facet normal 0 0 1
    outer loop
      vertex 71.54 101.34 4.5
      vertex 74.9201 104.166 4.5
      vertex 74.6613 104.461 4.5
    endloop
  endfacet
  facet normal 0 0 1
    outer loop
      vertex 75.4378 2.22354 4.5
      vertex 71.54 4 4.5
      vertex 75.3116 1.85195 4.5
    endloop
  endfacet
  facet normal 0 0 1
    outer loop
      vertex 71.54 101.34 4.5
      vertex 74.6613 104.461 4.5
      vertex 74.3663 104.72 4.5
    endloop
  endfacet
  facet normal 0 0 1
    outer loop
      vertex 75.3116 1.85195 4.5
      vertex 71.54 4 4.5
      vertex 75.1381 1.5 4.5
    endloop
  endfacet
  facet normal 0 0 1
    outer loop
      vertex 71.54 101.34 4.5
      vertex 74.3663 104.72 4.5
      vertex 74.04 104.938 4.5
    endloop
  endfacet
  facet normal 0 0 1
    outer loop
      vertex 75.1381 1.5 4.5
      vertex 71.54 4 4.5
      vertex 74.9201 1.17372 4.5
    endloop
  endfacet
  facet normal 0 0 1
    outer loop
      vertex 71.54 101.34 4.5
      vertex 74.04 104.938 4.5
      vertex 73.688 105.112 4.5
    endloop
  endfacet
  facet normal 0 0 1
    outer loop
      vertex 74.9201 1.17372 4.5
      vertex 71.54 4 4.5
      vertex 74.6613 0.878679 4.5
    endloop
  endfacet
  facet normal 0 0 1
    outer loop
      vertex 71.54 101.34 4.5
      vertex 73.688 105.112 4.5
      vertex 73.3165 105.238 4.5
    endloop
  endfacet
  facet normal 0 0 1
    outer loop
      vertex 74.6613 0.878679 4.5
      vertex 71.54 4 4.5
      vertex 74.3663 0.61994 4.5
    endloop
  endfacet
  facet normal 0 0 1
    outer loop
      vertex 71.54 101.34 4.5
      vertex 73.3165 105.238 4.5
      vertex 72.9316 105.314 4.5
    endloop
  endfacet
  facet normal 0 0 1
    outer loop
      vertex 74.3663 0.61994 4.5
      vertex 71.54 4 4.5
      vertex 74.04 0.401923 4.5
    endloop
  endfacet
  facet normal 0 0 1
    outer loop
      vertex 71.54 101.34 4.5
      vertex 72.9316 105.314 4.5
      vertex 72.54 105.34 4.5
    endloop
  endfacet
  facet normal 0 0 1
    outer loop
      vertex 74.04 0.401923 4.5
      vertex 71.54 4 4.5
      vertex 73.688 0.228361 4.5
    endloop
  endfacet
  facet normal 0 0 1
    outer loop
      vertex 75.54 102.34 4.5
      vertex 71.54 101.34 4.5
      vertex 71.54 86.34 4.5
    endloop
  endfacet
  facet normal -0 0 1
    outer loop
      vertex 64.22 105.34 4.5
      vertex 71.54 101.34 4.5
      vertex 72.54 105.34 4.5
    endloop
  endfacet
  facet normal 0 0 1
    outer loop
      vertex 71.54 101.34 4.5
      vertex 64.22 105.34 4.5
      vertex 64.22 101.34 4.5
    endloop
  endfacet
  facet normal 0 0 1
    outer loop
      vertex 73.688 0.228361 4.5
      vertex 71.54 4 4.5
      vertex 73.3165 0.102222 4.5
    endloop
  endfacet
  facet normal 0 0 1
    outer loop
      vertex 73.3165 0.102222 4.5
      vertex 71.54 4 4.5
      vertex 72.9316 0.0256653 4.5
    endloop
  endfacet
  facet normal 0 0 1
    outer loop
      vertex 72.9316 0.0256653 4.5
      vertex 71.54 4 4.5
      vertex 72.54 0 4.5
    endloop
  endfacet
  facet normal 0 0 1
    outer loop
      vertex 64.22 0 4.5
      vertex 71.54 4 4.5
      vertex 64.22 4 4.5
    endloop
  endfacet
  facet normal 0 0 1
    outer loop
      vertex 71.54 4 4.5
      vertex 64.22 0 4.5
      vertex 72.54 0 4.5
    endloop
  endfacet
  facet normal -0 0 1
    outer loop
      vertex 63.2229 27.9521 4.5
      vertex 71.54 19 4.5
      vertex 63.27 28.67 4.5
    endloop
  endfacet
  facet normal 0 0 1
    outer loop
      vertex 71.54 19 4.5
      vertex 63.2229 27.9521 4.5
      vertex 69.02 19 4.5
    endloop
  endfacet
  facet normal -0 0 1
    outer loop
      vertex 63.0826 27.2465 4.5
      vertex 69.02 19 4.5
      vertex 63.2229 27.9521 4.5
    endloop
  endfacet
  facet normal -0 0 1
    outer loop
      vertex 62.8513 26.5652 4.5
      vertex 69.02 19 4.5
      vertex 63.0826 27.2465 4.5
    endloop
  endfacet
  facet normal -0 0 1
    outer loop
      vertex 62.5331 25.92 4.5
      vertex 69.02 19 4.5
      vertex 62.8513 26.5652 4.5
    endloop
  endfacet
  facet normal -0 0 1
    outer loop
      vertex 62.1334 25.3218 4.5
      vertex 69.02 19 4.5
      vertex 62.5331 25.92 4.5
    endloop
  endfacet
  facet normal -0 0 1
    outer loop
      vertex 61.6591 24.7809 4.5
      vertex 69.02 19 4.5
      vertex 62.1334 25.3218 4.5
    endloop
  endfacet
  facet normal -0 0 1
    outer loop
      vertex 61.1182 24.3066 4.5
      vertex 69.02 19 4.5
      vertex 61.6591 24.7809 4.5
    endloop
  endfacet
  facet normal -0 0 1
    outer loop
      vertex 60.52 23.9069 4.5
      vertex 69.02 19 4.5
      vertex 61.1182 24.3066 4.5
    endloop
  endfacet
  facet normal -0 0 1
    outer loop
      vertex 59.8748 23.5887 4.5
      vertex 69.02 19 4.5
      vertex 60.52 23.9069 4.5
    endloop
  endfacet
  facet normal 0 -0 1
    outer loop
      vertex 61.02 10 4.5
      vertex 69.02 19 4.5
      vertex 59.8748 23.5887 4.5
    endloop
  endfacet
  facet normal 0 0 1
    outer loop
      vertex 69.02 19 4.5
      vertex 61.02 10 4.5
      vertex 64.22 10 4.5
    endloop
  endfacet
  facet normal -0 0 1
    outer loop
      vertex 59.1935 23.3574 4.5
      vertex 61.02 10 4.5
      vertex 59.8748 23.5887 4.5
    endloop
  endfacet
  facet normal -0 0 1
    outer loop
      vertex 58.4879 23.2171 4.5
      vertex 61.02 10 4.5
      vertex 59.1935 23.3574 4.5
    endloop
  endfacet
  facet normal -0 0 1
    outer loop
      vertex 57.77 23.17 4.5
      vertex 61.02 10 4.5
      vertex 58.4879 23.2171 4.5
    endloop
  endfacet
  facet normal 0 0 1
    outer loop
      vertex 57.0521 23.2171 4.5
      vertex 61.02 10 4.5
      vertex 57.77 23.17 4.5
    endloop
  endfacet
  facet normal 0 0 1
    outer loop
      vertex 56.3465 23.3574 4.5
      vertex 61.02 10 4.5
      vertex 57.0521 23.2171 4.5
    endloop
  endfacet
  facet normal 0 0 1
    outer loop
      vertex 61.02 10 4.5
      vertex 56.54 6.52 4.5
      vertex 61.02 6.52 4.5
    endloop
  endfacet
  facet normal 0 0 1
    outer loop
      vertex 55.6652 23.5887 4.5
      vertex 56.54 6.52 4.5
      vertex 56.3465 23.3574 4.5
    endloop
  endfacet
  facet normal 0 0 1
    outer loop
      vertex 61.02 10 4.5
      vertex 56.3465 23.3574 4.5
      vertex 56.54 6.52 4.5
    endloop
  endfacet
  facet normal -0 0 1
    outer loop
      vertex 56.54 4 4.5
      vertex 61.02 0 4.5
      vertex 61.02 4 4.5
    endloop
  endfacet
  facet normal 0 0 1
    outer loop
      vertex 55.02 23.9069 4.5
      vertex 56.54 6.52 4.5
      vertex 55.6652 23.5887 4.5
    endloop
  endfacet
  facet normal 0 0 1
    outer loop
      vertex 54.4218 24.3066 4.5
      vertex 56.54 6.52 4.5
      vertex 55.02 23.9069 4.5
    endloop
  endfacet
  facet normal -0 0 1
    outer loop
      vertex 41.1182 24.3066 4.5
      vertex 56.54 6.52 4.5
      vertex 54.4218 24.3066 4.5
    endloop
  endfacet
  facet normal 0 0 1
    outer loop
      vertex 41.1182 24.3066 4.5
      vertex 54.4218 24.3066 4.5
      vertex 53.8809 24.7809 4.5
    endloop
  endfacet
  facet normal 0 0 1
    outer loop
      vertex 41.6591 24.7809 4.5
      vertex 53.8809 24.7809 4.5
      vertex 53.4066 25.3218 4.5
    endloop
  endfacet
  facet normal 0 0 1
    outer loop
      vertex 42.1334 25.3218 4.5
      vertex 53.4066 25.3218 4.5
      vertex 53.0069 25.92 4.5
    endloop
  endfacet
  facet normal 0 0 1
    outer loop
      vertex 42.5331 25.92 4.5
      vertex 53.0069 25.92 4.5
      vertex 52.6887 26.5652 4.5
    endloop
  endfacet
  facet normal 0 0 1
    outer loop
      vertex 42.8513 26.5652 4.5
      vertex 52.6887 26.5652 4.5
      vertex 52.4574 27.2465 4.5
    endloop
  endfacet
  facet normal 0 0 1
    outer loop
      vertex 43.0826 27.2465 4.5
      vertex 52.4574 27.2465 4.5
      vertex 52.3171 27.9521 4.5
    endloop
  endfacet
  facet normal 0 0 1
    outer loop
      vertex 43.0826 75.2465 4.5
      vertex 52.27 76.67 4.5
      vertex 43.2229 75.9521 4.5
    endloop
  endfacet
  facet normal 0 0 1
    outer loop
      vertex 52.27 52.67 4.5
      vertex 43.2229 53.3879 4.5
      vertex 43.27 52.67 4.5
    endloop
  endfacet
  facet normal 0 0 1
    outer loop
      vertex 43.2229 51.9521 4.5
      vertex 52.27 52.67 4.5
      vertex 43.27 52.67 4.5
    endloop
  endfacet
  facet normal 0 0 1
    outer loop
      vertex 42.5331 49.92 4.5
      vertex 52.27 52.67 4.5
      vertex 42.8513 50.5652 4.5
    endloop
  endfacet
  facet normal 0 0 1
    outer loop
      vertex 43.0826 27.2465 4.5
      vertex 52.3171 27.9521 4.5
      vertex 43.2229 27.9521 4.5
    endloop
  endfacet
  facet normal 0 0 1
    outer loop
      vertex 52.4574 27.2465 4.5
      vertex 43.0826 27.2465 4.5
      vertex 42.8513 26.5652 4.5
    endloop
  endfacet
  facet normal 0 0 1
    outer loop
      vertex 52.6887 26.5652 4.5
      vertex 42.8513 26.5652 4.5
      vertex 42.5331 25.92 4.5
    endloop
  endfacet
  facet normal 0 0 1
    outer loop
      vertex 53.0069 25.92 4.5
      vertex 42.5331 25.92 4.5
      vertex 42.1334 25.3218 4.5
    endloop
  endfacet
  facet normal 0 0 1
    outer loop
      vertex 53.4066 25.3218 4.5
      vertex 42.1334 25.3218 4.5
      vertex 41.6591 24.7809 4.5
    endloop
  endfacet
  facet normal 0 0 1
    outer loop
      vertex 53.8809 24.7809 4.5
      vertex 41.6591 24.7809 4.5
      vertex 41.1182 24.3066 4.5
    endloop
  endfacet
  facet normal 0 0 1
    outer loop
      vertex 56.54 6.52 4.5
      vertex 41.1182 24.3066 4.5
      vertex 40.52 23.9069 4.5
    endloop
  endfacet
  facet normal -0 0 1
    outer loop
      vertex 39.8748 23.5887 4.5
      vertex 56.54 6.52 4.5
      vertex 40.52 23.9069 4.5
    endloop
  endfacet
  facet normal -0 0 1
    outer loop
      vertex 39.1935 23.3574 4.5
      vertex 56.54 6.52 4.5
      vertex 39.8748 23.5887 4.5
    endloop
  endfacet
  facet normal -0 0 1
    outer loop
      vertex 38.4879 23.2171 4.5
      vertex 56.54 6.52 4.5
      vertex 39.1935 23.3574 4.5
    endloop
  endfacet
  facet normal -0 0 1
    outer loop
      vertex 37.77 23.17 4.5
      vertex 56.54 6.52 4.5
      vertex 38.4879 23.2171 4.5
    endloop
  endfacet
  facet normal 0 0 1
    outer loop
      vertex 56.54 6.52 4.5
      vertex 37.77 23.17 4.5
      vertex 56.54 4 4.5
    endloop
  endfacet
  facet normal 0 0 1
    outer loop
      vertex 19 6.52 4.5
      vertex 37.77 23.17 4.5
      vertex 37.0521 23.2171 4.5
    endloop
  endfacet
  facet normal 0 0 1
    outer loop
      vertex 19 6.52 4.5
      vertex 37.0521 23.2171 4.5
      vertex 36.3465 23.3574 4.5
    endloop
  endfacet
  facet normal 0 0 1
    outer loop
      vertex 19 6.52 4.5
      vertex 36.3465 23.3574 4.5
      vertex 35.6652 23.5887 4.5
    endloop
  endfacet
  facet normal 0 0 1
    outer loop
      vertex 19 6.52 4.5
      vertex 35.6652 23.5887 4.5
      vertex 35.02 23.9069 4.5
    endloop
  endfacet
  facet normal 0 0 1
    outer loop
      vertex 19 6.52 4.5
      vertex 35.02 23.9069 4.5
      vertex 34.4218 24.3066 4.5
    endloop
  endfacet
  facet normal 0 0 1
    outer loop
      vertex 21.1182 24.3066 4.5
      vertex 34.4218 24.3066 4.5
      vertex 33.8809 24.7809 4.5
    endloop
  endfacet
  facet normal 0 0 1
    outer loop
      vertex 23.0826 75.2465 4.5
      vertex 32.27 76.67 4.5
      vertex 23.2229 75.9521 4.5
    endloop
  endfacet
  facet normal 0 0 1
    outer loop
      vertex 32.27 52.67 4.5
      vertex 23.2229 53.3879 4.5
      vertex 23.27 52.67 4.5
    endloop
  endfacet
  facet normal 0 0 1
    outer loop
      vertex 22.8513 50.5652 4.5
      vertex 32.27 52.67 4.5
      vertex 23.0826 51.2465 4.5
    endloop
  endfacet
  facet normal 0 0 1
    outer loop
      vertex 22.5331 49.92 4.5
      vertex 32.27 52.67 4.5
      vertex 22.8513 50.5652 4.5
    endloop
  endfacet
  facet normal 0 0 1
    outer loop
      vertex 22.1334 49.3218 4.5
      vertex 32.27 52.67 4.5
      vertex 22.5331 49.92 4.5
    endloop
  endfacet
  facet normal 0 0 1
    outer loop
      vertex 23.0826 27.2465 4.5
      vertex 32.4574 27.2465 4.5
      vertex 23.2229 27.9521 4.5
    endloop
  endfacet
  facet normal 0 0 1
    outer loop
      vertex 32.4574 27.2465 4.5
      vertex 23.0826 27.2465 4.5
      vertex 32.6887 26.5652 4.5
    endloop
  endfacet
  facet normal 0 0 1
    outer loop
      vertex 22.8513 26.5652 4.5
      vertex 32.6887 26.5652 4.5
      vertex 23.0826 27.2465 4.5
    endloop
  endfacet
  facet normal 0 0 1
    outer loop
      vertex 32.6887 26.5652 4.5
      vertex 22.8513 26.5652 4.5
      vertex 33.0069 25.92 4.5
    endloop
  endfacet
  facet normal 0 0 1
    outer loop
      vertex 22.5331 25.92 4.5
      vertex 33.0069 25.92 4.5
      vertex 22.8513 26.5652 4.5
    endloop
  endfacet
  facet normal 0 0 1
    outer loop
      vertex 33.0069 25.92 4.5
      vertex 22.5331 25.92 4.5
      vertex 33.4066 25.3218 4.5
    endloop
  endfacet
  facet normal 0 0 1
    outer loop
      vertex 22.1334 25.3218 4.5
      vertex 33.4066 25.3218 4.5
      vertex 22.5331 25.92 4.5
    endloop
  endfacet
  facet normal 0 0 1
    outer loop
      vertex 33.4066 25.3218 4.5
      vertex 22.1334 25.3218 4.5
      vertex 33.8809 24.7809 4.5
    endloop
  endfacet
  facet normal 0 0 1
    outer loop
      vertex 21.6591 24.7809 4.5
      vertex 33.8809 24.7809 4.5
      vertex 22.1334 25.3218 4.5
    endloop
  endfacet
  facet normal 0 0 1
    outer loop
      vertex 37.77 23.17 4.5
      vertex 19 6.52 4.5
      vertex 19 4 4.5
    endloop
  endfacet
  facet normal 0 0 1
    outer loop
      vertex 21.1182 24.3066 4.5
      vertex 33.8809 24.7809 4.5
      vertex 21.6591 24.7809 4.5
    endloop
  endfacet
  facet normal 0 0 1
    outer loop
      vertex 34.4218 24.3066 4.5
      vertex 21.1182 24.3066 4.5
      vertex 19 6.52 4.5
    endloop
  endfacet
  facet normal 0 0 1
    outer loop
      vertex 19 6.52 4.5
      vertex 21.1182 24.3066 4.5
      vertex 20.52 23.9069 4.5
    endloop
  endfacet
  facet normal 0 0 1
    outer loop
      vertex 19 6.52 4.5
      vertex 20.52 23.9069 4.5
      vertex 19.8748 23.5887 4.5
    endloop
  endfacet
  facet normal 0 0 1
    outer loop
      vertex 19 6.52 4.5
      vertex 19.8748 23.5887 4.5
      vertex 19.1935 23.3574 4.5
    endloop
  endfacet
  facet normal 0 0 1
    outer loop
      vertex 37.77 23.17 4.5
      vertex 19 4 4.5
      vertex 56.54 4 4.5
    endloop
  endfacet
  facet normal 0 0 1
    outer loop
      vertex 56.54 4 4.5
      vertex 19 4 4.5
      vertex 61.02 0 4.5
    endloop
  endfacet
  facet normal 0 0 1
    outer loop
      vertex 14.52 0 4.5
      vertex 19 4 4.5
      vertex 14.52 4 4.5
    endloop
  endfacet
  facet normal 0 0 1
    outer loop
      vertex 19 4 4.5
      vertex 14.52 0 4.5
      vertex 61.02 0 4.5
    endloop
  endfacet
  facet normal -0 0 1
    outer loop
      vertex 4 4 4.5
      vertex 11.32 0 4.5
      vertex 11.32 4 4.5
    endloop
  endfacet
  facet normal 0 0 1
    outer loop
      vertex 4 4 4.5
      vertex 3 0 4.5
      vertex 11.32 0 4.5
    endloop
  endfacet
  facet normal 0 0 1
    outer loop
      vertex 0 3 4.5
      vertex 4 19 4.5
      vertex 0 102.34 4.5
    endloop
  endfacet
  facet normal -0 0 1
    outer loop
      vertex 2.22354 105.238 4.5
      vertex 4 101.34 4.5
      vertex 2.60842 105.314 4.5
    endloop
  endfacet
  facet normal 0 0 1
    outer loop
      vertex 4 19 4.5
      vertex 0 3 4.5
      vertex 4 4 4.5
    endloop
  endfacet
  facet normal -0 0 1
    outer loop
      vertex 1.85195 105.112 4.5
      vertex 4 101.34 4.5
      vertex 2.22354 105.238 4.5
    endloop
  endfacet
  facet normal 0 -0 1
    outer loop
      vertex 0.0256653 2.60842 4.5
      vertex 4 4 4.5
      vertex 0 3 4.5
    endloop
  endfacet
  facet normal -0 0 1
    outer loop
      vertex 1.5 104.938 4.5
      vertex 4 101.34 4.5
      vertex 1.85195 105.112 4.5
    endloop
  endfacet
  facet normal 0 0 1
    outer loop
      vertex 4 4 4.5
      vertex 2.60842 0.0256653 4.5
      vertex 3 0 4.5
    endloop
  endfacet
  facet normal -0 0 1
    outer loop
      vertex 1.17372 104.72 4.5
      vertex 4 101.34 4.5
      vertex 1.5 104.938 4.5
    endloop
  endfacet
  facet normal 0 0 1
    outer loop
      vertex 4 4 4.5
      vertex 2.22354 0.102222 4.5
      vertex 2.60842 0.0256653 4.5
    endloop
  endfacet
  facet normal -0 0 1
    outer loop
      vertex 0.878679 104.461 4.5
      vertex 4 101.34 4.5
      vertex 1.17372 104.72 4.5
    endloop
  endfacet
  facet normal 0 0 1
    outer loop
      vertex 4 4 4.5
      vertex 1.85195 0.228361 4.5
      vertex 2.22354 0.102222 4.5
    endloop
  endfacet
  facet normal -0 0 1
    outer loop
      vertex 0.61994 104.166 4.5
      vertex 4 101.34 4.5
      vertex 0.878679 104.461 4.5
    endloop
  endfacet
  facet normal 0 0 1
    outer loop
      vertex 4 4 4.5
      vertex 1.5 0.401923 4.5
      vertex 1.85195 0.228361 4.5
    endloop
  endfacet
  facet normal -0 0 1
    outer loop
      vertex 0.401923 103.84 4.5
      vertex 4 101.34 4.5
      vertex 0.61994 104.166 4.5
    endloop
  endfacet
  facet normal 0 0 1
    outer loop
      vertex 4 4 4.5
      vertex 1.17372 0.61994 4.5
      vertex 1.5 0.401923 4.5
    endloop
  endfacet
  facet normal -0 0 1
    outer loop
      vertex 0.228361 103.488 4.5
      vertex 4 101.34 4.5
      vertex 0.401923 103.84 4.5
    endloop
  endfacet
  facet normal 0 0 1
    outer loop
      vertex 4 4 4.5
      vertex 0.878679 0.878679 4.5
      vertex 1.17372 0.61994 4.5
    endloop
  endfacet
  facet normal -0 0 1
    outer loop
      vertex 0.102222 103.116 4.5
      vertex 4 101.34 4.5
      vertex 0.228361 103.488 4.5
    endloop
  endfacet
  facet normal 0 0 1
    outer loop
      vertex 4 4 4.5
      vertex 0.61994 1.17372 4.5
      vertex 0.878679 0.878679 4.5
    endloop
  endfacet
  facet normal -0 0 1
    outer loop
      vertex 0.0256653 102.732 4.5
      vertex 4 101.34 4.5
      vertex 0.102222 103.116 4.5
    endloop
  endfacet
  facet normal 0 0 1
    outer loop
      vertex 4 4 4.5
      vertex 0.401923 1.5 4.5
      vertex 0.61994 1.17372 4.5
    endloop
  endfacet
  facet normal 0 0 1
    outer loop
      vertex 4 101.34 4.5
      vertex 0.0256653 102.732 4.5
      vertex 0 102.34 4.5
    endloop
  endfacet
  facet normal 0 0 1
    outer loop
      vertex 4 4 4.5
      vertex 0.228361 1.85195 4.5
      vertex 0.401923 1.5 4.5
    endloop
  endfacet
  facet normal 0 0 1
    outer loop
      vertex 4 4 4.5
      vertex 0.102222 2.22354 4.5
      vertex 0.228361 1.85195 4.5
    endloop
  endfacet
  facet normal 0 0 1
    outer loop
      vertex 4 4 4.5
      vertex 0.0256653 2.60842 4.5
      vertex 0.102222 2.22354 4.5
    endloop
  endfacet
  facet normal 0 0 1
    outer loop
      vertex 11.32 10 4.5
      vertex 15.02 23.9069 4.5
      vertex 14.4218 24.3066 4.5
    endloop
  endfacet
  facet normal 0 0 1
    outer loop
      vertex 11.32 10 4.5
      vertex 14.4218 24.3066 4.5
      vertex 13.8809 24.7809 4.5
    endloop
  endfacet
  facet normal 0 0 1
    outer loop
      vertex 11.32 10 4.5
      vertex 13.8809 24.7809 4.5
      vertex 13.4066 25.3218 4.5
    endloop
  endfacet
  facet normal 0 0 1
    outer loop
      vertex 11.32 10 4.5
      vertex 13.4066 25.3218 4.5
      vertex 13.0069 25.92 4.5
    endloop
  endfacet
  facet normal 0 0 1
    outer loop
      vertex 11.32 10 4.5
      vertex 13.0069 25.92 4.5
      vertex 12.6887 26.5652 4.5
    endloop
  endfacet
  facet normal 0 0 1
    outer loop
      vertex 11.32 10 4.5
      vertex 12.6887 26.5652 4.5
      vertex 12.4574 27.2465 4.5
    endloop
  endfacet
  facet normal 0 0 1
    outer loop
      vertex 11.32 10 4.5
      vertex 12.4574 27.2465 4.5
      vertex 12.3171 27.9521 4.5
    endloop
  endfacet
  facet normal 0 0 1
    outer loop
      vertex 15.02 23.9069 4.5
      vertex 11.32 10 4.5
      vertex 14.52 10 4.5
    endloop
  endfacet
  facet normal 0 0 1
    outer loop
      vertex 12.27 28.67 4.5
      vertex 11.32 10 4.5
      vertex 12.3171 27.9521 4.5
    endloop
  endfacet
  facet normal 0 0 1
    outer loop
      vertex 12.27 52.67 4.5
      vertex 11.32 10 4.5
      vertex 12.27 28.67 4.5
    endloop
  endfacet
  facet normal 0 0 1
    outer loop
      vertex 14.52 10 4.5
      vertex 19.1935 23.3574 4.5
      vertex 18.4879 23.2171 4.5
    endloop
  endfacet
  facet normal 0 0 1
    outer loop
      vertex 14.52 10 4.5
      vertex 18.4879 23.2171 4.5
      vertex 17.77 23.17 4.5
    endloop
  endfacet
  facet normal 0 0 1
    outer loop
      vertex 14.52 10 4.5
      vertex 17.77 23.17 4.5
      vertex 17.0521 23.2171 4.5
    endloop
  endfacet
  facet normal 0 0 1
    outer loop
      vertex 14.52 10 4.5
      vertex 17.0521 23.2171 4.5
      vertex 16.3465 23.3574 4.5
    endloop
  endfacet
  facet normal 0 0 1
    outer loop
      vertex 14.52 10 4.5
      vertex 16.3465 23.3574 4.5
      vertex 15.6652 23.5887 4.5
    endloop
  endfacet
  facet normal 0 0 1
    outer loop
      vertex 14.52 10 4.5
      vertex 15.6652 23.5887 4.5
      vertex 15.02 23.9069 4.5
    endloop
  endfacet
  facet normal 0 0 1
    outer loop
      vertex 19.1935 23.3574 4.5
      vertex 14.52 10 4.5
      vertex 19 6.52 4.5
    endloop
  endfacet
  facet normal 0 0 1
    outer loop
      vertex 19 6.52 4.5
      vertex 14.52 10 4.5
      vertex 14.52 6.52 4.5
    endloop
  endfacet
  facet normal 0 0 1
    outer loop
      vertex 21.6591 48.7809 4.5
      vertex 32.27 52.67 4.5
      vertex 22.1334 49.3218 4.5
    endloop
  endfacet
  facet normal 0 0 1
    outer loop
      vertex 32.3171 27.9521 4.5
      vertex 23.2229 27.9521 4.5
      vertex 32.4574 27.2465 4.5
    endloop
  endfacet
  facet normal 0 0 1
    outer loop
      vertex 32.27 52.67 4.5
      vertex 21.6591 48.7809 4.5
      vertex 32.27 28.67 4.5
    endloop
  endfacet
  facet normal 0 0 1
    outer loop
      vertex 23.2229 27.9521 4.5
      vertex 32.3171 27.9521 4.5
      vertex 23.27 28.67 4.5
    endloop
  endfacet
  facet normal -0 -0 1
    outer loop
      vertex 22.5331 31.42 4.5
      vertex 32.27 28.67 4.5
      vertex 22.1334 32.0182 4.5
    endloop
  endfacet
  facet normal 0 0 1
    outer loop
      vertex 32.27 28.67 4.5
      vertex 23.27 28.67 4.5
      vertex 32.3171 27.9521 4.5
    endloop
  endfacet
  facet normal -0 -0 1
    outer loop
      vertex 22.8513 30.7748 4.5
      vertex 32.27 28.67 4.5
      vertex 22.5331 31.42 4.5
    endloop
  endfacet
  facet normal 0 -0 1
    outer loop
      vertex 23.27 28.67 4.5
      vertex 32.27 28.67 4.5
      vertex 23.2229 29.3879 4.5
    endloop
  endfacet
  facet normal -0 -0 1
    outer loop
      vertex 23.0826 30.0935 4.5
      vertex 32.27 28.67 4.5
      vertex 22.8513 30.7748 4.5
    endloop
  endfacet
  facet normal -0 -0 1
    outer loop
      vertex 23.2229 29.3879 4.5
      vertex 32.27 28.67 4.5
      vertex 23.0826 30.0935 4.5
    endloop
  endfacet
  facet normal -0 0 1
    outer loop
      vertex 21.6591 32.5591 4.5
      vertex 32.27 28.67 4.5
      vertex 21.6591 48.7809 4.5
    endloop
  endfacet
  facet normal 0 0 1
    outer loop
      vertex 32.27 28.67 4.5
      vertex 21.6591 32.5591 4.5
      vertex 22.1334 32.0182 4.5
    endloop
  endfacet
  facet normal -0 0 1
    outer loop
      vertex 21.1182 48.3066 4.5
      vertex 21.6591 32.5591 4.5
      vertex 21.6591 48.7809 4.5
    endloop
  endfacet
  facet normal 0 0 1
    outer loop
      vertex 21.1182 48.3066 4.5
      vertex 21.1182 33.0334 4.5
      vertex 21.6591 32.5591 4.5
    endloop
  endfacet
  facet normal -0 0 1
    outer loop
      vertex 20.52 47.9069 4.5
      vertex 21.1182 33.0334 4.5
      vertex 21.1182 48.3066 4.5
    endloop
  endfacet
  facet normal 0 0 1
    outer loop
      vertex 20.52 47.9069 4.5
      vertex 20.52 33.4331 4.5
      vertex 21.1182 33.0334 4.5
    endloop
  endfacet
  facet normal -0 0 1
    outer loop
      vertex 19.8748 47.5887 4.5
      vertex 20.52 33.4331 4.5
      vertex 20.52 47.9069 4.5
    endloop
  endfacet
  facet normal 0 0 1
    outer loop
      vertex 19.8748 47.5887 4.5
      vertex 19.8748 33.7513 4.5
      vertex 20.52 33.4331 4.5
    endloop
  endfacet
  facet normal -0 0 1
    outer loop
      vertex 19.1935 47.3574 4.5
      vertex 19.8748 33.7513 4.5
      vertex 19.8748 47.5887 4.5
    endloop
  endfacet
  facet normal 0 0 1
    outer loop
      vertex 19.1935 47.3574 4.5
      vertex 19.1935 33.9826 4.5
      vertex 19.8748 33.7513 4.5
    endloop
  endfacet
  facet normal -0 0 1
    outer loop
      vertex 18.4879 47.2171 4.5
      vertex 19.1935 33.9826 4.5
      vertex 19.1935 47.3574 4.5
    endloop
  endfacet
  facet normal 0 0 1
    outer loop
      vertex 18.4879 47.2171 4.5
      vertex 18.4879 34.1229 4.5
      vertex 19.1935 33.9826 4.5
    endloop
  endfacet
  facet normal -0 0 1
    outer loop
      vertex 17.77 47.17 4.5
      vertex 18.4879 34.1229 4.5
      vertex 18.4879 47.2171 4.5
    endloop
  endfacet
  facet normal 0 0 1
    outer loop
      vertex 17.77 47.17 4.5
      vertex 17.77 34.17 4.5
      vertex 18.4879 34.1229 4.5
    endloop
  endfacet
  facet normal 0 0 1
    outer loop
      vertex 17.0521 47.2171 4.5
      vertex 17.77 34.17 4.5
      vertex 17.77 47.17 4.5
    endloop
  endfacet
  facet normal 0 0 1
    outer loop
      vertex 17.0521 47.2171 4.5
      vertex 17.0521 34.1229 4.5
      vertex 17.77 34.17 4.5
    endloop
  endfacet
  facet normal 0 0 1
    outer loop
      vertex 16.3465 47.3574 4.5
      vertex 17.0521 34.1229 4.5
      vertex 17.0521 47.2171 4.5
    endloop
  endfacet
  facet normal 0 0 1
    outer loop
      vertex 16.3465 47.3574 4.5
      vertex 16.3465 33.9826 4.5
      vertex 17.0521 34.1229 4.5
    endloop
  endfacet
  facet normal 0 0 1
    outer loop
      vertex 15.6652 47.5887 4.5
      vertex 16.3465 33.9826 4.5
      vertex 16.3465 47.3574 4.5
    endloop
  endfacet
  facet normal 0 0 1
    outer loop
      vertex 15.6652 47.5887 4.5
      vertex 15.6652 33.7513 4.5
      vertex 16.3465 33.9826 4.5
    endloop
  endfacet
  facet normal 0 0 1
    outer loop
      vertex 15.02 47.9069 4.5
      vertex 15.6652 33.7513 4.5
      vertex 15.6652 47.5887 4.5
    endloop
  endfacet
  facet normal 0 0 1
    outer loop
      vertex 15.02 47.9069 4.5
      vertex 15.02 33.4331 4.5
      vertex 15.6652 33.7513 4.5
    endloop
  endfacet
  facet normal 0 0 1
    outer loop
      vertex 14.4218 48.3066 4.5
      vertex 15.02 33.4331 4.5
      vertex 15.02 47.9069 4.5
    endloop
  endfacet
  facet normal 0 0 1
    outer loop
      vertex 14.4218 48.3066 4.5
      vertex 14.4218 33.0334 4.5
      vertex 15.02 33.4331 4.5
    endloop
  endfacet
  facet normal 0 0 1
    outer loop
      vertex 13.8809 48.7809 4.5
      vertex 14.4218 33.0334 4.5
      vertex 14.4218 48.3066 4.5
    endloop
  endfacet
  facet normal 0 0 1
    outer loop
      vertex 13.8809 48.7809 4.5
      vertex 13.8809 32.5591 4.5
      vertex 14.4218 33.0334 4.5
    endloop
  endfacet
  facet normal 0 0 1
    outer loop
      vertex 13.4066 49.3218 4.5
      vertex 13.8809 32.5591 4.5
      vertex 13.8809 48.7809 4.5
    endloop
  endfacet
  facet normal 0 0 1
    outer loop
      vertex 13.4066 49.3218 4.5
      vertex 13.4066 32.0182 4.5
      vertex 13.8809 32.5591 4.5
    endloop
  endfacet
  facet normal 0 0 1
    outer loop
      vertex 13.0069 49.92 4.5
      vertex 13.4066 32.0182 4.5
      vertex 13.4066 49.3218 4.5
    endloop
  endfacet
  facet normal 0 0 1
    outer loop
      vertex 13.0069 49.92 4.5
      vertex 13.0069 31.42 4.5
      vertex 13.4066 32.0182 4.5
    endloop
  endfacet
  facet normal 0 0 1
    outer loop
      vertex 12.6887 50.5652 4.5
      vertex 13.0069 31.42 4.5
      vertex 13.0069 49.92 4.5
    endloop
  endfacet
  facet normal 0 0 1
    outer loop
      vertex 12.6887 50.5652 4.5
      vertex 12.6887 30.7748 4.5
      vertex 13.0069 31.42 4.5
    endloop
  endfacet
  facet normal 0 0 1
    outer loop
      vertex 12.4574 51.2465 4.5
      vertex 12.6887 30.7748 4.5
      vertex 12.6887 50.5652 4.5
    endloop
  endfacet
  facet normal 0 0 1
    outer loop
      vertex 12.4574 51.2465 4.5
      vertex 12.4574 30.0935 4.5
      vertex 12.6887 30.7748 4.5
    endloop
  endfacet
  facet normal 0 0 1
    outer loop
      vertex 12.3171 51.9521 4.5
      vertex 12.4574 30.0935 4.5
      vertex 12.4574 51.2465 4.5
    endloop
  endfacet
  facet normal 0 0 1
    outer loop
      vertex 12.3171 51.9521 4.5
      vertex 12.3171 29.3879 4.5
      vertex 12.4574 30.0935 4.5
    endloop
  endfacet
  facet normal 0 0 1
    outer loop
      vertex 12.27 52.67 4.5
      vertex 12.3171 29.3879 4.5
      vertex 12.3171 51.9521 4.5
    endloop
  endfacet
  facet normal 0 0 1
    outer loop
      vertex 12.3171 29.3879 4.5
      vertex 12.27 52.67 4.5
      vertex 12.27 28.67 4.5
    endloop
  endfacet
  facet normal 0 0 1
    outer loop
      vertex 23.2229 51.9521 4.5
      vertex 32.27 52.67 4.5
      vertex 23.27 52.67 4.5
    endloop
  endfacet
  facet normal 0 0 1
    outer loop
      vertex 23.0826 51.2465 4.5
      vertex 32.27 52.67 4.5
      vertex 23.2229 51.9521 4.5
    endloop
  endfacet
  facet normal 0 0 1
    outer loop
      vertex 22.8513 74.5652 4.5
      vertex 32.27 76.67 4.5
      vertex 23.0826 75.2465 4.5
    endloop
  endfacet
  facet normal 0 0 1
    outer loop
      vertex 32.3171 53.3879 4.5
      vertex 23.2229 53.3879 4.5
      vertex 32.27 52.67 4.5
    endloop
  endfacet
  facet normal 0 0 1
    outer loop
      vertex 22.5331 73.92 4.5
      vertex 32.27 76.67 4.5
      vertex 22.8513 74.5652 4.5
    endloop
  endfacet
  facet normal 0 -0 1
    outer loop
      vertex 23.2229 53.3879 4.5
      vertex 32.3171 53.3879 4.5
      vertex 23.0826 54.0935 4.5
    endloop
  endfacet
  facet normal 0 0 1
    outer loop
      vertex 22.1334 73.3218 4.5
      vertex 32.27 76.67 4.5
      vertex 22.5331 73.92 4.5
    endloop
  endfacet
  facet normal 0 0 1
    outer loop
      vertex 32.4574 54.0935 4.5
      vertex 23.0826 54.0935 4.5
      vertex 32.3171 53.3879 4.5
    endloop
  endfacet
  facet normal 0 0 1
    outer loop
      vertex 21.6591 72.7809 4.5
      vertex 32.27 76.67 4.5
      vertex 22.1334 73.3218 4.5
    endloop
  endfacet
  facet normal 0 -0 1
    outer loop
      vertex 23.0826 54.0935 4.5
      vertex 32.4574 54.0935 4.5
      vertex 22.8513 54.7748 4.5
    endloop
  endfacet
  facet normal 0 0 1
    outer loop
      vertex 21.6591 56.5591 4.5
      vertex 32.27 76.67 4.5
      vertex 21.6591 72.7809 4.5
    endloop
  endfacet
  facet normal 0 0 1
    outer loop
      vertex 32.6887 54.7748 4.5
      vertex 22.8513 54.7748 4.5
      vertex 32.4574 54.0935 4.5
    endloop
  endfacet
  facet normal -0 0 1
    outer loop
      vertex 21.1182 72.3066 4.5
      vertex 21.6591 56.5591 4.5
      vertex 21.6591 72.7809 4.5
    endloop
  endfacet
  facet normal 0 0 1
    outer loop
      vertex 21.1182 72.3066 4.5
      vertex 21.1182 57.0334 4.5
      vertex 21.6591 56.5591 4.5
    endloop
  endfacet
  facet normal -0 0 1
    outer loop
      vertex 20.52 71.9069 4.5
      vertex 21.1182 57.0334 4.5
      vertex 21.1182 72.3066 4.5
    endloop
  endfacet
  facet normal 0 0 1
    outer loop
      vertex 20.52 71.9069 4.5
      vertex 20.52 57.4331 4.5
      vertex 21.1182 57.0334 4.5
    endloop
  endfacet
  facet normal -0 0 1
    outer loop
      vertex 19.8748 71.5887 4.5
      vertex 20.52 57.4331 4.5
      vertex 20.52 71.9069 4.5
    endloop
  endfacet
  facet normal 0 0 1
    outer loop
      vertex 19.8748 71.5887 4.5
      vertex 19.8748 57.7513 4.5
      vertex 20.52 57.4331 4.5
    endloop
  endfacet
  facet normal -0 0 1
    outer loop
      vertex 19.1935 71.3574 4.5
      vertex 19.8748 57.7513 4.5
      vertex 19.8748 71.5887 4.5
    endloop
  endfacet
  facet normal 0 0 1
    outer loop
      vertex 19.1935 71.3574 4.5
      vertex 19.1935 57.9826 4.5
      vertex 19.8748 57.7513 4.5
    endloop
  endfacet
  facet normal -0 0 1
    outer loop
      vertex 18.4879 71.2171 4.5
      vertex 19.1935 57.9826 4.5
      vertex 19.1935 71.3574 4.5
    endloop
  endfacet
  facet normal 0 0 1
    outer loop
      vertex 18.4879 71.2171 4.5
      vertex 18.4879 58.1229 4.5
      vertex 19.1935 57.9826 4.5
    endloop
  endfacet
  facet normal -0 0 1
    outer loop
      vertex 17.77 71.17 4.5
      vertex 18.4879 58.1229 4.5
      vertex 18.4879 71.2171 4.5
    endloop
  endfacet
  facet normal 0 0 1
    outer loop
      vertex 17.77 71.17 4.5
      vertex 17.77 58.17 4.5
      vertex 18.4879 58.1229 4.5
    endloop
  endfacet
  facet normal 0 0 1
    outer loop
      vertex 17.0521 71.2171 4.5
      vertex 17.77 58.17 4.5
      vertex 17.77 71.17 4.5
    endloop
  endfacet
  facet normal 0 0 1
    outer loop
      vertex 17.0521 71.2171 4.5
      vertex 17.0521 58.1229 4.5
      vertex 17.77 58.17 4.5
    endloop
  endfacet
  facet normal 0 0 1
    outer loop
      vertex 16.3465 71.3574 4.5
      vertex 17.0521 58.1229 4.5
      vertex 17.0521 71.2171 4.5
    endloop
  endfacet
  facet normal 0 0 1
    outer loop
      vertex 16.3465 71.3574 4.5
      vertex 16.3465 57.9826 4.5
      vertex 17.0521 58.1229 4.5
    endloop
  endfacet
  facet normal 0 0 1
    outer loop
      vertex 15.6652 71.5887 4.5
      vertex 16.3465 57.9826 4.5
      vertex 16.3465 71.3574 4.5
    endloop
  endfacet
  facet normal 0 0 1
    outer loop
      vertex 15.6652 71.5887 4.5
      vertex 15.6652 57.7513 4.5
      vertex 16.3465 57.9826 4.5
    endloop
  endfacet
  facet normal 0 0 1
    outer loop
      vertex 15.02 71.9069 4.5
      vertex 15.6652 57.7513 4.5
      vertex 15.6652 71.5887 4.5
    endloop
  endfacet
  facet normal 0 0 1
    outer loop
      vertex 15.02 71.9069 4.5
      vertex 15.02 57.4331 4.5
      vertex 15.6652 57.7513 4.5
    endloop
  endfacet
  facet normal 0 0 1
    outer loop
      vertex 14.4218 72.3066 4.5
      vertex 15.02 57.4331 4.5
      vertex 15.02 71.9069 4.5
    endloop
  endfacet
  facet normal 0 0 1
    outer loop
      vertex 14.4218 72.3066 4.5
      vertex 14.4218 57.0334 4.5
      vertex 15.02 57.4331 4.5
    endloop
  endfacet
  facet normal 0 0 1
    outer loop
      vertex 13.8809 72.7809 4.5
      vertex 14.4218 57.0334 4.5
      vertex 14.4218 72.3066 4.5
    endloop
  endfacet
  facet normal 0 0 1
    outer loop
      vertex 13.8809 72.7809 4.5
      vertex 13.8809 56.5591 4.5
      vertex 14.4218 57.0334 4.5
    endloop
  endfacet
  facet normal 0 0 1
    outer loop
      vertex 13.4066 73.3218 4.5
      vertex 13.8809 56.5591 4.5
      vertex 13.8809 72.7809 4.5
    endloop
  endfacet
  facet normal 0 0 1
    outer loop
      vertex 13.4066 73.3218 4.5
      vertex 13.4066 56.0182 4.5
      vertex 13.8809 56.5591 4.5
    endloop
  endfacet
  facet normal 0 0 1
    outer loop
      vertex 13.0069 73.92 4.5
      vertex 13.4066 56.0182 4.5
      vertex 13.4066 73.3218 4.5
    endloop
  endfacet
  facet normal 0 0 1
    outer loop
      vertex 13.0069 73.92 4.5
      vertex 13.0069 55.42 4.5
      vertex 13.4066 56.0182 4.5
    endloop
  endfacet
  facet normal 0 0 1
    outer loop
      vertex 12.6887 74.5652 4.5
      vertex 13.0069 55.42 4.5
      vertex 13.0069 73.92 4.5
    endloop
  endfacet
  facet normal 0 0 1
    outer loop
      vertex 12.6887 74.5652 4.5
      vertex 12.6887 54.7748 4.5
      vertex 13.0069 55.42 4.5
    endloop
  endfacet
  facet normal 0 0 1
    outer loop
      vertex 12.4574 75.2465 4.5
      vertex 12.6887 54.7748 4.5
      vertex 12.6887 74.5652 4.5
    endloop
  endfacet
  facet normal 0 0 1
    outer loop
      vertex 12.4574 75.2465 4.5
      vertex 12.4574 54.0935 4.5
      vertex 12.6887 54.7748 4.5
    endloop
  endfacet
  facet normal 0 0 1
    outer loop
      vertex 12.3171 75.9521 4.5
      vertex 12.4574 54.0935 4.5
      vertex 12.4574 75.2465 4.5
    endloop
  endfacet
  facet normal 0 0 1
    outer loop
      vertex 12.3171 75.9521 4.5
      vertex 12.3171 53.3879 4.5
      vertex 12.4574 54.0935 4.5
    endloop
  endfacet
  facet normal 0 0 1
    outer loop
      vertex 12.27 76.67 4.5
      vertex 12.3171 53.3879 4.5
      vertex 12.3171 75.9521 4.5
    endloop
  endfacet
  facet normal 0 0 1
    outer loop
      vertex 12.3171 53.3879 4.5
      vertex 12.27 76.67 4.5
      vertex 12.27 52.67 4.5
    endloop
  endfacet
  facet normal 0 0 1
    outer loop
      vertex 19.8748 81.7513 4.5
      vertex 19 98.82 4.5
      vertex 19.1935 81.9826 4.5
    endloop
  endfacet
  facet normal -0 0 1
    outer loop
      vertex 14.52 95.34 4.5
      vertex 19.1935 81.9826 4.5
      vertex 19 98.82 4.5
    endloop
  endfacet
  facet normal 0 0 1
    outer loop
      vertex 19.1935 81.9826 4.5
      vertex 14.52 95.34 4.5
      vertex 18.4879 82.1229 4.5
    endloop
  endfacet
  facet normal 0 0 1
    outer loop
      vertex 18.4879 82.1229 4.5
      vertex 14.52 95.34 4.5
      vertex 17.77 82.17 4.5
    endloop
  endfacet
  facet normal 0 0 1
    outer loop
      vertex 17.77 82.17 4.5
      vertex 14.52 95.34 4.5
      vertex 17.0521 82.1229 4.5
    endloop
  endfacet
  facet normal 0 0 1
    outer loop
      vertex 17.0521 82.1229 4.5
      vertex 14.52 95.34 4.5
      vertex 16.3465 81.9826 4.5
    endloop
  endfacet
  facet normal 0 0 1
    outer loop
      vertex 16.3465 81.9826 4.5
      vertex 14.52 95.34 4.5
      vertex 15.6652 81.7513 4.5
    endloop
  endfacet
  facet normal 0 0 1
    outer loop
      vertex 14.52 95.34 4.5
      vertex 19 98.82 4.5
      vertex 14.52 98.82 4.5
    endloop
  endfacet
  facet normal -0 0 1
    outer loop
      vertex 11.32 95.34 4.5
      vertex 15.6652 81.7513 4.5
      vertex 14.52 95.34 4.5
    endloop
  endfacet
  facet normal 0 0 1
    outer loop
      vertex 15.6652 81.7513 4.5
      vertex 11.32 95.34 4.5
      vertex 15.02 81.4331 4.5
    endloop
  endfacet
  facet normal 0 0 1
    outer loop
      vertex 15.02 81.4331 4.5
      vertex 11.32 95.34 4.5
      vertex 14.4218 81.0334 4.5
    endloop
  endfacet
  facet normal 0 0 1
    outer loop
      vertex 14.4218 81.0334 4.5
      vertex 11.32 95.34 4.5
      vertex 13.8809 80.5591 4.5
    endloop
  endfacet
  facet normal 0 0 1
    outer loop
      vertex 13.8809 80.5591 4.5
      vertex 11.32 95.34 4.5
      vertex 13.4066 80.0182 4.5
    endloop
  endfacet
  facet normal 0 0 1
    outer loop
      vertex 13.4066 80.0182 4.5
      vertex 11.32 95.34 4.5
      vertex 13.0069 79.42 4.5
    endloop
  endfacet
  facet normal 0 0 1
    outer loop
      vertex 13.0069 79.42 4.5
      vertex 11.32 95.34 4.5
      vertex 12.6887 78.7748 4.5
    endloop
  endfacet
  facet normal 0 0 1
    outer loop
      vertex 12.6887 78.7748 4.5
      vertex 11.32 95.34 4.5
      vertex 12.4574 78.0935 4.5
    endloop
  endfacet
  facet normal 0 0 1
    outer loop
      vertex 11.32 95.34 4.5
      vertex 12.27 52.67 4.5
      vertex 12.27 76.67 4.5
    endloop
  endfacet
  facet normal 0 0 1
    outer loop
      vertex 11.32 10 4.5
      vertex 12.27 52.67 4.5
      vertex 11.32 95.34 4.5
    endloop
  endfacet
  facet normal 0 0 1
    outer loop
      vertex 12.3171 77.3879 4.5
      vertex 11.32 95.34 4.5
      vertex 12.27 76.67 4.5
    endloop
  endfacet
  facet normal 0 0 1
    outer loop
      vertex 12.4574 78.0935 4.5
      vertex 11.32 95.34 4.5
      vertex 12.3171 77.3879 4.5
    endloop
  endfacet
  facet normal 0 0 1
    outer loop
      vertex 52.27 28.67 4.5
      vertex 43.27 28.67 4.5
      vertex 52.3171 27.9521 4.5
    endloop
  endfacet
  facet normal 0 0 1
    outer loop
      vertex 43.2229 27.9521 4.5
      vertex 52.3171 27.9521 4.5
      vertex 43.27 28.67 4.5
    endloop
  endfacet
  facet normal 0 0 1
    outer loop
      vertex 42.1334 49.3218 4.5
      vertex 52.27 52.67 4.5
      vertex 42.5331 49.92 4.5
    endloop
  endfacet
  facet normal 0 -0 1
    outer loop
      vertex 43.27 28.67 4.5
      vertex 52.27 28.67 4.5
      vertex 43.2229 29.3879 4.5
    endloop
  endfacet
  facet normal 0 0 1
    outer loop
      vertex 52.27 52.67 4.5
      vertex 40.6678 38.4465 4.5
      vertex 52.27 28.67 4.5
    endloop
  endfacet
  facet normal -0 -0 1
    outer loop
      vertex 43.2229 29.3879 4.5
      vertex 52.27 28.67 4.5
      vertex 43.0826 30.0935 4.5
    endloop
  endfacet
  facet normal -0 -0 1
    outer loop
      vertex 40.7443 38.0616 4.5
      vertex 52.27 28.67 4.5
      vertex 40.6678 38.4465 4.5
    endloop
  endfacet
  facet normal -0 0 1
    outer loop
      vertex 40.7443 37.2784 4.5
      vertex 52.27 28.67 4.5
      vertex 40.77 37.67 4.5
    endloop
  endfacet
  facet normal 0 0 1
    outer loop
      vertex 40.5416 38.8181 4.5
      vertex 52.27 52.67 4.5
      vertex 42.1334 49.3218 4.5
    endloop
  endfacet
  facet normal -0 -0 1
    outer loop
      vertex 43.0826 30.0935 4.5
      vertex 52.27 28.67 4.5
      vertex 42.8513 30.7748 4.5
    endloop
  endfacet
  facet normal 0 0 1
    outer loop
      vertex 40.5416 38.8181 4.5
      vertex 42.1334 49.3218 4.5
      vertex 41.6591 48.7809 4.5
    endloop
  endfacet
  facet normal -0 -0 1
    outer loop
      vertex 42.8513 30.7748 4.5
      vertex 52.27 28.67 4.5
      vertex 42.5331 31.42 4.5
    endloop
  endfacet
  facet normal 0 0 1
    outer loop
      vertex 40.1501 39.4963 4.5
      vertex 41.6591 48.7809 4.5
      vertex 41.1182 48.3066 4.5
    endloop
  endfacet
  facet normal 0 0 1
    outer loop
      vertex 52.27 28.67 4.5
      vertex 42.1334 32.0182 4.5
      vertex 42.5331 31.42 4.5
    endloop
  endfacet
  facet normal -0 0 1
    outer loop
      vertex 40.6678 36.8935 4.5
      vertex 42.1334 32.0182 4.5
      vertex 40.7443 37.2784 4.5
    endloop
  endfacet
  facet normal 0 0 1
    outer loop
      vertex 52.27 28.67 4.5
      vertex 40.7443 37.2784 4.5
      vertex 42.1334 32.0182 4.5
    endloop
  endfacet
  facet normal -0 -0 1
    outer loop
      vertex 40.77 37.67 4.5
      vertex 52.27 28.67 4.5
      vertex 40.7443 38.0616 4.5
    endloop
  endfacet
  facet normal 0 0 1
    outer loop
      vertex 52.27 52.67 4.5
      vertex 40.5416 38.8181 4.5
      vertex 40.6678 38.4465 4.5
    endloop
  endfacet
  facet normal 0 0 1
    outer loop
      vertex 39.8913 39.7913 4.5
      vertex 41.1182 48.3066 4.5
      vertex 40.52 47.9069 4.5
    endloop
  endfacet
  facet normal 0 0 1
    outer loop
      vertex 41.6591 48.7809 4.5
      vertex 40.3681 39.17 4.5
      vertex 40.5416 38.8181 4.5
    endloop
  endfacet
  facet normal 0 0 1
    outer loop
      vertex 41.6591 48.7809 4.5
      vertex 40.1501 39.4963 4.5
      vertex 40.3681 39.17 4.5
    endloop
  endfacet
  facet normal 0 0 1
    outer loop
      vertex 41.1182 48.3066 4.5
      vertex 39.8913 39.7913 4.5
      vertex 40.1501 39.4963 4.5
    endloop
  endfacet
  facet normal 0 0 1
    outer loop
      vertex 39.5963 40.0501 4.5
      vertex 40.52 47.9069 4.5
      vertex 39.8748 47.5887 4.5
    endloop
  endfacet
  facet normal 0 0 1
    outer loop
      vertex 40.52 47.9069 4.5
      vertex 39.5963 40.0501 4.5
      vertex 39.8913 39.7913 4.5
    endloop
  endfacet
  facet normal 0 0 1
    outer loop
      vertex 39.8748 47.5887 4.5
      vertex 39.27 40.2681 4.5
      vertex 39.5963 40.0501 4.5
    endloop
  endfacet
  facet normal -0 0 1
    outer loop
      vertex 39.1935 47.3574 4.5
      vertex 39.27 40.2681 4.5
      vertex 39.8748 47.5887 4.5
    endloop
  endfacet
  facet normal 0 0 1
    outer loop
      vertex 39.1935 47.3574 4.5
      vertex 38.918 40.4416 4.5
      vertex 39.27 40.2681 4.5
    endloop
  endfacet
  facet normal 0 0 1
    outer loop
      vertex 39.1935 47.3574 4.5
      vertex 38.5465 40.5678 4.5
      vertex 38.918 40.4416 4.5
    endloop
  endfacet
  facet normal -0 0 1
    outer loop
      vertex 38.4879 47.2171 4.5
      vertex 38.5465 40.5678 4.5
      vertex 39.1935 47.3574 4.5
    endloop
  endfacet
  facet normal 0 0 1
    outer loop
      vertex 38.4879 47.2171 4.5
      vertex 38.1616 40.6443 4.5
      vertex 38.5465 40.5678 4.5
    endloop
  endfacet
  facet normal -0 0 1
    outer loop
      vertex 37.77 47.17 4.5
      vertex 38.1616 40.6443 4.5
      vertex 38.4879 47.2171 4.5
    endloop
  endfacet
  facet normal 0 0 1
    outer loop
      vertex 37.77 47.17 4.5
      vertex 37.77 40.67 4.5
      vertex 38.1616 40.6443 4.5
    endloop
  endfacet
  facet normal 0 0 1
    outer loop
      vertex 37.77 47.17 4.5
      vertex 37.3784 40.6443 4.5
      vertex 37.77 40.67 4.5
    endloop
  endfacet
  facet normal 0 0 1
    outer loop
      vertex 37.0521 47.2171 4.5
      vertex 37.3784 40.6443 4.5
      vertex 37.77 47.17 4.5
    endloop
  endfacet
  facet normal 0 0 1
    outer loop
      vertex 37.0521 47.2171 4.5
      vertex 36.9935 40.5678 4.5
      vertex 37.3784 40.6443 4.5
    endloop
  endfacet
  facet normal 0 0 1
    outer loop
      vertex 36.3465 47.3574 4.5
      vertex 36.9935 40.5678 4.5
      vertex 37.0521 47.2171 4.5
    endloop
  endfacet
  facet normal 0 0 1
    outer loop
      vertex 36.9935 40.5678 4.5
      vertex 36.3465 47.3574 4.5
      vertex 36.622 40.4416 4.5
    endloop
  endfacet
  facet normal 0 0 1
    outer loop
      vertex 36.3465 47.3574 4.5
      vertex 36.27 40.2681 4.5
      vertex 36.622 40.4416 4.5
    endloop
  endfacet
  facet normal 0 0 1
    outer loop
      vertex 35.6652 47.5887 4.5
      vertex 36.27 40.2681 4.5
      vertex 36.3465 47.3574 4.5
    endloop
  endfacet
  facet normal 0 0 1
    outer loop
      vertex 36.27 40.2681 4.5
      vertex 35.6652 47.5887 4.5
      vertex 35.9437 40.0501 4.5
    endloop
  endfacet
  facet normal 0 0 1
    outer loop
      vertex 35.02 47.9069 4.5
      vertex 35.9437 40.0501 4.5
      vertex 35.6652 47.5887 4.5
    endloop
  endfacet
  facet normal 0 0 1
    outer loop
      vertex 35.9437 40.0501 4.5
      vertex 35.02 47.9069 4.5
      vertex 35.6487 39.7913 4.5
    endloop
  endfacet
  facet normal 0 0 1
    outer loop
      vertex 34.4218 48.3066 4.5
      vertex 35.6487 39.7913 4.5
      vertex 35.02 47.9069 4.5
    endloop
  endfacet
  facet normal 0 0 1
    outer loop
      vertex 35.6487 39.7913 4.5
      vertex 34.4218 48.3066 4.5
      vertex 35.3899 39.4963 4.5
    endloop
  endfacet
  facet normal 0 0 1
    outer loop
      vertex 33.8809 48.7809 4.5
      vertex 35.3899 39.4963 4.5
      vertex 34.4218 48.3066 4.5
    endloop
  endfacet
  facet normal 0 0 1
    outer loop
      vertex 35.3899 39.4963 4.5
      vertex 33.8809 48.7809 4.5
      vertex 35.1719 39.17 4.5
    endloop
  endfacet
  facet normal 0 0 1
    outer loop
      vertex 35.1719 39.17 4.5
      vertex 33.8809 48.7809 4.5
      vertex 34.9984 38.8181 4.5
    endloop
  endfacet
  facet normal 0 0 1
    outer loop
      vertex 33.4066 49.3218 4.5
      vertex 34.9984 38.8181 4.5
      vertex 33.8809 48.7809 4.5
    endloop
  endfacet
  facet normal 0 0 1
    outer loop
      vertex 34.9984 38.8181 4.5
      vertex 33.4066 49.3218 4.5
      vertex 34.8722 38.4465 4.5
    endloop
  endfacet
  facet normal 0 0 1
    outer loop
      vertex 43.0826 51.2465 4.5
      vertex 52.27 52.67 4.5
      vertex 43.2229 51.9521 4.5
    endloop
  endfacet
  facet normal 0 0 1
    outer loop
      vertex 42.8513 50.5652 4.5
      vertex 52.27 52.67 4.5
      vertex 43.0826 51.2465 4.5
    endloop
  endfacet
  facet normal 0 0 1
    outer loop
      vertex 42.8513 74.5652 4.5
      vertex 52.27 76.67 4.5
      vertex 43.0826 75.2465 4.5
    endloop
  endfacet
  facet normal 0 0 1
    outer loop
      vertex 52.3171 53.3879 4.5
      vertex 43.2229 53.3879 4.5
      vertex 52.27 52.67 4.5
    endloop
  endfacet
  facet normal 0 0 1
    outer loop
      vertex 42.5331 73.92 4.5
      vertex 52.27 76.67 4.5
      vertex 42.8513 74.5652 4.5
    endloop
  endfacet
  facet normal 0 -0 1
    outer loop
      vertex 43.2229 53.3879 4.5
      vertex 52.3171 53.3879 4.5
      vertex 43.0826 54.0935 4.5
    endloop
  endfacet
  facet normal 0 0 1
    outer loop
      vertex 42.1334 73.3218 4.5
      vertex 52.27 76.67 4.5
      vertex 42.5331 73.92 4.5
    endloop
  endfacet
  facet normal 0 0 1
    outer loop
      vertex 40.6678 66.8935 4.5
      vertex 52.27 76.67 4.5
      vertex 40.7443 67.2784 4.5
    endloop
  endfacet
  facet normal 0 0 1
    outer loop
      vertex 40.7443 68.0616 4.5
      vertex 52.27 76.67 4.5
      vertex 42.1334 73.3218 4.5
    endloop
  endfacet
  facet normal 0 0 1
    outer loop
      vertex 52.4574 54.0935 4.5
      vertex 43.0826 54.0935 4.5
      vertex 52.3171 53.3879 4.5
    endloop
  endfacet
  facet normal 0 0 1
    outer loop
      vertex 40.6678 68.4465 4.5
      vertex 42.1334 73.3218 4.5
      vertex 41.6591 72.7809 4.5
    endloop
  endfacet
  facet normal 0 -0 1
    outer loop
      vertex 42.8513 54.7748 4.5
      vertex 52.6887 54.7748 4.5
      vertex 42.5331 55.42 4.5
    endloop
  endfacet
  facet normal 0 0 1
    outer loop
      vertex 40.5416 68.818 4.5
      vertex 41.6591 72.7809 4.5
      vertex 41.1182 72.3066 4.5
    endloop
  endfacet
  facet normal 0 0 1
    outer loop
      vertex 52.27 76.67 4.5
      vertex 40.77 67.67 4.5
      vertex 40.7443 67.2784 4.5
    endloop
  endfacet
  facet normal 0 -0 1
    outer loop
      vertex 43.0826 54.0935 4.5
      vertex 52.4574 54.0935 4.5
      vertex 42.8513 54.7748 4.5
    endloop
  endfacet
  facet normal 0 0 1
    outer loop
      vertex 52.27 76.67 4.5
      vertex 40.7443 68.0616 4.5
      vertex 40.77 67.67 4.5
    endloop
  endfacet
  facet normal 0 0 1
    outer loop
      vertex 42.1334 73.3218 4.5
      vertex 40.6678 68.4465 4.5
      vertex 40.7443 68.0616 4.5
    endloop
  endfacet
  facet normal 0 0 1
    outer loop
      vertex 41.6591 72.7809 4.5
      vertex 40.5416 68.818 4.5
      vertex 40.6678 68.4465 4.5
    endloop
  endfacet
  facet normal 0 0 1
    outer loop
      vertex 40.3681 69.17 4.5
      vertex 41.1182 72.3066 4.5
      vertex 40.52 71.9069 4.5
    endloop
  endfacet
  facet normal 0 0 1
    outer loop
      vertex 41.1182 72.3066 4.5
      vertex 40.3681 69.17 4.5
      vertex 40.5416 68.818 4.5
    endloop
  endfacet
  facet normal 0 0 1
    outer loop
      vertex 40.52 71.9069 4.5
      vertex 40.1501 69.4963 4.5
      vertex 40.3681 69.17 4.5
    endloop
  endfacet
  facet normal 0 0 1
    outer loop
      vertex 40.52 71.9069 4.5
      vertex 39.8913 69.7913 4.5
      vertex 40.1501 69.4963 4.5
    endloop
  endfacet
  facet normal -0 0 1
    outer loop
      vertex 39.8748 71.5887 4.5
      vertex 39.8913 69.7913 4.5
      vertex 40.52 71.9069 4.5
    endloop
  endfacet
  facet normal 0 0 1
    outer loop
      vertex 39.8748 71.5887 4.5
      vertex 39.5963 70.0501 4.5
      vertex 39.8913 69.7913 4.5
    endloop
  endfacet
  facet normal 0 0 1
    outer loop
      vertex 39.8748 71.5887 4.5
      vertex 39.27 70.2681 4.5
      vertex 39.5963 70.0501 4.5
    endloop
  endfacet
  facet normal -0 0 1
    outer loop
      vertex 39.1935 71.3574 4.5
      vertex 39.27 70.2681 4.5
      vertex 39.8748 71.5887 4.5
    endloop
  endfacet
  facet normal 0 0 1
    outer loop
      vertex 39.1935 71.3574 4.5
      vertex 38.918 70.4416 4.5
      vertex 39.27 70.2681 4.5
    endloop
  endfacet
  facet normal -0 0 1
    outer loop
      vertex 38.4879 71.2171 4.5
      vertex 38.918 70.4416 4.5
      vertex 39.1935 71.3574 4.5
    endloop
  endfacet
  facet normal 0 0 1
    outer loop
      vertex 38.918 70.4416 4.5
      vertex 38.4879 71.2171 4.5
      vertex 38.5465 70.5678 4.5
    endloop
  endfacet
  facet normal 0 0 1
    outer loop
      vertex 38.4879 71.2171 4.5
      vertex 38.1616 70.6443 4.5
      vertex 38.5465 70.5678 4.5
    endloop
  endfacet
  facet normal -0 0 1
    outer loop
      vertex 37.77 71.17 4.5
      vertex 38.1616 70.6443 4.5
      vertex 38.4879 71.2171 4.5
    endloop
  endfacet
  facet normal 0 0 1
    outer loop
      vertex 37.77 71.17 4.5
      vertex 37.77 70.67 4.5
      vertex 38.1616 70.6443 4.5
    endloop
  endfacet
  facet normal 0 0 1
    outer loop
      vertex 37.77 71.17 4.5
      vertex 37.3784 70.6443 4.5
      vertex 37.77 70.67 4.5
    endloop
  endfacet
  facet normal 0 0 1
    outer loop
      vertex 37.0521 71.2171 4.5
      vertex 37.3784 70.6443 4.5
      vertex 37.77 71.17 4.5
    endloop
  endfacet
  facet normal 0 0 1
    outer loop
      vertex 37.0521 71.2171 4.5
      vertex 36.9935 70.5678 4.5
      vertex 37.3784 70.6443 4.5
    endloop
  endfacet
  facet normal 0 0 1
    outer loop
      vertex 37.0521 71.2171 4.5
      vertex 36.622 70.4416 4.5
      vertex 36.9935 70.5678 4.5
    endloop
  endfacet
  facet normal 0 0 1
    outer loop
      vertex 36.3465 71.3574 4.5
      vertex 36.622 70.4416 4.5
      vertex 37.0521 71.2171 4.5
    endloop
  endfacet
  facet normal 0 0 1
    outer loop
      vertex 36.3465 71.3574 4.5
      vertex 36.27 70.2681 4.5
      vertex 36.622 70.4416 4.5
    endloop
  endfacet
  facet normal 0 0 1
    outer loop
      vertex 35.6652 71.5887 4.5
      vertex 36.27 70.2681 4.5
      vertex 36.3465 71.3574 4.5
    endloop
  endfacet
  facet normal 0 0 1
    outer loop
      vertex 36.27 70.2681 4.5
      vertex 35.6652 71.5887 4.5
      vertex 35.9437 70.0501 4.5
    endloop
  endfacet
  facet normal 0 0 1
    outer loop
      vertex 35.6652 71.5887 4.5
      vertex 35.6487 69.7913 4.5
      vertex 35.9437 70.0501 4.5
    endloop
  endfacet
  facet normal 0 0 1
    outer loop
      vertex 35.02 71.9069 4.5
      vertex 35.6487 69.7913 4.5
      vertex 35.6652 71.5887 4.5
    endloop
  endfacet
  facet normal 0 0 1
    outer loop
      vertex 35.6487 69.7913 4.5
      vertex 35.02 71.9069 4.5
      vertex 35.3899 69.4963 4.5
    endloop
  endfacet
  facet normal 0 0 1
    outer loop
      vertex 35.3899 69.4963 4.5
      vertex 35.02 71.9069 4.5
      vertex 35.1719 69.17 4.5
    endloop
  endfacet
  facet normal 0 0 1
    outer loop
      vertex 34.4218 72.3066 4.5
      vertex 35.1719 69.17 4.5
      vertex 35.02 71.9069 4.5
    endloop
  endfacet
  facet normal 0 0 1
    outer loop
      vertex 35.1719 69.17 4.5
      vertex 34.4218 72.3066 4.5
      vertex 34.9984 68.818 4.5
    endloop
  endfacet
  facet normal 0 0 1
    outer loop
      vertex 33.8809 72.7809 4.5
      vertex 34.9984 68.818 4.5
      vertex 34.4218 72.3066 4.5
    endloop
  endfacet
  facet normal 0 0 1
    outer loop
      vertex 34.9984 68.818 4.5
      vertex 33.8809 72.7809 4.5
      vertex 34.8722 68.4465 4.5
    endloop
  endfacet
  facet normal 0 0 1
    outer loop
      vertex 33.4066 73.3218 4.5
      vertex 34.8722 68.4465 4.5
      vertex 33.8809 72.7809 4.5
    endloop
  endfacet
  facet normal 0 0 1
    outer loop
      vertex 52.6887 54.7748 4.5
      vertex 42.8513 54.7748 4.5
      vertex 52.4574 54.0935 4.5
    endloop
  endfacet
  facet normal 0 0 1
    outer loop
      vertex 53.0069 55.42 4.5
      vertex 42.5331 55.42 4.5
      vertex 52.6887 54.7748 4.5
    endloop
  endfacet
  facet normal -0 0 1
    outer loop
      vertex 40.3681 66.17 4.5
      vertex 41.6591 56.5591 4.5
      vertex 40.5416 66.5219 4.5
    endloop
  endfacet
  facet normal -0 0 1
    outer loop
      vertex 40.1501 65.8437 4.5
      vertex 41.6591 56.5591 4.5
      vertex 40.3681 66.17 4.5
    endloop
  endfacet
  facet normal 0 0 1
    outer loop
      vertex 41.6591 56.5591 4.5
      vertex 40.1501 65.8437 4.5
      vertex 41.1182 57.0334 4.5
    endloop
  endfacet
  facet normal -0 0 1
    outer loop
      vertex 39.8913 65.5487 4.5
      vertex 41.1182 57.0334 4.5
      vertex 40.1501 65.8437 4.5
    endloop
  endfacet
  facet normal 0 0 1
    outer loop
      vertex 41.1182 57.0334 4.5
      vertex 39.8913 65.5487 4.5
      vertex 40.52 57.4331 4.5
    endloop
  endfacet
  facet normal -0 0 1
    outer loop
      vertex 39.5963 65.2899 4.5
      vertex 40.52 57.4331 4.5
      vertex 39.8913 65.5487 4.5
    endloop
  endfacet
  facet normal 0 0 1
    outer loop
      vertex 40.52 57.4331 4.5
      vertex 39.5963 65.2899 4.5
      vertex 39.8748 57.7513 4.5
    endloop
  endfacet
  facet normal -0 0 1
    outer loop
      vertex 39.27 65.0719 4.5
      vertex 39.8748 57.7513 4.5
      vertex 39.5963 65.2899 4.5
    endloop
  endfacet
  facet normal 0 0 1
    outer loop
      vertex 39.27 65.0719 4.5
      vertex 39.1935 57.9826 4.5
      vertex 39.8748 57.7513 4.5
    endloop
  endfacet
  facet normal -0 0 1
    outer loop
      vertex 38.918 64.8984 4.5
      vertex 39.1935 57.9826 4.5
      vertex 39.27 65.0719 4.5
    endloop
  endfacet
  facet normal -0 0 1
    outer loop
      vertex 38.5465 64.7722 4.5
      vertex 39.1935 57.9826 4.5
      vertex 38.918 64.8984 4.5
    endloop
  endfacet
  facet normal 0 0 1
    outer loop
      vertex 38.5465 64.7722 4.5
      vertex 38.4879 58.1229 4.5
      vertex 39.1935 57.9826 4.5
    endloop
  endfacet
  facet normal -0 0 1
    outer loop
      vertex 38.1616 64.6957 4.5
      vertex 38.4879 58.1229 4.5
      vertex 38.5465 64.7722 4.5
    endloop
  endfacet
  facet normal 0 0 1
    outer loop
      vertex 37.77 58.17 4.5
      vertex 38.1616 64.6957 4.5
      vertex 37.77 64.67 4.5
    endloop
  endfacet
  facet normal 0 0 1
    outer loop
      vertex 38.1616 64.6957 4.5
      vertex 37.77 58.17 4.5
      vertex 38.4879 58.1229 4.5
    endloop
  endfacet
  facet normal 0 0 1
    outer loop
      vertex 37.3784 64.6957 4.5
      vertex 37.77 58.17 4.5
      vertex 37.77 64.67 4.5
    endloop
  endfacet
  facet normal 0 0 1
    outer loop
      vertex 37.3784 64.6957 4.5
      vertex 37.0521 58.1229 4.5
      vertex 37.77 58.17 4.5
    endloop
  endfacet
  facet normal 0 0 1
    outer loop
      vertex 36.9935 64.7722 4.5
      vertex 37.0521 58.1229 4.5
      vertex 37.3784 64.6957 4.5
    endloop
  endfacet
  facet normal 0 0 1
    outer loop
      vertex 36.3465 57.9826 4.5
      vertex 36.9935 64.7722 4.5
      vertex 36.622 64.8984 4.5
    endloop
  endfacet
  facet normal 0 0 1
    outer loop
      vertex 36.9935 64.7722 4.5
      vertex 36.3465 57.9826 4.5
      vertex 37.0521 58.1229 4.5
    endloop
  endfacet
  facet normal 0 0 1
    outer loop
      vertex 36.27 65.0719 4.5
      vertex 36.3465 57.9826 4.5
      vertex 36.622 64.8984 4.5
    endloop
  endfacet
  facet normal 0 0 1
    outer loop
      vertex 35.6652 57.7513 4.5
      vertex 36.27 65.0719 4.5
      vertex 35.9437 65.2899 4.5
    endloop
  endfacet
  facet normal 0 0 1
    outer loop
      vertex 36.27 65.0719 4.5
      vertex 35.6652 57.7513 4.5
      vertex 36.3465 57.9826 4.5
    endloop
  endfacet
  facet normal 0 0 1
    outer loop
      vertex 35.02 57.4331 4.5
      vertex 35.9437 65.2899 4.5
      vertex 35.6487 65.5487 4.5
    endloop
  endfacet
  facet normal 0 0 1
    outer loop
      vertex 34.4218 57.0334 4.5
      vertex 35.6487 65.5487 4.5
      vertex 35.3899 65.8437 4.5
    endloop
  endfacet
  facet normal 0 0 1
    outer loop
      vertex 33.8809 56.5591 4.5
      vertex 35.3899 65.8437 4.5
      vertex 35.1719 66.17 4.5
    endloop
  endfacet
  facet normal 0 0 1
    outer loop
      vertex 35.9437 65.2899 4.5
      vertex 35.02 57.4331 4.5
      vertex 35.6652 57.7513 4.5
    endloop
  endfacet
  facet normal 0 0 1
    outer loop
      vertex 21.6591 56.5591 4.5
      vertex 35.1719 66.17 4.5
      vertex 34.9984 66.5219 4.5
    endloop
  endfacet
  facet normal 0 0 1
    outer loop
      vertex 21.6591 56.5591 4.5
      vertex 34.9984 66.5219 4.5
      vertex 34.8722 66.8935 4.5
    endloop
  endfacet
  facet normal 0 0 1
    outer loop
      vertex 21.6591 56.5591 4.5
      vertex 34.8722 66.8935 4.5
      vertex 34.7957 67.2784 4.5
    endloop
  endfacet
  facet normal 0 0 1
    outer loop
      vertex 21.6591 56.5591 4.5
      vertex 34.77 67.67 4.5
      vertex 33.0069 73.92 4.5
    endloop
  endfacet
  facet normal 0 0 1
    outer loop
      vertex 34.8722 68.4465 4.5
      vertex 33.4066 73.3218 4.5
      vertex 34.7957 68.0616 4.5
    endloop
  endfacet
  facet normal 0 0 1
    outer loop
      vertex 35.6487 65.5487 4.5
      vertex 34.4218 57.0334 4.5
      vertex 35.02 57.4331 4.5
    endloop
  endfacet
  facet normal 0 0 1
    outer loop
      vertex 34.7957 68.0616 4.5
      vertex 33.4066 73.3218 4.5
      vertex 34.77 67.67 4.5
    endloop
  endfacet
  facet normal 0 0 1
    outer loop
      vertex 35.3899 65.8437 4.5
      vertex 33.8809 56.5591 4.5
      vertex 34.4218 57.0334 4.5
    endloop
  endfacet
  facet normal 0 0 1
    outer loop
      vertex 33.0069 73.92 4.5
      vertex 34.77 67.67 4.5
      vertex 33.4066 73.3218 4.5
    endloop
  endfacet
  facet normal 0 0 1
    outer loop
      vertex 35.1719 66.17 4.5
      vertex 21.6591 56.5591 4.5
      vertex 33.8809 56.5591 4.5
    endloop
  endfacet
  facet normal 0 0 1
    outer loop
      vertex 21.6591 56.5591 4.5
      vertex 33.0069 73.92 4.5
      vertex 32.6887 74.5652 4.5
    endloop
  endfacet
  facet normal 0 0 1
    outer loop
      vertex 33.8809 56.5591 4.5
      vertex 21.6591 56.5591 4.5
      vertex 33.4066 56.0182 4.5
    endloop
  endfacet
  facet normal 0 0 1
    outer loop
      vertex 34.77 67.67 4.5
      vertex 21.6591 56.5591 4.5
      vertex 34.7957 67.2784 4.5
    endloop
  endfacet
  facet normal 0 -0 1
    outer loop
      vertex 22.1334 56.0182 4.5
      vertex 33.4066 56.0182 4.5
      vertex 21.6591 56.5591 4.5
    endloop
  endfacet
  facet normal 0 0 1
    outer loop
      vertex 21.6591 56.5591 4.5
      vertex 32.6887 74.5652 4.5
      vertex 32.4574 75.2465 4.5
    endloop
  endfacet
  facet normal 0 0 1
    outer loop
      vertex 33.4066 56.0182 4.5
      vertex 22.1334 56.0182 4.5
      vertex 33.0069 55.42 4.5
    endloop
  endfacet
  facet normal 0 0 1
    outer loop
      vertex 21.6591 56.5591 4.5
      vertex 32.4574 75.2465 4.5
      vertex 32.3171 75.9521 4.5
    endloop
  endfacet
  facet normal 0 -0 1
    outer loop
      vertex 22.5331 55.42 4.5
      vertex 33.0069 55.42 4.5
      vertex 22.1334 56.0182 4.5
    endloop
  endfacet
  facet normal 0 0 1
    outer loop
      vertex 21.6591 56.5591 4.5
      vertex 32.3171 75.9521 4.5
      vertex 32.27 76.67 4.5
    endloop
  endfacet
  facet normal 0 0 1
    outer loop
      vertex 33.0069 55.42 4.5
      vertex 22.5331 55.42 4.5
      vertex 32.6887 54.7748 4.5
    endloop
  endfacet
  facet normal 0 0 1
    outer loop
      vertex 42.1334 32.0182 4.5
      vertex 40.6678 36.8935 4.5
      vertex 41.6591 32.5591 4.5
    endloop
  endfacet
  facet normal -0 0 1
    outer loop
      vertex 40.5416 36.5219 4.5
      vertex 41.6591 32.5591 4.5
      vertex 40.6678 36.8935 4.5
    endloop
  endfacet
  facet normal 0 0 1
    outer loop
      vertex 41.6591 32.5591 4.5
      vertex 40.5416 36.5219 4.5
      vertex 41.1182 33.0334 4.5
    endloop
  endfacet
  facet normal -0 0 1
    outer loop
      vertex 40.3681 36.17 4.5
      vertex 41.1182 33.0334 4.5
      vertex 40.5416 36.5219 4.5
    endloop
  endfacet
  facet normal 0 0 1
    outer loop
      vertex 41.1182 33.0334 4.5
      vertex 40.3681 36.17 4.5
      vertex 40.52 33.4331 4.5
    endloop
  endfacet
  facet normal -0 0 1
    outer loop
      vertex 40.1501 35.8437 4.5
      vertex 40.52 33.4331 4.5
      vertex 40.3681 36.17 4.5
    endloop
  endfacet
  facet normal -0 0 1
    outer loop
      vertex 39.8913 35.5487 4.5
      vertex 40.52 33.4331 4.5
      vertex 40.1501 35.8437 4.5
    endloop
  endfacet
  facet normal 0 0 1
    outer loop
      vertex 39.8913 35.5487 4.5
      vertex 39.8748 33.7513 4.5
      vertex 40.52 33.4331 4.5
    endloop
  endfacet
  facet normal -0 0 1
    outer loop
      vertex 39.5963 35.2899 4.5
      vertex 39.8748 33.7513 4.5
      vertex 39.8913 35.5487 4.5
    endloop
  endfacet
  facet normal -0 0 1
    outer loop
      vertex 39.27 35.0719 4.5
      vertex 39.8748 33.7513 4.5
      vertex 39.5963 35.2899 4.5
    endloop
  endfacet
  facet normal 0 0 1
    outer loop
      vertex 39.27 35.0719 4.5
      vertex 39.1935 33.9826 4.5
      vertex 39.8748 33.7513 4.5
    endloop
  endfacet
  facet normal -0 0 1
    outer loop
      vertex 38.918 34.8984 4.5
      vertex 39.1935 33.9826 4.5
      vertex 39.27 35.0719 4.5
    endloop
  endfacet
  facet normal 0 0 1
    outer loop
      vertex 38.4879 34.1229 4.5
      vertex 38.918 34.8984 4.5
      vertex 38.5465 34.7722 4.5
    endloop
  endfacet
  facet normal 0 0 1
    outer loop
      vertex 38.918 34.8984 4.5
      vertex 38.4879 34.1229 4.5
      vertex 39.1935 33.9826 4.5
    endloop
  endfacet
  facet normal -0 0 1
    outer loop
      vertex 38.1616 34.6957 4.5
      vertex 38.4879 34.1229 4.5
      vertex 38.5465 34.7722 4.5
    endloop
  endfacet
  facet normal 0 0 1
    outer loop
      vertex 37.77 34.17 4.5
      vertex 38.1616 34.6957 4.5
      vertex 37.77 34.67 4.5
    endloop
  endfacet
  facet normal 0 0 1
    outer loop
      vertex 38.1616 34.6957 4.5
      vertex 37.77 34.17 4.5
      vertex 38.4879 34.1229 4.5
    endloop
  endfacet
  facet normal 0 0 1
    outer loop
      vertex 37.3784 34.6957 4.5
      vertex 37.77 34.17 4.5
      vertex 37.77 34.67 4.5
    endloop
  endfacet
  facet normal 0 0 1
    outer loop
      vertex 37.3784 34.6957 4.5
      vertex 37.0521 34.1229 4.5
      vertex 37.77 34.17 4.5
    endloop
  endfacet
  facet normal 0 0 1
    outer loop
      vertex 36.9935 34.7722 4.5
      vertex 37.0521 34.1229 4.5
      vertex 37.3784 34.6957 4.5
    endloop
  endfacet
  facet normal 0 0 1
    outer loop
      vertex 36.622 34.8984 4.5
      vertex 37.0521 34.1229 4.5
      vertex 36.9935 34.7722 4.5
    endloop
  endfacet
  facet normal 0 0 1
    outer loop
      vertex 36.622 34.8984 4.5
      vertex 36.3465 33.9826 4.5
      vertex 37.0521 34.1229 4.5
    endloop
  endfacet
  facet normal 0 0 1
    outer loop
      vertex 36.27 35.0719 4.5
      vertex 36.3465 33.9826 4.5
      vertex 36.622 34.8984 4.5
    endloop
  endfacet
  facet normal 0 0 1
    outer loop
      vertex 35.6652 33.7513 4.5
      vertex 36.27 35.0719 4.5
      vertex 35.9437 35.2899 4.5
    endloop
  endfacet
  facet normal 0 0 1
    outer loop
      vertex 36.27 35.0719 4.5
      vertex 35.6652 33.7513 4.5
      vertex 36.3465 33.9826 4.5
    endloop
  endfacet
  facet normal 0 0 1
    outer loop
      vertex 35.6487 35.5487 4.5
      vertex 35.6652 33.7513 4.5
      vertex 35.9437 35.2899 4.5
    endloop
  endfacet
  facet normal 0 0 1
    outer loop
      vertex 35.02 33.4331 4.5
      vertex 35.6487 35.5487 4.5
      vertex 35.3899 35.8437 4.5
    endloop
  endfacet
  facet normal 0 0 1
    outer loop
      vertex 35.02 33.4331 4.5
      vertex 35.3899 35.8437 4.5
      vertex 35.1719 36.17 4.5
    endloop
  endfacet
  facet normal 0 0 1
    outer loop
      vertex 35.6487 35.5487 4.5
      vertex 35.02 33.4331 4.5
      vertex 35.6652 33.7513 4.5
    endloop
  endfacet
  facet normal 0 0 1
    outer loop
      vertex 34.4218 33.0334 4.5
      vertex 35.1719 36.17 4.5
      vertex 34.9984 36.5219 4.5
    endloop
  endfacet
  facet normal 0 0 1
    outer loop
      vertex 33.8809 32.5591 4.5
      vertex 34.9984 36.5219 4.5
      vertex 34.8722 36.8935 4.5
    endloop
  endfacet
  facet normal 0 0 1
    outer loop
      vertex 33.4066 32.0182 4.5
      vertex 34.8722 36.8935 4.5
      vertex 34.7957 37.2784 4.5
    endloop
  endfacet
  facet normal 0 0 1
    outer loop
      vertex 33.4066 32.0182 4.5
      vertex 34.7957 37.2784 4.5
      vertex 34.77 37.67 4.5
    endloop
  endfacet
  facet normal 0 0 1
    outer loop
      vertex 35.1719 36.17 4.5
      vertex 34.4218 33.0334 4.5
      vertex 35.02 33.4331 4.5
    endloop
  endfacet
  facet normal 0 0 1
    outer loop
      vertex 33.0069 49.92 4.5
      vertex 34.8722 38.4465 4.5
      vertex 33.4066 49.3218 4.5
    endloop
  endfacet
  facet normal 0 0 1
    outer loop
      vertex 34.8722 38.4465 4.5
      vertex 33.0069 49.92 4.5
      vertex 34.7957 38.0616 4.5
    endloop
  endfacet
  facet normal 0 0 1
    outer loop
      vertex 34.9984 36.5219 4.5
      vertex 33.8809 32.5591 4.5
      vertex 34.4218 33.0334 4.5
    endloop
  endfacet
  facet normal 0 0 1
    outer loop
      vertex 32.6887 50.5652 4.5
      vertex 34.7957 38.0616 4.5
      vertex 33.0069 49.92 4.5
    endloop
  endfacet
  facet normal 0 0 1
    outer loop
      vertex 34.8722 36.8935 4.5
      vertex 33.4066 32.0182 4.5
      vertex 33.8809 32.5591 4.5
    endloop
  endfacet
  facet normal 0 0 1
    outer loop
      vertex 32.6887 30.7748 4.5
      vertex 34.7957 38.0616 4.5
      vertex 32.6887 50.5652 4.5
    endloop
  endfacet
  facet normal 0 0 1
    outer loop
      vertex 34.77 37.67 4.5
      vertex 33.0069 31.42 4.5
      vertex 33.4066 32.0182 4.5
    endloop
  endfacet
  facet normal 0 -0 1
    outer loop
      vertex 33.0069 31.42 4.5
      vertex 34.7957 38.0616 4.5
      vertex 32.6887 30.7748 4.5
    endloop
  endfacet
  facet normal 0 0 1
    outer loop
      vertex 34.7957 38.0616 4.5
      vertex 33.0069 31.42 4.5
      vertex 34.77 37.67 4.5
    endloop
  endfacet
  facet normal 0 0 1
    outer loop
      vertex 32.4574 51.2465 4.5
      vertex 32.6887 30.7748 4.5
      vertex 32.6887 50.5652 4.5
    endloop
  endfacet
  facet normal 0 0 1
    outer loop
      vertex 32.4574 51.2465 4.5
      vertex 32.4574 30.0935 4.5
      vertex 32.6887 30.7748 4.5
    endloop
  endfacet
  facet normal 0 0 1
    outer loop
      vertex 32.3171 51.9521 4.5
      vertex 32.4574 30.0935 4.5
      vertex 32.4574 51.2465 4.5
    endloop
  endfacet
  facet normal 0 0 1
    outer loop
      vertex 32.3171 51.9521 4.5
      vertex 32.3171 29.3879 4.5
      vertex 32.4574 30.0935 4.5
    endloop
  endfacet
  facet normal 0 0 1
    outer loop
      vertex 32.27 52.67 4.5
      vertex 32.3171 29.3879 4.5
      vertex 32.3171 51.9521 4.5
    endloop
  endfacet
  facet normal 0 0 1
    outer loop
      vertex 32.3171 29.3879 4.5
      vertex 32.27 52.67 4.5
      vertex 32.27 28.67 4.5
    endloop
  endfacet
  facet normal -0.555547 0.831485 0
    outer loop
      vertex 1.5 104.938 0
      vertex 1.17372 104.72 4.5
      vertex 1.5 104.938 4.5
    endloop
  endfacet
  facet normal -0.555547 0.831485 0
    outer loop
      vertex 1.17372 104.72 4.5
      vertex 1.5 104.938 0
      vertex 1.17372 104.72 0
    endloop
  endfacet
  facet normal 0 1 -0
    outer loop
      vertex 72.54 105.34 0
      vertex 64.22 105.34 4.5
      vertex 72.54 105.34 4.5
    endloop
  endfacet
  facet normal 0 1 0
    outer loop
      vertex 64.22 105.34 4.5
      vertex 72.54 105.34 0
      vertex 64.22 105.34 0
    endloop
  endfacet
  facet normal 0 1 -0
    outer loop
      vertex 11.32 105.34 0
      vertex 3 105.34 4.5
      vertex 11.32 105.34 4.5
    endloop
  endfacet
  facet normal 0 1 0
    outer loop
      vertex 3 105.34 4.5
      vertex 11.32 105.34 0
      vertex 3 105.34 0
    endloop
  endfacet
  facet normal 0 1 -0
    outer loop
      vertex 61.02 105.34 0
      vertex 14.52 105.34 4.5
      vertex 61.02 105.34 4.5
    endloop
  endfacet
  facet normal 0 1 0
    outer loop
      vertex 14.52 105.34 4.5
      vertex 61.02 105.34 0
      vertex 14.52 105.34 0
    endloop
  endfacet
  facet normal 0.193714 0.981058 -0
    outer loop
      vertex 73.3165 105.238 0
      vertex 72.9316 105.314 4.5
      vertex 73.3165 105.238 4.5
    endloop
  endfacet
  facet normal 0.193714 0.981058 0
    outer loop
      vertex 72.9316 105.314 4.5
      vertex 73.3165 105.238 0
      vertex 72.9316 105.314 0
    endloop
  endfacet
  facet normal -0.193723 0.981056 0
    outer loop
      vertex 2.60842 105.314 0
      vertex 2.22354 105.238 4.5
      vertex 2.60842 105.314 4.5
    endloop
  endfacet
  facet normal -0.193723 0.981056 0
    outer loop
      vertex 2.22354 105.238 4.5
      vertex 2.60842 105.314 0
      vertex 2.22354 105.238 0
    endloop
  endfacet
  facet normal -0.321442 -0.946929 0
    outer loop
      vertex 1.85195 0.228361 0
      vertex 2.22354 0.102222 4.5
      vertex 1.85195 0.228361 4.5
    endloop
  endfacet
  facet normal -0.321442 -0.946929 -0
    outer loop
      vertex 2.22354 0.102222 4.5
      vertex 1.85195 0.228361 0
      vertex 2.22354 0.102222 0
    endloop
  endfacet
  facet normal -0.0662518 0.997803 0
    outer loop
      vertex 3 105.34 0
      vertex 2.60842 105.314 4.5
      vertex 3 105.34 4.5
    endloop
  endfacet
  facet normal -0.0662518 0.997803 0
    outer loop
      vertex 2.60842 105.314 4.5
      vertex 3 105.34 0
      vertex 2.60842 105.314 0
    endloop
  endfacet
  facet normal 0 0 -1
    outer loop
      vertex 3 0 0
      vertex 11.32 10 0
      vertex 11.32 0 0
    endloop
  endfacet
  facet normal -0 0 -1
    outer loop
      vertex 11.32 10 0
      vertex 0 3 0
      vertex 11.32 95.34 0
    endloop
  endfacet
  facet normal 0 0 -1
    outer loop
      vertex 11.32 10 0
      vertex 3 0 0
      vertex 0 3 0
    endloop
  endfacet
  facet normal 0 0 -1
    outer loop
      vertex 0 102.34 0
      vertex 11.32 95.34 0
      vertex 0 3 0
    endloop
  endfacet
  facet normal 0 0 -1
    outer loop
      vertex 0 3 0
      vertex 3 0 0
      vertex 2.60842 0.0256653 0
    endloop
  endfacet
  facet normal 0 -0 -1
    outer loop
      vertex 3 105.34 0
      vertex 11.32 95.34 0
      vertex 0 102.34 0
    endloop
  endfacet
  facet normal 0 0 -1
    outer loop
      vertex 0 3 0
      vertex 2.60842 0.0256653 0
      vertex 2.22354 0.102222 0
    endloop
  endfacet
  facet normal 0 0 -1
    outer loop
      vertex 11.32 95.34 0
      vertex 3 105.34 0
      vertex 11.32 105.34 0
    endloop
  endfacet
  facet normal 0 0 -1
    outer loop
      vertex 0 3 0
      vertex 2.22354 0.102222 0
      vertex 1.85195 0.228361 0
    endloop
  endfacet
  facet normal 0 0 -1
    outer loop
      vertex 3 105.34 0
      vertex 0 102.34 0
      vertex 2.60842 105.314 0
    endloop
  endfacet
  facet normal 0 0 -1
    outer loop
      vertex 0 3 0
      vertex 1.85195 0.228361 0
      vertex 1.5 0.401923 0
    endloop
  endfacet
  facet normal 0 0 -1
    outer loop
      vertex 2.60842 105.314 0
      vertex 0 102.34 0
      vertex 2.22354 105.238 0
    endloop
  endfacet
  facet normal 0 0 -1
    outer loop
      vertex 0 3 0
      vertex 1.5 0.401923 0
      vertex 1.17372 0.61994 0
    endloop
  endfacet
  facet normal 0 0 -1
    outer loop
      vertex 2.22354 105.238 0
      vertex 0 102.34 0
      vertex 1.85195 105.112 0
    endloop
  endfacet
  facet normal 0 0 -1
    outer loop
      vertex 0 3 0
      vertex 1.17372 0.61994 0
      vertex 0.878679 0.878679 0
    endloop
  endfacet
  facet normal 0 0 -1
    outer loop
      vertex 1.85195 105.112 0
      vertex 0 102.34 0
      vertex 1.5 104.938 0
    endloop
  endfacet
  facet normal 0 0 -1
    outer loop
      vertex 0 3 0
      vertex 0.878679 0.878679 0
      vertex 0.61994 1.17372 0
    endloop
  endfacet
  facet normal 0 0 -1
    outer loop
      vertex 1.5 104.938 0
      vertex 0 102.34 0
      vertex 1.17372 104.72 0
    endloop
  endfacet
  facet normal 0 0 -1
    outer loop
      vertex 0 3 0
      vertex 0.61994 1.17372 0
      vertex 0.401923 1.5 0
    endloop
  endfacet
  facet normal 0 0 -1
    outer loop
      vertex 1.17372 104.72 0
      vertex 0 102.34 0
      vertex 0.878679 104.461 0
    endloop
  endfacet
  facet normal 0 0 -1
    outer loop
      vertex 0 3 0
      vertex 0.401923 1.5 0
      vertex 0.228361 1.85195 0
    endloop
  endfacet
  facet normal 0 0 -1
    outer loop
      vertex 0.878679 104.461 0
      vertex 0 102.34 0
      vertex 0.61994 104.166 0
    endloop
  endfacet
  facet normal 0 0 -1
    outer loop
      vertex 0 3 0
      vertex 0.228361 1.85195 0
      vertex 0.102222 2.22354 0
    endloop
  endfacet
  facet normal 0 0 -1
    outer loop
      vertex 0.61994 104.166 0
      vertex 0 102.34 0
      vertex 0.401923 103.84 0
    endloop
  endfacet
  facet normal 0 0 -1
    outer loop
      vertex 0 3 0
      vertex 0.102222 2.22354 0
      vertex 0.0256653 2.60842 0
    endloop
  endfacet
  facet normal 0 0 -1
    outer loop
      vertex 0.401923 103.84 0
      vertex 0 102.34 0
      vertex 0.228361 103.488 0
    endloop
  endfacet
  facet normal 0 0 -1
    outer loop
      vertex 0.228361 103.488 0
      vertex 0 102.34 0
      vertex 0.102222 103.116 0
    endloop
  endfacet
  facet normal 0 0 -1
    outer loop
      vertex 0.102222 103.116 0
      vertex 0 102.34 0
      vertex 0.0256653 102.732 0
    endloop
  endfacet
  facet normal 0 0 -1
    outer loop
      vertex 11.32 95.34 0
      vertex 15.02 81.4331 0
      vertex 14.4218 81.0334 0
    endloop
  endfacet
  facet normal 0 0 -1
    outer loop
      vertex 11.32 95.34 0
      vertex 14.4218 81.0334 0
      vertex 13.8809 80.5591 0
    endloop
  endfacet
  facet normal 0 0 -1
    outer loop
      vertex 11.32 95.34 0
      vertex 13.8809 80.5591 0
      vertex 13.4066 80.0182 0
    endloop
  endfacet
  facet normal 0 0 -1
    outer loop
      vertex 11.32 95.34 0
      vertex 13.4066 80.0182 0
      vertex 13.0069 79.42 0
    endloop
  endfacet
  facet normal 0 0 -1
    outer loop
      vertex 11.32 95.34 0
      vertex 13.0069 79.42 0
      vertex 12.6887 78.7748 0
    endloop
  endfacet
  facet normal 0 0 -1
    outer loop
      vertex 11.32 95.34 0
      vertex 12.6887 78.7748 0
      vertex 12.4574 78.0935 0
    endloop
  endfacet
  facet normal 0 0 -1
    outer loop
      vertex 11.32 95.34 0
      vertex 12.4574 78.0935 0
      vertex 12.3171 77.3879 0
    endloop
  endfacet
  facet normal 0 0 -1
    outer loop
      vertex 15.02 81.4331 0
      vertex 11.32 95.34 0
      vertex 14.52 95.34 0
    endloop
  endfacet
  facet normal 0 0 -1
    outer loop
      vertex 12.27 76.67 0
      vertex 11.32 95.34 0
      vertex 12.3171 77.3879 0
    endloop
  endfacet
  facet normal 0 0 -1
    outer loop
      vertex 12.27 52.67 0
      vertex 11.32 95.34 0
      vertex 12.27 76.67 0
    endloop
  endfacet
  facet normal 0 0 -1
    outer loop
      vertex 32.3171 75.9521 0
      vertex 23.27 76.67 0
      vertex 32.27 76.67 0
    endloop
  endfacet
  facet normal 0 0 -1
    outer loop
      vertex 36.0796 67.4475 0
      vertex 23.2229 75.9521 0
      vertex 23.27 76.67 0
    endloop
  endfacet
  facet normal 0 0 -1
    outer loop
      vertex 21.6591 56.5591 0
      vertex 33.8809 56.5591 0
      vertex 22.1334 56.0182 0
    endloop
  endfacet
  facet normal 0 0 -1
    outer loop
      vertex 36.0796 67.4475 0
      vertex 23.0826 75.2465 0
      vertex 23.2229 75.9521 0
    endloop
  endfacet
  facet normal 0 0 -1
    outer loop
      vertex 33.8809 56.5591 0
      vertex 21.6591 56.5591 0
      vertex 36.1948 67.0175 0
    endloop
  endfacet
  facet normal 0 0 -1
    outer loop
      vertex 36.0796 67.4475 0
      vertex 22.8513 74.5652 0
      vertex 23.0826 75.2465 0
    endloop
  endfacet
  facet normal 0 0 -1
    outer loop
      vertex 21.1182 57.0334 0
      vertex 36.1948 67.0175 0
      vertex 21.6591 56.5591 0
    endloop
  endfacet
  facet normal 0 0 -1
    outer loop
      vertex 36.0796 67.4475 0
      vertex 22.5331 73.92 0
      vertex 22.8513 74.5652 0
    endloop
  endfacet
  facet normal -0 0 -1
    outer loop
      vertex 36.1948 67.0175 0
      vertex 21.1182 57.0334 0
      vertex 36.1231 67.2287 0
    endloop
  endfacet
  facet normal 0 0 -1
    outer loop
      vertex 36.0796 67.4475 0
      vertex 22.1334 73.3218 0
      vertex 22.5331 73.92 0
    endloop
  endfacet
  facet normal 0 0 -1
    outer loop
      vertex 21.1182 72.3066 0
      vertex 36.1231 67.2287 0
      vertex 21.1182 57.0334 0
    endloop
  endfacet
  facet normal 0 0 -1
    outer loop
      vertex 36.0796 67.4475 0
      vertex 21.6591 72.7809 0
      vertex 22.1334 73.3218 0
    endloop
  endfacet
  facet normal 0 0 -1
    outer loop
      vertex 36.1231 67.2287 0
      vertex 21.1182 72.3066 0
      vertex 36.0796 67.4475 0
    endloop
  endfacet
  facet normal 0 0 -1
    outer loop
      vertex 36.0796 67.4475 0
      vertex 21.1182 72.3066 0
      vertex 21.6591 72.7809 0
    endloop
  endfacet
  facet normal 0 0 -1
    outer loop
      vertex 20.52 57.4331 0
      vertex 21.1182 72.3066 0
      vertex 21.1182 57.0334 0
    endloop
  endfacet
  facet normal 0 0 -1
    outer loop
      vertex 20.52 57.4331 0
      vertex 20.52 71.9069 0
      vertex 21.1182 72.3066 0
    endloop
  endfacet
  facet normal 0 0 -1
    outer loop
      vertex 19.8748 57.7513 0
      vertex 20.52 71.9069 0
      vertex 20.52 57.4331 0
    endloop
  endfacet
  facet normal 0 0 -1
    outer loop
      vertex 19.8748 57.7513 0
      vertex 19.8748 71.5887 0
      vertex 20.52 71.9069 0
    endloop
  endfacet
  facet normal 0 0 -1
    outer loop
      vertex 19.1935 57.9826 0
      vertex 19.8748 71.5887 0
      vertex 19.8748 57.7513 0
    endloop
  endfacet
  facet normal 0 0 -1
    outer loop
      vertex 19.1935 57.9826 0
      vertex 19.1935 71.3574 0
      vertex 19.8748 71.5887 0
    endloop
  endfacet
  facet normal 0 0 -1
    outer loop
      vertex 18.4879 58.1229 0
      vertex 19.1935 71.3574 0
      vertex 19.1935 57.9826 0
    endloop
  endfacet
  facet normal 0 0 -1
    outer loop
      vertex 18.4879 58.1229 0
      vertex 18.4879 71.2171 0
      vertex 19.1935 71.3574 0
    endloop
  endfacet
  facet normal 0 0 -1
    outer loop
      vertex 17.77 58.17 0
      vertex 18.4879 71.2171 0
      vertex 18.4879 58.1229 0
    endloop
  endfacet
  facet normal 0 0 -1
    outer loop
      vertex 17.77 58.17 0
      vertex 17.77 71.17 0
      vertex 18.4879 71.2171 0
    endloop
  endfacet
  facet normal 0 0 -1
    outer loop
      vertex 17.0521 58.1229 0
      vertex 17.77 71.17 0
      vertex 17.77 58.17 0
    endloop
  endfacet
  facet normal 0 0 -1
    outer loop
      vertex 17.0521 58.1229 0
      vertex 17.0521 71.2171 0
      vertex 17.77 71.17 0
    endloop
  endfacet
  facet normal 0 0 -1
    outer loop
      vertex 16.3465 57.9826 0
      vertex 17.0521 71.2171 0
      vertex 17.0521 58.1229 0
    endloop
  endfacet
  facet normal 0 0 -1
    outer loop
      vertex 16.3465 57.9826 0
      vertex 16.3465 71.3574 0
      vertex 17.0521 71.2171 0
    endloop
  endfacet
  facet normal 0 0 -1
    outer loop
      vertex 15.6652 57.7513 0
      vertex 16.3465 71.3574 0
      vertex 16.3465 57.9826 0
    endloop
  endfacet
  facet normal 0 0 -1
    outer loop
      vertex 15.6652 57.7513 0
      vertex 15.6652 71.5887 0
      vertex 16.3465 71.3574 0
    endloop
  endfacet
  facet normal 0 0 -1
    outer loop
      vertex 15.02 57.4331 0
      vertex 15.6652 71.5887 0
      vertex 15.6652 57.7513 0
    endloop
  endfacet
  facet normal 0 0 -1
    outer loop
      vertex 15.02 57.4331 0
      vertex 15.02 71.9069 0
      vertex 15.6652 71.5887 0
    endloop
  endfacet
  facet normal 0 0 -1
    outer loop
      vertex 14.4218 57.0334 0
      vertex 15.02 71.9069 0
      vertex 15.02 57.4331 0
    endloop
  endfacet
  facet normal 0 0 -1
    outer loop
      vertex 14.4218 57.0334 0
      vertex 14.4218 72.3066 0
      vertex 15.02 71.9069 0
    endloop
  endfacet
  facet normal 0 0 -1
    outer loop
      vertex 13.8809 56.5591 0
      vertex 14.4218 72.3066 0
      vertex 14.4218 57.0334 0
    endloop
  endfacet
  facet normal 0 0 -1
    outer loop
      vertex 13.8809 56.5591 0
      vertex 13.8809 72.7809 0
      vertex 14.4218 72.3066 0
    endloop
  endfacet
  facet normal 0 0 -1
    outer loop
      vertex 13.4066 56.0182 0
      vertex 13.8809 72.7809 0
      vertex 13.8809 56.5591 0
    endloop
  endfacet
  facet normal 0 0 -1
    outer loop
      vertex 13.4066 56.0182 0
      vertex 13.4066 73.3218 0
      vertex 13.8809 72.7809 0
    endloop
  endfacet
  facet normal 0 0 -1
    outer loop
      vertex 13.0069 55.42 0
      vertex 13.4066 73.3218 0
      vertex 13.4066 56.0182 0
    endloop
  endfacet
  facet normal 0 0 -1
    outer loop
      vertex 13.0069 55.42 0
      vertex 13.0069 73.92 0
      vertex 13.4066 73.3218 0
    endloop
  endfacet
  facet normal 0 0 -1
    outer loop
      vertex 12.6887 54.7748 0
      vertex 13.0069 73.92 0
      vertex 13.0069 55.42 0
    endloop
  endfacet
  facet normal 0 0 -1
    outer loop
      vertex 12.6887 54.7748 0
      vertex 12.6887 74.5652 0
      vertex 13.0069 73.92 0
    endloop
  endfacet
  facet normal 0 0 -1
    outer loop
      vertex 12.4574 54.0935 0
      vertex 12.6887 74.5652 0
      vertex 12.6887 54.7748 0
    endloop
  endfacet
  facet normal 0 0 -1
    outer loop
      vertex 12.4574 54.0935 0
      vertex 12.4574 75.2465 0
      vertex 12.6887 74.5652 0
    endloop
  endfacet
  facet normal 0 0 -1
    outer loop
      vertex 12.3171 53.3879 0
      vertex 12.4574 75.2465 0
      vertex 12.4574 54.0935 0
    endloop
  endfacet
  facet normal 0 0 -1
    outer loop
      vertex 12.3171 53.3879 0
      vertex 12.3171 75.9521 0
      vertex 12.4574 75.2465 0
    endloop
  endfacet
  facet normal 0 0 -1
    outer loop
      vertex 12.27 52.67 0
      vertex 12.3171 75.9521 0
      vertex 12.3171 53.3879 0
    endloop
  endfacet
  facet normal -0 0 -1
    outer loop
      vertex 12.3171 75.9521 0
      vertex 12.27 52.67 0
      vertex 12.27 76.67 0
    endloop
  endfacet
  facet normal 0 0 -1
    outer loop
      vertex 22.1334 32.0182 0
      vertex 33.4066 32.0182 0
      vertex 22.5331 31.42 0
    endloop
  endfacet
  facet normal 0 0 -1
    outer loop
      vertex 36.1231 38.1113 0
      vertex 23.2229 51.9521 0
      vertex 23.27 52.67 0
    endloop
  endfacet
  facet normal 0 0 -1
    outer loop
      vertex 33.4066 32.0182 0
      vertex 22.1334 32.0182 0
      vertex 33.8809 32.5591 0
    endloop
  endfacet
  facet normal 0 0 -1
    outer loop
      vertex 36.1231 38.1113 0
      vertex 23.0826 51.2465 0
      vertex 23.2229 51.9521 0
    endloop
  endfacet
  facet normal 0 0 -1
    outer loop
      vertex 21.6591 32.5591 0
      vertex 33.8809 32.5591 0
      vertex 22.1334 32.0182 0
    endloop
  endfacet
  facet normal 0 0 -1
    outer loop
      vertex 36.1231 38.1113 0
      vertex 22.8513 50.5652 0
      vertex 23.0826 51.2465 0
    endloop
  endfacet
  facet normal 0 0 -1
    outer loop
      vertex 33.8809 32.5591 0
      vertex 21.6591 32.5591 0
      vertex 36.0796 37.8925 0
    endloop
  endfacet
  facet normal 0 0 -1
    outer loop
      vertex 36.1231 38.1113 0
      vertex 22.5331 49.92 0
      vertex 22.8513 50.5652 0
    endloop
  endfacet
  facet normal 0 0 -1
    outer loop
      vertex 21.1182 33.0334 0
      vertex 36.0796 37.8925 0
      vertex 21.6591 32.5591 0
    endloop
  endfacet
  facet normal 0 0 -1
    outer loop
      vertex 36.1231 38.1113 0
      vertex 22.1334 49.3218 0
      vertex 22.5331 49.92 0
    endloop
  endfacet
  facet normal -0 0 -1
    outer loop
      vertex 36.0796 37.8925 0
      vertex 21.1182 33.0334 0
      vertex 36.1231 38.1113 0
    endloop
  endfacet
  facet normal 0 0 -1
    outer loop
      vertex 36.1231 38.1113 0
      vertex 21.6591 48.7809 0
      vertex 22.1334 49.3218 0
    endloop
  endfacet
  facet normal 0 0 -1
    outer loop
      vertex 21.1182 48.3066 0
      vertex 36.1231 38.1113 0
      vertex 21.1182 33.0334 0
    endloop
  endfacet
  facet normal 0 0 -1
    outer loop
      vertex 36.1231 38.1113 0
      vertex 21.1182 48.3066 0
      vertex 21.6591 48.7809 0
    endloop
  endfacet
  facet normal 0 0 -1
    outer loop
      vertex 20.52 33.4331 0
      vertex 21.1182 48.3066 0
      vertex 21.1182 33.0334 0
    endloop
  endfacet
  facet normal 0 0 -1
    outer loop
      vertex 20.52 33.4331 0
      vertex 20.52 47.9069 0
      vertex 21.1182 48.3066 0
    endloop
  endfacet
  facet normal 0 0 -1
    outer loop
      vertex 19.8748 33.7513 0
      vertex 20.52 47.9069 0
      vertex 20.52 33.4331 0
    endloop
  endfacet
  facet normal 0 0 -1
    outer loop
      vertex 19.8748 33.7513 0
      vertex 19.8748 47.5887 0
      vertex 20.52 47.9069 0
    endloop
  endfacet
  facet normal 0 0 -1
    outer loop
      vertex 19.1935 33.9826 0
      vertex 19.8748 47.5887 0
      vertex 19.8748 33.7513 0
    endloop
  endfacet
  facet normal 0 0 -1
    outer loop
      vertex 19.1935 33.9826 0
      vertex 19.1935 47.3574 0
      vertex 19.8748 47.5887 0
    endloop
  endfacet
  facet normal 0 0 -1
    outer loop
      vertex 18.4879 34.1229 0
      vertex 19.1935 47.3574 0
      vertex 19.1935 33.9826 0
    endloop
  endfacet
  facet normal 0 0 -1
    outer loop
      vertex 18.4879 34.1229 0
      vertex 18.4879 47.2171 0
      vertex 19.1935 47.3574 0
    endloop
  endfacet
  facet normal 0 0 -1
    outer loop
      vertex 17.77 34.17 0
      vertex 18.4879 47.2171 0
      vertex 18.4879 34.1229 0
    endloop
  endfacet
  facet normal 0 0 -1
    outer loop
      vertex 17.77 34.17 0
      vertex 17.77 47.17 0
      vertex 18.4879 47.2171 0
    endloop
  endfacet
  facet normal 0 0 -1
    outer loop
      vertex 17.0521 34.1229 0
      vertex 17.77 47.17 0
      vertex 17.77 34.17 0
    endloop
  endfacet
  facet normal 0 0 -1
    outer loop
      vertex 17.0521 34.1229 0
      vertex 17.0521 47.2171 0
      vertex 17.77 47.17 0
    endloop
  endfacet
  facet normal 0 0 -1
    outer loop
      vertex 16.3465 33.9826 0
      vertex 17.0521 47.2171 0
      vertex 17.0521 34.1229 0
    endloop
  endfacet
  facet normal 0 0 -1
    outer loop
      vertex 16.3465 33.9826 0
      vertex 16.3465 47.3574 0
      vertex 17.0521 47.2171 0
    endloop
  endfacet
  facet normal 0 0 -1
    outer loop
      vertex 15.6652 33.7513 0
      vertex 16.3465 47.3574 0
      vertex 16.3465 33.9826 0
    endloop
  endfacet
  facet normal 0 0 -1
    outer loop
      vertex 15.6652 33.7513 0
      vertex 15.6652 47.5887 0
      vertex 16.3465 47.3574 0
    endloop
  endfacet
  facet normal 0 0 -1
    outer loop
      vertex 15.02 33.4331 0
      vertex 15.6652 47.5887 0
      vertex 15.6652 33.7513 0
    endloop
  endfacet
  facet normal 0 0 -1
    outer loop
      vertex 15.02 33.4331 0
      vertex 15.02 47.9069 0
      vertex 15.6652 47.5887 0
    endloop
  endfacet
  facet normal 0 0 -1
    outer loop
      vertex 14.4218 33.0334 0
      vertex 15.02 47.9069 0
      vertex 15.02 33.4331 0
    endloop
  endfacet
  facet normal 0 0 -1
    outer loop
      vertex 14.4218 33.0334 0
      vertex 14.4218 48.3066 0
      vertex 15.02 47.9069 0
    endloop
  endfacet
  facet normal 0 0 -1
    outer loop
      vertex 13.8809 32.5591 0
      vertex 14.4218 48.3066 0
      vertex 14.4218 33.0334 0
    endloop
  endfacet
  facet normal 0 0 -1
    outer loop
      vertex 13.8809 32.5591 0
      vertex 13.8809 48.7809 0
      vertex 14.4218 48.3066 0
    endloop
  endfacet
  facet normal 0 0 -1
    outer loop
      vertex 13.4066 32.0182 0
      vertex 13.8809 48.7809 0
      vertex 13.8809 32.5591 0
    endloop
  endfacet
  facet normal 0 0 -1
    outer loop
      vertex 13.4066 32.0182 0
      vertex 13.4066 49.3218 0
      vertex 13.8809 48.7809 0
    endloop
  endfacet
  facet normal 0 0 -1
    outer loop
      vertex 13.0069 31.42 0
      vertex 13.4066 49.3218 0
      vertex 13.4066 32.0182 0
    endloop
  endfacet
  facet normal 0 0 -1
    outer loop
      vertex 13.0069 31.42 0
      vertex 13.0069 49.92 0
      vertex 13.4066 49.3218 0
    endloop
  endfacet
  facet normal 0 0 -1
    outer loop
      vertex 12.6887 30.7748 0
      vertex 13.0069 49.92 0
      vertex 13.0069 31.42 0
    endloop
  endfacet
  facet normal 0 0 -1
    outer loop
      vertex 12.6887 30.7748 0
      vertex 12.6887 50.5652 0
      vertex 13.0069 49.92 0
    endloop
  endfacet
  facet normal 0 0 -1
    outer loop
      vertex 12.4574 30.0935 0
      vertex 12.6887 50.5652 0
      vertex 12.6887 30.7748 0
    endloop
  endfacet
  facet normal 0 0 -1
    outer loop
      vertex 12.4574 30.0935 0
      vertex 12.4574 51.2465 0
      vertex 12.6887 50.5652 0
    endloop
  endfacet
  facet normal 0 0 -1
    outer loop
      vertex 12.3171 29.3879 0
      vertex 12.4574 51.2465 0
      vertex 12.4574 30.0935 0
    endloop
  endfacet
  facet normal 0 0 -1
    outer loop
      vertex 12.3171 29.3879 0
      vertex 12.3171 51.9521 0
      vertex 12.4574 51.2465 0
    endloop
  endfacet
  facet normal 0 0 -1
    outer loop
      vertex 12.27 28.67 0
      vertex 12.3171 51.9521 0
      vertex 12.3171 29.3879 0
    endloop
  endfacet
  facet normal -0 0 -1
    outer loop
      vertex 12.3171 51.9521 0
      vertex 12.27 28.67 0
      vertex 12.27 52.67 0
    endloop
  endfacet
  facet normal 0 0 -1
    outer loop
      vertex 52.3171 75.9521 0
      vertex 43.27 76.67 0
      vertex 52.27 76.67 0
    endloop
  endfacet
  facet normal 0 0 -1
    outer loop
      vertex 53.8809 72.7809 0
      vertex 43.2229 75.9521 0
      vertex 43.27 76.67 0
    endloop
  endfacet
  facet normal 0 0 -1
    outer loop
      vertex 42.1334 56.0182 0
      vertex 53.4066 56.0182 0
      vertex 42.5331 55.42 0
    endloop
  endfacet
  facet normal 0 0 -1
    outer loop
      vertex 53.8809 72.7809 0
      vertex 43.0826 75.2465 0
      vertex 43.2229 75.9521 0
    endloop
  endfacet
  facet normal 0 0 -1
    outer loop
      vertex 53.4066 56.0182 0
      vertex 42.1334 56.0182 0
      vertex 53.8809 56.5591 0
    endloop
  endfacet
  facet normal 0 0 -1
    outer loop
      vertex 53.8809 72.7809 0
      vertex 42.8513 74.5652 0
      vertex 43.0826 75.2465 0
    endloop
  endfacet
  facet normal 0 0 -1
    outer loop
      vertex 41.6591 56.5591 0
      vertex 53.8809 56.5591 0
      vertex 42.1334 56.0182 0
    endloop
  endfacet
  facet normal 0 0 -1
    outer loop
      vertex 53.8809 72.7809 0
      vertex 42.5331 73.92 0
      vertex 42.8513 74.5652 0
    endloop
  endfacet
  facet normal 0 0 -1
    outer loop
      vertex 39.3452 67.0175 0
      vertex 53.8809 56.5591 0
      vertex 41.6591 56.5591 0
    endloop
  endfacet
  facet normal 0 0 -1
    outer loop
      vertex 53.8809 72.7809 0
      vertex 42.1334 73.3218 0
      vertex 42.5331 73.92 0
    endloop
  endfacet
  facet normal 0 -0 -1
    outer loop
      vertex 39.4169 67.2287 0
      vertex 53.8809 56.5591 0
      vertex 39.3452 67.0175 0
    endloop
  endfacet
  facet normal 0 -0 -1
    outer loop
      vertex 39.475 67.67 0
      vertex 53.8809 72.7809 0
      vertex 39.4604 67.4475 0
    endloop
  endfacet
  facet normal 0 0 -1
    outer loop
      vertex 39.3452 67.0175 0
      vertex 41.6591 56.5591 0
      vertex 41.1182 57.0334 0
    endloop
  endfacet
  facet normal 0 0 -1
    outer loop
      vertex 53.8809 72.7809 0
      vertex 41.6591 72.7809 0
      vertex 42.1334 73.3218 0
    endloop
  endfacet
  facet normal 0 0 -1
    outer loop
      vertex 39.1227 66.6321 0
      vertex 41.1182 57.0334 0
      vertex 40.52 57.4331 0
    endloop
  endfacet
  facet normal -0 0 -1
    outer loop
      vertex 53.8809 72.7809 0
      vertex 39.475 67.67 0
      vertex 41.6591 72.7809 0
    endloop
  endfacet
  facet normal 0 0 -1
    outer loop
      vertex 38.9756 66.4644 0
      vertex 40.52 57.4331 0
      vertex 39.8748 57.7513 0
    endloop
  endfacet
  facet normal 0 0 -1
    outer loop
      vertex 39.4604 67.8925 0
      vertex 41.6591 72.7809 0
      vertex 39.475 67.67 0
    endloop
  endfacet
  facet normal 0 0 -1
    outer loop
      vertex 39.4169 68.1113 0
      vertex 41.1182 72.3066 0
      vertex 39.4604 67.8925 0
    endloop
  endfacet
  facet normal 0 0 -1
    outer loop
      vertex 41.6591 72.7809 0
      vertex 39.4604 67.8925 0
      vertex 41.1182 72.3066 0
    endloop
  endfacet
  facet normal 0 0 -1
    outer loop
      vertex 53.8809 72.7809 0
      vertex 39.4169 67.2287 0
      vertex 39.4604 67.4475 0
    endloop
  endfacet
  facet normal 0 0 -1
    outer loop
      vertex 53.8809 56.5591 0
      vertex 39.4169 67.2287 0
      vertex 53.8809 72.7809 0
    endloop
  endfacet
  facet normal 0 0 -1
    outer loop
      vertex 41.1182 57.0334 0
      vertex 39.2466 66.8175 0
      vertex 39.3452 67.0175 0
    endloop
  endfacet
  facet normal 0 0 -1
    outer loop
      vertex 38.6225 66.1934 0
      vertex 39.8748 57.7513 0
      vertex 39.1935 57.9826 0
    endloop
  endfacet
  facet normal 0 0 -1
    outer loop
      vertex 41.1182 57.0334 0
      vertex 39.1227 66.6321 0
      vertex 39.2466 66.8175 0
    endloop
  endfacet
  facet normal 0 0 -1
    outer loop
      vertex 40.52 57.4331 0
      vertex 38.9756 66.4644 0
      vertex 39.1227 66.6321 0
    endloop
  endfacet
  facet normal 0 0 -1
    outer loop
      vertex 39.8748 57.7513 0
      vertex 38.8079 66.3173 0
      vertex 38.9756 66.4644 0
    endloop
  endfacet
  facet normal 0 0 -1
    outer loop
      vertex 39.8748 57.7513 0
      vertex 38.6225 66.1934 0
      vertex 38.8079 66.3173 0
    endloop
  endfacet
  facet normal 0 0 -1
    outer loop
      vertex 38.4225 66.0948 0
      vertex 39.1935 57.9826 0
      vertex 38.4879 58.1229 0
    endloop
  endfacet
  facet normal 0 0 -1
    outer loop
      vertex 39.1935 57.9826 0
      vertex 38.4225 66.0948 0
      vertex 38.6225 66.1934 0
    endloop
  endfacet
  facet normal 0 0 -1
    outer loop
      vertex 38.4879 58.1229 0
      vertex 38.2113 66.0231 0
      vertex 38.4225 66.0948 0
    endloop
  endfacet
  facet normal 0 0 -1
    outer loop
      vertex 38.4879 58.1229 0
      vertex 37.9925 65.9796 0
      vertex 38.2113 66.0231 0
    endloop
  endfacet
  facet normal 0 0 -1
    outer loop
      vertex 37.77 58.17 0
      vertex 37.9925 65.9796 0
      vertex 38.4879 58.1229 0
    endloop
  endfacet
  facet normal 0 0 -1
    outer loop
      vertex 37.77 58.17 0
      vertex 37.77 65.965 0
      vertex 37.9925 65.9796 0
    endloop
  endfacet
  facet normal 0 0 -1
    outer loop
      vertex 37.77 58.17 0
      vertex 37.5475 65.9796 0
      vertex 37.77 65.965 0
    endloop
  endfacet
  facet normal 0 0 -1
    outer loop
      vertex 37.0521 58.1229 0
      vertex 37.5475 65.9796 0
      vertex 37.77 58.17 0
    endloop
  endfacet
  facet normal -0 0 -1
    outer loop
      vertex 37.5475 65.9796 0
      vertex 37.0521 58.1229 0
      vertex 37.3287 66.0231 0
    endloop
  endfacet
  facet normal -0 0 -1
    outer loop
      vertex 37.3287 66.0231 0
      vertex 37.0521 58.1229 0
      vertex 37.1175 66.0948 0
    endloop
  endfacet
  facet normal 0 0 -1
    outer loop
      vertex 36.3465 57.9826 0
      vertex 37.1175 66.0948 0
      vertex 37.0521 58.1229 0
    endloop
  endfacet
  facet normal -0 0 -1
    outer loop
      vertex 37.1175 66.0948 0
      vertex 36.3465 57.9826 0
      vertex 36.9175 66.1934 0
    endloop
  endfacet
  facet normal 0 0 -1
    outer loop
      vertex 35.6652 57.7513 0
      vertex 36.9175 66.1934 0
      vertex 36.3465 57.9826 0
    endloop
  endfacet
  facet normal -0 0 -1
    outer loop
      vertex 36.9175 66.1934 0
      vertex 35.6652 57.7513 0
      vertex 36.7321 66.3173 0
    endloop
  endfacet
  facet normal -0 0 -1
    outer loop
      vertex 36.7321 66.3173 0
      vertex 35.6652 57.7513 0
      vertex 36.5644 66.4644 0
    endloop
  endfacet
  facet normal 0 0 -1
    outer loop
      vertex 35.02 57.4331 0
      vertex 36.5644 66.4644 0
      vertex 35.6652 57.7513 0
    endloop
  endfacet
  facet normal -0 0 -1
    outer loop
      vertex 36.5644 66.4644 0
      vertex 35.02 57.4331 0
      vertex 36.4173 66.6321 0
    endloop
  endfacet
  facet normal 0 0 -1
    outer loop
      vertex 34.4218 57.0334 0
      vertex 36.4173 66.6321 0
      vertex 35.02 57.4331 0
    endloop
  endfacet
  facet normal -0 0 -1
    outer loop
      vertex 36.4173 66.6321 0
      vertex 34.4218 57.0334 0
      vertex 36.2934 66.8175 0
    endloop
  endfacet
  facet normal -0 0 -1
    outer loop
      vertex 36.2934 66.8175 0
      vertex 34.4218 57.0334 0
      vertex 36.1948 67.0175 0
    endloop
  endfacet
  facet normal 0 0 -1
    outer loop
      vertex 33.8809 56.5591 0
      vertex 36.1948 67.0175 0
      vertex 34.4218 57.0334 0
    endloop
  endfacet
  facet normal 0 0 -1
    outer loop
      vertex 53.0069 31.42 0
      vertex 42.5331 31.42 0
      vertex 53.4066 32.0182 0
    endloop
  endfacet
  facet normal 0 0 -1
    outer loop
      vertex 53.8809 48.7809 0
      vertex 43.2229 51.9521 0
      vertex 43.27 52.67 0
    endloop
  endfacet
  facet normal 0 0 -1
    outer loop
      vertex 42.1334 32.0182 0
      vertex 53.4066 32.0182 0
      vertex 42.5331 31.42 0
    endloop
  endfacet
  facet normal 0 0 -1
    outer loop
      vertex 53.8809 48.7809 0
      vertex 43.0826 51.2465 0
      vertex 43.2229 51.9521 0
    endloop
  endfacet
  facet normal 0 0 -1
    outer loop
      vertex 53.4066 32.0182 0
      vertex 42.1334 32.0182 0
      vertex 53.8809 32.5591 0
    endloop
  endfacet
  facet normal 0 0 -1
    outer loop
      vertex 53.8809 48.7809 0
      vertex 42.8513 50.5652 0
      vertex 43.0826 51.2465 0
    endloop
  endfacet
  facet normal 0 0 -1
    outer loop
      vertex 41.6591 32.5591 0
      vertex 53.8809 32.5591 0
      vertex 42.1334 32.0182 0
    endloop
  endfacet
  facet normal 0 0 -1
    outer loop
      vertex 53.8809 48.7809 0
      vertex 42.5331 49.92 0
      vertex 42.8513 50.5652 0
    endloop
  endfacet
  facet normal 0 0 -1
    outer loop
      vertex 39.4169 38.1113 0
      vertex 53.8809 32.5591 0
      vertex 39.4604 37.8925 0
    endloop
  endfacet
  facet normal 0 0 -1
    outer loop
      vertex 53.8809 48.7809 0
      vertex 42.1334 49.3218 0
      vertex 42.5331 49.92 0
    endloop
  endfacet
  facet normal 0 0 -1
    outer loop
      vertex 39.475 37.67 0
      vertex 53.8809 32.5591 0
      vertex 41.6591 32.5591 0
    endloop
  endfacet
  facet normal 0 0 -1
    outer loop
      vertex 53.8809 32.5591 0
      vertex 39.4169 38.1113 0
      vertex 53.8809 48.7809 0
    endloop
  endfacet
  facet normal 0 0 -1
    outer loop
      vertex 39.4604 37.4475 0
      vertex 41.6591 32.5591 0
      vertex 41.1182 33.0334 0
    endloop
  endfacet
  facet normal 0 0 -1
    outer loop
      vertex 39.3452 38.3225 0
      vertex 53.8809 48.7809 0
      vertex 39.4169 38.1113 0
    endloop
  endfacet
  facet normal 0 0 -1
    outer loop
      vertex 39.4169 37.2287 0
      vertex 41.1182 33.0334 0
      vertex 40.52 33.4331 0
    endloop
  endfacet
  facet normal 0 0 -1
    outer loop
      vertex 53.8809 48.7809 0
      vertex 41.6591 48.7809 0
      vertex 42.1334 49.3218 0
    endloop
  endfacet
  facet normal 0 0 -1
    outer loop
      vertex 39.2466 36.8175 0
      vertex 40.52 33.4331 0
      vertex 39.8748 33.7513 0
    endloop
  endfacet
  facet normal 0 0 -1
    outer loop
      vertex 53.8809 32.5591 0
      vertex 39.475 37.67 0
      vertex 39.4604 37.8925 0
    endloop
  endfacet
  facet normal -0 0 -1
    outer loop
      vertex 53.8809 48.7809 0
      vertex 39.3452 38.3225 0
      vertex 41.6591 48.7809 0
    endloop
  endfacet
  facet normal 0 0 -1
    outer loop
      vertex 41.6591 32.5591 0
      vertex 39.4604 37.4475 0
      vertex 39.475 37.67 0
    endloop
  endfacet
  facet normal 0 0 -1
    outer loop
      vertex 41.1182 33.0334 0
      vertex 39.4169 37.2287 0
      vertex 39.4604 37.4475 0
    endloop
  endfacet
  facet normal 0 0 -1
    outer loop
      vertex 40.52 33.4331 0
      vertex 39.3452 37.0175 0
      vertex 39.4169 37.2287 0
    endloop
  endfacet
  facet normal 0 0 -1
    outer loop
      vertex 40.52 33.4331 0
      vertex 39.2466 36.8175 0
      vertex 39.3452 37.0175 0
    endloop
  endfacet
  facet normal 0 0 -1
    outer loop
      vertex 38.9756 36.4644 0
      vertex 39.8748 33.7513 0
      vertex 39.1935 33.9826 0
    endloop
  endfacet
  facet normal 0 0 -1
    outer loop
      vertex 39.8748 33.7513 0
      vertex 39.1227 36.6321 0
      vertex 39.2466 36.8175 0
    endloop
  endfacet
  facet normal 0 0 -1
    outer loop
      vertex 39.8748 33.7513 0
      vertex 38.9756 36.4644 0
      vertex 39.1227 36.6321 0
    endloop
  endfacet
  facet normal 0 0 -1
    outer loop
      vertex 39.1935 33.9826 0
      vertex 38.8079 36.3173 0
      vertex 38.9756 36.4644 0
    endloop
  endfacet
  facet normal 0 0 -1
    outer loop
      vertex 39.1935 33.9826 0
      vertex 38.6225 36.1934 0
      vertex 38.8079 36.3173 0
    endloop
  endfacet
  facet normal 0 0 -1
    outer loop
      vertex 38.4879 34.1229 0
      vertex 38.6225 36.1934 0
      vertex 39.1935 33.9826 0
    endloop
  endfacet
  facet normal 0 0 -1
    outer loop
      vertex 38.4879 34.1229 0
      vertex 38.4225 36.0948 0
      vertex 38.6225 36.1934 0
    endloop
  endfacet
  facet normal 0 0 -1
    outer loop
      vertex 38.4879 34.1229 0
      vertex 38.2113 36.0231 0
      vertex 38.4225 36.0948 0
    endloop
  endfacet
  facet normal 0 0 -1
    outer loop
      vertex 38.4879 34.1229 0
      vertex 37.9925 35.9796 0
      vertex 38.2113 36.0231 0
    endloop
  endfacet
  facet normal 0 0 -1
    outer loop
      vertex 37.77 34.17 0
      vertex 37.9925 35.9796 0
      vertex 38.4879 34.1229 0
    endloop
  endfacet
  facet normal 0 0 -1
    outer loop
      vertex 37.77 34.17 0
      vertex 37.77 35.965 0
      vertex 37.9925 35.9796 0
    endloop
  endfacet
  facet normal 0 0 -1
    outer loop
      vertex 37.77 34.17 0
      vertex 37.5475 35.9796 0
      vertex 37.77 35.965 0
    endloop
  endfacet
  facet normal 0 0 -1
    outer loop
      vertex 37.0521 34.1229 0
      vertex 37.5475 35.9796 0
      vertex 37.77 34.17 0
    endloop
  endfacet
  facet normal -0 0 -1
    outer loop
      vertex 37.5475 35.9796 0
      vertex 37.0521 34.1229 0
      vertex 37.3287 36.0231 0
    endloop
  endfacet
  facet normal -0 0 -1
    outer loop
      vertex 37.3287 36.0231 0
      vertex 37.0521 34.1229 0
      vertex 37.1175 36.0948 0
    endloop
  endfacet
  facet normal 0 0 -1
    outer loop
      vertex 37.0521 34.1229 0
      vertex 36.9175 36.1934 0
      vertex 37.1175 36.0948 0
    endloop
  endfacet
  facet normal 0 0 -1
    outer loop
      vertex 36.3465 33.9826 0
      vertex 36.9175 36.1934 0
      vertex 37.0521 34.1229 0
    endloop
  endfacet
  facet normal -0 0 -1
    outer loop
      vertex 36.9175 36.1934 0
      vertex 36.3465 33.9826 0
      vertex 36.7321 36.3173 0
    endloop
  endfacet
  facet normal -0 0 -1
    outer loop
      vertex 36.7321 36.3173 0
      vertex 36.3465 33.9826 0
      vertex 36.5644 36.4644 0
    endloop
  endfacet
  facet normal 0 0 -1
    outer loop
      vertex 35.6652 33.7513 0
      vertex 36.5644 36.4644 0
      vertex 36.3465 33.9826 0
    endloop
  endfacet
  facet normal -0 0 -1
    outer loop
      vertex 36.5644 36.4644 0
      vertex 35.6652 33.7513 0
      vertex 36.4173 36.6321 0
    endloop
  endfacet
  facet normal -0 0 -1
    outer loop
      vertex 36.4173 36.6321 0
      vertex 35.6652 33.7513 0
      vertex 36.2934 36.8175 0
    endloop
  endfacet
  facet normal 0 0 -1
    outer loop
      vertex 35.02 33.4331 0
      vertex 36.2934 36.8175 0
      vertex 35.6652 33.7513 0
    endloop
  endfacet
  facet normal -0 0 -1
    outer loop
      vertex 36.2934 36.8175 0
      vertex 35.02 33.4331 0
      vertex 36.1948 37.0175 0
    endloop
  endfacet
  facet normal 0 0 -1
    outer loop
      vertex 34.4218 33.0334 0
      vertex 36.1231 37.2287 0
      vertex 35.02 33.4331 0
    endloop
  endfacet
  facet normal -0 0 -1
    outer loop
      vertex 36.1948 37.0175 0
      vertex 35.02 33.4331 0
      vertex 36.1231 37.2287 0
    endloop
  endfacet
  facet normal 0 0 -1
    outer loop
      vertex 39.1935 23.3574 0
      vertex 61.02 10 0
      vertex 61.02 0 0
    endloop
  endfacet
  facet normal 0 0 -1
    outer loop
      vertex 61.02 10 0
      vertex 59.8748 23.5887 0
      vertex 60.52 23.9069 0
    endloop
  endfacet
  facet normal 0 0 -1
    outer loop
      vertex 61.02 10 0
      vertex 59.1935 23.3574 0
      vertex 59.8748 23.5887 0
    endloop
  endfacet
  facet normal 0 0 -1
    outer loop
      vertex 61.02 10 0
      vertex 58.4879 23.2171 0
      vertex 59.1935 23.3574 0
    endloop
  endfacet
  facet normal 0 0 -1
    outer loop
      vertex 61.02 10 0
      vertex 57.77 23.17 0
      vertex 58.4879 23.2171 0
    endloop
  endfacet
  facet normal 0 0 -1
    outer loop
      vertex 61.02 10 0
      vertex 57.0521 23.2171 0
      vertex 57.77 23.17 0
    endloop
  endfacet
  facet normal 0 0 -1
    outer loop
      vertex 61.02 10 0
      vertex 56.3465 23.3574 0
      vertex 57.0521 23.2171 0
    endloop
  endfacet
  facet normal 0 0 -1
    outer loop
      vertex 61.02 10 0
      vertex 55.6652 23.5887 0
      vertex 56.3465 23.3574 0
    endloop
  endfacet
  facet normal 0 0 -1
    outer loop
      vertex 61.02 10 0
      vertex 55.02 23.9069 0
      vertex 55.6652 23.5887 0
    endloop
  endfacet
  facet normal 0 0 -1
    outer loop
      vertex 61.02 10 0
      vertex 40.52 23.9069 0
      vertex 55.02 23.9069 0
    endloop
  endfacet
  facet normal 0 0 -1
    outer loop
      vertex 55.02 23.9069 0
      vertex 40.52 23.9069 0
      vertex 54.4218 24.3066 0
    endloop
  endfacet
  facet normal 0 -0 -1
    outer loop
      vertex 41.1182 24.3066 0
      vertex 54.4218 24.3066 0
      vertex 40.52 23.9069 0
    endloop
  endfacet
  facet normal 0 0 -1
    outer loop
      vertex 54.4218 24.3066 0
      vertex 41.1182 24.3066 0
      vertex 53.8809 24.7809 0
    endloop
  endfacet
  facet normal 0 -0 -1
    outer loop
      vertex 41.6591 24.7809 0
      vertex 53.8809 24.7809 0
      vertex 41.1182 24.3066 0
    endloop
  endfacet
  facet normal 0 -0 -1
    outer loop
      vertex 42.1334 25.3218 0
      vertex 53.4066 25.3218 0
      vertex 41.6591 24.7809 0
    endloop
  endfacet
  facet normal 0 0 -1
    outer loop
      vertex 52.3171 51.9521 0
      vertex 43.27 52.67 0
      vertex 52.27 52.67 0
    endloop
  endfacet
  facet normal 0 0 -1
    outer loop
      vertex 43.2229 29.3879 0
      vertex 52.27 28.67 0
      vertex 43.27 28.67 0
    endloop
  endfacet
  facet normal 0 0 -1
    outer loop
      vertex 52.3171 27.9521 0
      vertex 43.27 28.67 0
      vertex 52.27 28.67 0
    endloop
  endfacet
  facet normal 0 0 -1
    outer loop
      vertex 43.2229 27.9521 0
      vertex 52.3171 27.9521 0
      vertex 52.4574 27.2465 0
    endloop
  endfacet
  facet normal 0 0 -1
    outer loop
      vertex 53.4066 25.3218 0
      vertex 42.1334 25.3218 0
      vertex 53.0069 25.92 0
    endloop
  endfacet
  facet normal 0 0 -1
    outer loop
      vertex 52.3171 27.9521 0
      vertex 43.2229 27.9521 0
      vertex 43.27 28.67 0
    endloop
  endfacet
  facet normal 0 0 -1
    outer loop
      vertex 52.4574 27.2465 0
      vertex 43.0826 27.2465 0
      vertex 43.2229 27.9521 0
    endloop
  endfacet
  facet normal -0 0 -1
    outer loop
      vertex 52.4574 27.2465 0
      vertex 42.8513 26.5652 0
      vertex 43.0826 27.2465 0
    endloop
  endfacet
  facet normal 0 0 -1
    outer loop
      vertex 52.6887 26.5652 0
      vertex 42.8513 26.5652 0
      vertex 52.4574 27.2465 0
    endloop
  endfacet
  facet normal 0 -0 -1
    outer loop
      vertex 42.8513 26.5652 0
      vertex 52.6887 26.5652 0
      vertex 42.5331 25.92 0
    endloop
  endfacet
  facet normal 0 0 -1
    outer loop
      vertex 53.0069 25.92 0
      vertex 42.5331 25.92 0
      vertex 52.6887 26.5652 0
    endloop
  endfacet
  facet normal 0 -0 -1
    outer loop
      vertex 42.5331 25.92 0
      vertex 53.0069 25.92 0
      vertex 42.1334 25.3218 0
    endloop
  endfacet
  facet normal 0 0 -1
    outer loop
      vertex 53.8809 24.7809 0
      vertex 41.6591 24.7809 0
      vertex 53.4066 25.3218 0
    endloop
  endfacet
  facet normal 0 0 -1
    outer loop
      vertex 61.02 10 0
      vertex 39.8748 23.5887 0
      vertex 40.52 23.9069 0
    endloop
  endfacet
  facet normal 0 0 -1
    outer loop
      vertex 61.02 10 0
      vertex 39.1935 23.3574 0
      vertex 39.8748 23.5887 0
    endloop
  endfacet
  facet normal 0 0 -1
    outer loop
      vertex 61.02 0 0
      vertex 38.4879 23.2171 0
      vertex 39.1935 23.3574 0
    endloop
  endfacet
  facet normal 0 0 -1
    outer loop
      vertex 61.02 0 0
      vertex 37.77 23.17 0
      vertex 38.4879 23.2171 0
    endloop
  endfacet
  facet normal 0 0 -1
    outer loop
      vertex 14.52 0 0
      vertex 37.77 23.17 0
      vertex 61.02 0 0
    endloop
  endfacet
  facet normal -0 0 -1
    outer loop
      vertex 37.77 23.17 0
      vertex 14.52 0 0
      vertex 37.0521 23.2171 0
    endloop
  endfacet
  facet normal -0 0 -1
    outer loop
      vertex 37.0521 23.2171 0
      vertex 14.52 0 0
      vertex 36.3465 23.3574 0
    endloop
  endfacet
  facet normal 0 0 -1
    outer loop
      vertex 14.52 10 0
      vertex 36.3465 23.3574 0
      vertex 14.52 0 0
    endloop
  endfacet
  facet normal -0 0 -1
    outer loop
      vertex 36.3465 23.3574 0
      vertex 14.52 10 0
      vertex 35.6652 23.5887 0
    endloop
  endfacet
  facet normal -0 0 -1
    outer loop
      vertex 35.6652 23.5887 0
      vertex 14.52 10 0
      vertex 35.02 23.9069 0
    endloop
  endfacet
  facet normal 0 0 -1
    outer loop
      vertex 32.3171 51.9521 0
      vertex 23.27 52.67 0
      vertex 32.27 52.67 0
    endloop
  endfacet
  facet normal 0 0 -1
    outer loop
      vertex 23.2229 29.3879 0
      vertex 32.27 28.67 0
      vertex 23.27 28.67 0
    endloop
  endfacet
  facet normal 0 0 -1
    outer loop
      vertex 32.3171 27.9521 0
      vertex 23.27 28.67 0
      vertex 32.27 28.67 0
    endloop
  endfacet
  facet normal 0 0 -1
    outer loop
      vertex 23.2229 27.9521 0
      vertex 32.3171 27.9521 0
      vertex 32.4574 27.2465 0
    endloop
  endfacet
  facet normal 0 0 -1
    outer loop
      vertex 23.0826 27.2465 0
      vertex 32.4574 27.2465 0
      vertex 32.6887 26.5652 0
    endloop
  endfacet
  facet normal 0 0 -1
    outer loop
      vertex 22.8513 26.5652 0
      vertex 32.6887 26.5652 0
      vertex 33.0069 25.92 0
    endloop
  endfacet
  facet normal 0 0 -1
    outer loop
      vertex 22.5331 25.92 0
      vertex 33.0069 25.92 0
      vertex 33.4066 25.3218 0
    endloop
  endfacet
  facet normal 0 0 -1
    outer loop
      vertex 22.1334 25.3218 0
      vertex 33.4066 25.3218 0
      vertex 33.8809 24.7809 0
    endloop
  endfacet
  facet normal 0 -0 -1
    outer loop
      vertex 20.52 23.9069 0
      vertex 35.02 23.9069 0
      vertex 14.52 10 0
    endloop
  endfacet
  facet normal 0 0 -1
    outer loop
      vertex 32.3171 27.9521 0
      vertex 23.2229 27.9521 0
      vertex 23.27 28.67 0
    endloop
  endfacet
  facet normal 0 0 -1
    outer loop
      vertex 32.4574 27.2465 0
      vertex 23.0826 27.2465 0
      vertex 23.2229 27.9521 0
    endloop
  endfacet
  facet normal 0 0 -1
    outer loop
      vertex 32.6887 26.5652 0
      vertex 22.8513 26.5652 0
      vertex 23.0826 27.2465 0
    endloop
  endfacet
  facet normal 0 0 -1
    outer loop
      vertex 33.0069 25.92 0
      vertex 22.5331 25.92 0
      vertex 22.8513 26.5652 0
    endloop
  endfacet
  facet normal 0 0 -1
    outer loop
      vertex 33.4066 25.3218 0
      vertex 22.1334 25.3218 0
      vertex 22.5331 25.92 0
    endloop
  endfacet
  facet normal 0 0 -1
    outer loop
      vertex 33.8809 24.7809 0
      vertex 21.6591 24.7809 0
      vertex 22.1334 25.3218 0
    endloop
  endfacet
  facet normal 0 -0 -1
    outer loop
      vertex 21.1182 24.3066 0
      vertex 34.4218 24.3066 0
      vertex 20.52 23.9069 0
    endloop
  endfacet
  facet normal -0 0 -1
    outer loop
      vertex 33.8809 24.7809 0
      vertex 21.1182 24.3066 0
      vertex 21.6591 24.7809 0
    endloop
  endfacet
  facet normal 0 0 -1
    outer loop
      vertex 34.4218 24.3066 0
      vertex 21.1182 24.3066 0
      vertex 33.8809 24.7809 0
    endloop
  endfacet
  facet normal 0 0 -1
    outer loop
      vertex 20.52 23.9069 0
      vertex 14.52 10 0
      vertex 19.8748 23.5887 0
    endloop
  endfacet
  facet normal 0 0 -1
    outer loop
      vertex 19.8748 23.5887 0
      vertex 14.52 10 0
      vertex 19.1935 23.3574 0
    endloop
  endfacet
  facet normal 0 0 -1
    outer loop
      vertex 19.1935 23.3574 0
      vertex 14.52 10 0
      vertex 18.4879 23.2171 0
    endloop
  endfacet
  facet normal 0 0 -1
    outer loop
      vertex 18.4879 23.2171 0
      vertex 14.52 10 0
      vertex 17.77 23.17 0
    endloop
  endfacet
  facet normal -0 0 -1
    outer loop
      vertex 17.77 23.17 0
      vertex 14.52 10 0
      vertex 17.0521 23.2171 0
    endloop
  endfacet
  facet normal -0 0 -1
    outer loop
      vertex 17.0521 23.2171 0
      vertex 14.52 10 0
      vertex 16.3465 23.3574 0
    endloop
  endfacet
  facet normal -0 0 -1
    outer loop
      vertex 16.3465 23.3574 0
      vertex 14.52 10 0
      vertex 15.6652 23.5887 0
    endloop
  endfacet
  facet normal 0 0 -1
    outer loop
      vertex 35.02 23.9069 0
      vertex 20.52 23.9069 0
      vertex 34.4218 24.3066 0
    endloop
  endfacet
  facet normal 0 0 -1
    outer loop
      vertex 11.32 10 0
      vertex 15.6652 23.5887 0
      vertex 14.52 10 0
    endloop
  endfacet
  facet normal -0 0 -1
    outer loop
      vertex 15.6652 23.5887 0
      vertex 11.32 10 0
      vertex 15.02 23.9069 0
    endloop
  endfacet
  facet normal -0 0 -1
    outer loop
      vertex 15.02 23.9069 0
      vertex 11.32 10 0
      vertex 14.4218 24.3066 0
    endloop
  endfacet
  facet normal -0 0 -1
    outer loop
      vertex 14.4218 24.3066 0
      vertex 11.32 10 0
      vertex 13.8809 24.7809 0
    endloop
  endfacet
  facet normal -0 0 -1
    outer loop
      vertex 13.8809 24.7809 0
      vertex 11.32 10 0
      vertex 13.4066 25.3218 0
    endloop
  endfacet
  facet normal -0 0 -1
    outer loop
      vertex 13.4066 25.3218 0
      vertex 11.32 10 0
      vertex 13.0069 25.92 0
    endloop
  endfacet
  facet normal -0 0 -1
    outer loop
      vertex 13.0069 25.92 0
      vertex 11.32 10 0
      vertex 12.6887 26.5652 0
    endloop
  endfacet
  facet normal -0 0 -1
    outer loop
      vertex 12.6887 26.5652 0
      vertex 11.32 10 0
      vertex 12.4574 27.2465 0
    endloop
  endfacet
  facet normal 0 0 -1
    outer loop
      vertex 11.32 10 0
      vertex 12.27 52.67 0
      vertex 12.27 28.67 0
    endloop
  endfacet
  facet normal 0 0 -1
    outer loop
      vertex 11.32 95.34 0
      vertex 12.27 52.67 0
      vertex 11.32 10 0
    endloop
  endfacet
  facet normal -0 0 -1
    outer loop
      vertex 12.3171 27.9521 0
      vertex 11.32 10 0
      vertex 12.27 28.67 0
    endloop
  endfacet
  facet normal -0 0 -1
    outer loop
      vertex 12.4574 27.2465 0
      vertex 11.32 10 0
      vertex 12.3171 27.9521 0
    endloop
  endfacet
  facet normal 0 0 -1
    outer loop
      vertex 63.2229 75.9521 0
      vertex 75.54 102.34 0
      vertex 63.2229 53.3879 0
    endloop
  endfacet
  facet normal 0 0 -1
    outer loop
      vertex 75.54 102.34 0
      vertex 63.2229 75.9521 0
      vertex 63.27 76.67 0
    endloop
  endfacet
  facet normal 0 0 -1
    outer loop
      vertex 63.0826 54.0935 0
      vertex 63.2229 75.9521 0
      vertex 63.2229 53.3879 0
    endloop
  endfacet
  facet normal 0 0 -1
    outer loop
      vertex 63.0826 54.0935 0
      vertex 63.0826 75.2465 0
      vertex 63.2229 75.9521 0
    endloop
  endfacet
  facet normal 0 0 -1
    outer loop
      vertex 62.8513 54.7748 0
      vertex 63.0826 75.2465 0
      vertex 63.0826 54.0935 0
    endloop
  endfacet
  facet normal 0 0 -1
    outer loop
      vertex 62.8513 54.7748 0
      vertex 62.8513 74.5652 0
      vertex 63.0826 75.2465 0
    endloop
  endfacet
  facet normal 0 0 -1
    outer loop
      vertex 62.5331 55.42 0
      vertex 62.8513 74.5652 0
      vertex 62.8513 54.7748 0
    endloop
  endfacet
  facet normal 0 0 -1
    outer loop
      vertex 62.5331 55.42 0
      vertex 62.5331 73.92 0
      vertex 62.8513 74.5652 0
    endloop
  endfacet
  facet normal 0 0 -1
    outer loop
      vertex 62.1334 56.0182 0
      vertex 62.5331 73.92 0
      vertex 62.5331 55.42 0
    endloop
  endfacet
  facet normal 0 0 -1
    outer loop
      vertex 62.1334 56.0182 0
      vertex 62.1334 73.3218 0
      vertex 62.5331 73.92 0
    endloop
  endfacet
  facet normal 0 0 -1
    outer loop
      vertex 61.6591 56.5591 0
      vertex 62.1334 73.3218 0
      vertex 62.1334 56.0182 0
    endloop
  endfacet
  facet normal 0 0 -1
    outer loop
      vertex 61.6591 56.5591 0
      vertex 61.6591 72.7809 0
      vertex 62.1334 73.3218 0
    endloop
  endfacet
  facet normal 0 0 -1
    outer loop
      vertex 61.1182 57.0334 0
      vertex 61.6591 72.7809 0
      vertex 61.6591 56.5591 0
    endloop
  endfacet
  facet normal 0 0 -1
    outer loop
      vertex 61.1182 57.0334 0
      vertex 61.1182 72.3066 0
      vertex 61.6591 72.7809 0
    endloop
  endfacet
  facet normal 0 0 -1
    outer loop
      vertex 60.52 57.4331 0
      vertex 61.1182 72.3066 0
      vertex 61.1182 57.0334 0
    endloop
  endfacet
  facet normal 0 0 -1
    outer loop
      vertex 60.52 57.4331 0
      vertex 60.52 71.9069 0
      vertex 61.1182 72.3066 0
    endloop
  endfacet
  facet normal 0 0 -1
    outer loop
      vertex 59.8748 57.7513 0
      vertex 60.52 71.9069 0
      vertex 60.52 57.4331 0
    endloop
  endfacet
  facet normal 0 0 -1
    outer loop
      vertex 59.8748 57.7513 0
      vertex 59.8748 71.5887 0
      vertex 60.52 71.9069 0
    endloop
  endfacet
  facet normal 0 0 -1
    outer loop
      vertex 59.1935 57.9826 0
      vertex 59.8748 71.5887 0
      vertex 59.8748 57.7513 0
    endloop
  endfacet
  facet normal 0 0 -1
    outer loop
      vertex 59.1935 57.9826 0
      vertex 59.1935 71.3574 0
      vertex 59.8748 71.5887 0
    endloop
  endfacet
  facet normal 0 0 -1
    outer loop
      vertex 58.4879 58.1229 0
      vertex 59.1935 71.3574 0
      vertex 59.1935 57.9826 0
    endloop
  endfacet
  facet normal 0 0 -1
    outer loop
      vertex 58.4879 58.1229 0
      vertex 58.4879 71.2171 0
      vertex 59.1935 71.3574 0
    endloop
  endfacet
  facet normal 0 0 -1
    outer loop
      vertex 57.77 58.17 0
      vertex 58.4879 71.2171 0
      vertex 58.4879 58.1229 0
    endloop
  endfacet
  facet normal 0 0 -1
    outer loop
      vertex 57.77 58.17 0
      vertex 57.77 71.17 0
      vertex 58.4879 71.2171 0
    endloop
  endfacet
  facet normal 0 0 -1
    outer loop
      vertex 57.0521 58.1229 0
      vertex 57.77 71.17 0
      vertex 57.77 58.17 0
    endloop
  endfacet
  facet normal 0 0 -1
    outer loop
      vertex 57.0521 58.1229 0
      vertex 57.0521 71.2171 0
      vertex 57.77 71.17 0
    endloop
  endfacet
  facet normal 0 0 -1
    outer loop
      vertex 56.3465 57.9826 0
      vertex 57.0521 71.2171 0
      vertex 57.0521 58.1229 0
    endloop
  endfacet
  facet normal 0 0 -1
    outer loop
      vertex 56.3465 57.9826 0
      vertex 56.3465 71.3574 0
      vertex 57.0521 71.2171 0
    endloop
  endfacet
  facet normal 0 0 -1
    outer loop
      vertex 55.6652 57.7513 0
      vertex 56.3465 71.3574 0
      vertex 56.3465 57.9826 0
    endloop
  endfacet
  facet normal 0 0 -1
    outer loop
      vertex 55.6652 57.7513 0
      vertex 55.6652 71.5887 0
      vertex 56.3465 71.3574 0
    endloop
  endfacet
  facet normal 0 0 -1
    outer loop
      vertex 55.02 57.4331 0
      vertex 55.6652 71.5887 0
      vertex 55.6652 57.7513 0
    endloop
  endfacet
  facet normal 0 0 -1
    outer loop
      vertex 55.02 57.4331 0
      vertex 55.02 71.9069 0
      vertex 55.6652 71.5887 0
    endloop
  endfacet
  facet normal 0 0 -1
    outer loop
      vertex 54.4218 57.0334 0
      vertex 55.02 71.9069 0
      vertex 55.02 57.4331 0
    endloop
  endfacet
  facet normal 0 0 -1
    outer loop
      vertex 54.4218 57.0334 0
      vertex 54.4218 72.3066 0
      vertex 55.02 71.9069 0
    endloop
  endfacet
  facet normal 0 0 -1
    outer loop
      vertex 53.8809 56.5591 0
      vertex 54.4218 72.3066 0
      vertex 54.4218 57.0334 0
    endloop
  endfacet
  facet normal 0 0 -1
    outer loop
      vertex 53.8809 56.5591 0
      vertex 53.8809 72.7809 0
      vertex 54.4218 72.3066 0
    endloop
  endfacet
  facet normal 0 0 -1
    outer loop
      vertex 52.6887 54.7748 0
      vertex 42.8513 54.7748 0
      vertex 53.0069 55.42 0
    endloop
  endfacet
  facet normal 0 0 -1
    outer loop
      vertex 42.5331 55.42 0
      vertex 53.0069 55.42 0
      vertex 42.8513 54.7748 0
    endloop
  endfacet
  facet normal 0 0 -1
    outer loop
      vertex 42.8513 54.7748 0
      vertex 52.6887 54.7748 0
      vertex 43.0826 54.0935 0
    endloop
  endfacet
  facet normal 0 0 -1
    outer loop
      vertex 53.0069 55.42 0
      vertex 42.5331 55.42 0
      vertex 53.4066 56.0182 0
    endloop
  endfacet
  facet normal 0 0 -1
    outer loop
      vertex 52.4574 54.0935 0
      vertex 43.0826 54.0935 0
      vertex 52.6887 54.7748 0
    endloop
  endfacet
  facet normal 0 0 -1
    outer loop
      vertex 53.8809 72.7809 0
      vertex 43.27 76.67 0
      vertex 53.4066 73.3218 0
    endloop
  endfacet
  facet normal 0 0 -1
    outer loop
      vertex 43.0826 54.0935 0
      vertex 52.4574 54.0935 0
      vertex 43.2229 53.3879 0
    endloop
  endfacet
  facet normal 0 0 -1
    outer loop
      vertex 53.4066 73.3218 0
      vertex 43.27 76.67 0
      vertex 53.0069 73.92 0
    endloop
  endfacet
  facet normal 0 0 -1
    outer loop
      vertex 43.2229 53.3879 0
      vertex 52.4574 54.0935 0
      vertex 52.3171 53.3879 0
    endloop
  endfacet
  facet normal 0 0 -1
    outer loop
      vertex 53.0069 73.92 0
      vertex 43.27 76.67 0
      vertex 52.6887 74.5652 0
    endloop
  endfacet
  facet normal 0 0 -1
    outer loop
      vertex 43.2229 53.3879 0
      vertex 52.3171 53.3879 0
      vertex 52.27 52.67 0
    endloop
  endfacet
  facet normal 0 0 -1
    outer loop
      vertex 52.6887 74.5652 0
      vertex 43.27 76.67 0
      vertex 52.4574 75.2465 0
    endloop
  endfacet
  facet normal 0 0 -1
    outer loop
      vertex 63.2229 51.9521 0
      vertex 75.54 3 0
      vertex 63.2229 29.3879 0
    endloop
  endfacet
  facet normal 0 0 -1
    outer loop
      vertex 75.54 3 0
      vertex 63.2229 51.9521 0
      vertex 63.27 52.67 0
    endloop
  endfacet
  facet normal 0 0 -1
    outer loop
      vertex 63.0826 30.0935 0
      vertex 63.2229 51.9521 0
      vertex 63.2229 29.3879 0
    endloop
  endfacet
  facet normal 0 0 -1
    outer loop
      vertex 63.0826 30.0935 0
      vertex 63.0826 51.2465 0
      vertex 63.2229 51.9521 0
    endloop
  endfacet
  facet normal 0 0 -1
    outer loop
      vertex 62.8513 30.7748 0
      vertex 63.0826 51.2465 0
      vertex 63.0826 30.0935 0
    endloop
  endfacet
  facet normal 0 0 -1
    outer loop
      vertex 62.8513 30.7748 0
      vertex 62.8513 50.5652 0
      vertex 63.0826 51.2465 0
    endloop
  endfacet
  facet normal 0 0 -1
    outer loop
      vertex 62.5331 31.42 0
      vertex 62.8513 50.5652 0
      vertex 62.8513 30.7748 0
    endloop
  endfacet
  facet normal 0 0 -1
    outer loop
      vertex 62.5331 31.42 0
      vertex 62.5331 49.92 0
      vertex 62.8513 50.5652 0
    endloop
  endfacet
  facet normal 0 0 -1
    outer loop
      vertex 62.1334 32.0182 0
      vertex 62.5331 49.92 0
      vertex 62.5331 31.42 0
    endloop
  endfacet
  facet normal 0 0 -1
    outer loop
      vertex 62.1334 32.0182 0
      vertex 62.1334 49.3218 0
      vertex 62.5331 49.92 0
    endloop
  endfacet
  facet normal 0 0 -1
    outer loop
      vertex 61.6591 32.5591 0
      vertex 62.1334 49.3218 0
      vertex 62.1334 32.0182 0
    endloop
  endfacet
  facet normal 0 0 -1
    outer loop
      vertex 61.6591 32.5591 0
      vertex 61.6591 48.7809 0
      vertex 62.1334 49.3218 0
    endloop
  endfacet
  facet normal 0 0 -1
    outer loop
      vertex 61.1182 33.0334 0
      vertex 61.6591 48.7809 0
      vertex 61.6591 32.5591 0
    endloop
  endfacet
  facet normal 0 0 -1
    outer loop
      vertex 61.1182 33.0334 0
      vertex 61.1182 48.3066 0
      vertex 61.6591 48.7809 0
    endloop
  endfacet
  facet normal 0 0 -1
    outer loop
      vertex 60.52 33.4331 0
      vertex 61.1182 48.3066 0
      vertex 61.1182 33.0334 0
    endloop
  endfacet
  facet normal 0 0 -1
    outer loop
      vertex 60.52 33.4331 0
      vertex 60.52 47.9069 0
      vertex 61.1182 48.3066 0
    endloop
  endfacet
  facet normal 0 0 -1
    outer loop
      vertex 59.8748 33.7513 0
      vertex 60.52 47.9069 0
      vertex 60.52 33.4331 0
    endloop
  endfacet
  facet normal 0 0 -1
    outer loop
      vertex 59.8748 33.7513 0
      vertex 59.8748 47.5887 0
      vertex 60.52 47.9069 0
    endloop
  endfacet
  facet normal 0 0 -1
    outer loop
      vertex 59.1935 33.9826 0
      vertex 59.8748 47.5887 0
      vertex 59.8748 33.7513 0
    endloop
  endfacet
  facet normal 0 0 -1
    outer loop
      vertex 59.1935 33.9826 0
      vertex 59.1935 47.3574 0
      vertex 59.8748 47.5887 0
    endloop
  endfacet
  facet normal 0 0 -1
    outer loop
      vertex 58.4879 34.1229 0
      vertex 59.1935 47.3574 0
      vertex 59.1935 33.9826 0
    endloop
  endfacet
  facet normal 0 0 -1
    outer loop
      vertex 58.4879 34.1229 0
      vertex 58.4879 47.2171 0
      vertex 59.1935 47.3574 0
    endloop
  endfacet
  facet normal 0 0 -1
    outer loop
      vertex 57.77 34.17 0
      vertex 58.4879 47.2171 0
      vertex 58.4879 34.1229 0
    endloop
  endfacet
  facet normal 0 0 -1
    outer loop
      vertex 57.77 34.17 0
      vertex 57.77 47.17 0
      vertex 58.4879 47.2171 0
    endloop
  endfacet
  facet normal 0 0 -1
    outer loop
      vertex 57.0521 34.1229 0
      vertex 57.77 47.17 0
      vertex 57.77 34.17 0
    endloop
  endfacet
  facet normal 0 0 -1
    outer loop
      vertex 57.0521 34.1229 0
      vertex 57.0521 47.2171 0
      vertex 57.77 47.17 0
    endloop
  endfacet
  facet normal 0 0 -1
    outer loop
      vertex 56.3465 33.9826 0
      vertex 57.0521 47.2171 0
      vertex 57.0521 34.1229 0
    endloop
  endfacet
  facet normal 0 0 -1
    outer loop
      vertex 56.3465 33.9826 0
      vertex 56.3465 47.3574 0
      vertex 57.0521 47.2171 0
    endloop
  endfacet
  facet normal 0 0 -1
    outer loop
      vertex 55.6652 33.7513 0
      vertex 56.3465 47.3574 0
      vertex 56.3465 33.9826 0
    endloop
  endfacet
  facet normal 0 0 -1
    outer loop
      vertex 55.6652 33.7513 0
      vertex 55.6652 47.5887 0
      vertex 56.3465 47.3574 0
    endloop
  endfacet
  facet normal 0 0 -1
    outer loop
      vertex 55.02 33.4331 0
      vertex 55.6652 47.5887 0
      vertex 55.6652 33.7513 0
    endloop
  endfacet
  facet normal 0 0 -1
    outer loop
      vertex 55.02 33.4331 0
      vertex 55.02 47.9069 0
      vertex 55.6652 47.5887 0
    endloop
  endfacet
  facet normal 0 0 -1
    outer loop
      vertex 54.4218 33.0334 0
      vertex 55.02 47.9069 0
      vertex 55.02 33.4331 0
    endloop
  endfacet
  facet normal 0 0 -1
    outer loop
      vertex 54.4218 33.0334 0
      vertex 54.4218 48.3066 0
      vertex 55.02 47.9069 0
    endloop
  endfacet
  facet normal 0 0 -1
    outer loop
      vertex 53.8809 32.5591 0
      vertex 54.4218 48.3066 0
      vertex 54.4218 33.0334 0
    endloop
  endfacet
  facet normal 0 0 -1
    outer loop
      vertex 53.8809 32.5591 0
      vertex 53.8809 48.7809 0
      vertex 54.4218 48.3066 0
    endloop
  endfacet
  facet normal 0 0 -1
    outer loop
      vertex 52.6887 30.7748 0
      vertex 42.8513 30.7748 0
      vertex 53.0069 31.42 0
    endloop
  endfacet
  facet normal 0 0 -1
    outer loop
      vertex 42.5331 31.42 0
      vertex 53.0069 31.42 0
      vertex 42.8513 30.7748 0
    endloop
  endfacet
  facet normal 0 0 -1
    outer loop
      vertex 42.8513 30.7748 0
      vertex 52.6887 30.7748 0
      vertex 43.0826 30.0935 0
    endloop
  endfacet
  facet normal 0 0 -1
    outer loop
      vertex 53.8809 48.7809 0
      vertex 43.27 52.67 0
      vertex 53.4066 49.3218 0
    endloop
  endfacet
  facet normal 0 0 -1
    outer loop
      vertex 52.4574 30.0935 0
      vertex 43.0826 30.0935 0
      vertex 52.6887 30.7748 0
    endloop
  endfacet
  facet normal 0 0 -1
    outer loop
      vertex 53.4066 49.3218 0
      vertex 43.27 52.67 0
      vertex 53.0069 49.92 0
    endloop
  endfacet
  facet normal 0 0 -1
    outer loop
      vertex 43.0826 30.0935 0
      vertex 52.4574 30.0935 0
      vertex 43.2229 29.3879 0
    endloop
  endfacet
  facet normal 0 0 -1
    outer loop
      vertex 53.0069 49.92 0
      vertex 43.27 52.67 0
      vertex 52.6887 50.5652 0
    endloop
  endfacet
  facet normal 0 0 -1
    outer loop
      vertex 43.2229 29.3879 0
      vertex 52.4574 30.0935 0
      vertex 52.3171 29.3879 0
    endloop
  endfacet
  facet normal 0 0 -1
    outer loop
      vertex 52.6887 50.5652 0
      vertex 43.27 52.67 0
      vertex 52.4574 51.2465 0
    endloop
  endfacet
  facet normal 0 0 -1
    outer loop
      vertex 43.2229 29.3879 0
      vertex 52.3171 29.3879 0
      vertex 52.27 28.67 0
    endloop
  endfacet
  facet normal 0 0 -1
    outer loop
      vertex 52.4574 51.2465 0
      vertex 43.27 52.67 0
      vertex 52.3171 51.9521 0
    endloop
  endfacet
  facet normal 0 0 -1
    outer loop
      vertex 75.54 3 0
      vertex 63.27 52.67 0
      vertex 75.54 102.34 0
    endloop
  endfacet
  facet normal 0 0 -1
    outer loop
      vertex 75.54 3 0
      vertex 63.2229 27.9521 0
      vertex 63.27 28.67 0
    endloop
  endfacet
  facet normal 0 0 -1
    outer loop
      vertex 75.54 3 0
      vertex 63.0826 27.2465 0
      vertex 63.2229 27.9521 0
    endloop
  endfacet
  facet normal 0 0 -1
    outer loop
      vertex 75.54 3 0
      vertex 62.8513 26.5652 0
      vertex 63.0826 27.2465 0
    endloop
  endfacet
  facet normal 0 0 -1
    outer loop
      vertex 64.22 10 0
      vertex 62.5331 25.92 0
      vertex 62.8513 26.5652 0
    endloop
  endfacet
  facet normal 0 0 -1
    outer loop
      vertex 64.22 10 0
      vertex 62.1334 25.3218 0
      vertex 62.5331 25.92 0
    endloop
  endfacet
  facet normal 0 0 -1
    outer loop
      vertex 64.22 10 0
      vertex 61.6591 24.7809 0
      vertex 62.1334 25.3218 0
    endloop
  endfacet
  facet normal 0 0 -1
    outer loop
      vertex 64.22 10 0
      vertex 61.1182 24.3066 0
      vertex 61.6591 24.7809 0
    endloop
  endfacet
  facet normal 0 0 -1
    outer loop
      vertex 60.52 23.9069 0
      vertex 64.22 10 0
      vertex 61.02 10 0
    endloop
  endfacet
  facet normal 0 0 -1
    outer loop
      vertex 64.22 10 0
      vertex 60.52 23.9069 0
      vertex 61.1182 24.3066 0
    endloop
  endfacet
  facet normal 0 0 -1
    outer loop
      vertex 72.54 0 0
      vertex 75.54 3 0
      vertex 75.5143 2.60842 0
    endloop
  endfacet
  facet normal 0 0 -1
    outer loop
      vertex 62.8513 26.5652 0
      vertex 75.54 3 0
      vertex 64.22 10 0
    endloop
  endfacet
  facet normal 0 0 -1
    outer loop
      vertex 72.54 0 0
      vertex 75.5143 2.60842 0
      vertex 75.4378 2.22354 0
    endloop
  endfacet
  facet normal 0 0 -1
    outer loop
      vertex 63.2229 29.3879 0
      vertex 75.54 3 0
      vertex 63.27 28.67 0
    endloop
  endfacet
  facet normal 0 0 -1
    outer loop
      vertex 72.54 0 0
      vertex 75.4378 2.22354 0
      vertex 75.3116 1.85195 0
    endloop
  endfacet
  facet normal 0 -0 -1
    outer loop
      vertex 72.54 105.34 0
      vertex 75.54 102.34 0
      vertex 64.22 95.34 0
    endloop
  endfacet
  facet normal 0 0 -1
    outer loop
      vertex 72.54 0 0
      vertex 75.3116 1.85195 0
      vertex 75.1381 1.5 0
    endloop
  endfacet
  facet normal 0 0 -1
    outer loop
      vertex 75.54 102.34 0
      vertex 72.54 105.34 0
      vertex 75.5143 102.732 0
    endloop
  endfacet
  facet normal 0 0 -1
    outer loop
      vertex 72.54 0 0
      vertex 75.1381 1.5 0
      vertex 74.9201 1.17372 0
    endloop
  endfacet
  facet normal 0 0 -1
    outer loop
      vertex 75.5143 102.732 0
      vertex 72.54 105.34 0
      vertex 75.4378 103.116 0
    endloop
  endfacet
  facet normal 0 0 -1
    outer loop
      vertex 72.54 0 0
      vertex 74.9201 1.17372 0
      vertex 74.6613 0.878679 0
    endloop
  endfacet
  facet normal 0 0 -1
    outer loop
      vertex 75.4378 103.116 0
      vertex 72.54 105.34 0
      vertex 75.3116 103.488 0
    endloop
  endfacet
  facet normal 0 0 -1
    outer loop
      vertex 72.54 0 0
      vertex 74.6613 0.878679 0
      vertex 74.3663 0.61994 0
    endloop
  endfacet
  facet normal 0 0 -1
    outer loop
      vertex 75.3116 103.488 0
      vertex 72.54 105.34 0
      vertex 75.1381 103.84 0
    endloop
  endfacet
  facet normal 0 0 -1
    outer loop
      vertex 72.54 0 0
      vertex 74.3663 0.61994 0
      vertex 74.04 0.401923 0
    endloop
  endfacet
  facet normal 0 0 -1
    outer loop
      vertex 75.1381 103.84 0
      vertex 72.54 105.34 0
      vertex 74.9201 104.166 0
    endloop
  endfacet
  facet normal 0 0 -1
    outer loop
      vertex 72.54 0 0
      vertex 74.04 0.401923 0
      vertex 73.688 0.228361 0
    endloop
  endfacet
  facet normal 0 0 -1
    outer loop
      vertex 74.9201 104.166 0
      vertex 72.54 105.34 0
      vertex 74.6613 104.461 0
    endloop
  endfacet
  facet normal 0 0 -1
    outer loop
      vertex 72.54 0 0
      vertex 73.688 0.228361 0
      vertex 73.3165 0.102222 0
    endloop
  endfacet
  facet normal 0 0 -1
    outer loop
      vertex 74.6613 104.461 0
      vertex 72.54 105.34 0
      vertex 74.3663 104.72 0
    endloop
  endfacet
  facet normal 0 0 -1
    outer loop
      vertex 72.54 0 0
      vertex 73.3165 0.102222 0
      vertex 72.9316 0.0256653 0
    endloop
  endfacet
  facet normal 0 0 -1
    outer loop
      vertex 74.3663 104.72 0
      vertex 72.54 105.34 0
      vertex 74.04 104.938 0
    endloop
  endfacet
  facet normal -0 0 -1
    outer loop
      vertex 75.54 3 0
      vertex 72.54 0 0
      vertex 64.22 10 0
    endloop
  endfacet
  facet normal 0 0 -1
    outer loop
      vertex 74.04 104.938 0
      vertex 72.54 105.34 0
      vertex 73.688 105.112 0
    endloop
  endfacet
  facet normal 0 0 -1
    outer loop
      vertex 64.22 10 0
      vertex 72.54 0 0
      vertex 64.22 0 0
    endloop
  endfacet
  facet normal 0 0 -1
    outer loop
      vertex 73.688 105.112 0
      vertex 72.54 105.34 0
      vertex 73.3165 105.238 0
    endloop
  endfacet
  facet normal 0 0 -1
    outer loop
      vertex 73.3165 105.238 0
      vertex 72.54 105.34 0
      vertex 72.9316 105.314 0
    endloop
  endfacet
  facet normal -0 0 -1
    outer loop
      vertex 72.54 105.34 0
      vertex 64.22 95.34 0
      vertex 64.22 105.34 0
    endloop
  endfacet
  facet normal 0 0 -1
    outer loop
      vertex 63.2229 53.3879 0
      vertex 75.54 102.34 0
      vertex 63.27 52.67 0
    endloop
  endfacet
  facet normal 0 0 -1
    outer loop
      vertex 63.2229 77.3879 0
      vertex 75.54 102.34 0
      vertex 63.27 76.67 0
    endloop
  endfacet
  facet normal 0 0 -1
    outer loop
      vertex 63.0826 78.0935 0
      vertex 75.54 102.34 0
      vertex 63.2229 77.3879 0
    endloop
  endfacet
  facet normal 0 0 -1
    outer loop
      vertex 62.8513 78.7748 0
      vertex 75.54 102.34 0
      vertex 63.0826 78.0935 0
    endloop
  endfacet
  facet normal 0 0 -1
    outer loop
      vertex 75.54 102.34 0
      vertex 62.8513 78.7748 0
      vertex 64.22 95.34 0
    endloop
  endfacet
  facet normal 0 0 -1
    outer loop
      vertex 62.5331 79.42 0
      vertex 64.22 95.34 0
      vertex 62.8513 78.7748 0
    endloop
  endfacet
  facet normal 0 0 -1
    outer loop
      vertex 62.1334 80.0182 0
      vertex 64.22 95.34 0
      vertex 62.5331 79.42 0
    endloop
  endfacet
  facet normal 0 0 -1
    outer loop
      vertex 61.6591 80.5591 0
      vertex 64.22 95.34 0
      vertex 62.1334 80.0182 0
    endloop
  endfacet
  facet normal 0 0 -1
    outer loop
      vertex 61.1182 81.0334 0
      vertex 64.22 95.34 0
      vertex 61.6591 80.5591 0
    endloop
  endfacet
  facet normal 0 0 -1
    outer loop
      vertex 60.52 81.4331 0
      vertex 64.22 95.34 0
      vertex 61.1182 81.0334 0
    endloop
  endfacet
  facet normal 0 0 -1
    outer loop
      vertex 59.8748 81.7513 0
      vertex 64.22 95.34 0
      vertex 60.52 81.4331 0
    endloop
  endfacet
  facet normal -0 0 -1
    outer loop
      vertex 64.22 95.34 0
      vertex 59.8748 81.7513 0
      vertex 61.02 95.34 0
    endloop
  endfacet
  facet normal 0 0 -1
    outer loop
      vertex 59.1935 81.9826 0
      vertex 61.02 95.34 0
      vertex 59.8748 81.7513 0
    endloop
  endfacet
  facet normal 0 0 -1
    outer loop
      vertex 58.4879 82.1229 0
      vertex 61.02 95.34 0
      vertex 59.1935 81.9826 0
    endloop
  endfacet
  facet normal 0 0 -1
    outer loop
      vertex 57.77 82.17 0
      vertex 61.02 95.34 0
      vertex 58.4879 82.1229 0
    endloop
  endfacet
  facet normal 0 0 -1
    outer loop
      vertex 57.0521 82.1229 0
      vertex 61.02 95.34 0
      vertex 57.77 82.17 0
    endloop
  endfacet
  facet normal 0 0 -1
    outer loop
      vertex 56.3465 81.9826 0
      vertex 61.02 95.34 0
      vertex 57.0521 82.1229 0
    endloop
  endfacet
  facet normal 0 0 -1
    outer loop
      vertex 55.6652 81.7513 0
      vertex 61.02 95.34 0
      vertex 56.3465 81.9826 0
    endloop
  endfacet
  facet normal 0 0 -1
    outer loop
      vertex 55.02 81.4331 0
      vertex 61.02 95.34 0
      vertex 55.6652 81.7513 0
    endloop
  endfacet
  facet normal 0 0 -1
    outer loop
      vertex 40.52 81.4331 0
      vertex 61.02 95.34 0
      vertex 55.02 81.4331 0
    endloop
  endfacet
  facet normal 0 0 -1
    outer loop
      vertex 40.52 81.4331 0
      vertex 55.02 81.4331 0
      vertex 54.4218 81.0334 0
    endloop
  endfacet
  facet normal 0 0 -1
    outer loop
      vertex 41.1182 81.0334 0
      vertex 54.4218 81.0334 0
      vertex 53.8809 80.5591 0
    endloop
  endfacet
  facet normal 0 0 -1
    outer loop
      vertex 41.6591 80.5591 0
      vertex 53.8809 80.5591 0
      vertex 53.4066 80.0182 0
    endloop
  endfacet
  facet normal 0 0 -1
    outer loop
      vertex 42.1334 80.0182 0
      vertex 53.4066 80.0182 0
      vertex 53.0069 79.42 0
    endloop
  endfacet
  facet normal 0 0 -1
    outer loop
      vertex 42.5331 79.42 0
      vertex 53.0069 79.42 0
      vertex 52.6887 78.7748 0
    endloop
  endfacet
  facet normal 0 0 -1
    outer loop
      vertex 42.8513 78.7748 0
      vertex 52.6887 78.7748 0
      vertex 52.4574 78.0935 0
    endloop
  endfacet
  facet normal 0 0 -1
    outer loop
      vertex 43.2229 53.3879 0
      vertex 52.27 52.67 0
      vertex 43.27 52.67 0
    endloop
  endfacet
  facet normal 0 0 -1
    outer loop
      vertex 52.4574 75.2465 0
      vertex 43.27 76.67 0
      vertex 52.3171 75.9521 0
    endloop
  endfacet
  facet normal 0 0 -1
    outer loop
      vertex 52.27 76.67 0
      vertex 43.27 76.67 0
      vertex 52.3171 77.3879 0
    endloop
  endfacet
  facet normal 0 0 -1
    outer loop
      vertex 43.2229 77.3879 0
      vertex 52.3171 77.3879 0
      vertex 43.27 76.67 0
    endloop
  endfacet
  facet normal 0 0 -1
    outer loop
      vertex 52.3171 77.3879 0
      vertex 43.2229 77.3879 0
      vertex 52.4574 78.0935 0
    endloop
  endfacet
  facet normal 0 0 -1
    outer loop
      vertex 43.0826 78.0935 0
      vertex 52.4574 78.0935 0
      vertex 43.2229 77.3879 0
    endloop
  endfacet
  facet normal 0 0 -1
    outer loop
      vertex 42.8513 78.7748 0
      vertex 52.4574 78.0935 0
      vertex 43.0826 78.0935 0
    endloop
  endfacet
  facet normal 0 0 -1
    outer loop
      vertex 52.6887 78.7748 0
      vertex 42.8513 78.7748 0
      vertex 42.5331 79.42 0
    endloop
  endfacet
  facet normal 0 0 -1
    outer loop
      vertex 53.0069 79.42 0
      vertex 42.5331 79.42 0
      vertex 42.1334 80.0182 0
    endloop
  endfacet
  facet normal 0 0 -1
    outer loop
      vertex 53.4066 80.0182 0
      vertex 42.1334 80.0182 0
      vertex 41.6591 80.5591 0
    endloop
  endfacet
  facet normal 0 0 -1
    outer loop
      vertex 53.8809 80.5591 0
      vertex 41.6591 80.5591 0
      vertex 41.1182 81.0334 0
    endloop
  endfacet
  facet normal 0 0 -1
    outer loop
      vertex 54.4218 81.0334 0
      vertex 41.1182 81.0334 0
      vertex 40.52 81.4331 0
    endloop
  endfacet
  facet normal 0 0 -1
    outer loop
      vertex 39.8748 81.7513 0
      vertex 61.02 95.34 0
      vertex 40.52 81.4331 0
    endloop
  endfacet
  facet normal 0 0 -1
    outer loop
      vertex 39.1935 81.9826 0
      vertex 61.02 95.34 0
      vertex 39.8748 81.7513 0
    endloop
  endfacet
  facet normal -0 0 -1
    outer loop
      vertex 61.02 95.34 0
      vertex 39.1935 81.9826 0
      vertex 61.02 105.34 0
    endloop
  endfacet
  facet normal 0 0 -1
    outer loop
      vertex 38.4879 82.1229 0
      vertex 61.02 105.34 0
      vertex 39.1935 81.9826 0
    endloop
  endfacet
  facet normal 0 0 -1
    outer loop
      vertex 37.77 82.17 0
      vertex 61.02 105.34 0
      vertex 38.4879 82.1229 0
    endloop
  endfacet
  facet normal 0 0 -1
    outer loop
      vertex 14.52 105.34 0
      vertex 37.77 82.17 0
      vertex 37.0521 82.1229 0
    endloop
  endfacet
  facet normal 0 0 -1
    outer loop
      vertex 14.52 105.34 0
      vertex 37.0521 82.1229 0
      vertex 36.3465 81.9826 0
    endloop
  endfacet
  facet normal 0 0 -1
    outer loop
      vertex 14.52 95.34 0
      vertex 36.3465 81.9826 0
      vertex 35.6652 81.7513 0
    endloop
  endfacet
  facet normal 0 0 -1
    outer loop
      vertex 14.52 95.34 0
      vertex 35.6652 81.7513 0
      vertex 35.02 81.4331 0
    endloop
  endfacet
  facet normal 0 0 -1
    outer loop
      vertex 20.52 81.4331 0
      vertex 35.02 81.4331 0
      vertex 34.4218 81.0334 0
    endloop
  endfacet
  facet normal 0 0 -1
    outer loop
      vertex 21.1182 81.0334 0
      vertex 34.4218 81.0334 0
      vertex 33.8809 80.5591 0
    endloop
  endfacet
  facet normal 0 0 -1
    outer loop
      vertex 23.2229 53.3879 0
      vertex 32.27 52.67 0
      vertex 23.27 52.67 0
    endloop
  endfacet
  facet normal 0 0 -1
    outer loop
      vertex 32.4574 75.2465 0
      vertex 23.27 76.67 0
      vertex 32.3171 75.9521 0
    endloop
  endfacet
  facet normal 0 0 -1
    outer loop
      vertex 32.27 76.67 0
      vertex 23.27 76.67 0
      vertex 32.3171 77.3879 0
    endloop
  endfacet
  facet normal 0 0 -1
    outer loop
      vertex 23.2229 77.3879 0
      vertex 32.3171 77.3879 0
      vertex 23.27 76.67 0
    endloop
  endfacet
  facet normal 0 0 -1
    outer loop
      vertex 32.3171 77.3879 0
      vertex 23.2229 77.3879 0
      vertex 32.4574 78.0935 0
    endloop
  endfacet
  facet normal 0 0 -1
    outer loop
      vertex 23.0826 78.0935 0
      vertex 32.4574 78.0935 0
      vertex 23.2229 77.3879 0
    endloop
  endfacet
  facet normal 0 0 -1
    outer loop
      vertex 32.4574 78.0935 0
      vertex 23.0826 78.0935 0
      vertex 32.6887 78.7748 0
    endloop
  endfacet
  facet normal 0 0 -1
    outer loop
      vertex 22.8513 78.7748 0
      vertex 32.6887 78.7748 0
      vertex 23.0826 78.0935 0
    endloop
  endfacet
  facet normal 0 0 -1
    outer loop
      vertex 32.6887 78.7748 0
      vertex 22.8513 78.7748 0
      vertex 33.0069 79.42 0
    endloop
  endfacet
  facet normal 0 0 -1
    outer loop
      vertex 22.5331 79.42 0
      vertex 33.0069 79.42 0
      vertex 22.8513 78.7748 0
    endloop
  endfacet
  facet normal 0 0 -1
    outer loop
      vertex 33.0069 79.42 0
      vertex 22.5331 79.42 0
      vertex 33.4066 80.0182 0
    endloop
  endfacet
  facet normal 0 0 -1
    outer loop
      vertex 22.1334 80.0182 0
      vertex 33.4066 80.0182 0
      vertex 22.5331 79.42 0
    endloop
  endfacet
  facet normal 0 0 -1
    outer loop
      vertex 33.4066 80.0182 0
      vertex 22.1334 80.0182 0
      vertex 33.8809 80.5591 0
    endloop
  endfacet
  facet normal 0 0 -1
    outer loop
      vertex 21.6591 80.5591 0
      vertex 33.8809 80.5591 0
      vertex 22.1334 80.0182 0
    endloop
  endfacet
  facet normal 0 0 -1
    outer loop
      vertex 21.1182 81.0334 0
      vertex 33.8809 80.5591 0
      vertex 21.6591 80.5591 0
    endloop
  endfacet
  facet normal 0 0 -1
    outer loop
      vertex 34.4218 81.0334 0
      vertex 21.1182 81.0334 0
      vertex 20.52 81.4331 0
    endloop
  endfacet
  facet normal 0 0 -1
    outer loop
      vertex 35.02 81.4331 0
      vertex 20.52 81.4331 0
      vertex 14.52 95.34 0
    endloop
  endfacet
  facet normal 0 0 -1
    outer loop
      vertex 14.52 95.34 0
      vertex 20.52 81.4331 0
      vertex 19.8748 81.7513 0
    endloop
  endfacet
  facet normal 0 0 -1
    outer loop
      vertex 14.52 95.34 0
      vertex 19.8748 81.7513 0
      vertex 19.1935 81.9826 0
    endloop
  endfacet
  facet normal 0 0 -1
    outer loop
      vertex 14.52 95.34 0
      vertex 19.1935 81.9826 0
      vertex 18.4879 82.1229 0
    endloop
  endfacet
  facet normal 0 0 -1
    outer loop
      vertex 14.52 95.34 0
      vertex 18.4879 82.1229 0
      vertex 17.77 82.17 0
    endloop
  endfacet
  facet normal 0 0 -1
    outer loop
      vertex 14.52 95.34 0
      vertex 17.77 82.17 0
      vertex 17.0521 82.1229 0
    endloop
  endfacet
  facet normal 0 0 -1
    outer loop
      vertex 14.52 95.34 0
      vertex 17.0521 82.1229 0
      vertex 16.3465 81.9826 0
    endloop
  endfacet
  facet normal 0 0 -1
    outer loop
      vertex 14.52 95.34 0
      vertex 16.3465 81.9826 0
      vertex 15.6652 81.7513 0
    endloop
  endfacet
  facet normal 0 0 -1
    outer loop
      vertex 14.52 95.34 0
      vertex 15.6652 81.7513 0
      vertex 15.02 81.4331 0
    endloop
  endfacet
  facet normal 0 0 -1
    outer loop
      vertex 36.3465 81.9826 0
      vertex 14.52 95.34 0
      vertex 14.52 105.34 0
    endloop
  endfacet
  facet normal 0 0 -1
    outer loop
      vertex 37.77 82.17 0
      vertex 14.52 105.34 0
      vertex 61.02 105.34 0
    endloop
  endfacet
  facet normal 0 0 -1
    outer loop
      vertex 41.6591 48.7809 0
      vertex 39.3452 38.3225 0
      vertex 41.1182 48.3066 0
    endloop
  endfacet
  facet normal 0 0 -1
    outer loop
      vertex 39.2466 38.5225 0
      vertex 41.1182 48.3066 0
      vertex 39.3452 38.3225 0
    endloop
  endfacet
  facet normal 0 0 -1
    outer loop
      vertex 39.1227 38.7079 0
      vertex 41.1182 48.3066 0
      vertex 39.2466 38.5225 0
    endloop
  endfacet
  facet normal 0 0 -1
    outer loop
      vertex 41.1182 48.3066 0
      vertex 39.1227 38.7079 0
      vertex 40.52 47.9069 0
    endloop
  endfacet
  facet normal 0 0 -1
    outer loop
      vertex 38.9756 38.8756 0
      vertex 40.52 47.9069 0
      vertex 39.1227 38.7079 0
    endloop
  endfacet
  facet normal 0 0 -1
    outer loop
      vertex 40.52 47.9069 0
      vertex 38.9756 38.8756 0
      vertex 39.8748 47.5887 0
    endloop
  endfacet
  facet normal 0 0 -1
    outer loop
      vertex 38.8079 39.0227 0
      vertex 39.8748 47.5887 0
      vertex 38.9756 38.8756 0
    endloop
  endfacet
  facet normal 0 0 -1
    outer loop
      vertex 38.6225 39.1466 0
      vertex 39.8748 47.5887 0
      vertex 38.8079 39.0227 0
    endloop
  endfacet
  facet normal 0 0 -1
    outer loop
      vertex 39.8748 47.5887 0
      vertex 38.6225 39.1466 0
      vertex 39.1935 47.3574 0
    endloop
  endfacet
  facet normal 0 0 -1
    outer loop
      vertex 38.4225 39.2452 0
      vertex 39.1935 47.3574 0
      vertex 38.6225 39.1466 0
    endloop
  endfacet
  facet normal 0 0 -1
    outer loop
      vertex 39.1935 47.3574 0
      vertex 38.4225 39.2452 0
      vertex 38.4879 47.2171 0
    endloop
  endfacet
  facet normal 0 0 -1
    outer loop
      vertex 38.2113 39.3169 0
      vertex 38.4879 47.2171 0
      vertex 38.4225 39.2452 0
    endloop
  endfacet
  facet normal 0 0 -1
    outer loop
      vertex 37.9925 39.3604 0
      vertex 38.4879 47.2171 0
      vertex 38.2113 39.3169 0
    endloop
  endfacet
  facet normal 0 0 -1
    outer loop
      vertex 37.77 47.17 0
      vertex 37.9925 39.3604 0
      vertex 37.77 39.375 0
    endloop
  endfacet
  facet normal 0 0 -1
    outer loop
      vertex 37.9925 39.3604 0
      vertex 37.77 47.17 0
      vertex 38.4879 47.2171 0
    endloop
  endfacet
  facet normal 0 0 -1
    outer loop
      vertex 37.5475 39.3604 0
      vertex 37.77 47.17 0
      vertex 37.77 39.375 0
    endloop
  endfacet
  facet normal 0 0 -1
    outer loop
      vertex 37.0521 47.2171 0
      vertex 37.5475 39.3604 0
      vertex 37.3287 39.3169 0
    endloop
  endfacet
  facet normal 0 0 -1
    outer loop
      vertex 37.0521 47.2171 0
      vertex 37.3287 39.3169 0
      vertex 37.1175 39.2452 0
    endloop
  endfacet
  facet normal 0 0 -1
    outer loop
      vertex 37.5475 39.3604 0
      vertex 37.0521 47.2171 0
      vertex 37.77 47.17 0
    endloop
  endfacet
  facet normal 0 0 -1
    outer loop
      vertex 36.3465 47.3574 0
      vertex 37.1175 39.2452 0
      vertex 36.9175 39.1466 0
    endloop
  endfacet
  facet normal 0 0 -1
    outer loop
      vertex 35.6652 47.5887 0
      vertex 36.9175 39.1466 0
      vertex 36.7321 39.0227 0
    endloop
  endfacet
  facet normal 0 0 -1
    outer loop
      vertex 35.6652 47.5887 0
      vertex 36.7321 39.0227 0
      vertex 36.5644 38.8756 0
    endloop
  endfacet
  facet normal 0 0 -1
    outer loop
      vertex 35.02 47.9069 0
      vertex 36.5644 38.8756 0
      vertex 36.4173 38.7079 0
    endloop
  endfacet
  facet normal 0 0 -1
    outer loop
      vertex 37.1175 39.2452 0
      vertex 36.3465 47.3574 0
      vertex 37.0521 47.2171 0
    endloop
  endfacet
  facet normal 0 0 -1
    outer loop
      vertex 34.4218 48.3066 0
      vertex 36.4173 38.7079 0
      vertex 36.2934 38.5225 0
    endloop
  endfacet
  facet normal 0 0 -1
    outer loop
      vertex 34.4218 48.3066 0
      vertex 36.2934 38.5225 0
      vertex 36.1948 38.3225 0
    endloop
  endfacet
  facet normal 0 0 -1
    outer loop
      vertex 33.8809 48.7809 0
      vertex 36.1948 38.3225 0
      vertex 36.1231 38.1113 0
    endloop
  endfacet
  facet normal 0 0 -1
    outer loop
      vertex 33.0069 31.42 0
      vertex 22.5331 31.42 0
      vertex 33.4066 32.0182 0
    endloop
  endfacet
  facet normal 0 0 -1
    outer loop
      vertex 33.8809 32.5591 0
      vertex 36.0796 37.8925 0
      vertex 36.065 37.67 0
    endloop
  endfacet
  facet normal -0 0 -1
    outer loop
      vertex 36.1231 37.2287 0
      vertex 34.4218 33.0334 0
      vertex 36.0796 37.4475 0
    endloop
  endfacet
  facet normal 0 0 -1
    outer loop
      vertex 36.9175 39.1466 0
      vertex 35.6652 47.5887 0
      vertex 36.3465 47.3574 0
    endloop
  endfacet
  facet normal 0 0 -1
    outer loop
      vertex 33.8809 32.5591 0
      vertex 36.0796 37.4475 0
      vertex 34.4218 33.0334 0
    endloop
  endfacet
  facet normal 0 0 -1
    outer loop
      vertex 36.5644 38.8756 0
      vertex 35.02 47.9069 0
      vertex 35.6652 47.5887 0
    endloop
  endfacet
  facet normal -0 0 -1
    outer loop
      vertex 36.0796 37.4475 0
      vertex 33.8809 32.5591 0
      vertex 36.065 37.67 0
    endloop
  endfacet
  facet normal 0 0 -1
    outer loop
      vertex 36.4173 38.7079 0
      vertex 34.4218 48.3066 0
      vertex 35.02 47.9069 0
    endloop
  endfacet
  facet normal 0 0 -1
    outer loop
      vertex 22.5331 31.42 0
      vertex 33.0069 31.42 0
      vertex 22.8513 30.7748 0
    endloop
  endfacet
  facet normal 0 0 -1
    outer loop
      vertex 36.1948 38.3225 0
      vertex 33.8809 48.7809 0
      vertex 34.4218 48.3066 0
    endloop
  endfacet
  facet normal 0 0 -1
    outer loop
      vertex 32.6887 30.7748 0
      vertex 22.8513 30.7748 0
      vertex 33.0069 31.42 0
    endloop
  endfacet
  facet normal 0 0 -1
    outer loop
      vertex 23.27 52.67 0
      vertex 33.8809 48.7809 0
      vertex 36.1231 38.1113 0
    endloop
  endfacet
  facet normal 0 0 -1
    outer loop
      vertex 22.8513 30.7748 0
      vertex 32.6887 30.7748 0
      vertex 23.0826 30.0935 0
    endloop
  endfacet
  facet normal 0 0 -1
    outer loop
      vertex 33.8809 48.7809 0
      vertex 23.27 52.67 0
      vertex 33.4066 49.3218 0
    endloop
  endfacet
  facet normal 0 0 -1
    outer loop
      vertex 32.4574 30.0935 0
      vertex 23.0826 30.0935 0
      vertex 32.6887 30.7748 0
    endloop
  endfacet
  facet normal 0 0 -1
    outer loop
      vertex 33.4066 49.3218 0
      vertex 23.27 52.67 0
      vertex 33.0069 49.92 0
    endloop
  endfacet
  facet normal 0 0 -1
    outer loop
      vertex 23.0826 30.0935 0
      vertex 32.4574 30.0935 0
      vertex 23.2229 29.3879 0
    endloop
  endfacet
  facet normal 0 0 -1
    outer loop
      vertex 33.0069 49.92 0
      vertex 23.27 52.67 0
      vertex 32.6887 50.5652 0
    endloop
  endfacet
  facet normal 0 0 -1
    outer loop
      vertex 23.2229 29.3879 0
      vertex 32.4574 30.0935 0
      vertex 32.3171 29.3879 0
    endloop
  endfacet
  facet normal 0 0 -1
    outer loop
      vertex 32.6887 50.5652 0
      vertex 23.27 52.67 0
      vertex 32.4574 51.2465 0
    endloop
  endfacet
  facet normal 0 0 -1
    outer loop
      vertex 23.2229 29.3879 0
      vertex 32.3171 29.3879 0
      vertex 32.27 28.67 0
    endloop
  endfacet
  facet normal 0 0 -1
    outer loop
      vertex 32.4574 51.2465 0
      vertex 23.27 52.67 0
      vertex 32.3171 51.9521 0
    endloop
  endfacet
  facet normal 0 0 -1
    outer loop
      vertex 41.1182 72.3066 0
      vertex 39.4169 68.1113 0
      vertex 40.52 71.9069 0
    endloop
  endfacet
  facet normal 0 0 -1
    outer loop
      vertex 39.3452 68.3225 0
      vertex 40.52 71.9069 0
      vertex 39.4169 68.1113 0
    endloop
  endfacet
  facet normal 0 0 -1
    outer loop
      vertex 39.2466 68.5225 0
      vertex 40.52 71.9069 0
      vertex 39.3452 68.3225 0
    endloop
  endfacet
  facet normal 0 0 -1
    outer loop
      vertex 40.52 71.9069 0
      vertex 39.2466 68.5225 0
      vertex 39.8748 71.5887 0
    endloop
  endfacet
  facet normal 0 0 -1
    outer loop
      vertex 39.1227 68.7079 0
      vertex 39.8748 71.5887 0
      vertex 39.2466 68.5225 0
    endloop
  endfacet
  facet normal 0 0 -1
    outer loop
      vertex 38.9756 68.8756 0
      vertex 39.8748 71.5887 0
      vertex 39.1227 68.7079 0
    endloop
  endfacet
  facet normal 0 0 -1
    outer loop
      vertex 39.8748 71.5887 0
      vertex 38.9756 68.8756 0
      vertex 39.1935 71.3574 0
    endloop
  endfacet
  facet normal 0 0 -1
    outer loop
      vertex 38.8079 69.0227 0
      vertex 39.1935 71.3574 0
      vertex 38.9756 68.8756 0
    endloop
  endfacet
  facet normal 0 0 -1
    outer loop
      vertex 38.6225 69.1466 0
      vertex 39.1935 71.3574 0
      vertex 38.8079 69.0227 0
    endloop
  endfacet
  facet normal 0 0 -1
    outer loop
      vertex 38.6225 69.1466 0
      vertex 38.4879 71.2171 0
      vertex 39.1935 71.3574 0
    endloop
  endfacet
  facet normal 0 0 -1
    outer loop
      vertex 38.4225 69.2452 0
      vertex 38.4879 71.2171 0
      vertex 38.6225 69.1466 0
    endloop
  endfacet
  facet normal 0 0 -1
    outer loop
      vertex 38.2113 69.3169 0
      vertex 38.4879 71.2171 0
      vertex 38.4225 69.2452 0
    endloop
  endfacet
  facet normal 0 0 -1
    outer loop
      vertex 37.9925 69.3604 0
      vertex 38.4879 71.2171 0
      vertex 38.2113 69.3169 0
    endloop
  endfacet
  facet normal 0 0 -1
    outer loop
      vertex 37.77 71.17 0
      vertex 37.9925 69.3604 0
      vertex 37.77 69.375 0
    endloop
  endfacet
  facet normal 0 0 -1
    outer loop
      vertex 37.9925 69.3604 0
      vertex 37.77 71.17 0
      vertex 38.4879 71.2171 0
    endloop
  endfacet
  facet normal 0 0 -1
    outer loop
      vertex 37.5475 69.3604 0
      vertex 37.77 71.17 0
      vertex 37.77 69.375 0
    endloop
  endfacet
  facet normal 0 0 -1
    outer loop
      vertex 37.0521 71.2171 0
      vertex 37.5475 69.3604 0
      vertex 37.3287 69.3169 0
    endloop
  endfacet
  facet normal 0 0 -1
    outer loop
      vertex 37.0521 71.2171 0
      vertex 37.3287 69.3169 0
      vertex 37.1175 69.2452 0
    endloop
  endfacet
  facet normal 0 0 -1
    outer loop
      vertex 37.5475 69.3604 0
      vertex 37.0521 71.2171 0
      vertex 37.77 71.17 0
    endloop
  endfacet
  facet normal 0 0 -1
    outer loop
      vertex 36.9175 69.1466 0
      vertex 37.0521 71.2171 0
      vertex 37.1175 69.2452 0
    endloop
  endfacet
  facet normal 0 0 -1
    outer loop
      vertex 36.3465 71.3574 0
      vertex 36.9175 69.1466 0
      vertex 36.7321 69.0227 0
    endloop
  endfacet
  facet normal 0 0 -1
    outer loop
      vertex 36.3465 71.3574 0
      vertex 36.7321 69.0227 0
      vertex 36.5644 68.8756 0
    endloop
  endfacet
  facet normal 0 0 -1
    outer loop
      vertex 35.6652 71.5887 0
      vertex 36.5644 68.8756 0
      vertex 36.4173 68.7079 0
    endloop
  endfacet
  facet normal 0 0 -1
    outer loop
      vertex 36.9175 69.1466 0
      vertex 36.3465 71.3574 0
      vertex 37.0521 71.2171 0
    endloop
  endfacet
  facet normal 0 0 -1
    outer loop
      vertex 35.6652 71.5887 0
      vertex 36.4173 68.7079 0
      vertex 36.2934 68.5225 0
    endloop
  endfacet
  facet normal 0 0 -1
    outer loop
      vertex 35.02 71.9069 0
      vertex 36.2934 68.5225 0
      vertex 36.1948 68.3225 0
    endloop
  endfacet
  facet normal 0 0 -1
    outer loop
      vertex 35.02 71.9069 0
      vertex 36.1948 68.3225 0
      vertex 36.1231 68.1113 0
    endloop
  endfacet
  facet normal 0 0 -1
    outer loop
      vertex 34.4218 72.3066 0
      vertex 36.1231 68.1113 0
      vertex 36.0796 67.8925 0
    endloop
  endfacet
  facet normal 0 0 -1
    outer loop
      vertex 36.5644 68.8756 0
      vertex 35.6652 71.5887 0
      vertex 36.3465 71.3574 0
    endloop
  endfacet
  facet normal 0 0 -1
    outer loop
      vertex 33.8809 72.7809 0
      vertex 36.0796 67.8925 0
      vertex 36.065 67.67 0
    endloop
  endfacet
  facet normal 0 0 -1
    outer loop
      vertex 33.0069 55.42 0
      vertex 22.5331 55.42 0
      vertex 33.4066 56.0182 0
    endloop
  endfacet
  facet normal 0 0 -1
    outer loop
      vertex 32.6887 54.7748 0
      vertex 22.8513 54.7748 0
      vertex 33.0069 55.42 0
    endloop
  endfacet
  facet normal 0 0 -1
    outer loop
      vertex 36.2934 68.5225 0
      vertex 35.02 71.9069 0
      vertex 35.6652 71.5887 0
    endloop
  endfacet
  facet normal 0 0 -1
    outer loop
      vertex 22.5331 55.42 0
      vertex 33.0069 55.42 0
      vertex 22.8513 54.7748 0
    endloop
  endfacet
  facet normal 0 0 -1
    outer loop
      vertex 36.1231 68.1113 0
      vertex 34.4218 72.3066 0
      vertex 35.02 71.9069 0
    endloop
  endfacet
  facet normal 0 0 -1
    outer loop
      vertex 22.1334 56.0182 0
      vertex 33.4066 56.0182 0
      vertex 22.5331 55.42 0
    endloop
  endfacet
  facet normal 0 0 -1
    outer loop
      vertex 36.0796 67.8925 0
      vertex 33.8809 72.7809 0
      vertex 34.4218 72.3066 0
    endloop
  endfacet
  facet normal -0 -0 -1
    outer loop
      vertex 33.8809 72.7809 0
      vertex 36.0796 67.4475 0
      vertex 33.4066 73.3218 0
    endloop
  endfacet
  facet normal 0 0 -1
    outer loop
      vertex 36.0796 67.4475 0
      vertex 33.8809 72.7809 0
      vertex 36.065 67.67 0
    endloop
  endfacet
  facet normal 0 0 -1
    outer loop
      vertex 22.8513 54.7748 0
      vertex 32.6887 54.7748 0
      vertex 23.0826 54.0935 0
    endloop
  endfacet
  facet normal 0 0 -1
    outer loop
      vertex 33.4066 56.0182 0
      vertex 22.1334 56.0182 0
      vertex 33.8809 56.5591 0
    endloop
  endfacet
  facet normal 0 0 -1
    outer loop
      vertex 32.4574 54.0935 0
      vertex 23.0826 54.0935 0
      vertex 32.6887 54.7748 0
    endloop
  endfacet
  facet normal 0 0 -1
    outer loop
      vertex 36.0796 67.4475 0
      vertex 23.27 76.67 0
      vertex 33.4066 73.3218 0
    endloop
  endfacet
  facet normal 0 0 -1
    outer loop
      vertex 23.0826 54.0935 0
      vertex 32.4574 54.0935 0
      vertex 23.2229 53.3879 0
    endloop
  endfacet
  facet normal 0 0 -1
    outer loop
      vertex 33.4066 73.3218 0
      vertex 23.27 76.67 0
      vertex 33.0069 73.92 0
    endloop
  endfacet
  facet normal 0 0 -1
    outer loop
      vertex 23.2229 53.3879 0
      vertex 32.4574 54.0935 0
      vertex 32.3171 53.3879 0
    endloop
  endfacet
  facet normal 0 0 -1
    outer loop
      vertex 33.0069 73.92 0
      vertex 23.27 76.67 0
      vertex 32.6887 74.5652 0
    endloop
  endfacet
  facet normal 0 0 -1
    outer loop
      vertex 23.2229 53.3879 0
      vertex 32.3171 53.3879 0
      vertex 32.27 52.67 0
    endloop
  endfacet
  facet normal 0 0 -1
    outer loop
      vertex 32.6887 74.5652 0
      vertex 23.27 76.67 0
      vertex 32.4574 75.2465 0
    endloop
  endfacet
  facet normal 0.980728 0.195379 0
    outer loop
      vertex 75.5143 102.732 4.5
      vertex 75.4378 103.116 0
      vertex 75.4378 103.116 4.5
    endloop
  endfacet
  facet normal 0.980728 0.195379 0
    outer loop
      vertex 75.4378 103.116 0
      vertex 75.5143 102.732 4.5
      vertex 75.5143 102.732 0
    endloop
  endfacet
  facet normal 0 -1 0
    outer loop
      vertex 64.22 0 0
      vertex 72.54 0 4.5
      vertex 64.22 0 4.5
    endloop
  endfacet
  facet normal 0 -1 -0
    outer loop
      vertex 72.54 0 4.5
      vertex 64.22 0 0
      vertex 72.54 0 0
    endloop
  endfacet
  facet normal 0 -1 0
    outer loop
      vertex 3 0 0
      vertex 11.32 0 4.5
      vertex 3 0 4.5
    endloop
  endfacet
  facet normal 0 -1 -0
    outer loop
      vertex 11.32 0 4.5
      vertex 3 0 0
      vertex 11.32 0 0
    endloop
  endfacet
  facet normal 0 -1 0
    outer loop
      vertex 14.52 0 0
      vertex 61.02 0 4.5
      vertex 14.52 0 4.5
    endloop
  endfacet
  facet normal 0 -1 -0
    outer loop
      vertex 61.02 0 4.5
      vertex 14.52 0 0
      vertex 61.02 0 0
    endloop
  endfacet
  facet normal 0.896961 0.44211 0
    outer loop
      vertex 75.3116 103.488 4.5
      vertex 75.1381 103.84 0
      vertex 75.1381 103.84 4.5
    endloop
  endfacet
  facet normal 0.896961 0.44211 0
    outer loop
      vertex 75.1381 103.84 0
      vertex 75.3116 103.488 4.5
      vertex 75.3116 103.488 0
    endloop
  endfacet
  facet normal 0.555523 0.831501 -0
    outer loop
      vertex 74.3663 104.72 0
      vertex 74.04 104.938 4.5
      vertex 74.3663 104.72 4.5
    endloop
  endfacet
  facet normal 0.555523 0.831501 0
    outer loop
      vertex 74.04 104.938 4.5
      vertex 74.3663 104.72 0
      vertex 74.04 104.938 0
    endloop
  endfacet
  facet normal 0.443134 0.896455 -0
    outer loop
      vertex 74.04 104.938 0
      vertex 73.688 105.112 4.5
      vertex 74.04 104.938 4.5
    endloop
  endfacet
  facet normal 0.443134 0.896455 0
    outer loop
      vertex 73.688 105.112 4.5
      vertex 74.04 104.938 0
      vertex 73.688 105.112 0
    endloop
  endfacet
  facet normal 0.659766 0.751471 -0
    outer loop
      vertex 74.6613 104.461 0
      vertex 74.3663 104.72 4.5
      vertex 74.6613 104.461 4.5
    endloop
  endfacet
  facet normal 0.659766 0.751471 0
    outer loop
      vertex 74.3663 104.72 4.5
      vertex 74.6613 104.461 0
      vertex 74.3663 104.72 0
    endloop
  endfacet
  facet normal 0.751724 0.659478 0
    outer loop
      vertex 74.9201 104.166 4.5
      vertex 74.6613 104.461 0
      vertex 74.6613 104.461 4.5
    endloop
  endfacet
  facet normal 0.751724 0.659478 0
    outer loop
      vertex 74.6613 104.461 0
      vertex 74.9201 104.166 4.5
      vertex 74.9201 104.166 0
    endloop
  endfacet
  facet normal 0.94699 0.321264 0
    outer loop
      vertex 75.4378 103.116 4.5
      vertex 75.3116 103.488 0
      vertex 75.3116 103.488 4.5
    endloop
  endfacet
  facet normal 0.94699 0.321264 0
    outer loop
      vertex 75.3116 103.488 0
      vertex 75.4378 103.116 4.5
      vertex 75.4378 103.116 0
    endloop
  endfacet
  facet normal -0.443185 0.89643 0
    outer loop
      vertex 1.85195 105.112 0
      vertex 1.5 104.938 4.5
      vertex 1.85195 105.112 4.5
    endloop
  endfacet
  facet normal -0.443185 0.89643 0
    outer loop
      vertex 1.5 104.938 4.5
      vertex 1.85195 105.112 0
      vertex 1.5 104.938 0
    endloop
  endfacet
  facet normal -0.947037 0.321124 0
    outer loop
      vertex 0.102222 103.116 0
      vertex 0.228361 103.488 4.5
      vertex 0.228361 103.488 0
    endloop
  endfacet
  facet normal -0.947037 0.321124 0
    outer loop
      vertex 0.228361 103.488 4.5
      vertex 0.102222 103.116 0
      vertex 0.102222 103.116 4.5
    endloop
  endfacet
  facet normal 0.321194 0.947013 -0
    outer loop
      vertex 73.688 105.112 0
      vertex 73.3165 105.238 4.5
      vertex 73.688 105.112 4.5
    endloop
  endfacet
  facet normal 0.321194 0.947013 0
    outer loop
      vertex 73.3165 105.238 4.5
      vertex 73.688 105.112 0
      vertex 73.3165 105.238 0
    endloop
  endfacet
  facet normal 0.946882 -0.321582 0
    outer loop
      vertex 75.3116 1.85195 4.5
      vertex 75.4378 2.22354 0
      vertex 75.4378 2.22354 4.5
    endloop
  endfacet
  facet normal 0.946882 -0.321582 0
    outer loop
      vertex 75.4378 2.22354 0
      vertex 75.3116 1.85195 4.5
      vertex 75.3116 1.85195 0
    endloop
  endfacet
  facet normal 0.980813 -0.19495 0
    outer loop
      vertex 75.4378 2.22354 4.5
      vertex 75.5143 2.60842 0
      vertex 75.5143 2.60842 4.5
    endloop
  endfacet
  facet normal 0.980813 -0.19495 0
    outer loop
      vertex 75.5143 2.60842 0
      vertex 75.4378 2.22354 4.5
      vertex 75.4378 2.22354 0
    endloop
  endfacet
  facet normal 0.831265 0.555877 0
    outer loop
      vertex 75.1381 103.84 4.5
      vertex 74.9201 104.166 0
      vertex 74.9201 104.166 4.5
    endloop
  endfacet
  facet normal 0.831265 0.555877 0
    outer loop
      vertex 74.9201 104.166 0
      vertex 75.1381 103.84 4.5
      vertex 75.1381 103.84 0
    endloop
  endfacet
  facet normal -0.896898 0.442237 0
    outer loop
      vertex 0.228361 103.488 0
      vertex 0.401923 103.84 4.5
      vertex 0.401923 103.84 0
    endloop
  endfacet
  facet normal -0.896898 0.442237 0
    outer loop
      vertex 0.401923 103.84 4.5
      vertex 0.228361 103.488 0
      vertex 0.228361 103.488 4.5
    endloop
  endfacet
  facet normal -1 0 0
    outer loop
      vertex 0 3 0
      vertex 0 102.34 4.5
      vertex 0 102.34 0
    endloop
  endfacet
  facet normal -1 -0 0
    outer loop
      vertex 0 102.34 4.5
      vertex 0 3 0
      vertex 0 3 4.5
    endloop
  endfacet
  facet normal 0.0662484 0.997803 -0
    outer loop
      vertex 72.9316 105.314 0
      vertex 72.54 105.34 4.5
      vertex 72.9316 105.314 4.5
    endloop
  endfacet
  facet normal 0.0662484 0.997803 0
    outer loop
      vertex 72.54 105.34 4.5
      vertex 72.9316 105.314 0
      vertex 72.54 105.34 0
    endloop
  endfacet
  facet normal -0.751801 0.65939 0
    outer loop
      vertex 0.61994 104.166 0
      vertex 0.878679 104.461 4.5
      vertex 0.878679 104.461 0
    endloop
  endfacet
  facet normal -0.751801 0.65939 0
    outer loop
      vertex 0.878679 104.461 4.5
      vertex 0.61994 104.166 0
      vertex 0.61994 104.166 4.5
    endloop
  endfacet
  facet normal 0.321512 -0.946905 0
    outer loop
      vertex 73.3165 0.102222 0
      vertex 73.688 0.228361 4.5
      vertex 73.3165 0.102222 4.5
    endloop
  endfacet
  facet normal 0.321512 -0.946905 0
    outer loop
      vertex 73.688 0.228361 4.5
      vertex 73.3165 0.102222 0
      vertex 73.688 0.228361 0
    endloop
  endfacet
  facet normal 0.442237 -0.896898 0
    outer loop
      vertex 73.688 0.228361 0
      vertex 74.04 0.401923 4.5
      vertex 73.688 0.228361 4.5
    endloop
  endfacet
  facet normal 0.442237 -0.896898 0
    outer loop
      vertex 74.04 0.401923 4.5
      vertex 73.688 0.228361 0
      vertex 74.04 0.401923 0
    endloop
  endfacet
  facet normal 0.997858 0.0654208 0
    outer loop
      vertex 75.54 102.34 4.5
      vertex 75.5143 102.732 0
      vertex 75.5143 102.732 4.5
    endloop
  endfacet
  facet normal 0.997858 0.0654208 0
    outer loop
      vertex 75.5143 102.732 0
      vertex 75.54 102.34 4.5
      vertex 75.54 102.34 0
    endloop
  endfacet
  facet normal 0.195079 -0.980788 0
    outer loop
      vertex 72.9316 0.0256653 0
      vertex 73.3165 0.102222 4.5
      vertex 72.9316 0.0256653 4.5
    endloop
  endfacet
  facet normal 0.195079 -0.980788 0
    outer loop
      vertex 73.3165 0.102222 4.5
      vertex 72.9316 0.0256653 0
      vertex 73.3165 0.102222 0
    endloop
  endfacet
  facet normal 0.0653993 -0.997859 0
    outer loop
      vertex 72.54 0 0
      vertex 72.9316 0.0256653 4.5
      vertex 72.54 0 4.5
    endloop
  endfacet
  facet normal 0.0653993 -0.997859 0
    outer loop
      vertex 72.9316 0.0256653 4.5
      vertex 72.54 0 0
      vertex 72.9316 0.0256653 0
    endloop
  endfacet
  facet normal -0.997859 -0.0654026 0
    outer loop
      vertex 0.0256653 2.60842 0
      vertex 0 3 4.5
      vertex 0 3 0
    endloop
  endfacet
  facet normal -0.997859 -0.0654026 0
    outer loop
      vertex 0 3 4.5
      vertex 0.0256653 2.60842 0
      vertex 0.0256653 2.60842 4.5
    endloop
  endfacet
  facet normal -0.831245 0.555906 0
    outer loop
      vertex 0.401923 103.84 0
      vertex 0.61994 104.166 4.5
      vertex 0.61994 104.166 0
    endloop
  endfacet
  facet normal -0.831245 0.555906 0
    outer loop
      vertex 0.61994 104.166 4.5
      vertex 0.401923 103.84 0
      vertex 0.401923 103.84 4.5
    endloop
  endfacet
  facet normal -0.831465 -0.555577 0
    outer loop
      vertex 0.61994 1.17372 0
      vertex 0.401923 1.5 4.5
      vertex 0.401923 1.5 0
    endloop
  endfacet
  facet normal -0.831465 -0.555577 0
    outer loop
      vertex 0.401923 1.5 4.5
      vertex 0.61994 1.17372 0
      vertex 0.61994 1.17372 4.5
    endloop
  endfacet
  facet normal -0.980786 -0.195089 0
    outer loop
      vertex 0.102222 2.22354 0
      vertex 0.0256653 2.60842 4.5
      vertex 0.0256653 2.60842 0
    endloop
  endfacet
  facet normal -0.980786 -0.195089 0
    outer loop
      vertex 0.0256653 2.60842 4.5
      vertex 0.102222 2.22354 0
      vertex 0.102222 2.22354 4.5
    endloop
  endfacet
  facet normal 0.751769 -0.659426 0
    outer loop
      vertex 74.6613 0.878679 4.5
      vertex 74.9201 1.17372 0
      vertex 74.9201 1.17372 4.5
    endloop
  endfacet
  facet normal 0.751769 -0.659426 0
    outer loop
      vertex 74.9201 1.17372 0
      vertex 74.6613 0.878679 4.5
      vertex 74.6613 0.878679 0
    endloop
  endfacet
  facet normal 0.896936 -0.44216 0
    outer loop
      vertex 75.1381 1.5 4.5
      vertex 75.3116 1.85195 0
      vertex 75.3116 1.85195 4.5
    endloop
  endfacet
  facet normal 0.896936 -0.44216 0
    outer loop
      vertex 75.3116 1.85195 0
      vertex 75.1381 1.5 4.5
      vertex 75.1381 1.5 0
    endloop
  endfacet
  facet normal -0.751846 -0.659339 0
    outer loop
      vertex 0.878679 0.878679 0
      vertex 0.61994 1.17372 4.5
      vertex 0.61994 1.17372 0
    endloop
  endfacet
  facet normal -0.751846 -0.659339 0
    outer loop
      vertex 0.61994 1.17372 4.5
      vertex 0.878679 0.878679 0
      vertex 0.878679 0.878679 4.5
    endloop
  endfacet
  facet normal -0.442288 -0.896873 0
    outer loop
      vertex 1.5 0.401923 0
      vertex 1.85195 0.228361 4.5
      vertex 1.5 0.401923 4.5
    endloop
  endfacet
  facet normal -0.442288 -0.896873 -0
    outer loop
      vertex 1.85195 0.228361 4.5
      vertex 1.5 0.401923 0
      vertex 1.85195 0.228361 0
    endloop
  endfacet
  facet normal 0.997853 -0.0654906 0
    outer loop
      vertex 75.5143 2.60842 4.5
      vertex 75.54 3 0
      vertex 75.54 3 4.5
    endloop
  endfacet
  facet normal 0.997853 -0.0654906 0
    outer loop
      vertex 75.54 3 0
      vertex 75.5143 2.60842 4.5
      vertex 75.5143 2.60842 0
    endloop
  endfacet
  facet normal -0.659339 -0.751846 0
    outer loop
      vertex 0.878679 0.878679 0
      vertex 1.17372 0.61994 4.5
      vertex 0.878679 0.878679 4.5
    endloop
  endfacet
  facet normal -0.659339 -0.751846 -0
    outer loop
      vertex 1.17372 0.61994 4.5
      vertex 0.878679 0.878679 0
      vertex 1.17372 0.61994 0
    endloop
  endfacet
  facet normal -0.195089 -0.980786 0
    outer loop
      vertex 2.22354 0.102222 0
      vertex 2.60842 0.0256653 4.5
      vertex 2.22354 0.102222 4.5
    endloop
  endfacet
  facet normal -0.195089 -0.980786 -0
    outer loop
      vertex 2.60842 0.0256653 4.5
      vertex 2.22354 0.102222 0
      vertex 2.60842 0.0256653 0
    endloop
  endfacet
  facet normal -0.9807 0.195519 0
    outer loop
      vertex 0.0256653 102.732 0
      vertex 0.102222 103.116 4.5
      vertex 0.102222 103.116 0
    endloop
  endfacet
  facet normal -0.9807 0.195519 0
    outer loop
      vertex 0.102222 103.116 4.5
      vertex 0.0256653 102.732 0
      vertex 0.0256653 102.732 4.5
    endloop
  endfacet
  facet normal 0.65939 -0.751801 0
    outer loop
      vertex 74.3663 0.61994 0
      vertex 74.6613 0.878679 4.5
      vertex 74.3663 0.61994 4.5
    endloop
  endfacet
  facet normal 0.65939 -0.751801 0
    outer loop
      vertex 74.6613 0.878679 4.5
      vertex 74.3663 0.61994 0
      vertex 74.6613 0.878679 0
    endloop
  endfacet
  facet normal -0.896873 -0.442288 0
    outer loop
      vertex 0.401923 1.5 0
      vertex 0.228361 1.85195 4.5
      vertex 0.228361 1.85195 0
    endloop
  endfacet
  facet normal -0.896873 -0.442288 0
    outer loop
      vertex 0.228361 1.85195 4.5
      vertex 0.401923 1.5 0
      vertex 0.401923 1.5 4.5
    endloop
  endfacet
  facet normal -0.997864 0.0653328 0
    outer loop
      vertex 0 102.34 0
      vertex 0.0256653 102.732 4.5
      vertex 0.0256653 102.732 0
    endloop
  endfacet
  facet normal -0.997864 0.0653328 0
    outer loop
      vertex 0.0256653 102.732 4.5
      vertex 0 102.34 0
      vertex 0 102.34 4.5
    endloop
  endfacet
  facet normal 0.831485 -0.555547 0
    outer loop
      vertex 74.9201 1.17372 4.5
      vertex 75.1381 1.5 0
      vertex 75.1381 1.5 4.5
    endloop
  endfacet
  facet normal 0.831485 -0.555547 0
    outer loop
      vertex 75.1381 1.5 0
      vertex 74.9201 1.17372 4.5
      vertex 74.9201 1.17372 0
    endloop
  endfacet
  facet normal -0.0654026 -0.997859 0
    outer loop
      vertex 2.60842 0.0256653 0
      vertex 3 0 4.5
      vertex 2.60842 0.0256653 4.5
    endloop
  endfacet
  facet normal -0.0654026 -0.997859 -0
    outer loop
      vertex 3 0 4.5
      vertex 2.60842 0.0256653 0
      vertex 3 0 0
    endloop
  endfacet
  facet normal -0.555577 -0.831465 0
    outer loop
      vertex 1.17372 0.61994 0
      vertex 1.5 0.401923 4.5
      vertex 1.17372 0.61994 4.5
    endloop
  endfacet
  facet normal -0.555577 -0.831465 -0
    outer loop
      vertex 1.5 0.401923 4.5
      vertex 1.17372 0.61994 0
      vertex 1.5 0.401923 0
    endloop
  endfacet
  facet normal 0.555553 -0.831481 0
    outer loop
      vertex 74.04 0.401923 0
      vertex 74.3663 0.61994 4.5
      vertex 74.04 0.401923 4.5
    endloop
  endfacet
  facet normal 0.555553 -0.831481 0
    outer loop
      vertex 74.3663 0.61994 4.5
      vertex 74.04 0.401923 0
      vertex 74.3663 0.61994 0
    endloop
  endfacet
  facet normal -0.0654772 -0.997854 0
    outer loop
      vertex 37.77 39.375 0
      vertex 37.9925 39.3604 2.3
      vertex 37.77 39.375 2.3
    endloop
  endfacet
  facet normal -0.0654772 -0.997854 -0
    outer loop
      vertex 37.9925 39.3604 2.3
      vertex 37.77 39.375 0
      vertex 37.9925 39.3604 0
    endloop
  endfacet
  facet normal -0.831429 -0.555631 0
    outer loop
      vertex 39.2466 38.5225 0
      vertex 39.1227 38.7079 2.3
      vertex 39.1227 38.7079 0
    endloop
  endfacet
  facet normal -0.831429 -0.555631 0
    outer loop
      vertex 39.1227 38.7079 2.3
      vertex 39.2466 38.5225 0
      vertex 39.2466 38.5225 2.3
    endloop
  endfacet
  facet normal -0.980804 -0.194995 0
    outer loop
      vertex 39.4604 37.8925 0
      vertex 39.4169 38.1113 2.3
      vertex 39.4169 38.1113 0
    endloop
  endfacet
  facet normal -0.980804 -0.194995 0
    outer loop
      vertex 39.4169 38.1113 2.3
      vertex 39.4604 37.8925 0
      vertex 39.4604 37.8925 2.3
    endloop
  endfacet
  facet normal 0.997854 -0.0654772 0
    outer loop
      vertex 36.065 37.67 2.3
      vertex 36.0796 37.8925 0
      vertex 36.0796 37.8925 2.3
    endloop
  endfacet
  facet normal 0.997854 -0.0654772 0
    outer loop
      vertex 36.0796 37.8925 0
      vertex 36.065 37.67 2.3
      vertex 36.065 37.67 0
    endloop
  endfacet
  facet normal -0.831429 0.555631 0
    outer loop
      vertex 39.1227 36.6321 0
      vertex 39.2466 36.8175 2.3
      vertex 39.2466 36.8175 0
    endloop
  endfacet
  facet normal -0.831429 0.555631 0
    outer loop
      vertex 39.2466 36.8175 2.3
      vertex 39.1227 36.6321 0
      vertex 39.1227 36.6321 2.3
    endloop
  endfacet
  facet normal 0.442184 -0.896924 0
    outer loop
      vertex 36.9175 39.1466 0
      vertex 37.1175 39.2452 2.3
      vertex 36.9175 39.1466 2.3
    endloop
  endfacet
  facet normal 0.442184 -0.896924 0
    outer loop
      vertex 37.1175 39.2452 2.3
      vertex 36.9175 39.1466 0
      vertex 37.1175 39.2452 0
    endloop
  endfacet
  facet normal 0.997854 0.0654772 0
    outer loop
      vertex 36.0796 37.4475 2.3
      vertex 36.065 37.67 0
      vertex 36.065 37.67 2.3
    endloop
  endfacet
  facet normal 0.997854 0.0654772 0
    outer loop
      vertex 36.065 37.67 0
      vertex 36.0796 37.4475 2.3
      vertex 36.0796 37.4475 0
    endloop
  endfacet
  facet normal -0.0654772 0.997854 0
    outer loop
      vertex 37.9925 35.9796 0
      vertex 37.77 35.965 2.3
      vertex 37.9925 35.9796 2.3
    endloop
  endfacet
  facet normal -0.0654772 0.997854 0
    outer loop
      vertex 37.77 35.965 2.3
      vertex 37.9925 35.9796 0
      vertex 37.77 35.965 0
    endloop
  endfacet
  facet normal -0.442184 0.896924 0
    outer loop
      vertex 38.6225 36.1934 0
      vertex 38.4225 36.0948 2.3
      vertex 38.6225 36.1934 2.3
    endloop
  endfacet
  facet normal -0.442184 0.896924 0
    outer loop
      vertex 38.4225 36.0948 2.3
      vertex 38.6225 36.1934 0
      vertex 38.4225 36.0948 0
    endloop
  endfacet
  facet normal 0.896924 -0.442184 0
    outer loop
      vertex 36.1948 38.3225 2.3
      vertex 36.2934 38.5225 0
      vertex 36.2934 38.5225 2.3
    endloop
  endfacet
  facet normal 0.896924 -0.442184 0
    outer loop
      vertex 36.2934 38.5225 0
      vertex 36.1948 38.3225 2.3
      vertex 36.1948 38.3225 0
    endloop
  endfacet
  facet normal -0.997854 0.0654772 0
    outer loop
      vertex 39.4604 37.4475 0
      vertex 39.475 37.67 2.3
      vertex 39.475 37.67 0
    endloop
  endfacet
  facet normal -0.997854 0.0654772 0
    outer loop
      vertex 39.475 37.67 2.3
      vertex 39.4604 37.4475 0
      vertex 39.4604 37.4475 2.3
    endloop
  endfacet
  facet normal 0.0654772 -0.997854 0
    outer loop
      vertex 37.5475 39.3604 0
      vertex 37.77 39.375 2.3
      vertex 37.5475 39.3604 2.3
    endloop
  endfacet
  facet normal 0.0654772 -0.997854 0
    outer loop
      vertex 37.77 39.375 2.3
      vertex 37.5475 39.3604 0
      vertex 37.77 39.375 0
    endloop
  endfacet
  facet normal 0.194995 0.980804 -0
    outer loop
      vertex 37.5475 35.9796 0
      vertex 37.3287 36.0231 2.3
      vertex 37.5475 35.9796 2.3
    endloop
  endfacet
  facet normal 0.194995 0.980804 0
    outer loop
      vertex 37.3287 36.0231 2.3
      vertex 37.5475 35.9796 0
      vertex 37.3287 36.0231 0
    endloop
  endfacet
  facet normal -0.896924 -0.442184 0
    outer loop
      vertex 39.3452 38.3225 0
      vertex 39.2466 38.5225 2.3
      vertex 39.2466 38.5225 0
    endloop
  endfacet
  facet normal -0.896924 -0.442184 0
    outer loop
      vertex 39.2466 38.5225 2.3
      vertex 39.3452 38.3225 0
      vertex 39.3452 38.3225 2.3
    endloop
  endfacet
  facet normal -0.659424 -0.751771 0
    outer loop
      vertex 38.8079 39.0227 0
      vertex 38.9756 38.8756 2.3
      vertex 38.8079 39.0227 2.3
    endloop
  endfacet
  facet normal -0.659424 -0.751771 -0
    outer loop
      vertex 38.9756 38.8756 2.3
      vertex 38.8079 39.0227 0
      vertex 38.9756 38.8756 0
    endloop
  endfacet
  facet normal 0.194995 -0.980804 0
    outer loop
      vertex 37.3287 39.3169 0
      vertex 37.5475 39.3604 2.3
      vertex 37.3287 39.3169 2.3
    endloop
  endfacet
  facet normal 0.194995 -0.980804 0
    outer loop
      vertex 37.5475 39.3604 2.3
      vertex 37.3287 39.3169 0
      vertex 37.5475 39.3604 0
    endloop
  endfacet
  facet normal 0.321469 0.94692 -0
    outer loop
      vertex 37.3287 36.0231 0
      vertex 37.1175 36.0948 2.3
      vertex 37.3287 36.0231 2.3
    endloop
  endfacet
  facet normal 0.321469 0.94692 0
    outer loop
      vertex 37.1175 36.0948 2.3
      vertex 37.3287 36.0231 0
      vertex 37.1175 36.0948 0
    endloop
  endfacet
  facet normal -0.896924 0.442184 0
    outer loop
      vertex 39.2466 36.8175 0
      vertex 39.3452 37.0175 2.3
      vertex 39.3452 37.0175 0
    endloop
  endfacet
  facet normal -0.896924 0.442184 0
    outer loop
      vertex 39.3452 37.0175 2.3
      vertex 39.2466 36.8175 0
      vertex 39.2466 36.8175 2.3
    endloop
  endfacet
  facet normal -0.997854 -0.0654772 0
    outer loop
      vertex 39.475 37.67 0
      vertex 39.4604 37.8925 2.3
      vertex 39.4604 37.8925 0
    endloop
  endfacet
  facet normal -0.997854 -0.0654772 0
    outer loop
      vertex 39.4604 37.8925 2.3
      vertex 39.475 37.67 0
      vertex 39.475 37.67 2.3
    endloop
  endfacet
  facet normal 0.94692 0.321469 0
    outer loop
      vertex 36.1948 37.0175 2.3
      vertex 36.1231 37.2287 0
      vertex 36.1231 37.2287 2.3
    endloop
  endfacet
  facet normal 0.94692 0.321469 0
    outer loop
      vertex 36.1231 37.2287 0
      vertex 36.1948 37.0175 2.3
      vertex 36.1948 37.0175 0
    endloop
  endfacet
  facet normal 0.94692 -0.321469 0
    outer loop
      vertex 36.1231 38.1113 2.3
      vertex 36.1948 38.3225 0
      vertex 36.1948 38.3225 2.3
    endloop
  endfacet
  facet normal 0.94692 -0.321469 0
    outer loop
      vertex 36.1948 38.3225 0
      vertex 36.1231 38.1113 2.3
      vertex 36.1231 38.1113 0
    endloop
  endfacet
  facet normal 0.980804 -0.194995 0
    outer loop
      vertex 36.0796 37.8925 2.3
      vertex 36.1231 38.1113 0
      vertex 36.1231 38.1113 2.3
    endloop
  endfacet
  facet normal 0.980804 -0.194995 0
    outer loop
      vertex 36.1231 38.1113 0
      vertex 36.0796 37.8925 2.3
      vertex 36.0796 37.8925 0
    endloop
  endfacet
  facet normal 0.659424 -0.751771 0
    outer loop
      vertex 36.5644 38.8756 0
      vertex 36.7321 39.0227 2.3
      vertex 36.5644 38.8756 2.3
    endloop
  endfacet
  facet normal 0.659424 -0.751771 0
    outer loop
      vertex 36.7321 39.0227 2.3
      vertex 36.5644 38.8756 0
      vertex 36.7321 39.0227 0
    endloop
  endfacet
  facet normal -0.94692 -0.321469 0
    outer loop
      vertex 39.4169 38.1113 0
      vertex 39.3452 38.3225 2.3
      vertex 39.3452 38.3225 0
    endloop
  endfacet
  facet normal -0.94692 -0.321469 0
    outer loop
      vertex 39.3452 38.3225 2.3
      vertex 39.4169 38.1113 0
      vertex 39.4169 38.1113 2.3
    endloop
  endfacet
  facet normal 0.321469 -0.94692 0
    outer loop
      vertex 37.1175 39.2452 0
      vertex 37.3287 39.3169 2.3
      vertex 37.1175 39.2452 2.3
    endloop
  endfacet
  facet normal 0.321469 -0.94692 0
    outer loop
      vertex 37.3287 39.3169 2.3
      vertex 37.1175 39.2452 0
      vertex 37.3287 39.3169 0
    endloop
  endfacet
  facet normal 0.555631 -0.831429 0
    outer loop
      vertex 36.7321 39.0227 0
      vertex 36.9175 39.1466 2.3
      vertex 36.7321 39.0227 2.3
    endloop
  endfacet
  facet normal 0.555631 -0.831429 0
    outer loop
      vertex 36.9175 39.1466 2.3
      vertex 36.7321 39.0227 0
      vertex 36.9175 39.1466 0
    endloop
  endfacet
  facet normal -0.442184 -0.896924 0
    outer loop
      vertex 38.4225 39.2452 0
      vertex 38.6225 39.1466 2.3
      vertex 38.4225 39.2452 2.3
    endloop
  endfacet
  facet normal -0.442184 -0.896924 -0
    outer loop
      vertex 38.6225 39.1466 2.3
      vertex 38.4225 39.2452 0
      vertex 38.6225 39.1466 0
    endloop
  endfacet
  facet normal -0.751771 -0.659424 0
    outer loop
      vertex 39.1227 38.7079 0
      vertex 38.9756 38.8756 2.3
      vertex 38.9756 38.8756 0
    endloop
  endfacet
  facet normal -0.751771 -0.659424 0
    outer loop
      vertex 38.9756 38.8756 2.3
      vertex 39.1227 38.7079 0
      vertex 39.1227 38.7079 2.3
    endloop
  endfacet
  facet normal -0.194995 -0.980804 0
    outer loop
      vertex 37.9925 39.3604 0
      vertex 38.2113 39.3169 2.3
      vertex 37.9925 39.3604 2.3
    endloop
  endfacet
  facet normal -0.194995 -0.980804 -0
    outer loop
      vertex 38.2113 39.3169 2.3
      vertex 37.9925 39.3604 0
      vertex 38.2113 39.3169 0
    endloop
  endfacet
  facet normal 0.555631 0.831429 -0
    outer loop
      vertex 36.9175 36.1934 0
      vertex 36.7321 36.3173 2.3
      vertex 36.9175 36.1934 2.3
    endloop
  endfacet
  facet normal 0.555631 0.831429 0
    outer loop
      vertex 36.7321 36.3173 2.3
      vertex 36.9175 36.1934 0
      vertex 36.7321 36.3173 0
    endloop
  endfacet
  facet normal 0.751771 -0.659424 0
    outer loop
      vertex 36.4173 38.7079 2.3
      vertex 36.5644 38.8756 0
      vertex 36.5644 38.8756 2.3
    endloop
  endfacet
  facet normal 0.751771 -0.659424 0
    outer loop
      vertex 36.5644 38.8756 0
      vertex 36.4173 38.7079 2.3
      vertex 36.4173 38.7079 0
    endloop
  endfacet
  facet normal -0.555631 -0.831429 0
    outer loop
      vertex 38.6225 39.1466 0
      vertex 38.8079 39.0227 2.3
      vertex 38.6225 39.1466 2.3
    endloop
  endfacet
  facet normal -0.555631 -0.831429 -0
    outer loop
      vertex 38.8079 39.0227 2.3
      vertex 38.6225 39.1466 0
      vertex 38.8079 39.0227 0
    endloop
  endfacet
  facet normal 0.980804 0.194995 0
    outer loop
      vertex 36.1231 37.2287 2.3
      vertex 36.0796 37.4475 0
      vertex 36.0796 37.4475 2.3
    endloop
  endfacet
  facet normal 0.980804 0.194995 0
    outer loop
      vertex 36.0796 37.4475 0
      vertex 36.1231 37.2287 2.3
      vertex 36.1231 37.2287 0
    endloop
  endfacet
  facet normal -0.980804 0.194995 0
    outer loop
      vertex 39.4169 37.2287 0
      vertex 39.4604 37.4475 2.3
      vertex 39.4604 37.4475 0
    endloop
  endfacet
  facet normal -0.980804 0.194995 0
    outer loop
      vertex 39.4604 37.4475 2.3
      vertex 39.4169 37.2287 0
      vertex 39.4169 37.2287 2.3
    endloop
  endfacet
  facet normal 0.659424 0.751771 -0
    outer loop
      vertex 36.7321 36.3173 0
      vertex 36.5644 36.4644 2.3
      vertex 36.7321 36.3173 2.3
    endloop
  endfacet
  facet normal 0.659424 0.751771 0
    outer loop
      vertex 36.5644 36.4644 2.3
      vertex 36.7321 36.3173 0
      vertex 36.5644 36.4644 0
    endloop
  endfacet
  facet normal 0.896924 0.442184 0
    outer loop
      vertex 36.2934 36.8175 2.3
      vertex 36.1948 37.0175 0
      vertex 36.1948 37.0175 2.3
    endloop
  endfacet
  facet normal 0.896924 0.442184 0
    outer loop
      vertex 36.1948 37.0175 0
      vertex 36.2934 36.8175 2.3
      vertex 36.2934 36.8175 0
    endloop
  endfacet
  facet normal -0.194995 0.980804 0
    outer loop
      vertex 38.2113 36.0231 0
      vertex 37.9925 35.9796 2.3
      vertex 38.2113 36.0231 2.3
    endloop
  endfacet
  facet normal -0.194995 0.980804 0
    outer loop
      vertex 37.9925 35.9796 2.3
      vertex 38.2113 36.0231 0
      vertex 37.9925 35.9796 0
    endloop
  endfacet
  facet normal -0.751771 0.659424 0
    outer loop
      vertex 38.9756 36.4644 0
      vertex 39.1227 36.6321 2.3
      vertex 39.1227 36.6321 0
    endloop
  endfacet
  facet normal -0.751771 0.659424 0
    outer loop
      vertex 39.1227 36.6321 2.3
      vertex 38.9756 36.4644 0
      vertex 38.9756 36.4644 2.3
    endloop
  endfacet
  facet normal -0.321469 0.94692 0
    outer loop
      vertex 38.4225 36.0948 0
      vertex 38.2113 36.0231 2.3
      vertex 38.4225 36.0948 2.3
    endloop
  endfacet
  facet normal -0.321469 0.94692 0
    outer loop
      vertex 38.2113 36.0231 2.3
      vertex 38.4225 36.0948 0
      vertex 38.2113 36.0231 0
    endloop
  endfacet
  facet normal -0.94692 0.321469 0
    outer loop
      vertex 39.3452 37.0175 0
      vertex 39.4169 37.2287 2.3
      vertex 39.4169 37.2287 0
    endloop
  endfacet
  facet normal -0.94692 0.321469 0
    outer loop
      vertex 39.4169 37.2287 2.3
      vertex 39.3452 37.0175 0
      vertex 39.3452 37.0175 2.3
    endloop
  endfacet
  facet normal -0.555631 0.831429 0
    outer loop
      vertex 38.8079 36.3173 0
      vertex 38.6225 36.1934 2.3
      vertex 38.8079 36.3173 2.3
    endloop
  endfacet
  facet normal -0.555631 0.831429 0
    outer loop
      vertex 38.6225 36.1934 2.3
      vertex 38.8079 36.3173 0
      vertex 38.6225 36.1934 0
    endloop
  endfacet
  facet normal -0.321469 -0.94692 0
    outer loop
      vertex 38.2113 39.3169 0
      vertex 38.4225 39.2452 2.3
      vertex 38.2113 39.3169 2.3
    endloop
  endfacet
  facet normal -0.321469 -0.94692 -0
    outer loop
      vertex 38.4225 39.2452 2.3
      vertex 38.2113 39.3169 0
      vertex 38.4225 39.2452 0
    endloop
  endfacet
  facet normal -0.659424 0.751771 0
    outer loop
      vertex 38.9756 36.4644 0
      vertex 38.8079 36.3173 2.3
      vertex 38.9756 36.4644 2.3
    endloop
  endfacet
  facet normal -0.659424 0.751771 0
    outer loop
      vertex 38.8079 36.3173 2.3
      vertex 38.9756 36.4644 0
      vertex 38.8079 36.3173 0
    endloop
  endfacet
  facet normal 0.442184 0.896924 -0
    outer loop
      vertex 37.1175 36.0948 0
      vertex 36.9175 36.1934 2.3
      vertex 37.1175 36.0948 2.3
    endloop
  endfacet
  facet normal 0.442184 0.896924 0
    outer loop
      vertex 36.9175 36.1934 2.3
      vertex 37.1175 36.0948 0
      vertex 36.9175 36.1934 0
    endloop
  endfacet
  facet normal 0.0654772 0.997854 -0
    outer loop
      vertex 37.77 35.965 0
      vertex 37.5475 35.9796 2.3
      vertex 37.77 35.965 2.3
    endloop
  endfacet
  facet normal 0.0654772 0.997854 0
    outer loop
      vertex 37.5475 35.9796 2.3
      vertex 37.77 35.965 0
      vertex 37.5475 35.9796 0
    endloop
  endfacet
  facet normal 0.831429 -0.555631 0
    outer loop
      vertex 36.2934 38.5225 2.3
      vertex 36.4173 38.7079 0
      vertex 36.4173 38.7079 2.3
    endloop
  endfacet
  facet normal 0.831429 -0.555631 0
    outer loop
      vertex 36.4173 38.7079 0
      vertex 36.2934 38.5225 2.3
      vertex 36.2934 38.5225 0
    endloop
  endfacet
  facet normal 0.831429 0.555631 0
    outer loop
      vertex 36.4173 36.6321 2.3
      vertex 36.2934 36.8175 0
      vertex 36.2934 36.8175 2.3
    endloop
  endfacet
  facet normal 0.831429 0.555631 0
    outer loop
      vertex 36.2934 36.8175 0
      vertex 36.4173 36.6321 2.3
      vertex 36.4173 36.6321 0
    endloop
  endfacet
  facet normal 0.751771 0.659424 0
    outer loop
      vertex 36.5644 36.4644 2.3
      vertex 36.4173 36.6321 0
      vertex 36.4173 36.6321 2.3
    endloop
  endfacet
  facet normal 0.751771 0.659424 0
    outer loop
      vertex 36.4173 36.6321 0
      vertex 36.5644 36.4644 2.3
      vertex 36.5644 36.4644 0
    endloop
  endfacet
  facet normal -0.980815 -0.19494 0
    outer loop
      vertex 40.7443 38.0616 2.3
      vertex 40.6678 38.4465 4.5
      vertex 40.6678 38.4465 2.3
    endloop
  endfacet
  facet normal -0.980815 -0.19494 0
    outer loop
      vertex 40.6678 38.4465 4.5
      vertex 40.7443 38.0616 2.3
      vertex 40.7443 38.0616 4.5
    endloop
  endfacet
  facet normal -0.997853 -0.0654873 0
    outer loop
      vertex 40.77 37.67 2.3
      vertex 40.7443 38.0616 4.5
      vertex 40.7443 38.0616 2.3
    endloop
  endfacet
  facet normal -0.997853 -0.0654873 0
    outer loop
      vertex 40.7443 38.0616 4.5
      vertex 40.77 37.67 2.3
      vertex 40.77 37.67 4.5
    endloop
  endfacet
  facet normal -0.980815 0.19494 0
    outer loop
      vertex 40.6678 36.8935 2.3
      vertex 40.7443 37.2784 4.5
      vertex 40.7443 37.2784 2.3
    endloop
  endfacet
  facet normal -0.980815 0.19494 0
    outer loop
      vertex 40.7443 37.2784 4.5
      vertex 40.6678 36.8935 2.3
      vertex 40.6678 36.8935 4.5
    endloop
  endfacet
  facet normal -0.831501 -0.555523 0
    outer loop
      vertex 40.3681 39.17 2.3
      vertex 40.1501 39.4963 4.5
      vertex 40.1501 39.4963 2.3
    endloop
  endfacet
  facet normal -0.831501 -0.555523 0
    outer loop
      vertex 40.1501 39.4963 4.5
      vertex 40.3681 39.17 2.3
      vertex 40.3681 39.17 4.5
    endloop
  endfacet
  facet normal -0.555523 -0.831501 0
    outer loop
      vertex 39.27 40.2681 2.3
      vertex 39.5963 40.0501 4.5
      vertex 39.27 40.2681 4.5
    endloop
  endfacet
  facet normal -0.555523 -0.831501 -0
    outer loop
      vertex 39.5963 40.0501 4.5
      vertex 39.27 40.2681 2.3
      vertex 39.5963 40.0501 2.3
    endloop
  endfacet
  facet normal -0.896911 0.442211 0
    outer loop
      vertex 40.3681 36.17 2.3
      vertex 40.5416 36.5219 4.5
      vertex 40.5416 36.5219 2.3
    endloop
  endfacet
  facet normal -0.896911 0.442211 0
    outer loop
      vertex 40.5416 36.5219 4.5
      vertex 40.3681 36.17 2.3
      vertex 40.3681 36.17 4.5
    endloop
  endfacet
  facet normal -0.997853 0.0654873 0
    outer loop
      vertex 40.7443 37.2784 2.3
      vertex 40.77 37.67 4.5
      vertex 40.77 37.67 2.3
    endloop
  endfacet
  facet normal -0.997853 0.0654873 0
    outer loop
      vertex 40.77 37.67 4.5
      vertex 40.7443 37.2784 2.3
      vertex 40.7443 37.2784 4.5
    endloop
  endfacet
  facet normal -0.321651 -0.946858 0
    outer loop
      vertex 38.5465 40.5678 2.3
      vertex 38.918 40.4416 4.5
      vertex 38.5465 40.5678 4.5
    endloop
  endfacet
  facet normal -0.321651 -0.946858 -0
    outer loop
      vertex 38.918 40.4416 4.5
      vertex 38.5465 40.5678 2.3
      vertex 38.918 40.4416 2.3
    endloop
  endfacet
  facet normal 0.896911 -0.442211 0
    outer loop
      vertex 34.9984 38.8181 4.5
      vertex 35.1719 39.17 2.3
      vertex 35.1719 39.17 4.5
    endloop
  endfacet
  facet normal 0.896911 -0.442211 0
    outer loop
      vertex 35.1719 39.17 2.3
      vertex 34.9984 38.8181 4.5
      vertex 34.9984 38.8181 2.3
    endloop
  endfacet
  facet normal 0.659478 -0.751724 0
    outer loop
      vertex 35.6487 39.7913 2.3
      vertex 35.9437 40.0501 4.5
      vertex 35.6487 39.7913 4.5
    endloop
  endfacet
  facet normal 0.659478 -0.751724 0
    outer loop
      vertex 35.9437 40.0501 4.5
      vertex 35.6487 39.7913 2.3
      vertex 35.9437 40.0501 2.3
    endloop
  endfacet
  facet normal -0.321651 0.946858 0
    outer loop
      vertex 38.918 34.8984 2.3
      vertex 38.5465 34.7722 4.5
      vertex 38.918 34.8984 4.5
    endloop
  endfacet
  facet normal -0.321651 0.946858 0
    outer loop
      vertex 38.5465 34.7722 4.5
      vertex 38.918 34.8984 2.3
      vertex 38.5465 34.7722 2.3
    endloop
  endfacet
  facet normal 0.997853 0.0654873 0
    outer loop
      vertex 34.7957 37.2784 4.5
      vertex 34.77 37.67 2.3
      vertex 34.77 37.67 4.5
    endloop
  endfacet
  facet normal 0.997853 0.0654873 0
    outer loop
      vertex 34.77 37.67 2.3
      vertex 34.7957 37.2784 4.5
      vertex 34.7957 37.2784 2.3
    endloop
  endfacet
  facet normal 0.659478 0.751724 -0
    outer loop
      vertex 35.9437 35.2899 2.3
      vertex 35.6487 35.5487 4.5
      vertex 35.9437 35.2899 4.5
    endloop
  endfacet
  facet normal 0.659478 0.751724 0
    outer loop
      vertex 35.6487 35.5487 4.5
      vertex 35.9437 35.2899 2.3
      vertex 35.6487 35.5487 2.3
    endloop
  endfacet
  facet normal 0.321651 -0.946858 0
    outer loop
      vertex 36.622 40.4416 2.3
      vertex 36.9935 40.5678 4.5
      vertex 36.622 40.4416 4.5
    endloop
  endfacet
  facet normal 0.321651 -0.946858 0
    outer loop
      vertex 36.9935 40.5678 4.5
      vertex 36.622 40.4416 2.3
      vertex 36.9935 40.5678 2.3
    endloop
  endfacet
  facet normal 0.831501 0.555523 0
    outer loop
      vertex 35.3899 35.8437 4.5
      vertex 35.1719 36.17 2.3
      vertex 35.1719 36.17 4.5
    endloop
  endfacet
  facet normal 0.831501 0.555523 0
    outer loop
      vertex 35.1719 36.17 2.3
      vertex 35.3899 35.8437 4.5
      vertex 35.3899 35.8437 2.3
    endloop
  endfacet
  facet normal 0.555523 -0.831501 0
    outer loop
      vertex 35.9437 40.0501 2.3
      vertex 36.27 40.2681 4.5
      vertex 35.9437 40.0501 4.5
    endloop
  endfacet
  facet normal 0.555523 -0.831501 0
    outer loop
      vertex 36.27 40.2681 4.5
      vertex 35.9437 40.0501 2.3
      vertex 36.27 40.2681 2.3
    endloop
  endfacet
  facet normal -0.19494 -0.980815 0
    outer loop
      vertex 38.1616 40.6443 2.3
      vertex 38.5465 40.5678 4.5
      vertex 38.1616 40.6443 4.5
    endloop
  endfacet
  facet normal -0.19494 -0.980815 -0
    outer loop
      vertex 38.5465 40.5678 4.5
      vertex 38.1616 40.6443 2.3
      vertex 38.5465 40.5678 2.3
    endloop
  endfacet
  facet normal 0.44211 -0.896961 0
    outer loop
      vertex 36.27 40.2681 2.3
      vertex 36.622 40.4416 4.5
      vertex 36.27 40.2681 4.5
    endloop
  endfacet
  facet normal 0.44211 -0.896961 0
    outer loop
      vertex 36.622 40.4416 4.5
      vertex 36.27 40.2681 2.3
      vertex 36.622 40.4416 2.3
    endloop
  endfacet
  facet normal -0.0654873 0.997853 0
    outer loop
      vertex 38.1616 34.6957 2.3
      vertex 37.77 34.67 4.5
      vertex 38.1616 34.6957 4.5
    endloop
  endfacet
  facet normal -0.0654873 0.997853 0
    outer loop
      vertex 37.77 34.67 4.5
      vertex 38.1616 34.6957 2.3
      vertex 37.77 34.67 2.3
    endloop
  endfacet
  facet normal -0.659478 0.751724 0
    outer loop
      vertex 39.8913 35.5487 2.3
      vertex 39.5963 35.2899 4.5
      vertex 39.8913 35.5487 4.5
    endloop
  endfacet
  facet normal -0.659478 0.751724 0
    outer loop
      vertex 39.5963 35.2899 4.5
      vertex 39.8913 35.5487 2.3
      vertex 39.5963 35.2899 2.3
    endloop
  endfacet
  facet normal 0.946885 0.321574 0
    outer loop
      vertex 34.9984 36.5219 4.5
      vertex 34.8722 36.8935 2.3
      vertex 34.8722 36.8935 4.5
    endloop
  endfacet
  facet normal 0.946885 0.321574 0
    outer loop
      vertex 34.8722 36.8935 2.3
      vertex 34.9984 36.5219 4.5
      vertex 34.9984 36.5219 2.3
    endloop
  endfacet
  facet normal -0.946885 0.321574 0
    outer loop
      vertex 40.5416 36.5219 2.3
      vertex 40.6678 36.8935 4.5
      vertex 40.6678 36.8935 2.3
    endloop
  endfacet
  facet normal -0.946885 0.321574 0
    outer loop
      vertex 40.6678 36.8935 4.5
      vertex 40.5416 36.5219 2.3
      vertex 40.5416 36.5219 4.5
    endloop
  endfacet
  facet normal -0.44211 -0.896961 0
    outer loop
      vertex 38.918 40.4416 2.3
      vertex 39.27 40.2681 4.5
      vertex 38.918 40.4416 4.5
    endloop
  endfacet
  facet normal -0.44211 -0.896961 -0
    outer loop
      vertex 39.27 40.2681 4.5
      vertex 38.918 40.4416 2.3
      vertex 39.27 40.2681 2.3
    endloop
  endfacet
  facet normal 0.19494 -0.980815 0
    outer loop
      vertex 36.9935 40.5678 2.3
      vertex 37.3784 40.6443 4.5
      vertex 36.9935 40.5678 4.5
    endloop
  endfacet
  facet normal 0.19494 -0.980815 0
    outer loop
      vertex 37.3784 40.6443 4.5
      vertex 36.9935 40.5678 2.3
      vertex 37.3784 40.6443 2.3
    endloop
  endfacet
  facet normal -0.751724 -0.659478 0
    outer loop
      vertex 40.1501 39.4963 2.3
      vertex 39.8913 39.7913 4.5
      vertex 39.8913 39.7913 2.3
    endloop
  endfacet
  facet normal -0.751724 -0.659478 0
    outer loop
      vertex 39.8913 39.7913 4.5
      vertex 40.1501 39.4963 2.3
      vertex 40.1501 39.4963 4.5
    endloop
  endfacet
  facet normal -0.751724 0.659478 0
    outer loop
      vertex 39.8913 35.5487 2.3
      vertex 40.1501 35.8437 4.5
      vertex 40.1501 35.8437 2.3
    endloop
  endfacet
  facet normal -0.751724 0.659478 0
    outer loop
      vertex 40.1501 35.8437 4.5
      vertex 39.8913 35.5487 2.3
      vertex 39.8913 35.5487 4.5
    endloop
  endfacet
  facet normal 0.44211 0.896961 -0
    outer loop
      vertex 36.622 34.8984 2.3
      vertex 36.27 35.0719 4.5
      vertex 36.622 34.8984 4.5
    endloop
  endfacet
  facet normal 0.44211 0.896961 0
    outer loop
      vertex 36.27 35.0719 4.5
      vertex 36.622 34.8984 2.3
      vertex 36.27 35.0719 2.3
    endloop
  endfacet
  facet normal 0.946885 -0.321574 0
    outer loop
      vertex 34.8722 38.4465 4.5
      vertex 34.9984 38.8181 2.3
      vertex 34.9984 38.8181 4.5
    endloop
  endfacet
  facet normal 0.946885 -0.321574 0
    outer loop
      vertex 34.9984 38.8181 2.3
      vertex 34.8722 38.4465 4.5
      vertex 34.8722 38.4465 2.3
    endloop
  endfacet
  facet normal -0.19494 0.980815 0
    outer loop
      vertex 38.5465 34.7722 2.3
      vertex 38.1616 34.6957 4.5
      vertex 38.5465 34.7722 4.5
    endloop
  endfacet
  facet normal -0.19494 0.980815 0
    outer loop
      vertex 38.1616 34.6957 4.5
      vertex 38.5465 34.7722 2.3
      vertex 38.1616 34.6957 2.3
    endloop
  endfacet
  facet normal -0.44211 0.896961 0
    outer loop
      vertex 39.27 35.0719 2.3
      vertex 38.918 34.8984 4.5
      vertex 39.27 35.0719 4.5
    endloop
  endfacet
  facet normal -0.44211 0.896961 0
    outer loop
      vertex 38.918 34.8984 4.5
      vertex 39.27 35.0719 2.3
      vertex 38.918 34.8984 2.3
    endloop
  endfacet
  facet normal 0 0 1
    outer loop
      vertex 39.475 37.67 2.3
      vertex 40.77 37.67 2.3
      vertex 40.7443 38.0616 2.3
    endloop
  endfacet
  facet normal 0 0 1
    outer loop
      vertex 39.4604 37.8925 2.3
      vertex 40.7443 38.0616 2.3
      vertex 40.6678 38.4465 2.3
    endloop
  endfacet
  facet normal 0 0 1
    outer loop
      vertex 40.77 37.67 2.3
      vertex 39.475 37.67 2.3
      vertex 40.7443 37.2784 2.3
    endloop
  endfacet
  facet normal 0 0 1
    outer loop
      vertex 39.4169 38.1113 2.3
      vertex 40.6678 38.4465 2.3
      vertex 40.5416 38.8181 2.3
    endloop
  endfacet
  facet normal -0 0 1
    outer loop
      vertex 39.4604 37.4475 2.3
      vertex 40.7443 37.2784 2.3
      vertex 39.475 37.67 2.3
    endloop
  endfacet
  facet normal 0 0 1
    outer loop
      vertex 39.3452 38.3225 2.3
      vertex 40.5416 38.8181 2.3
      vertex 40.3681 39.17 2.3
    endloop
  endfacet
  facet normal 0 0 1
    outer loop
      vertex 40.7443 37.2784 2.3
      vertex 39.4604 37.4475 2.3
      vertex 40.6678 36.8935 2.3
    endloop
  endfacet
  facet normal 0 0 1
    outer loop
      vertex 39.2466 38.5225 2.3
      vertex 40.3681 39.17 2.3
      vertex 40.1501 39.4963 2.3
    endloop
  endfacet
  facet normal -0 0 1
    outer loop
      vertex 39.4169 37.2287 2.3
      vertex 40.6678 36.8935 2.3
      vertex 39.4604 37.4475 2.3
    endloop
  endfacet
  facet normal 0 0 1
    outer loop
      vertex 39.1227 38.7079 2.3
      vertex 40.1501 39.4963 2.3
      vertex 39.8913 39.7913 2.3
    endloop
  endfacet
  facet normal 0 0 1
    outer loop
      vertex 40.6678 36.8935 2.3
      vertex 39.4169 37.2287 2.3
      vertex 40.5416 36.5219 2.3
    endloop
  endfacet
  facet normal 0 0 1
    outer loop
      vertex 38.9756 38.8756 2.3
      vertex 39.8913 39.7913 2.3
      vertex 39.5963 40.0501 2.3
    endloop
  endfacet
  facet normal -0 0 1
    outer loop
      vertex 39.3452 37.0175 2.3
      vertex 40.5416 36.5219 2.3
      vertex 39.4169 37.2287 2.3
    endloop
  endfacet
  facet normal 0 0 1
    outer loop
      vertex 40.5416 36.5219 2.3
      vertex 39.3452 37.0175 2.3
      vertex 40.3681 36.17 2.3
    endloop
  endfacet
  facet normal 0 0 1
    outer loop
      vertex 40.7443 38.0616 2.3
      vertex 39.4604 37.8925 2.3
      vertex 39.475 37.67 2.3
    endloop
  endfacet
  facet normal 0 0 1
    outer loop
      vertex 40.6678 38.4465 2.3
      vertex 39.4169 38.1113 2.3
      vertex 39.4604 37.8925 2.3
    endloop
  endfacet
  facet normal 0 0 1
    outer loop
      vertex 40.5416 38.8181 2.3
      vertex 39.3452 38.3225 2.3
      vertex 39.4169 38.1113 2.3
    endloop
  endfacet
  facet normal 0 0 1
    outer loop
      vertex 38.8079 39.0227 2.3
      vertex 39.5963 40.0501 2.3
      vertex 39.27 40.2681 2.3
    endloop
  endfacet
  facet normal 0 0 1
    outer loop
      vertex 40.3681 39.17 2.3
      vertex 39.2466 38.5225 2.3
      vertex 39.3452 38.3225 2.3
    endloop
  endfacet
  facet normal 0 0 1
    outer loop
      vertex 40.1501 39.4963 2.3
      vertex 39.1227 38.7079 2.3
      vertex 39.2466 38.5225 2.3
    endloop
  endfacet
  facet normal 0 0 1
    outer loop
      vertex 39.8913 39.7913 2.3
      vertex 38.9756 38.8756 2.3
      vertex 39.1227 38.7079 2.3
    endloop
  endfacet
  facet normal 0 0 1
    outer loop
      vertex 38.6225 39.1466 2.3
      vertex 39.27 40.2681 2.3
      vertex 38.918 40.4416 2.3
    endloop
  endfacet
  facet normal 0 0 1
    outer loop
      vertex 39.5963 40.0501 2.3
      vertex 38.8079 39.0227 2.3
      vertex 38.9756 38.8756 2.3
    endloop
  endfacet
  facet normal 0 0 1
    outer loop
      vertex 39.27 40.2681 2.3
      vertex 38.6225 39.1466 2.3
      vertex 38.8079 39.0227 2.3
    endloop
  endfacet
  facet normal 0 0 1
    outer loop
      vertex 38.4225 39.2452 2.3
      vertex 38.918 40.4416 2.3
      vertex 38.5465 40.5678 2.3
    endloop
  endfacet
  facet normal 0 0 1
    outer loop
      vertex 38.918 40.4416 2.3
      vertex 38.4225 39.2452 2.3
      vertex 38.6225 39.1466 2.3
    endloop
  endfacet
  facet normal 0 0 1
    outer loop
      vertex 38.5465 40.5678 2.3
      vertex 38.2113 39.3169 2.3
      vertex 38.4225 39.2452 2.3
    endloop
  endfacet
  facet normal 0 0 1
    outer loop
      vertex 38.1616 40.6443 2.3
      vertex 38.2113 39.3169 2.3
      vertex 38.5465 40.5678 2.3
    endloop
  endfacet
  facet normal 0 0 1
    outer loop
      vertex 38.1616 40.6443 2.3
      vertex 37.9925 39.3604 2.3
      vertex 38.2113 39.3169 2.3
    endloop
  endfacet
  facet normal 0 0 1
    outer loop
      vertex 37.77 40.67 2.3
      vertex 37.9925 39.3604 2.3
      vertex 38.1616 40.6443 2.3
    endloop
  endfacet
  facet normal 0 0 1
    outer loop
      vertex 37.77 40.67 2.3
      vertex 37.77 39.375 2.3
      vertex 37.9925 39.3604 2.3
    endloop
  endfacet
  facet normal 0 0 1
    outer loop
      vertex 37.77 40.67 2.3
      vertex 37.5475 39.3604 2.3
      vertex 37.77 39.375 2.3
    endloop
  endfacet
  facet normal -0 0 1
    outer loop
      vertex 37.3784 40.6443 2.3
      vertex 37.5475 39.3604 2.3
      vertex 37.77 40.67 2.3
    endloop
  endfacet
  facet normal 0 0 1
    outer loop
      vertex 37.3784 40.6443 2.3
      vertex 37.3287 39.3169 2.3
      vertex 37.5475 39.3604 2.3
    endloop
  endfacet
  facet normal -0 0 1
    outer loop
      vertex 36.9935 40.5678 2.3
      vertex 37.3287 39.3169 2.3
      vertex 37.3784 40.6443 2.3
    endloop
  endfacet
  facet normal 0 0 1
    outer loop
      vertex 37.3287 39.3169 2.3
      vertex 36.9935 40.5678 2.3
      vertex 37.1175 39.2452 2.3
    endloop
  endfacet
  facet normal -0 0 1
    outer loop
      vertex 36.622 40.4416 2.3
      vertex 37.1175 39.2452 2.3
      vertex 36.9935 40.5678 2.3
    endloop
  endfacet
  facet normal 0 0 1
    outer loop
      vertex 37.1175 39.2452 2.3
      vertex 36.622 40.4416 2.3
      vertex 36.9175 39.1466 2.3
    endloop
  endfacet
  facet normal -0 0 1
    outer loop
      vertex 36.27 40.2681 2.3
      vertex 36.9175 39.1466 2.3
      vertex 36.622 40.4416 2.3
    endloop
  endfacet
  facet normal 0 0 1
    outer loop
      vertex 36.9175 39.1466 2.3
      vertex 36.27 40.2681 2.3
      vertex 36.7321 39.0227 2.3
    endloop
  endfacet
  facet normal -0 0 1
    outer loop
      vertex 35.9437 40.0501 2.3
      vertex 36.7321 39.0227 2.3
      vertex 36.27 40.2681 2.3
    endloop
  endfacet
  facet normal 0 0 1
    outer loop
      vertex 36.7321 39.0227 2.3
      vertex 35.9437 40.0501 2.3
      vertex 36.5644 38.8756 2.3
    endloop
  endfacet
  facet normal -0 0 1
    outer loop
      vertex 35.6487 39.7913 2.3
      vertex 36.5644 38.8756 2.3
      vertex 35.9437 40.0501 2.3
    endloop
  endfacet
  facet normal 0 0 1
    outer loop
      vertex 36.5644 38.8756 2.3
      vertex 35.6487 39.7913 2.3
      vertex 36.4173 38.7079 2.3
    endloop
  endfacet
  facet normal -0 0 1
    outer loop
      vertex 35.3899 39.4963 2.3
      vertex 36.4173 38.7079 2.3
      vertex 35.6487 39.7913 2.3
    endloop
  endfacet
  facet normal 0 0 1
    outer loop
      vertex 36.4173 38.7079 2.3
      vertex 35.3899 39.4963 2.3
      vertex 36.2934 38.5225 2.3
    endloop
  endfacet
  facet normal 0 0 1
    outer loop
      vertex 36.2934 38.5225 2.3
      vertex 35.1719 39.17 2.3
      vertex 36.1948 38.3225 2.3
    endloop
  endfacet
  facet normal -0 0 1
    outer loop
      vertex 35.1719 39.17 2.3
      vertex 36.2934 38.5225 2.3
      vertex 35.3899 39.4963 2.3
    endloop
  endfacet
  facet normal -0 0 1
    outer loop
      vertex 39.2466 36.8175 2.3
      vertex 40.3681 36.17 2.3
      vertex 39.3452 37.0175 2.3
    endloop
  endfacet
  facet normal 0 0 1
    outer loop
      vertex 40.3681 36.17 2.3
      vertex 39.2466 36.8175 2.3
      vertex 40.1501 35.8437 2.3
    endloop
  endfacet
  facet normal -0 0 1
    outer loop
      vertex 39.1227 36.6321 2.3
      vertex 40.1501 35.8437 2.3
      vertex 39.2466 36.8175 2.3
    endloop
  endfacet
  facet normal 0 0 1
    outer loop
      vertex 40.1501 35.8437 2.3
      vertex 39.1227 36.6321 2.3
      vertex 39.8913 35.5487 2.3
    endloop
  endfacet
  facet normal -0 0 1
    outer loop
      vertex 38.9756 36.4644 2.3
      vertex 39.8913 35.5487 2.3
      vertex 39.1227 36.6321 2.3
    endloop
  endfacet
  facet normal 0 0 1
    outer loop
      vertex 39.8913 35.5487 2.3
      vertex 38.9756 36.4644 2.3
      vertex 39.5963 35.2899 2.3
    endloop
  endfacet
  facet normal -0 0 1
    outer loop
      vertex 38.8079 36.3173 2.3
      vertex 39.5963 35.2899 2.3
      vertex 38.9756 36.4644 2.3
    endloop
  endfacet
  facet normal 0 0 1
    outer loop
      vertex 39.5963 35.2899 2.3
      vertex 38.8079 36.3173 2.3
      vertex 39.27 35.0719 2.3
    endloop
  endfacet
  facet normal -0 0 1
    outer loop
      vertex 38.6225 36.1934 2.3
      vertex 39.27 35.0719 2.3
      vertex 38.8079 36.3173 2.3
    endloop
  endfacet
  facet normal 0 0 1
    outer loop
      vertex 39.27 35.0719 2.3
      vertex 38.6225 36.1934 2.3
      vertex 38.918 34.8984 2.3
    endloop
  endfacet
  facet normal -0 0 1
    outer loop
      vertex 38.4225 36.0948 2.3
      vertex 38.918 34.8984 2.3
      vertex 38.6225 36.1934 2.3
    endloop
  endfacet
  facet normal 0 0 1
    outer loop
      vertex 38.918 34.8984 2.3
      vertex 38.4225 36.0948 2.3
      vertex 38.5465 34.7722 2.3
    endloop
  endfacet
  facet normal -0 0 1
    outer loop
      vertex 38.2113 36.0231 2.3
      vertex 38.5465 34.7722 2.3
      vertex 38.4225 36.0948 2.3
    endloop
  endfacet
  facet normal 0 0 1
    outer loop
      vertex 38.2113 36.0231 2.3
      vertex 38.1616 34.6957 2.3
      vertex 38.5465 34.7722 2.3
    endloop
  endfacet
  facet normal -0 0 1
    outer loop
      vertex 37.9925 35.9796 2.3
      vertex 38.1616 34.6957 2.3
      vertex 38.2113 36.0231 2.3
    endloop
  endfacet
  facet normal -0 0 1
    outer loop
      vertex 37.77 35.965 2.3
      vertex 38.1616 34.6957 2.3
      vertex 37.9925 35.9796 2.3
    endloop
  endfacet
  facet normal 0 0 1
    outer loop
      vertex 37.77 35.965 2.3
      vertex 37.77 34.67 2.3
      vertex 38.1616 34.6957 2.3
    endloop
  endfacet
  facet normal 0 0 1
    outer loop
      vertex 37.5475 35.9796 2.3
      vertex 37.77 34.67 2.3
      vertex 37.77 35.965 2.3
    endloop
  endfacet
  facet normal 0 0 1
    outer loop
      vertex 37.5475 35.9796 2.3
      vertex 37.3784 34.6957 2.3
      vertex 37.77 34.67 2.3
    endloop
  endfacet
  facet normal 0 0 1
    outer loop
      vertex 37.3287 36.0231 2.3
      vertex 37.3784 34.6957 2.3
      vertex 37.5475 35.9796 2.3
    endloop
  endfacet
  facet normal 0 0 1
    outer loop
      vertex 36.9935 34.7722 2.3
      vertex 37.3287 36.0231 2.3
      vertex 37.1175 36.0948 2.3
    endloop
  endfacet
  facet normal 0 0 1
    outer loop
      vertex 37.3287 36.0231 2.3
      vertex 36.9935 34.7722 2.3
      vertex 37.3784 34.6957 2.3
    endloop
  endfacet
  facet normal 0 0 1
    outer loop
      vertex 36.622 34.8984 2.3
      vertex 37.1175 36.0948 2.3
      vertex 36.9175 36.1934 2.3
    endloop
  endfacet
  facet normal 0 0 1
    outer loop
      vertex 36.27 35.0719 2.3
      vertex 36.9175 36.1934 2.3
      vertex 36.7321 36.3173 2.3
    endloop
  endfacet
  facet normal 0 0 1
    outer loop
      vertex 37.1175 36.0948 2.3
      vertex 36.622 34.8984 2.3
      vertex 36.9935 34.7722 2.3
    endloop
  endfacet
  facet normal 0 0 1
    outer loop
      vertex 35.9437 35.2899 2.3
      vertex 36.7321 36.3173 2.3
      vertex 36.5644 36.4644 2.3
    endloop
  endfacet
  facet normal 0 0 1
    outer loop
      vertex 35.6487 35.5487 2.3
      vertex 36.5644 36.4644 2.3
      vertex 36.4173 36.6321 2.3
    endloop
  endfacet
  facet normal 0 0 1
    outer loop
      vertex 35.3899 35.8437 2.3
      vertex 36.4173 36.6321 2.3
      vertex 36.2934 36.8175 2.3
    endloop
  endfacet
  facet normal 0 0 1
    outer loop
      vertex 36.9175 36.1934 2.3
      vertex 36.27 35.0719 2.3
      vertex 36.622 34.8984 2.3
    endloop
  endfacet
  facet normal 0 0 1
    outer loop
      vertex 35.1719 36.17 2.3
      vertex 36.2934 36.8175 2.3
      vertex 36.1948 37.0175 2.3
    endloop
  endfacet
  facet normal 0 0 1
    outer loop
      vertex 34.9984 36.5219 2.3
      vertex 36.1948 37.0175 2.3
      vertex 36.1231 37.2287 2.3
    endloop
  endfacet
  facet normal 0 0 1
    outer loop
      vertex 34.8722 36.8935 2.3
      vertex 36.1231 37.2287 2.3
      vertex 36.0796 37.4475 2.3
    endloop
  endfacet
  facet normal 0 0 1
    outer loop
      vertex 36.7321 36.3173 2.3
      vertex 35.9437 35.2899 2.3
      vertex 36.27 35.0719 2.3
    endloop
  endfacet
  facet normal 0 0 1
    outer loop
      vertex 34.7957 37.2784 2.3
      vertex 36.0796 37.4475 2.3
      vertex 36.065 37.67 2.3
    endloop
  endfacet
  facet normal -0 0 1
    outer loop
      vertex 34.9984 38.8181 2.3
      vertex 36.1948 38.3225 2.3
      vertex 35.1719 39.17 2.3
    endloop
  endfacet
  facet normal 0 0 1
    outer loop
      vertex 36.1948 38.3225 2.3
      vertex 34.9984 38.8181 2.3
      vertex 36.1231 38.1113 2.3
    endloop
  endfacet
  facet normal 0 0 1
    outer loop
      vertex 36.5644 36.4644 2.3
      vertex 35.6487 35.5487 2.3
      vertex 35.9437 35.2899 2.3
    endloop
  endfacet
  facet normal -0 0 1
    outer loop
      vertex 34.8722 38.4465 2.3
      vertex 36.1231 38.1113 2.3
      vertex 34.9984 38.8181 2.3
    endloop
  endfacet
  facet normal 0 0 1
    outer loop
      vertex 36.4173 36.6321 2.3
      vertex 35.3899 35.8437 2.3
      vertex 35.6487 35.5487 2.3
    endloop
  endfacet
  facet normal 0 0 1
    outer loop
      vertex 36.1231 38.1113 2.3
      vertex 34.8722 38.4465 2.3
      vertex 36.0796 37.8925 2.3
    endloop
  endfacet
  facet normal 0 0 1
    outer loop
      vertex 36.2934 36.8175 2.3
      vertex 35.1719 36.17 2.3
      vertex 35.3899 35.8437 2.3
    endloop
  endfacet
  facet normal -0 0 1
    outer loop
      vertex 34.7957 38.0616 2.3
      vertex 36.0796 37.8925 2.3
      vertex 34.8722 38.4465 2.3
    endloop
  endfacet
  facet normal 0 0 1
    outer loop
      vertex 36.1948 37.0175 2.3
      vertex 34.9984 36.5219 2.3
      vertex 35.1719 36.17 2.3
    endloop
  endfacet
  facet normal 0 0 1
    outer loop
      vertex 36.0796 37.8925 2.3
      vertex 34.7957 38.0616 2.3
      vertex 36.065 37.67 2.3
    endloop
  endfacet
  facet normal 0 0 1
    outer loop
      vertex 36.1231 37.2287 2.3
      vertex 34.8722 36.8935 2.3
      vertex 34.9984 36.5219 2.3
    endloop
  endfacet
  facet normal 0 0 1
    outer loop
      vertex 34.77 37.67 2.3
      vertex 36.065 37.67 2.3
      vertex 34.7957 38.0616 2.3
    endloop
  endfacet
  facet normal 0 0 1
    outer loop
      vertex 36.0796 37.4475 2.3
      vertex 34.7957 37.2784 2.3
      vertex 34.8722 36.8935 2.3
    endloop
  endfacet
  facet normal 0 0 1
    outer loop
      vertex 36.065 37.67 2.3
      vertex 34.77 37.67 2.3
      vertex 34.7957 37.2784 2.3
    endloop
  endfacet
  facet normal 0.751724 -0.659478 0
    outer loop
      vertex 35.3899 39.4963 4.5
      vertex 35.6487 39.7913 2.3
      vertex 35.6487 39.7913 4.5
    endloop
  endfacet
  facet normal 0.751724 -0.659478 0
    outer loop
      vertex 35.6487 39.7913 2.3
      vertex 35.3899 39.4963 4.5
      vertex 35.3899 39.4963 2.3
    endloop
  endfacet
  facet normal -0.659478 -0.751724 0
    outer loop
      vertex 39.5963 40.0501 2.3
      vertex 39.8913 39.7913 4.5
      vertex 39.5963 40.0501 4.5
    endloop
  endfacet
  facet normal -0.659478 -0.751724 -0
    outer loop
      vertex 39.8913 39.7913 4.5
      vertex 39.5963 40.0501 2.3
      vertex 39.8913 39.7913 2.3
    endloop
  endfacet
  facet normal 0.896911 0.442211 0
    outer loop
      vertex 35.1719 36.17 4.5
      vertex 34.9984 36.5219 2.3
      vertex 34.9984 36.5219 4.5
    endloop
  endfacet
  facet normal 0.896911 0.442211 0
    outer loop
      vertex 34.9984 36.5219 2.3
      vertex 35.1719 36.17 4.5
      vertex 35.1719 36.17 2.3
    endloop
  endfacet
  facet normal 0.997853 -0.0654873 0
    outer loop
      vertex 34.77 37.67 4.5
      vertex 34.7957 38.0616 2.3
      vertex 34.7957 38.0616 4.5
    endloop
  endfacet
  facet normal 0.997853 -0.0654873 0
    outer loop
      vertex 34.7957 38.0616 2.3
      vertex 34.77 37.67 4.5
      vertex 34.77 37.67 2.3
    endloop
  endfacet
  facet normal -0.831501 0.555523 0
    outer loop
      vertex 40.1501 35.8437 2.3
      vertex 40.3681 36.17 4.5
      vertex 40.3681 36.17 2.3
    endloop
  endfacet
  facet normal -0.831501 0.555523 0
    outer loop
      vertex 40.3681 36.17 4.5
      vertex 40.1501 35.8437 2.3
      vertex 40.1501 35.8437 4.5
    endloop
  endfacet
  facet normal -0.896911 -0.442211 0
    outer loop
      vertex 40.5416 38.8181 2.3
      vertex 40.3681 39.17 4.5
      vertex 40.3681 39.17 2.3
    endloop
  endfacet
  facet normal -0.896911 -0.442211 0
    outer loop
      vertex 40.3681 39.17 4.5
      vertex 40.5416 38.8181 2.3
      vertex 40.5416 38.8181 4.5
    endloop
  endfacet
  facet normal 0.0654873 0.997853 -0
    outer loop
      vertex 37.77 34.67 2.3
      vertex 37.3784 34.6957 4.5
      vertex 37.77 34.67 4.5
    endloop
  endfacet
  facet normal 0.0654873 0.997853 0
    outer loop
      vertex 37.3784 34.6957 4.5
      vertex 37.77 34.67 2.3
      vertex 37.3784 34.6957 2.3
    endloop
  endfacet
  facet normal 0.555523 0.831501 -0
    outer loop
      vertex 36.27 35.0719 2.3
      vertex 35.9437 35.2899 4.5
      vertex 36.27 35.0719 4.5
    endloop
  endfacet
  facet normal 0.555523 0.831501 0
    outer loop
      vertex 35.9437 35.2899 4.5
      vertex 36.27 35.0719 2.3
      vertex 35.9437 35.2899 2.3
    endloop
  endfacet
  facet normal -0.555523 0.831501 0
    outer loop
      vertex 39.5963 35.2899 2.3
      vertex 39.27 35.0719 4.5
      vertex 39.5963 35.2899 4.5
    endloop
  endfacet
  facet normal -0.555523 0.831501 0
    outer loop
      vertex 39.27 35.0719 4.5
      vertex 39.5963 35.2899 2.3
      vertex 39.27 35.0719 2.3
    endloop
  endfacet
  facet normal -0.946885 -0.321574 0
    outer loop
      vertex 40.6678 38.4465 2.3
      vertex 40.5416 38.8181 4.5
      vertex 40.5416 38.8181 2.3
    endloop
  endfacet
  facet normal -0.946885 -0.321574 0
    outer loop
      vertex 40.5416 38.8181 4.5
      vertex 40.6678 38.4465 2.3
      vertex 40.6678 38.4465 4.5
    endloop
  endfacet
  facet normal 0.980815 -0.19494 0
    outer loop
      vertex 34.7957 38.0616 4.5
      vertex 34.8722 38.4465 2.3
      vertex 34.8722 38.4465 4.5
    endloop
  endfacet
  facet normal 0.980815 -0.19494 0
    outer loop
      vertex 34.8722 38.4465 2.3
      vertex 34.7957 38.0616 4.5
      vertex 34.7957 38.0616 2.3
    endloop
  endfacet
  facet normal 0.0654873 -0.997853 0
    outer loop
      vertex 37.3784 40.6443 2.3
      vertex 37.77 40.67 4.5
      vertex 37.3784 40.6443 4.5
    endloop
  endfacet
  facet normal 0.0654873 -0.997853 0
    outer loop
      vertex 37.77 40.67 4.5
      vertex 37.3784 40.6443 2.3
      vertex 37.77 40.67 2.3
    endloop
  endfacet
  facet normal 0.321651 0.946858 -0
    outer loop
      vertex 36.9935 34.7722 2.3
      vertex 36.622 34.8984 4.5
      vertex 36.9935 34.7722 4.5
    endloop
  endfacet
  facet normal 0.321651 0.946858 0
    outer loop
      vertex 36.622 34.8984 4.5
      vertex 36.9935 34.7722 2.3
      vertex 36.622 34.8984 2.3
    endloop
  endfacet
  facet normal 0.980815 0.19494 0
    outer loop
      vertex 34.8722 36.8935 4.5
      vertex 34.7957 37.2784 2.3
      vertex 34.7957 37.2784 4.5
    endloop
  endfacet
  facet normal 0.980815 0.19494 0
    outer loop
      vertex 34.7957 37.2784 2.3
      vertex 34.8722 36.8935 4.5
      vertex 34.8722 36.8935 2.3
    endloop
  endfacet
  facet normal 0.751724 0.659478 0
    outer loop
      vertex 35.6487 35.5487 4.5
      vertex 35.3899 35.8437 2.3
      vertex 35.3899 35.8437 4.5
    endloop
  endfacet
  facet normal 0.751724 0.659478 0
    outer loop
      vertex 35.3899 35.8437 2.3
      vertex 35.6487 35.5487 4.5
      vertex 35.6487 35.5487 2.3
    endloop
  endfacet
  facet normal -0.0654873 -0.997853 0
    outer loop
      vertex 37.77 40.67 2.3
      vertex 38.1616 40.6443 4.5
      vertex 37.77 40.67 4.5
    endloop
  endfacet
  facet normal -0.0654873 -0.997853 -0
    outer loop
      vertex 38.1616 40.6443 4.5
      vertex 37.77 40.67 2.3
      vertex 38.1616 40.6443 2.3
    endloop
  endfacet
  facet normal 0.19494 0.980815 -0
    outer loop
      vertex 37.3784 34.6957 2.3
      vertex 36.9935 34.7722 4.5
      vertex 37.3784 34.6957 4.5
    endloop
  endfacet
  facet normal 0.19494 0.980815 0
    outer loop
      vertex 36.9935 34.7722 4.5
      vertex 37.3784 34.6957 2.3
      vertex 36.9935 34.7722 2.3
    endloop
  endfacet
  facet normal 0.831501 -0.555523 0
    outer loop
      vertex 35.1719 39.17 4.5
      vertex 35.3899 39.4963 2.3
      vertex 35.3899 39.4963 4.5
    endloop
  endfacet
  facet normal 0.831501 -0.555523 0
    outer loop
      vertex 35.3899 39.4963 2.3
      vertex 35.1719 39.17 4.5
      vertex 35.1719 39.17 2.3
    endloop
  endfacet
  facet normal -0.0654772 0.997854 0
    outer loop
      vertex 37.9925 65.9796 0
      vertex 37.77 65.965 2.3
      vertex 37.9925 65.9796 2.3
    endloop
  endfacet
  facet normal -0.0654772 0.997854 0
    outer loop
      vertex 37.77 65.965 2.3
      vertex 37.9925 65.9796 0
      vertex 37.77 65.965 0
    endloop
  endfacet
  facet normal -0.980804 -0.194995 0
    outer loop
      vertex 39.4604 67.8925 0
      vertex 39.4169 68.1113 2.3
      vertex 39.4169 68.1113 0
    endloop
  endfacet
  facet normal -0.980804 -0.194995 0
    outer loop
      vertex 39.4169 68.1113 2.3
      vertex 39.4604 67.8925 0
      vertex 39.4604 67.8925 2.3
    endloop
  endfacet
  facet normal -0.997854 -0.0654772 0
    outer loop
      vertex 39.475 67.67 0
      vertex 39.4604 67.8925 2.3
      vertex 39.4604 67.8925 0
    endloop
  endfacet
  facet normal -0.997854 -0.0654772 0
    outer loop
      vertex 39.4604 67.8925 2.3
      vertex 39.475 67.67 0
      vertex 39.475 67.67 2.3
    endloop
  endfacet
  facet normal -0.94692 -0.321469 0
    outer loop
      vertex 39.4169 68.1113 0
      vertex 39.3452 68.3225 2.3
      vertex 39.3452 68.3225 0
    endloop
  endfacet
  facet normal -0.94692 -0.321469 0
    outer loop
      vertex 39.3452 68.3225 2.3
      vertex 39.4169 68.1113 0
      vertex 39.4169 68.1113 2.3
    endloop
  endfacet
  facet normal -0.321469 -0.94692 0
    outer loop
      vertex 38.2113 69.3169 0
      vertex 38.4225 69.2452 2.3
      vertex 38.2113 69.3169 2.3
    endloop
  endfacet
  facet normal -0.321469 -0.94692 -0
    outer loop
      vertex 38.4225 69.2452 2.3
      vertex 38.2113 69.3169 0
      vertex 38.4225 69.2452 0
    endloop
  endfacet
  facet normal -0.0654772 -0.997854 0
    outer loop
      vertex 37.77 69.375 0
      vertex 37.9925 69.3604 2.3
      vertex 37.77 69.375 2.3
    endloop
  endfacet
  facet normal -0.0654772 -0.997854 -0
    outer loop
      vertex 37.9925 69.3604 2.3
      vertex 37.77 69.375 0
      vertex 37.9925 69.3604 0
    endloop
  endfacet
  facet normal 0.659424 0.751771 -0
    outer loop
      vertex 36.7321 66.3173 0
      vertex 36.5644 66.4644 2.3
      vertex 36.7321 66.3173 2.3
    endloop
  endfacet
  facet normal 0.659424 0.751771 0
    outer loop
      vertex 36.5644 66.4644 2.3
      vertex 36.7321 66.3173 0
      vertex 36.5644 66.4644 0
    endloop
  endfacet
  facet normal 0.997854 0.0654772 0
    outer loop
      vertex 36.0796 67.4475 2.3
      vertex 36.065 67.67 0
      vertex 36.065 67.67 2.3
    endloop
  endfacet
  facet normal 0.997854 0.0654772 0
    outer loop
      vertex 36.065 67.67 0
      vertex 36.0796 67.4475 2.3
      vertex 36.0796 67.4475 0
    endloop
  endfacet
  facet normal 0.659424 -0.751771 0
    outer loop
      vertex 36.5644 68.8756 0
      vertex 36.7321 69.0227 2.3
      vertex 36.5644 68.8756 2.3
    endloop
  endfacet
  facet normal 0.659424 -0.751771 0
    outer loop
      vertex 36.7321 69.0227 2.3
      vertex 36.5644 68.8756 0
      vertex 36.7321 69.0227 0
    endloop
  endfacet
  facet normal -0.751771 -0.659424 0
    outer loop
      vertex 39.1227 68.7079 0
      vertex 38.9756 68.8756 2.3
      vertex 38.9756 68.8756 0
    endloop
  endfacet
  facet normal -0.751771 -0.659424 0
    outer loop
      vertex 38.9756 68.8756 2.3
      vertex 39.1227 68.7079 0
      vertex 39.1227 68.7079 2.3
    endloop
  endfacet
  facet normal -0.997854 0.0654772 0
    outer loop
      vertex 39.4604 67.4475 0
      vertex 39.475 67.67 2.3
      vertex 39.475 67.67 0
    endloop
  endfacet
  facet normal -0.997854 0.0654772 0
    outer loop
      vertex 39.475 67.67 2.3
      vertex 39.4604 67.4475 0
      vertex 39.4604 67.4475 2.3
    endloop
  endfacet
  facet normal -0.442184 -0.896924 0
    outer loop
      vertex 38.4225 69.2452 0
      vertex 38.6225 69.1466 2.3
      vertex 38.4225 69.2452 2.3
    endloop
  endfacet
  facet normal -0.442184 -0.896924 -0
    outer loop
      vertex 38.6225 69.1466 2.3
      vertex 38.4225 69.2452 0
      vertex 38.6225 69.1466 0
    endloop
  endfacet
  facet normal -0.896924 0.442184 0
    outer loop
      vertex 39.2466 66.8175 0
      vertex 39.3452 67.0175 2.3
      vertex 39.3452 67.0175 0
    endloop
  endfacet
  facet normal -0.896924 0.442184 0
    outer loop
      vertex 39.3452 67.0175 2.3
      vertex 39.2466 66.8175 0
      vertex 39.2466 66.8175 2.3
    endloop
  endfacet
  facet normal 0.321469 0.94692 -0
    outer loop
      vertex 37.3287 66.0231 0
      vertex 37.1175 66.0948 2.3
      vertex 37.3287 66.0231 2.3
    endloop
  endfacet
  facet normal 0.321469 0.94692 0
    outer loop
      vertex 37.1175 66.0948 2.3
      vertex 37.3287 66.0231 0
      vertex 37.1175 66.0948 0
    endloop
  endfacet
  facet normal -0.831429 -0.555631 0
    outer loop
      vertex 39.2466 68.5225 0
      vertex 39.1227 68.7079 2.3
      vertex 39.1227 68.7079 0
    endloop
  endfacet
  facet normal -0.831429 -0.555631 0
    outer loop
      vertex 39.1227 68.7079 2.3
      vertex 39.2466 68.5225 0
      vertex 39.2466 68.5225 2.3
    endloop
  endfacet
  facet normal -0.896924 -0.442184 0
    outer loop
      vertex 39.3452 68.3225 0
      vertex 39.2466 68.5225 2.3
      vertex 39.2466 68.5225 0
    endloop
  endfacet
  facet normal -0.896924 -0.442184 0
    outer loop
      vertex 39.2466 68.5225 2.3
      vertex 39.3452 68.3225 0
      vertex 39.3452 68.3225 2.3
    endloop
  endfacet
  facet normal 0.831429 0.555631 0
    outer loop
      vertex 36.4173 66.6321 2.3
      vertex 36.2934 66.8175 0
      vertex 36.2934 66.8175 2.3
    endloop
  endfacet
  facet normal 0.831429 0.555631 0
    outer loop
      vertex 36.2934 66.8175 0
      vertex 36.4173 66.6321 2.3
      vertex 36.4173 66.6321 0
    endloop
  endfacet
  facet normal -0.442184 0.896924 0
    outer loop
      vertex 38.6225 66.1934 0
      vertex 38.4225 66.0948 2.3
      vertex 38.6225 66.1934 2.3
    endloop
  endfacet
  facet normal -0.442184 0.896924 0
    outer loop
      vertex 38.4225 66.0948 2.3
      vertex 38.6225 66.1934 0
      vertex 38.4225 66.0948 0
    endloop
  endfacet
  facet normal 0.997854 -0.0654772 0
    outer loop
      vertex 36.065 67.67 2.3
      vertex 36.0796 67.8925 0
      vertex 36.0796 67.8925 2.3
    endloop
  endfacet
  facet normal 0.997854 -0.0654772 0
    outer loop
      vertex 36.0796 67.8925 0
      vertex 36.065 67.67 2.3
      vertex 36.065 67.67 0
    endloop
  endfacet
  facet normal 0.442184 -0.896924 0
    outer loop
      vertex 36.9175 69.1466 0
      vertex 37.1175 69.2452 2.3
      vertex 36.9175 69.1466 2.3
    endloop
  endfacet
  facet normal 0.442184 -0.896924 0
    outer loop
      vertex 37.1175 69.2452 2.3
      vertex 36.9175 69.1466 0
      vertex 37.1175 69.2452 0
    endloop
  endfacet
  facet normal -0.194995 -0.980804 0
    outer loop
      vertex 37.9925 69.3604 0
      vertex 38.2113 69.3169 2.3
      vertex 37.9925 69.3604 2.3
    endloop
  endfacet
  facet normal -0.194995 -0.980804 -0
    outer loop
      vertex 38.2113 69.3169 2.3
      vertex 37.9925 69.3604 0
      vertex 38.2113 69.3169 0
    endloop
  endfacet
  facet normal 0.751771 -0.659424 0
    outer loop
      vertex 36.4173 68.7079 2.3
      vertex 36.5644 68.8756 0
      vertex 36.5644 68.8756 2.3
    endloop
  endfacet
  facet normal 0.751771 -0.659424 0
    outer loop
      vertex 36.5644 68.8756 0
      vertex 36.4173 68.7079 2.3
      vertex 36.4173 68.7079 0
    endloop
  endfacet
  facet normal -0.94692 0.321469 0
    outer loop
      vertex 39.3452 67.0175 0
      vertex 39.4169 67.2287 2.3
      vertex 39.4169 67.2287 0
    endloop
  endfacet
  facet normal -0.94692 0.321469 0
    outer loop
      vertex 39.4169 67.2287 2.3
      vertex 39.3452 67.0175 0
      vertex 39.3452 67.0175 2.3
    endloop
  endfacet
  facet normal 0.980804 -0.194995 0
    outer loop
      vertex 36.0796 67.8925 2.3
      vertex 36.1231 68.1113 0
      vertex 36.1231 68.1113 2.3
    endloop
  endfacet
  facet normal 0.980804 -0.194995 0
    outer loop
      vertex 36.1231 68.1113 0
      vertex 36.0796 67.8925 2.3
      vertex 36.0796 67.8925 0
    endloop
  endfacet
  facet normal 0.442184 0.896924 -0
    outer loop
      vertex 37.1175 66.0948 0
      vertex 36.9175 66.1934 2.3
      vertex 37.1175 66.0948 2.3
    endloop
  endfacet
  facet normal 0.442184 0.896924 0
    outer loop
      vertex 36.9175 66.1934 2.3
      vertex 37.1175 66.0948 0
      vertex 36.9175 66.1934 0
    endloop
  endfacet
  facet normal 0.555631 -0.831429 0
    outer loop
      vertex 36.7321 69.0227 0
      vertex 36.9175 69.1466 2.3
      vertex 36.7321 69.0227 2.3
    endloop
  endfacet
  facet normal 0.555631 -0.831429 0
    outer loop
      vertex 36.9175 69.1466 2.3
      vertex 36.7321 69.0227 0
      vertex 36.9175 69.1466 0
    endloop
  endfacet
  facet normal -0.659424 0.751771 0
    outer loop
      vertex 38.9756 66.4644 0
      vertex 38.8079 66.3173 2.3
      vertex 38.9756 66.4644 2.3
    endloop
  endfacet
  facet normal -0.659424 0.751771 0
    outer loop
      vertex 38.8079 66.3173 2.3
      vertex 38.9756 66.4644 0
      vertex 38.8079 66.3173 0
    endloop
  endfacet
  facet normal 0.321469 -0.94692 0
    outer loop
      vertex 37.1175 69.2452 0
      vertex 37.3287 69.3169 2.3
      vertex 37.1175 69.2452 2.3
    endloop
  endfacet
  facet normal 0.321469 -0.94692 0
    outer loop
      vertex 37.3287 69.3169 2.3
      vertex 37.1175 69.2452 0
      vertex 37.3287 69.3169 0
    endloop
  endfacet
  facet normal -0.831429 0.555631 0
    outer loop
      vertex 39.1227 66.6321 0
      vertex 39.2466 66.8175 2.3
      vertex 39.2466 66.8175 0
    endloop
  endfacet
  facet normal -0.831429 0.555631 0
    outer loop
      vertex 39.2466 66.8175 2.3
      vertex 39.1227 66.6321 0
      vertex 39.1227 66.6321 2.3
    endloop
  endfacet
  facet normal -0.555631 0.831429 0
    outer loop
      vertex 38.8079 66.3173 0
      vertex 38.6225 66.1934 2.3
      vertex 38.8079 66.3173 2.3
    endloop
  endfacet
  facet normal -0.555631 0.831429 0
    outer loop
      vertex 38.6225 66.1934 2.3
      vertex 38.8079 66.3173 0
      vertex 38.6225 66.1934 0
    endloop
  endfacet
  facet normal -0.751771 0.659424 0
    outer loop
      vertex 38.9756 66.4644 0
      vertex 39.1227 66.6321 2.3
      vertex 39.1227 66.6321 0
    endloop
  endfacet
  facet normal -0.751771 0.659424 0
    outer loop
      vertex 39.1227 66.6321 2.3
      vertex 38.9756 66.4644 0
      vertex 38.9756 66.4644 2.3
    endloop
  endfacet
  facet normal -0.980804 0.194995 0
    outer loop
      vertex 39.4169 67.2287 0
      vertex 39.4604 67.4475 2.3
      vertex 39.4604 67.4475 0
    endloop
  endfacet
  facet normal -0.980804 0.194995 0
    outer loop
      vertex 39.4604 67.4475 2.3
      vertex 39.4169 67.2287 0
      vertex 39.4169 67.2287 2.3
    endloop
  endfacet
  facet normal 0.0654772 -0.997854 0
    outer loop
      vertex 37.5475 69.3604 0
      vertex 37.77 69.375 2.3
      vertex 37.5475 69.3604 2.3
    endloop
  endfacet
  facet normal 0.0654772 -0.997854 0
    outer loop
      vertex 37.77 69.375 2.3
      vertex 37.5475 69.3604 0
      vertex 37.77 69.375 0
    endloop
  endfacet
  facet normal 0.896924 0.442184 0
    outer loop
      vertex 36.2934 66.8175 2.3
      vertex 36.1948 67.0175 0
      vertex 36.1948 67.0175 2.3
    endloop
  endfacet
  facet normal 0.896924 0.442184 0
    outer loop
      vertex 36.1948 67.0175 0
      vertex 36.2934 66.8175 2.3
      vertex 36.2934 66.8175 0
    endloop
  endfacet
  facet normal 0.896924 -0.442184 0
    outer loop
      vertex 36.1948 68.3225 2.3
      vertex 36.2934 68.5225 0
      vertex 36.2934 68.5225 2.3
    endloop
  endfacet
  facet normal 0.896924 -0.442184 0
    outer loop
      vertex 36.2934 68.5225 0
      vertex 36.1948 68.3225 2.3
      vertex 36.1948 68.3225 0
    endloop
  endfacet
  facet normal -0.555631 -0.831429 0
    outer loop
      vertex 38.6225 69.1466 0
      vertex 38.8079 69.0227 2.3
      vertex 38.6225 69.1466 2.3
    endloop
  endfacet
  facet normal -0.555631 -0.831429 -0
    outer loop
      vertex 38.8079 69.0227 2.3
      vertex 38.6225 69.1466 0
      vertex 38.8079 69.0227 0
    endloop
  endfacet
  facet normal 0.980804 0.194995 0
    outer loop
      vertex 36.1231 67.2287 2.3
      vertex 36.0796 67.4475 0
      vertex 36.0796 67.4475 2.3
    endloop
  endfacet
  facet normal 0.980804 0.194995 0
    outer loop
      vertex 36.0796 67.4475 0
      vertex 36.1231 67.2287 2.3
      vertex 36.1231 67.2287 0
    endloop
  endfacet
  facet normal -0.321469 0.94692 0
    outer loop
      vertex 38.4225 66.0948 0
      vertex 38.2113 66.0231 2.3
      vertex 38.4225 66.0948 2.3
    endloop
  endfacet
  facet normal -0.321469 0.94692 0
    outer loop
      vertex 38.2113 66.0231 2.3
      vertex 38.4225 66.0948 0
      vertex 38.2113 66.0231 0
    endloop
  endfacet
  facet normal -0.659424 -0.751771 0
    outer loop
      vertex 38.8079 69.0227 0
      vertex 38.9756 68.8756 2.3
      vertex 38.8079 69.0227 2.3
    endloop
  endfacet
  facet normal -0.659424 -0.751771 -0
    outer loop
      vertex 38.9756 68.8756 2.3
      vertex 38.8079 69.0227 0
      vertex 38.9756 68.8756 0
    endloop
  endfacet
  facet normal -0.194995 0.980804 0
    outer loop
      vertex 38.2113 66.0231 0
      vertex 37.9925 65.9796 2.3
      vertex 38.2113 66.0231 2.3
    endloop
  endfacet
  facet normal -0.194995 0.980804 0
    outer loop
      vertex 37.9925 65.9796 2.3
      vertex 38.2113 66.0231 0
      vertex 37.9925 65.9796 0
    endloop
  endfacet
  facet normal 0.94692 -0.321469 0
    outer loop
      vertex 36.1231 68.1113 2.3
      vertex 36.1948 68.3225 0
      vertex 36.1948 68.3225 2.3
    endloop
  endfacet
  facet normal 0.94692 -0.321469 0
    outer loop
      vertex 36.1948 68.3225 0
      vertex 36.1231 68.1113 2.3
      vertex 36.1231 68.1113 0
    endloop
  endfacet
  facet normal 0.194995 -0.980804 0
    outer loop
      vertex 37.3287 69.3169 0
      vertex 37.5475 69.3604 2.3
      vertex 37.3287 69.3169 2.3
    endloop
  endfacet
  facet normal 0.194995 -0.980804 0
    outer loop
      vertex 37.5475 69.3604 2.3
      vertex 37.3287 69.3169 0
      vertex 37.5475 69.3604 0
    endloop
  endfacet
  facet normal 0.0654772 0.997854 -0
    outer loop
      vertex 37.77 65.965 0
      vertex 37.5475 65.9796 2.3
      vertex 37.77 65.965 2.3
    endloop
  endfacet
  facet normal 0.0654772 0.997854 0
    outer loop
      vertex 37.5475 65.9796 2.3
      vertex 37.77 65.965 0
      vertex 37.5475 65.9796 0
    endloop
  endfacet
  facet normal 0.94692 0.321469 0
    outer loop
      vertex 36.1948 67.0175 2.3
      vertex 36.1231 67.2287 0
      vertex 36.1231 67.2287 2.3
    endloop
  endfacet
  facet normal 0.94692 0.321469 0
    outer loop
      vertex 36.1231 67.2287 0
      vertex 36.1948 67.0175 2.3
      vertex 36.1948 67.0175 0
    endloop
  endfacet
  facet normal 0.751771 0.659424 0
    outer loop
      vertex 36.5644 66.4644 2.3
      vertex 36.4173 66.6321 0
      vertex 36.4173 66.6321 2.3
    endloop
  endfacet
  facet normal 0.751771 0.659424 0
    outer loop
      vertex 36.4173 66.6321 0
      vertex 36.5644 66.4644 2.3
      vertex 36.5644 66.4644 0
    endloop
  endfacet
  facet normal 0.194995 0.980804 -0
    outer loop
      vertex 37.5475 65.9796 0
      vertex 37.3287 66.0231 2.3
      vertex 37.5475 65.9796 2.3
    endloop
  endfacet
  facet normal 0.194995 0.980804 0
    outer loop
      vertex 37.3287 66.0231 2.3
      vertex 37.5475 65.9796 0
      vertex 37.3287 66.0231 0
    endloop
  endfacet
  facet normal 0.555631 0.831429 -0
    outer loop
      vertex 36.9175 66.1934 0
      vertex 36.7321 66.3173 2.3
      vertex 36.9175 66.1934 2.3
    endloop
  endfacet
  facet normal 0.555631 0.831429 0
    outer loop
      vertex 36.7321 66.3173 2.3
      vertex 36.9175 66.1934 0
      vertex 36.7321 66.3173 0
    endloop
  endfacet
  facet normal 0.831429 -0.555631 0
    outer loop
      vertex 36.2934 68.5225 2.3
      vertex 36.4173 68.7079 0
      vertex 36.4173 68.7079 2.3
    endloop
  endfacet
  facet normal 0.831429 -0.555631 0
    outer loop
      vertex 36.4173 68.7079 0
      vertex 36.2934 68.5225 2.3
      vertex 36.2934 68.5225 0
    endloop
  endfacet
  facet normal -0.980815 -0.19494 0
    outer loop
      vertex 40.7443 68.0616 2.3
      vertex 40.6678 68.4465 4.5
      vertex 40.6678 68.4465 2.3
    endloop
  endfacet
  facet normal -0.980815 -0.19494 0
    outer loop
      vertex 40.6678 68.4465 4.5
      vertex 40.7443 68.0616 2.3
      vertex 40.7443 68.0616 4.5
    endloop
  endfacet
  facet normal -0.997853 -0.0654873 0
    outer loop
      vertex 40.77 67.67 2.3
      vertex 40.7443 68.0616 4.5
      vertex 40.7443 68.0616 2.3
    endloop
  endfacet
  facet normal -0.997853 -0.0654873 0
    outer loop
      vertex 40.7443 68.0616 4.5
      vertex 40.77 67.67 2.3
      vertex 40.77 67.67 4.5
    endloop
  endfacet
  facet normal -0.980815 0.19494 0
    outer loop
      vertex 40.6678 66.8935 2.3
      vertex 40.7443 67.2784 4.5
      vertex 40.7443 67.2784 2.3
    endloop
  endfacet
  facet normal -0.980815 0.19494 0
    outer loop
      vertex 40.7443 67.2784 4.5
      vertex 40.6678 66.8935 2.3
      vertex 40.6678 66.8935 4.5
    endloop
  endfacet
  facet normal 0.751724 0.659478 0
    outer loop
      vertex 35.6487 65.5487 4.5
      vertex 35.3899 65.8437 2.3
      vertex 35.3899 65.8437 4.5
    endloop
  endfacet
  facet normal 0.751724 0.659478 0
    outer loop
      vertex 35.3899 65.8437 2.3
      vertex 35.6487 65.5487 4.5
      vertex 35.6487 65.5487 2.3
    endloop
  endfacet
  facet normal -0.659478 0.751724 0
    outer loop
      vertex 39.8913 65.5487 2.3
      vertex 39.5963 65.2899 4.5
      vertex 39.8913 65.5487 4.5
    endloop
  endfacet
  facet normal -0.659478 0.751724 0
    outer loop
      vertex 39.5963 65.2899 4.5
      vertex 39.8913 65.5487 2.3
      vertex 39.5963 65.2899 2.3
    endloop
  endfacet
  facet normal -0.831501 -0.555523 0
    outer loop
      vertex 40.3681 69.17 2.3
      vertex 40.1501 69.4963 4.5
      vertex 40.1501 69.4963 2.3
    endloop
  endfacet
  facet normal -0.831501 -0.555523 0
    outer loop
      vertex 40.1501 69.4963 4.5
      vertex 40.3681 69.17 2.3
      vertex 40.3681 69.17 4.5
    endloop
  endfacet
  facet normal -0.555523 -0.831501 0
    outer loop
      vertex 39.27 70.2681 2.3
      vertex 39.5963 70.0501 4.5
      vertex 39.27 70.2681 4.5
    endloop
  endfacet
  facet normal -0.555523 -0.831501 -0
    outer loop
      vertex 39.5963 70.0501 4.5
      vertex 39.27 70.2681 2.3
      vertex 39.5963 70.0501 2.3
    endloop
  endfacet
  facet normal -0.896911 0.442211 0
    outer loop
      vertex 40.3681 66.17 2.3
      vertex 40.5416 66.5219 4.5
      vertex 40.5416 66.5219 2.3
    endloop
  endfacet
  facet normal -0.896911 0.442211 0
    outer loop
      vertex 40.5416 66.5219 4.5
      vertex 40.3681 66.17 2.3
      vertex 40.3681 66.17 4.5
    endloop
  endfacet
  facet normal -0.997853 0.0654873 0
    outer loop
      vertex 40.7443 67.2784 2.3
      vertex 40.77 67.67 4.5
      vertex 40.77 67.67 2.3
    endloop
  endfacet
  facet normal -0.997853 0.0654873 0
    outer loop
      vertex 40.77 67.67 4.5
      vertex 40.7443 67.2784 2.3
      vertex 40.7443 67.2784 4.5
    endloop
  endfacet
  facet normal -0.321651 -0.946858 0
    outer loop
      vertex 38.5465 70.5678 2.3
      vertex 38.918 70.4416 4.5
      vertex 38.5465 70.5678 4.5
    endloop
  endfacet
  facet normal -0.321651 -0.946858 -0
    outer loop
      vertex 38.918 70.4416 4.5
      vertex 38.5465 70.5678 2.3
      vertex 38.918 70.4416 2.3
    endloop
  endfacet
  facet normal 0.896961 -0.44211 0
    outer loop
      vertex 34.9984 68.818 4.5
      vertex 35.1719 69.17 2.3
      vertex 35.1719 69.17 4.5
    endloop
  endfacet
  facet normal 0.896961 -0.44211 0
    outer loop
      vertex 35.1719 69.17 2.3
      vertex 34.9984 68.818 4.5
      vertex 34.9984 68.818 2.3
    endloop
  endfacet
  facet normal 0.659478 -0.751724 0
    outer loop
      vertex 35.6487 69.7913 2.3
      vertex 35.9437 70.0501 4.5
      vertex 35.6487 69.7913 4.5
    endloop
  endfacet
  facet normal 0.659478 -0.751724 0
    outer loop
      vertex 35.9437 70.0501 4.5
      vertex 35.6487 69.7913 2.3
      vertex 35.9437 70.0501 2.3
    endloop
  endfacet
  facet normal -0.321651 0.946858 0
    outer loop
      vertex 38.918 64.8984 2.3
      vertex 38.5465 64.7722 4.5
      vertex 38.918 64.8984 4.5
    endloop
  endfacet
  facet normal -0.321651 0.946858 0
    outer loop
      vertex 38.5465 64.7722 4.5
      vertex 38.918 64.8984 2.3
      vertex 38.5465 64.7722 2.3
    endloop
  endfacet
  facet normal 0.997853 0.0654873 0
    outer loop
      vertex 34.7957 67.2784 4.5
      vertex 34.77 67.67 2.3
      vertex 34.77 67.67 4.5
    endloop
  endfacet
  facet normal 0.997853 0.0654873 0
    outer loop
      vertex 34.77 67.67 2.3
      vertex 34.7957 67.2784 4.5
      vertex 34.7957 67.2784 2.3
    endloop
  endfacet
  facet normal 0.321651 -0.946858 0
    outer loop
      vertex 36.622 70.4416 2.3
      vertex 36.9935 70.5678 4.5
      vertex 36.622 70.4416 4.5
    endloop
  endfacet
  facet normal 0.321651 -0.946858 0
    outer loop
      vertex 36.9935 70.5678 4.5
      vertex 36.622 70.4416 2.3
      vertex 36.9935 70.5678 2.3
    endloop
  endfacet
  facet normal 0.831501 0.555523 0
    outer loop
      vertex 35.3899 65.8437 4.5
      vertex 35.1719 66.17 2.3
      vertex 35.1719 66.17 4.5
    endloop
  endfacet
  facet normal 0.831501 0.555523 0
    outer loop
      vertex 35.1719 66.17 2.3
      vertex 35.3899 65.8437 4.5
      vertex 35.3899 65.8437 2.3
    endloop
  endfacet
  facet normal 0.555523 -0.831501 0
    outer loop
      vertex 35.9437 70.0501 2.3
      vertex 36.27 70.2681 4.5
      vertex 35.9437 70.0501 4.5
    endloop
  endfacet
  facet normal 0.555523 -0.831501 0
    outer loop
      vertex 36.27 70.2681 4.5
      vertex 35.9437 70.0501 2.3
      vertex 36.27 70.2681 2.3
    endloop
  endfacet
  facet normal 0.831501 -0.555523 0
    outer loop
      vertex 35.1719 69.17 4.5
      vertex 35.3899 69.4963 2.3
      vertex 35.3899 69.4963 4.5
    endloop
  endfacet
  facet normal 0.831501 -0.555523 0
    outer loop
      vertex 35.3899 69.4963 2.3
      vertex 35.1719 69.17 4.5
      vertex 35.1719 69.17 2.3
    endloop
  endfacet
  facet normal 0.997853 -0.0654873 0
    outer loop
      vertex 34.77 67.67 4.5
      vertex 34.7957 68.0616 2.3
      vertex 34.7957 68.0616 4.5
    endloop
  endfacet
  facet normal 0.997853 -0.0654873 0
    outer loop
      vertex 34.7957 68.0616 2.3
      vertex 34.77 67.67 4.5
      vertex 34.77 67.67 2.3
    endloop
  endfacet
  facet normal 0.19494 0.980815 -0
    outer loop
      vertex 37.3784 64.6957 2.3
      vertex 36.9935 64.7722 4.5
      vertex 37.3784 64.6957 4.5
    endloop
  endfacet
  facet normal 0.19494 0.980815 0
    outer loop
      vertex 36.9935 64.7722 4.5
      vertex 37.3784 64.6957 2.3
      vertex 36.9935 64.7722 2.3
    endloop
  endfacet
  facet normal -0.19494 -0.980815 0
    outer loop
      vertex 38.1616 70.6443 2.3
      vertex 38.5465 70.5678 4.5
      vertex 38.1616 70.6443 4.5
    endloop
  endfacet
  facet normal -0.19494 -0.980815 -0
    outer loop
      vertex 38.5465 70.5678 4.5
      vertex 38.1616 70.6443 2.3
      vertex 38.5465 70.5678 2.3
    endloop
  endfacet
  facet normal 0.44211 -0.896961 0
    outer loop
      vertex 36.27 70.2681 2.3
      vertex 36.622 70.4416 4.5
      vertex 36.27 70.2681 4.5
    endloop
  endfacet
  facet normal 0.44211 -0.896961 0
    outer loop
      vertex 36.622 70.4416 4.5
      vertex 36.27 70.2681 2.3
      vertex 36.622 70.4416 2.3
    endloop
  endfacet
  facet normal -0.0654873 0.997853 0
    outer loop
      vertex 38.1616 64.6957 2.3
      vertex 37.77 64.67 4.5
      vertex 38.1616 64.6957 4.5
    endloop
  endfacet
  facet normal -0.0654873 0.997853 0
    outer loop
      vertex 37.77 64.67 4.5
      vertex 38.1616 64.6957 2.3
      vertex 37.77 64.67 2.3
    endloop
  endfacet
  facet normal 0.946885 0.321574 0
    outer loop
      vertex 34.9984 66.5219 4.5
      vertex 34.8722 66.8935 2.3
      vertex 34.8722 66.8935 4.5
    endloop
  endfacet
  facet normal 0.946885 0.321574 0
    outer loop
      vertex 34.8722 66.8935 2.3
      vertex 34.9984 66.5219 4.5
      vertex 34.9984 66.5219 2.3
    endloop
  endfacet
  facet normal -0.946885 0.321574 0
    outer loop
      vertex 40.5416 66.5219 2.3
      vertex 40.6678 66.8935 4.5
      vertex 40.6678 66.8935 2.3
    endloop
  endfacet
  facet normal -0.946885 0.321574 0
    outer loop
      vertex 40.6678 66.8935 4.5
      vertex 40.5416 66.5219 2.3
      vertex 40.5416 66.5219 4.5
    endloop
  endfacet
  facet normal -0.44211 -0.896961 0
    outer loop
      vertex 38.918 70.4416 2.3
      vertex 39.27 70.2681 4.5
      vertex 38.918 70.4416 4.5
    endloop
  endfacet
  facet normal -0.44211 -0.896961 -0
    outer loop
      vertex 39.27 70.2681 4.5
      vertex 38.918 70.4416 2.3
      vertex 39.27 70.2681 2.3
    endloop
  endfacet
  facet normal 0.19494 -0.980815 0
    outer loop
      vertex 36.9935 70.5678 2.3
      vertex 37.3784 70.6443 4.5
      vertex 36.9935 70.5678 4.5
    endloop
  endfacet
  facet normal 0.19494 -0.980815 0
    outer loop
      vertex 37.3784 70.6443 4.5
      vertex 36.9935 70.5678 2.3
      vertex 37.3784 70.6443 2.3
    endloop
  endfacet
  facet normal -0.751724 -0.659478 0
    outer loop
      vertex 40.1501 69.4963 2.3
      vertex 39.8913 69.7913 4.5
      vertex 39.8913 69.7913 2.3
    endloop
  endfacet
  facet normal -0.751724 -0.659478 0
    outer loop
      vertex 39.8913 69.7913 4.5
      vertex 40.1501 69.4963 2.3
      vertex 40.1501 69.4963 4.5
    endloop
  endfacet
  facet normal -0.751724 0.659478 0
    outer loop
      vertex 39.8913 65.5487 2.3
      vertex 40.1501 65.8437 4.5
      vertex 40.1501 65.8437 2.3
    endloop
  endfacet
  facet normal -0.751724 0.659478 0
    outer loop
      vertex 40.1501 65.8437 4.5
      vertex 39.8913 65.5487 2.3
      vertex 39.8913 65.5487 4.5
    endloop
  endfacet
  facet normal 0.751724 -0.659478 0
    outer loop
      vertex 35.3899 69.4963 4.5
      vertex 35.6487 69.7913 2.3
      vertex 35.6487 69.7913 4.5
    endloop
  endfacet
  facet normal 0.751724 -0.659478 0
    outer loop
      vertex 35.6487 69.7913 2.3
      vertex 35.3899 69.4963 4.5
      vertex 35.3899 69.4963 2.3
    endloop
  endfacet
  facet normal 0.946858 -0.321651 0
    outer loop
      vertex 34.8722 68.4465 4.5
      vertex 34.9984 68.818 2.3
      vertex 34.9984 68.818 4.5
    endloop
  endfacet
  facet normal 0.946858 -0.321651 0
    outer loop
      vertex 34.9984 68.818 2.3
      vertex 34.8722 68.4465 4.5
      vertex 34.8722 68.4465 2.3
    endloop
  endfacet
  facet normal -0.19494 0.980815 0
    outer loop
      vertex 38.5465 64.7722 2.3
      vertex 38.1616 64.6957 4.5
      vertex 38.5465 64.7722 4.5
    endloop
  endfacet
  facet normal -0.19494 0.980815 0
    outer loop
      vertex 38.1616 64.6957 4.5
      vertex 38.5465 64.7722 2.3
      vertex 38.1616 64.6957 2.3
    endloop
  endfacet
  facet normal -0.44211 0.896961 0
    outer loop
      vertex 39.27 65.0719 2.3
      vertex 38.918 64.8984 4.5
      vertex 39.27 65.0719 4.5
    endloop
  endfacet
  facet normal -0.44211 0.896961 0
    outer loop
      vertex 38.918 64.8984 4.5
      vertex 39.27 65.0719 2.3
      vertex 38.918 64.8984 2.3
    endloop
  endfacet
  facet normal -0.659478 -0.751724 0
    outer loop
      vertex 39.5963 70.0501 2.3
      vertex 39.8913 69.7913 4.5
      vertex 39.5963 70.0501 4.5
    endloop
  endfacet
  facet normal -0.659478 -0.751724 -0
    outer loop
      vertex 39.8913 69.7913 4.5
      vertex 39.5963 70.0501 2.3
      vertex 39.8913 69.7913 2.3
    endloop
  endfacet
  facet normal 0.896911 0.442211 0
    outer loop
      vertex 35.1719 66.17 4.5
      vertex 34.9984 66.5219 2.3
      vertex 34.9984 66.5219 4.5
    endloop
  endfacet
  facet normal 0.896911 0.442211 0
    outer loop
      vertex 34.9984 66.5219 2.3
      vertex 35.1719 66.17 4.5
      vertex 35.1719 66.17 2.3
    endloop
  endfacet
  facet normal -0.555523 0.831501 0
    outer loop
      vertex 39.5963 65.2899 2.3
      vertex 39.27 65.0719 4.5
      vertex 39.5963 65.2899 4.5
    endloop
  endfacet
  facet normal -0.555523 0.831501 0
    outer loop
      vertex 39.27 65.0719 4.5
      vertex 39.5963 65.2899 2.3
      vertex 39.27 65.0719 2.3
    endloop
  endfacet
  facet normal -0.831501 0.555523 0
    outer loop
      vertex 40.1501 65.8437 2.3
      vertex 40.3681 66.17 4.5
      vertex 40.3681 66.17 2.3
    endloop
  endfacet
  facet normal -0.831501 0.555523 0
    outer loop
      vertex 40.3681 66.17 4.5
      vertex 40.1501 65.8437 2.3
      vertex 40.1501 65.8437 4.5
    endloop
  endfacet
  facet normal -0.896961 -0.44211 0
    outer loop
      vertex 40.5416 68.818 2.3
      vertex 40.3681 69.17 4.5
      vertex 40.3681 69.17 2.3
    endloop
  endfacet
  facet normal -0.896961 -0.44211 0
    outer loop
      vertex 40.3681 69.17 4.5
      vertex 40.5416 68.818 2.3
      vertex 40.5416 68.818 4.5
    endloop
  endfacet
  facet normal -0.0654873 -0.997853 0
    outer loop
      vertex 37.77 70.67 2.3
      vertex 38.1616 70.6443 4.5
      vertex 37.77 70.67 4.5
    endloop
  endfacet
  facet normal -0.0654873 -0.997853 -0
    outer loop
      vertex 38.1616 70.6443 4.5
      vertex 37.77 70.67 2.3
      vertex 38.1616 70.6443 2.3
    endloop
  endfacet
  facet normal -0.946858 -0.321651 0
    outer loop
      vertex 40.6678 68.4465 2.3
      vertex 40.5416 68.818 4.5
      vertex 40.5416 68.818 2.3
    endloop
  endfacet
  facet normal -0.946858 -0.321651 0
    outer loop
      vertex 40.5416 68.818 4.5
      vertex 40.6678 68.4465 2.3
      vertex 40.6678 68.4465 4.5
    endloop
  endfacet
  facet normal 0.980815 -0.19494 0
    outer loop
      vertex 34.7957 68.0616 4.5
      vertex 34.8722 68.4465 2.3
      vertex 34.8722 68.4465 4.5
    endloop
  endfacet
  facet normal 0.980815 -0.19494 0
    outer loop
      vertex 34.8722 68.4465 2.3
      vertex 34.7957 68.0616 4.5
      vertex 34.7957 68.0616 2.3
    endloop
  endfacet
  facet normal 0.0654873 -0.997853 0
    outer loop
      vertex 37.3784 70.6443 2.3
      vertex 37.77 70.67 4.5
      vertex 37.3784 70.6443 4.5
    endloop
  endfacet
  facet normal 0.0654873 -0.997853 0
    outer loop
      vertex 37.77 70.67 4.5
      vertex 37.3784 70.6443 2.3
      vertex 37.77 70.67 2.3
    endloop
  endfacet
  facet normal 0.659478 0.751724 -0
    outer loop
      vertex 35.9437 65.2899 2.3
      vertex 35.6487 65.5487 4.5
      vertex 35.9437 65.2899 4.5
    endloop
  endfacet
  facet normal 0.659478 0.751724 0
    outer loop
      vertex 35.6487 65.5487 4.5
      vertex 35.9437 65.2899 2.3
      vertex 35.6487 65.5487 2.3
    endloop
  endfacet
  facet normal 0.321651 0.946858 -0
    outer loop
      vertex 36.9935 64.7722 2.3
      vertex 36.622 64.8984 4.5
      vertex 36.9935 64.7722 4.5
    endloop
  endfacet
  facet normal 0.321651 0.946858 0
    outer loop
      vertex 36.622 64.8984 4.5
      vertex 36.9935 64.7722 2.3
      vertex 36.622 64.8984 2.3
    endloop
  endfacet
  facet normal 0.0654873 0.997853 -0
    outer loop
      vertex 37.77 64.67 2.3
      vertex 37.3784 64.6957 4.5
      vertex 37.77 64.67 4.5
    endloop
  endfacet
  facet normal 0.0654873 0.997853 0
    outer loop
      vertex 37.3784 64.6957 4.5
      vertex 37.77 64.67 2.3
      vertex 37.3784 64.6957 2.3
    endloop
  endfacet
  facet normal 0.980815 0.19494 0
    outer loop
      vertex 34.8722 66.8935 4.5
      vertex 34.7957 67.2784 2.3
      vertex 34.7957 67.2784 4.5
    endloop
  endfacet
  facet normal 0.980815 0.19494 0
    outer loop
      vertex 34.7957 67.2784 2.3
      vertex 34.8722 66.8935 4.5
      vertex 34.8722 66.8935 2.3
    endloop
  endfacet
  facet normal 0.44211 0.896961 -0
    outer loop
      vertex 36.622 64.8984 2.3
      vertex 36.27 65.0719 4.5
      vertex 36.622 64.8984 4.5
    endloop
  endfacet
  facet normal 0.44211 0.896961 0
    outer loop
      vertex 36.27 65.0719 4.5
      vertex 36.622 64.8984 2.3
      vertex 36.27 65.0719 2.3
    endloop
  endfacet
  facet normal 0 0 1
    outer loop
      vertex 39.475 67.67 2.3
      vertex 40.77 67.67 2.3
      vertex 40.7443 68.0616 2.3
    endloop
  endfacet
  facet normal 0 0 1
    outer loop
      vertex 39.4604 67.8925 2.3
      vertex 40.7443 68.0616 2.3
      vertex 40.6678 68.4465 2.3
    endloop
  endfacet
  facet normal 0 0 1
    outer loop
      vertex 40.77 67.67 2.3
      vertex 39.475 67.67 2.3
      vertex 40.7443 67.2784 2.3
    endloop
  endfacet
  facet normal 0 0 1
    outer loop
      vertex 39.4169 68.1113 2.3
      vertex 40.6678 68.4465 2.3
      vertex 40.5416 68.818 2.3
    endloop
  endfacet
  facet normal -0 0 1
    outer loop
      vertex 39.4604 67.4475 2.3
      vertex 40.7443 67.2784 2.3
      vertex 39.475 67.67 2.3
    endloop
  endfacet
  facet normal 0 0 1
    outer loop
      vertex 39.3452 68.3225 2.3
      vertex 40.5416 68.818 2.3
      vertex 40.3681 69.17 2.3
    endloop
  endfacet
  facet normal 0 0 1
    outer loop
      vertex 40.7443 67.2784 2.3
      vertex 39.4604 67.4475 2.3
      vertex 40.6678 66.8935 2.3
    endloop
  endfacet
  facet normal 0 0 1
    outer loop
      vertex 39.2466 68.5225 2.3
      vertex 40.3681 69.17 2.3
      vertex 40.1501 69.4963 2.3
    endloop
  endfacet
  facet normal -0 0 1
    outer loop
      vertex 39.4169 67.2287 2.3
      vertex 40.6678 66.8935 2.3
      vertex 39.4604 67.4475 2.3
    endloop
  endfacet
  facet normal 0 0 1
    outer loop
      vertex 39.1227 68.7079 2.3
      vertex 40.1501 69.4963 2.3
      vertex 39.8913 69.7913 2.3
    endloop
  endfacet
  facet normal 0 0 1
    outer loop
      vertex 40.6678 66.8935 2.3
      vertex 39.4169 67.2287 2.3
      vertex 40.5416 66.5219 2.3
    endloop
  endfacet
  facet normal 0 0 1
    outer loop
      vertex 38.9756 68.8756 2.3
      vertex 39.8913 69.7913 2.3
      vertex 39.5963 70.0501 2.3
    endloop
  endfacet
  facet normal -0 0 1
    outer loop
      vertex 39.3452 67.0175 2.3
      vertex 40.5416 66.5219 2.3
      vertex 39.4169 67.2287 2.3
    endloop
  endfacet
  facet normal 0 0 1
    outer loop
      vertex 40.5416 66.5219 2.3
      vertex 39.3452 67.0175 2.3
      vertex 40.3681 66.17 2.3
    endloop
  endfacet
  facet normal 0 0 1
    outer loop
      vertex 40.7443 68.0616 2.3
      vertex 39.4604 67.8925 2.3
      vertex 39.475 67.67 2.3
    endloop
  endfacet
  facet normal 0 0 1
    outer loop
      vertex 40.6678 68.4465 2.3
      vertex 39.4169 68.1113 2.3
      vertex 39.4604 67.8925 2.3
    endloop
  endfacet
  facet normal 0 0 1
    outer loop
      vertex 40.5416 68.818 2.3
      vertex 39.3452 68.3225 2.3
      vertex 39.4169 68.1113 2.3
    endloop
  endfacet
  facet normal 0 0 1
    outer loop
      vertex 38.8079 69.0227 2.3
      vertex 39.5963 70.0501 2.3
      vertex 39.27 70.2681 2.3
    endloop
  endfacet
  facet normal 0 0 1
    outer loop
      vertex 40.3681 69.17 2.3
      vertex 39.2466 68.5225 2.3
      vertex 39.3452 68.3225 2.3
    endloop
  endfacet
  facet normal 0 0 1
    outer loop
      vertex 40.1501 69.4963 2.3
      vertex 39.1227 68.7079 2.3
      vertex 39.2466 68.5225 2.3
    endloop
  endfacet
  facet normal 0 0 1
    outer loop
      vertex 39.8913 69.7913 2.3
      vertex 38.9756 68.8756 2.3
      vertex 39.1227 68.7079 2.3
    endloop
  endfacet
  facet normal 0 0 1
    outer loop
      vertex 38.6225 69.1466 2.3
      vertex 39.27 70.2681 2.3
      vertex 38.918 70.4416 2.3
    endloop
  endfacet
  facet normal 0 0 1
    outer loop
      vertex 39.5963 70.0501 2.3
      vertex 38.8079 69.0227 2.3
      vertex 38.9756 68.8756 2.3
    endloop
  endfacet
  facet normal 0 0 1
    outer loop
      vertex 39.27 70.2681 2.3
      vertex 38.6225 69.1466 2.3
      vertex 38.8079 69.0227 2.3
    endloop
  endfacet
  facet normal 0 0 1
    outer loop
      vertex 38.4225 69.2452 2.3
      vertex 38.918 70.4416 2.3
      vertex 38.5465 70.5678 2.3
    endloop
  endfacet
  facet normal 0 0 1
    outer loop
      vertex 38.918 70.4416 2.3
      vertex 38.4225 69.2452 2.3
      vertex 38.6225 69.1466 2.3
    endloop
  endfacet
  facet normal 0 0 1
    outer loop
      vertex 38.5465 70.5678 2.3
      vertex 38.2113 69.3169 2.3
      vertex 38.4225 69.2452 2.3
    endloop
  endfacet
  facet normal 0 0 1
    outer loop
      vertex 38.1616 70.6443 2.3
      vertex 38.2113 69.3169 2.3
      vertex 38.5465 70.5678 2.3
    endloop
  endfacet
  facet normal 0 0 1
    outer loop
      vertex 38.1616 70.6443 2.3
      vertex 37.9925 69.3604 2.3
      vertex 38.2113 69.3169 2.3
    endloop
  endfacet
  facet normal 0 0 1
    outer loop
      vertex 37.77 70.67 2.3
      vertex 37.9925 69.3604 2.3
      vertex 38.1616 70.6443 2.3
    endloop
  endfacet
  facet normal 0 0 1
    outer loop
      vertex 37.77 70.67 2.3
      vertex 37.77 69.375 2.3
      vertex 37.9925 69.3604 2.3
    endloop
  endfacet
  facet normal 0 0 1
    outer loop
      vertex 37.77 70.67 2.3
      vertex 37.5475 69.3604 2.3
      vertex 37.77 69.375 2.3
    endloop
  endfacet
  facet normal -0 0 1
    outer loop
      vertex 37.3784 70.6443 2.3
      vertex 37.5475 69.3604 2.3
      vertex 37.77 70.67 2.3
    endloop
  endfacet
  facet normal 0 0 1
    outer loop
      vertex 37.3784 70.6443 2.3
      vertex 37.3287 69.3169 2.3
      vertex 37.5475 69.3604 2.3
    endloop
  endfacet
  facet normal -0 0 1
    outer loop
      vertex 36.9935 70.5678 2.3
      vertex 37.3287 69.3169 2.3
      vertex 37.3784 70.6443 2.3
    endloop
  endfacet
  facet normal 0 0 1
    outer loop
      vertex 37.3287 69.3169 2.3
      vertex 36.9935 70.5678 2.3
      vertex 37.1175 69.2452 2.3
    endloop
  endfacet
  facet normal -0 0 1
    outer loop
      vertex 36.622 70.4416 2.3
      vertex 37.1175 69.2452 2.3
      vertex 36.9935 70.5678 2.3
    endloop
  endfacet
  facet normal 0 0 1
    outer loop
      vertex 37.1175 69.2452 2.3
      vertex 36.622 70.4416 2.3
      vertex 36.9175 69.1466 2.3
    endloop
  endfacet
  facet normal -0 0 1
    outer loop
      vertex 36.27 70.2681 2.3
      vertex 36.9175 69.1466 2.3
      vertex 36.622 70.4416 2.3
    endloop
  endfacet
  facet normal 0 0 1
    outer loop
      vertex 36.9175 69.1466 2.3
      vertex 36.27 70.2681 2.3
      vertex 36.7321 69.0227 2.3
    endloop
  endfacet
  facet normal -0 0 1
    outer loop
      vertex 35.9437 70.0501 2.3
      vertex 36.7321 69.0227 2.3
      vertex 36.27 70.2681 2.3
    endloop
  endfacet
  facet normal 0 0 1
    outer loop
      vertex 36.7321 69.0227 2.3
      vertex 35.9437 70.0501 2.3
      vertex 36.5644 68.8756 2.3
    endloop
  endfacet
  facet normal -0 0 1
    outer loop
      vertex 35.6487 69.7913 2.3
      vertex 36.5644 68.8756 2.3
      vertex 35.9437 70.0501 2.3
    endloop
  endfacet
  facet normal 0 0 1
    outer loop
      vertex 36.5644 68.8756 2.3
      vertex 35.6487 69.7913 2.3
      vertex 36.4173 68.7079 2.3
    endloop
  endfacet
  facet normal -0 0 1
    outer loop
      vertex 35.3899 69.4963 2.3
      vertex 36.4173 68.7079 2.3
      vertex 35.6487 69.7913 2.3
    endloop
  endfacet
  facet normal 0 0 1
    outer loop
      vertex 36.4173 68.7079 2.3
      vertex 35.3899 69.4963 2.3
      vertex 36.2934 68.5225 2.3
    endloop
  endfacet
  facet normal 0 0 1
    outer loop
      vertex 36.2934 68.5225 2.3
      vertex 35.1719 69.17 2.3
      vertex 36.1948 68.3225 2.3
    endloop
  endfacet
  facet normal -0 0 1
    outer loop
      vertex 35.1719 69.17 2.3
      vertex 36.2934 68.5225 2.3
      vertex 35.3899 69.4963 2.3
    endloop
  endfacet
  facet normal -0 0 1
    outer loop
      vertex 39.2466 66.8175 2.3
      vertex 40.3681 66.17 2.3
      vertex 39.3452 67.0175 2.3
    endloop
  endfacet
  facet normal 0 0 1
    outer loop
      vertex 40.3681 66.17 2.3
      vertex 39.2466 66.8175 2.3
      vertex 40.1501 65.8437 2.3
    endloop
  endfacet
  facet normal -0 0 1
    outer loop
      vertex 39.1227 66.6321 2.3
      vertex 40.1501 65.8437 2.3
      vertex 39.2466 66.8175 2.3
    endloop
  endfacet
  facet normal 0 0 1
    outer loop
      vertex 40.1501 65.8437 2.3
      vertex 39.1227 66.6321 2.3
      vertex 39.8913 65.5487 2.3
    endloop
  endfacet
  facet normal -0 0 1
    outer loop
      vertex 38.9756 66.4644 2.3
      vertex 39.8913 65.5487 2.3
      vertex 39.1227 66.6321 2.3
    endloop
  endfacet
  facet normal 0 0 1
    outer loop
      vertex 39.8913 65.5487 2.3
      vertex 38.9756 66.4644 2.3
      vertex 39.5963 65.2899 2.3
    endloop
  endfacet
  facet normal -0 0 1
    outer loop
      vertex 38.8079 66.3173 2.3
      vertex 39.5963 65.2899 2.3
      vertex 38.9756 66.4644 2.3
    endloop
  endfacet
  facet normal 0 0 1
    outer loop
      vertex 39.5963 65.2899 2.3
      vertex 38.8079 66.3173 2.3
      vertex 39.27 65.0719 2.3
    endloop
  endfacet
  facet normal -0 0 1
    outer loop
      vertex 38.6225 66.1934 2.3
      vertex 39.27 65.0719 2.3
      vertex 38.8079 66.3173 2.3
    endloop
  endfacet
  facet normal 0 0 1
    outer loop
      vertex 39.27 65.0719 2.3
      vertex 38.6225 66.1934 2.3
      vertex 38.918 64.8984 2.3
    endloop
  endfacet
  facet normal -0 0 1
    outer loop
      vertex 38.4225 66.0948 2.3
      vertex 38.918 64.8984 2.3
      vertex 38.6225 66.1934 2.3
    endloop
  endfacet
  facet normal 0 0 1
    outer loop
      vertex 38.918 64.8984 2.3
      vertex 38.4225 66.0948 2.3
      vertex 38.5465 64.7722 2.3
    endloop
  endfacet
  facet normal -0 0 1
    outer loop
      vertex 38.2113 66.0231 2.3
      vertex 38.5465 64.7722 2.3
      vertex 38.4225 66.0948 2.3
    endloop
  endfacet
  facet normal 0 0 1
    outer loop
      vertex 38.2113 66.0231 2.3
      vertex 38.1616 64.6957 2.3
      vertex 38.5465 64.7722 2.3
    endloop
  endfacet
  facet normal -0 0 1
    outer loop
      vertex 37.9925 65.9796 2.3
      vertex 38.1616 64.6957 2.3
      vertex 38.2113 66.0231 2.3
    endloop
  endfacet
  facet normal -0 0 1
    outer loop
      vertex 37.77 65.965 2.3
      vertex 38.1616 64.6957 2.3
      vertex 37.9925 65.9796 2.3
    endloop
  endfacet
  facet normal 0 0 1
    outer loop
      vertex 37.77 65.965 2.3
      vertex 37.77 64.67 2.3
      vertex 38.1616 64.6957 2.3
    endloop
  endfacet
  facet normal 0 0 1
    outer loop
      vertex 37.5475 65.9796 2.3
      vertex 37.77 64.67 2.3
      vertex 37.77 65.965 2.3
    endloop
  endfacet
  facet normal 0 0 1
    outer loop
      vertex 37.5475 65.9796 2.3
      vertex 37.3784 64.6957 2.3
      vertex 37.77 64.67 2.3
    endloop
  endfacet
  facet normal 0 0 1
    outer loop
      vertex 37.3287 66.0231 2.3
      vertex 37.3784 64.6957 2.3
      vertex 37.5475 65.9796 2.3
    endloop
  endfacet
  facet normal 0 0 1
    outer loop
      vertex 36.9935 64.7722 2.3
      vertex 37.3287 66.0231 2.3
      vertex 37.1175 66.0948 2.3
    endloop
  endfacet
  facet normal 0 0 1
    outer loop
      vertex 37.3287 66.0231 2.3
      vertex 36.9935 64.7722 2.3
      vertex 37.3784 64.6957 2.3
    endloop
  endfacet
  facet normal 0 0 1
    outer loop
      vertex 36.622 64.8984 2.3
      vertex 37.1175 66.0948 2.3
      vertex 36.9175 66.1934 2.3
    endloop
  endfacet
  facet normal 0 0 1
    outer loop
      vertex 36.27 65.0719 2.3
      vertex 36.9175 66.1934 2.3
      vertex 36.7321 66.3173 2.3
    endloop
  endfacet
  facet normal 0 0 1
    outer loop
      vertex 37.1175 66.0948 2.3
      vertex 36.622 64.8984 2.3
      vertex 36.9935 64.7722 2.3
    endloop
  endfacet
  facet normal 0 0 1
    outer loop
      vertex 35.9437 65.2899 2.3
      vertex 36.7321 66.3173 2.3
      vertex 36.5644 66.4644 2.3
    endloop
  endfacet
  facet normal 0 0 1
    outer loop
      vertex 35.6487 65.5487 2.3
      vertex 36.5644 66.4644 2.3
      vertex 36.4173 66.6321 2.3
    endloop
  endfacet
  facet normal 0 0 1
    outer loop
      vertex 35.3899 65.8437 2.3
      vertex 36.4173 66.6321 2.3
      vertex 36.2934 66.8175 2.3
    endloop
  endfacet
  facet normal 0 0 1
    outer loop
      vertex 36.9175 66.1934 2.3
      vertex 36.27 65.0719 2.3
      vertex 36.622 64.8984 2.3
    endloop
  endfacet
  facet normal 0 0 1
    outer loop
      vertex 35.1719 66.17 2.3
      vertex 36.2934 66.8175 2.3
      vertex 36.1948 67.0175 2.3
    endloop
  endfacet
  facet normal 0 0 1
    outer loop
      vertex 34.9984 66.5219 2.3
      vertex 36.1948 67.0175 2.3
      vertex 36.1231 67.2287 2.3
    endloop
  endfacet
  facet normal 0 0 1
    outer loop
      vertex 34.8722 66.8935 2.3
      vertex 36.1231 67.2287 2.3
      vertex 36.0796 67.4475 2.3
    endloop
  endfacet
  facet normal 0 0 1
    outer loop
      vertex 36.7321 66.3173 2.3
      vertex 35.9437 65.2899 2.3
      vertex 36.27 65.0719 2.3
    endloop
  endfacet
  facet normal 0 0 1
    outer loop
      vertex 34.7957 67.2784 2.3
      vertex 36.0796 67.4475 2.3
      vertex 36.065 67.67 2.3
    endloop
  endfacet
  facet normal -0 0 1
    outer loop
      vertex 34.9984 68.818 2.3
      vertex 36.1948 68.3225 2.3
      vertex 35.1719 69.17 2.3
    endloop
  endfacet
  facet normal 0 0 1
    outer loop
      vertex 36.1948 68.3225 2.3
      vertex 34.9984 68.818 2.3
      vertex 36.1231 68.1113 2.3
    endloop
  endfacet
  facet normal 0 0 1
    outer loop
      vertex 36.5644 66.4644 2.3
      vertex 35.6487 65.5487 2.3
      vertex 35.9437 65.2899 2.3
    endloop
  endfacet
  facet normal -0 0 1
    outer loop
      vertex 34.8722 68.4465 2.3
      vertex 36.1231 68.1113 2.3
      vertex 34.9984 68.818 2.3
    endloop
  endfacet
  facet normal 0 0 1
    outer loop
      vertex 36.4173 66.6321 2.3
      vertex 35.3899 65.8437 2.3
      vertex 35.6487 65.5487 2.3
    endloop
  endfacet
  facet normal 0 0 1
    outer loop
      vertex 36.1231 68.1113 2.3
      vertex 34.8722 68.4465 2.3
      vertex 36.0796 67.8925 2.3
    endloop
  endfacet
  facet normal 0 0 1
    outer loop
      vertex 36.2934 66.8175 2.3
      vertex 35.1719 66.17 2.3
      vertex 35.3899 65.8437 2.3
    endloop
  endfacet
  facet normal -0 0 1
    outer loop
      vertex 34.7957 68.0616 2.3
      vertex 36.0796 67.8925 2.3
      vertex 34.8722 68.4465 2.3
    endloop
  endfacet
  facet normal 0 0 1
    outer loop
      vertex 36.1948 67.0175 2.3
      vertex 34.9984 66.5219 2.3
      vertex 35.1719 66.17 2.3
    endloop
  endfacet
  facet normal 0 0 1
    outer loop
      vertex 36.0796 67.8925 2.3
      vertex 34.7957 68.0616 2.3
      vertex 36.065 67.67 2.3
    endloop
  endfacet
  facet normal 0 0 1
    outer loop
      vertex 36.1231 67.2287 2.3
      vertex 34.8722 66.8935 2.3
      vertex 34.9984 66.5219 2.3
    endloop
  endfacet
  facet normal 0 0 1
    outer loop
      vertex 34.77 67.67 2.3
      vertex 36.065 67.67 2.3
      vertex 34.7957 68.0616 2.3
    endloop
  endfacet
  facet normal 0 0 1
    outer loop
      vertex 36.0796 67.4475 2.3
      vertex 34.7957 67.2784 2.3
      vertex 34.8722 66.8935 2.3
    endloop
  endfacet
  facet normal 0 0 1
    outer loop
      vertex 36.065 67.67 2.3
      vertex 34.77 67.67 2.3
      vertex 34.7957 67.2784 2.3
    endloop
  endfacet
  facet normal 0.555523 0.831501 -0
    outer loop
      vertex 36.27 65.0719 2.3
      vertex 35.9437 65.2899 4.5
      vertex 36.27 65.0719 4.5
    endloop
  endfacet
  facet normal 0.555523 0.831501 0
    outer loop
      vertex 35.9437 65.2899 4.5
      vertex 36.27 65.0719 2.3
      vertex 35.9437 65.2899 2.3
    endloop
  endfacet
  facet normal -1 0 0
    outer loop
      vertex 14.52 10 0
      vertex 14.52 6.52 4.5
      vertex 14.52 10 4.5
    endloop
  endfacet
  facet normal -1 0 0
    outer loop
      vertex 14.52 6.52 4.5
      vertex 14.52 4 4.5
      vertex 14.52 6.52 5.5
    endloop
  endfacet
  facet normal -1 0 0
    outer loop
      vertex 14.52 10 0
      vertex 14.52 4 4.5
      vertex 14.52 6.52 4.5
    endloop
  endfacet
  facet normal -1 0 0
    outer loop
      vertex 14.52 0 0
      vertex 14.52 4 4.5
      vertex 14.52 10 0
    endloop
  endfacet
  facet normal -1 -0 0
    outer loop
      vertex 14.52 4 4.5
      vertex 14.52 0 0
      vertex 14.52 0 4.5
    endloop
  endfacet
  facet normal -1 -0 0
    outer loop
      vertex 14.52 6.52 5.5
      vertex 14.52 4 4.5
      vertex 14.52 4 5.5
    endloop
  endfacet
  facet normal 0 0 -1
    outer loop
      vertex 11.32 4 5.5
      vertex 14.52 6.52 5.5
      vertex 14.52 4 5.5
    endloop
  endfacet
  facet normal -0 0 -1
    outer loop
      vertex 14.52 6.52 5.5
      vertex 11.32 4 5.5
      vertex 11.32 6.52 5.5
    endloop
  endfacet
  facet normal 1 0 0
    outer loop
      vertex 11.32 6.52 5.5
      vertex 11.32 4 5.5
      vertex 11.32 6.52 4.5
    endloop
  endfacet
  facet normal 1 -0 0
    outer loop
      vertex 11.32 6.52 4.5
      vertex 11.32 10 0
      vertex 11.32 10 4.5
    endloop
  endfacet
  facet normal 1 0 0
    outer loop
      vertex 11.32 4 4.5
      vertex 11.32 6.52 4.5
      vertex 11.32 4 5.5
    endloop
  endfacet
  facet normal 1 0 0
    outer loop
      vertex 11.32 6.52 4.5
      vertex 11.32 4 4.5
      vertex 11.32 10 0
    endloop
  endfacet
  facet normal 1 0 0
    outer loop
      vertex 11.32 0 0
      vertex 11.32 4 4.5
      vertex 11.32 0 4.5
    endloop
  endfacet
  facet normal 1 0 0
    outer loop
      vertex 11.32 4 4.5
      vertex 11.32 0 0
      vertex 11.32 10 0
    endloop
  endfacet
  facet normal 0 -1 0
    outer loop
      vertex 11.32 10 0
      vertex 14.52 10 4.5
      vertex 11.32 10 4.5
    endloop
  endfacet
  facet normal 0 -1 -0
    outer loop
      vertex 14.52 10 4.5
      vertex 11.32 10 0
      vertex 14.52 10 0
    endloop
  endfacet
  facet normal -1 0 0
    outer loop
      vertex 64.22 10 0
      vertex 64.22 6.52 4.5
      vertex 64.22 10 4.5
    endloop
  endfacet
  facet normal -1 0 0
    outer loop
      vertex 64.22 6.52 4.5
      vertex 64.22 4 4.5
      vertex 64.22 6.52 5.5
    endloop
  endfacet
  facet normal -1 0 0
    outer loop
      vertex 64.22 10 0
      vertex 64.22 4 4.5
      vertex 64.22 6.52 4.5
    endloop
  endfacet
  facet normal -1 0 0
    outer loop
      vertex 64.22 0 0
      vertex 64.22 4 4.5
      vertex 64.22 10 0
    endloop
  endfacet
  facet normal -1 -0 0
    outer loop
      vertex 64.22 4 4.5
      vertex 64.22 0 0
      vertex 64.22 0 4.5
    endloop
  endfacet
  facet normal -1 -0 0
    outer loop
      vertex 64.22 6.52 5.5
      vertex 64.22 4 4.5
      vertex 64.22 4 5.5
    endloop
  endfacet
  facet normal 0 0 -1
    outer loop
      vertex 61.02 4 5.5
      vertex 64.22 6.52 5.5
      vertex 64.22 4 5.5
    endloop
  endfacet
  facet normal -0 0 -1
    outer loop
      vertex 64.22 6.52 5.5
      vertex 61.02 4 5.5
      vertex 61.02 6.52 5.5
    endloop
  endfacet
  facet normal 1 0 0
    outer loop
      vertex 61.02 6.52 5.5
      vertex 61.02 4 5.5
      vertex 61.02 6.52 4.5
    endloop
  endfacet
  facet normal 1 -0 0
    outer loop
      vertex 61.02 6.52 4.5
      vertex 61.02 10 0
      vertex 61.02 10 4.5
    endloop
  endfacet
  facet normal 1 0 0
    outer loop
      vertex 61.02 4 4.5
      vertex 61.02 6.52 4.5
      vertex 61.02 4 5.5
    endloop
  endfacet
  facet normal 1 0 0
    outer loop
      vertex 61.02 6.52 4.5
      vertex 61.02 4 4.5
      vertex 61.02 10 0
    endloop
  endfacet
  facet normal 1 0 0
    outer loop
      vertex 61.02 0 0
      vertex 61.02 4 4.5
      vertex 61.02 0 4.5
    endloop
  endfacet
  facet normal 1 0 0
    outer loop
      vertex 61.02 4 4.5
      vertex 61.02 0 0
      vertex 61.02 10 0
    endloop
  endfacet
  facet normal 0 -1 0
    outer loop
      vertex 61.02 10 0
      vertex 64.22 10 4.5
      vertex 61.02 10 4.5
    endloop
  endfacet
  facet normal 0 -1 -0
    outer loop
      vertex 64.22 10 4.5
      vertex 61.02 10 0
      vertex 64.22 10 0
    endloop
  endfacet
  facet normal -1 0 0
    outer loop
      vertex 14.52 105.34 0
      vertex 14.52 101.34 4.5
      vertex 14.52 105.34 4.5
    endloop
  endfacet
  facet normal -1 0 0
    outer loop
      vertex 14.52 101.34 4.5
      vertex 14.52 98.82 4.5
      vertex 14.52 101.34 5.5
    endloop
  endfacet
  facet normal -1 0 0
    outer loop
      vertex 14.52 95.34 0
      vertex 14.52 101.34 4.5
      vertex 14.52 105.34 0
    endloop
  endfacet
  facet normal -1 -0 0
    outer loop
      vertex 14.52 101.34 4.5
      vertex 14.52 95.34 0
      vertex 14.52 98.82 4.5
    endloop
  endfacet
  facet normal -1 -0 0
    outer loop
      vertex 14.52 98.82 4.5
      vertex 14.52 95.34 0
      vertex 14.52 95.34 4.5
    endloop
  endfacet
  facet normal -1 -0 0
    outer loop
      vertex 14.52 101.34 5.5
      vertex 14.52 98.82 4.5
      vertex 14.52 98.82 5.5
    endloop
  endfacet
  facet normal 0 0 -1
    outer loop
      vertex 11.32 98.82 5.5
      vertex 14.52 101.34 5.5
      vertex 14.52 98.82 5.5
    endloop
  endfacet
  facet normal -0 0 -1
    outer loop
      vertex 14.52 101.34 5.5
      vertex 11.32 98.82 5.5
      vertex 11.32 101.34 5.5
    endloop
  endfacet
  facet normal 1 0 0
    outer loop
      vertex 11.32 101.34 5.5
      vertex 11.32 98.82 5.5
      vertex 11.32 101.34 4.5
    endloop
  endfacet
  facet normal 1 -0 0
    outer loop
      vertex 11.32 101.34 4.5
      vertex 11.32 105.34 0
      vertex 11.32 105.34 4.5
    endloop
  endfacet
  facet normal 1 0 0
    outer loop
      vertex 11.32 98.82 4.5
      vertex 11.32 101.34 4.5
      vertex 11.32 98.82 5.5
    endloop
  endfacet
  facet normal 1 0 0
    outer loop
      vertex 11.32 95.34 0
      vertex 11.32 101.34 4.5
      vertex 11.32 98.82 4.5
    endloop
  endfacet
  facet normal 1 0 0
    outer loop
      vertex 11.32 95.34 0
      vertex 11.32 98.82 4.5
      vertex 11.32 95.34 4.5
    endloop
  endfacet
  facet normal 1 0 0
    outer loop
      vertex 11.32 101.34 4.5
      vertex 11.32 95.34 0
      vertex 11.32 105.34 0
    endloop
  endfacet
  facet normal 0 1 -0
    outer loop
      vertex 14.52 95.34 0
      vertex 11.32 95.34 4.5
      vertex 14.52 95.34 4.5
    endloop
  endfacet
  facet normal 0 1 0
    outer loop
      vertex 11.32 95.34 4.5
      vertex 14.52 95.34 0
      vertex 11.32 95.34 0
    endloop
  endfacet
  facet normal -1 0 0
    outer loop
      vertex 64.22 105.34 0
      vertex 64.22 101.34 4.5
      vertex 64.22 105.34 4.5
    endloop
  endfacet
  facet normal -1 0 0
    outer loop
      vertex 64.22 101.34 4.5
      vertex 64.22 98.82 4.5
      vertex 64.22 101.34 5.5
    endloop
  endfacet
  facet normal -1 0 0
    outer loop
      vertex 64.22 95.34 0
      vertex 64.22 101.34 4.5
      vertex 64.22 105.34 0
    endloop
  endfacet
  facet normal -1 -0 0
    outer loop
      vertex 64.22 101.34 4.5
      vertex 64.22 95.34 0
      vertex 64.22 98.82 4.5
    endloop
  endfacet
  facet normal -1 -0 0
    outer loop
      vertex 64.22 98.82 4.5
      vertex 64.22 95.34 0
      vertex 64.22 95.34 4.5
    endloop
  endfacet
  facet normal -1 -0 0
    outer loop
      vertex 64.22 101.34 5.5
      vertex 64.22 98.82 4.5
      vertex 64.22 98.82 5.5
    endloop
  endfacet
  facet normal 0 0 -1
    outer loop
      vertex 61.02 98.82 5.5
      vertex 64.22 101.34 5.5
      vertex 64.22 98.82 5.5
    endloop
  endfacet
  facet normal -0 0 -1
    outer loop
      vertex 64.22 101.34 5.5
      vertex 61.02 98.82 5.5
      vertex 61.02 101.34 5.5
    endloop
  endfacet
  facet normal 1 0 0
    outer loop
      vertex 61.02 101.34 5.5
      vertex 61.02 98.82 5.5
      vertex 61.02 101.34 4.5
    endloop
  endfacet
  facet normal 1 -0 0
    outer loop
      vertex 61.02 101.34 4.5
      vertex 61.02 105.34 0
      vertex 61.02 105.34 4.5
    endloop
  endfacet
  facet normal 1 0 0
    outer loop
      vertex 61.02 98.82 4.5
      vertex 61.02 101.34 4.5
      vertex 61.02 98.82 5.5
    endloop
  endfacet
  facet normal 1 0 0
    outer loop
      vertex 61.02 95.34 0
      vertex 61.02 101.34 4.5
      vertex 61.02 98.82 4.5
    endloop
  endfacet
  facet normal 1 0 0
    outer loop
      vertex 61.02 95.34 0
      vertex 61.02 98.82 4.5
      vertex 61.02 95.34 4.5
    endloop
  endfacet
  facet normal 1 0 0
    outer loop
      vertex 61.02 101.34 4.5
      vertex 61.02 95.34 0
      vertex 61.02 105.34 0
    endloop
  endfacet
  facet normal 0 1 -0
    outer loop
      vertex 64.22 95.34 0
      vertex 61.02 95.34 4.5
      vertex 64.22 95.34 4.5
    endloop
  endfacet
  facet normal 0 1 0
    outer loop
      vertex 61.02 95.34 4.5
      vertex 64.22 95.34 0
      vertex 61.02 95.34 0
    endloop
  endfacet
  facet normal -0.980799 0.19502 0
    outer loop
      vertex 23.0826 27.2465 0
      vertex 23.2229 27.9521 4.5
      vertex 23.2229 27.9521 0
    endloop
  endfacet
  facet normal -0.980799 0.19502 0
    outer loop
      vertex 23.2229 27.9521 4.5
      vertex 23.0826 27.2465 0
      vertex 23.0826 27.2465 4.5
    endloop
  endfacet
  facet normal -0.0654673 0.997855 0
    outer loop
      vertex 18.4879 23.2171 0
      vertex 17.77 23.17 4.5
      vertex 18.4879 23.2171 4.5
    endloop
  endfacet
  facet normal -0.0654673 0.997855 0
    outer loop
      vertex 17.77 23.17 4.5
      vertex 18.4879 23.2171 0
      vertex 17.77 23.17 0
    endloop
  endfacet
  facet normal -0.980799 -0.19502 0
    outer loop
      vertex 23.2229 29.3879 0
      vertex 23.0826 30.0935 4.5
      vertex 23.0826 30.0935 0
    endloop
  endfacet
  facet normal -0.980799 -0.19502 0
    outer loop
      vertex 23.0826 30.0935 4.5
      vertex 23.2229 29.3879 0
      vertex 23.2229 29.3879 4.5
    endloop
  endfacet
  facet normal -0.997855 -0.0654673 0
    outer loop
      vertex 23.27 28.67 0
      vertex 23.2229 29.3879 4.5
      vertex 23.2229 29.3879 0
    endloop
  endfacet
  facet normal -0.997855 -0.0654673 0
    outer loop
      vertex 23.2229 29.3879 4.5
      vertex 23.27 28.67 0
      vertex 23.27 28.67 4.5
    endloop
  endfacet
  facet normal -0.831472 0.555566 0
    outer loop
      vertex 22.1334 25.3218 0
      vertex 22.5331 25.92 4.5
      vertex 22.5331 25.92 0
    endloop
  endfacet
  facet normal -0.831472 0.555566 0
    outer loop
      vertex 22.5331 25.92 4.5
      vertex 22.1334 25.3218 0
      vertex 22.1334 25.3218 4.5
    endloop
  endfacet
  facet normal 0.19502 -0.980799 0
    outer loop
      vertex 16.3465 33.9826 0
      vertex 17.0521 34.1229 4.5
      vertex 16.3465 33.9826 4.5
    endloop
  endfacet
  facet normal 0.19502 -0.980799 0
    outer loop
      vertex 17.0521 34.1229 4.5
      vertex 16.3465 33.9826 0
      vertex 17.0521 34.1229 0
    endloop
  endfacet
  facet normal -0.89686 0.442314 0
    outer loop
      vertex 22.5331 25.92 0
      vertex 22.8513 26.5652 4.5
      vertex 22.8513 26.5652 0
    endloop
  endfacet
  facet normal -0.89686 0.442314 0
    outer loop
      vertex 22.8513 26.5652 4.5
      vertex 22.5331 25.92 0
      vertex 22.5331 25.92 4.5
    endloop
  endfacet
  facet normal 0.442314 -0.89686 0
    outer loop
      vertex 15.02 33.4331 0
      vertex 15.6652 33.7513 4.5
      vertex 15.02 33.4331 4.5
    endloop
  endfacet
  facet normal 0.442314 -0.89686 0
    outer loop
      vertex 15.6652 33.7513 4.5
      vertex 15.02 33.4331 0
      vertex 15.6652 33.7513 0
    endloop
  endfacet
  facet normal 0.831472 -0.555566 0
    outer loop
      vertex 13.0069 31.42 4.5
      vertex 13.4066 32.0182 0
      vertex 13.4066 32.0182 4.5
    endloop
  endfacet
  facet normal 0.831472 -0.555566 0
    outer loop
      vertex 13.4066 32.0182 0
      vertex 13.0069 31.42 4.5
      vertex 13.0069 31.42 0
    endloop
  endfacet
  facet normal -0.555566 -0.831472 0
    outer loop
      vertex 20.52 33.4331 0
      vertex 21.1182 33.0334 4.5
      vertex 20.52 33.4331 4.5
    endloop
  endfacet
  facet normal -0.555566 -0.831472 -0
    outer loop
      vertex 21.1182 33.0334 4.5
      vertex 20.52 33.4331 0
      vertex 21.1182 33.0334 0
    endloop
  endfacet
  facet normal 0.659301 0.751879 -0
    outer loop
      vertex 14.4218 24.3066 0
      vertex 13.8809 24.7809 4.5
      vertex 14.4218 24.3066 4.5
    endloop
  endfacet
  facet normal 0.659301 0.751879 0
    outer loop
      vertex 13.8809 24.7809 4.5
      vertex 14.4218 24.3066 0
      vertex 13.8809 24.7809 0
    endloop
  endfacet
  facet normal 0.321477 0.946918 -0
    outer loop
      vertex 16.3465 23.3574 0
      vertex 15.6652 23.5887 4.5
      vertex 16.3465 23.3574 4.5
    endloop
  endfacet
  facet normal 0.321477 0.946918 0
    outer loop
      vertex 15.6652 23.5887 4.5
      vertex 16.3465 23.3574 0
      vertex 15.6652 23.5887 0
    endloop
  endfacet
  facet normal -0.19502 -0.980799 0
    outer loop
      vertex 18.4879 34.1229 0
      vertex 19.1935 33.9826 4.5
      vertex 18.4879 34.1229 4.5
    endloop
  endfacet
  facet normal -0.19502 -0.980799 -0
    outer loop
      vertex 19.1935 33.9826 4.5
      vertex 18.4879 34.1229 0
      vertex 19.1935 33.9826 0
    endloop
  endfacet
  facet normal 0.997855 0.0654673 0
    outer loop
      vertex 12.3171 27.9521 4.5
      vertex 12.27 28.67 0
      vertex 12.27 28.67 4.5
    endloop
  endfacet
  facet normal 0.997855 0.0654673 0
    outer loop
      vertex 12.27 28.67 0
      vertex 12.3171 27.9521 4.5
      vertex 12.3171 27.9521 0
    endloop
  endfacet
  facet normal 0.946918 0.321477 0
    outer loop
      vertex 12.6887 26.5652 4.5
      vertex 12.4574 27.2465 0
      vertex 12.4574 27.2465 4.5
    endloop
  endfacet
  facet normal 0.946918 0.321477 0
    outer loop
      vertex 12.4574 27.2465 0
      vertex 12.6887 26.5652 4.5
      vertex 12.6887 26.5652 0
    endloop
  endfacet
  facet normal -0.751879 0.659301 0
    outer loop
      vertex 21.6591 24.7809 0
      vertex 22.1334 25.3218 4.5
      vertex 22.1334 25.3218 0
    endloop
  endfacet
  facet normal -0.751879 0.659301 0
    outer loop
      vertex 22.1334 25.3218 4.5
      vertex 21.6591 24.7809 0
      vertex 21.6591 24.7809 4.5
    endloop
  endfacet
  facet normal 0.751879 -0.659301 0
    outer loop
      vertex 13.4066 32.0182 4.5
      vertex 13.8809 32.5591 0
      vertex 13.8809 32.5591 4.5
    endloop
  endfacet
  facet normal 0.751879 -0.659301 0
    outer loop
      vertex 13.8809 32.5591 0
      vertex 13.4066 32.0182 4.5
      vertex 13.4066 32.0182 0
    endloop
  endfacet
  facet normal 0.442314 0.89686 -0
    outer loop
      vertex 15.6652 23.5887 0
      vertex 15.02 23.9069 4.5
      vertex 15.6652 23.5887 4.5
    endloop
  endfacet
  facet normal 0.442314 0.89686 0
    outer loop
      vertex 15.02 23.9069 4.5
      vertex 15.6652 23.5887 0
      vertex 15.02 23.9069 0
    endloop
  endfacet
  facet normal -0.555566 0.831472 0
    outer loop
      vertex 21.1182 24.3066 0
      vertex 20.52 23.9069 4.5
      vertex 21.1182 24.3066 4.5
    endloop
  endfacet
  facet normal -0.555566 0.831472 0
    outer loop
      vertex 20.52 23.9069 4.5
      vertex 21.1182 24.3066 0
      vertex 20.52 23.9069 0
    endloop
  endfacet
  facet normal 0.555566 -0.831472 0
    outer loop
      vertex 14.4218 33.0334 0
      vertex 15.02 33.4331 4.5
      vertex 14.4218 33.0334 4.5
    endloop
  endfacet
  facet normal 0.555566 -0.831472 0
    outer loop
      vertex 15.02 33.4331 4.5
      vertex 14.4218 33.0334 0
      vertex 15.02 33.4331 0
    endloop
  endfacet
  facet normal -0.946918 0.321477 0
    outer loop
      vertex 22.8513 26.5652 0
      vertex 23.0826 27.2465 4.5
      vertex 23.0826 27.2465 0
    endloop
  endfacet
  facet normal -0.946918 0.321477 0
    outer loop
      vertex 23.0826 27.2465 4.5
      vertex 22.8513 26.5652 0
      vertex 22.8513 26.5652 4.5
    endloop
  endfacet
  facet normal -0.831472 -0.555566 0
    outer loop
      vertex 22.5331 31.42 0
      vertex 22.1334 32.0182 4.5
      vertex 22.1334 32.0182 0
    endloop
  endfacet
  facet normal -0.831472 -0.555566 0
    outer loop
      vertex 22.1334 32.0182 4.5
      vertex 22.5331 31.42 0
      vertex 22.5331 31.42 4.5
    endloop
  endfacet
  facet normal -0.442314 -0.89686 0
    outer loop
      vertex 19.8748 33.7513 0
      vertex 20.52 33.4331 4.5
      vertex 19.8748 33.7513 4.5
    endloop
  endfacet
  facet normal -0.442314 -0.89686 -0
    outer loop
      vertex 20.52 33.4331 4.5
      vertex 19.8748 33.7513 0
      vertex 20.52 33.4331 0
    endloop
  endfacet
  facet normal -0.751879 -0.659301 0
    outer loop
      vertex 22.1334 32.0182 0
      vertex 21.6591 32.5591 4.5
      vertex 21.6591 32.5591 0
    endloop
  endfacet
  facet normal -0.751879 -0.659301 0
    outer loop
      vertex 21.6591 32.5591 4.5
      vertex 22.1334 32.0182 0
      vertex 22.1334 32.0182 4.5
    endloop
  endfacet
  facet normal -0.321477 0.946918 0
    outer loop
      vertex 19.8748 23.5887 0
      vertex 19.1935 23.3574 4.5
      vertex 19.8748 23.5887 4.5
    endloop
  endfacet
  facet normal -0.321477 0.946918 0
    outer loop
      vertex 19.1935 23.3574 4.5
      vertex 19.8748 23.5887 0
      vertex 19.1935 23.3574 0
    endloop
  endfacet
  facet normal -0.659301 -0.751879 0
    outer loop
      vertex 21.1182 33.0334 0
      vertex 21.6591 32.5591 4.5
      vertex 21.1182 33.0334 4.5
    endloop
  endfacet
  facet normal -0.659301 -0.751879 -0
    outer loop
      vertex 21.6591 32.5591 4.5
      vertex 21.1182 33.0334 0
      vertex 21.6591 32.5591 0
    endloop
  endfacet
  facet normal -0.997855 0.0654673 0
    outer loop
      vertex 23.2229 27.9521 0
      vertex 23.27 28.67 4.5
      vertex 23.27 28.67 0
    endloop
  endfacet
  facet normal -0.997855 0.0654673 0
    outer loop
      vertex 23.27 28.67 4.5
      vertex 23.2229 27.9521 0
      vertex 23.2229 27.9521 4.5
    endloop
  endfacet
  facet normal 0.0654673 -0.997855 0
    outer loop
      vertex 17.0521 34.1229 0
      vertex 17.77 34.17 4.5
      vertex 17.0521 34.1229 4.5
    endloop
  endfacet
  facet normal 0.0654673 -0.997855 0
    outer loop
      vertex 17.77 34.17 4.5
      vertex 17.0521 34.1229 0
      vertex 17.77 34.17 0
    endloop
  endfacet
  facet normal 0.19502 0.980799 -0
    outer loop
      vertex 17.0521 23.2171 0
      vertex 16.3465 23.3574 4.5
      vertex 17.0521 23.2171 4.5
    endloop
  endfacet
  facet normal 0.19502 0.980799 0
    outer loop
      vertex 16.3465 23.3574 4.5
      vertex 17.0521 23.2171 0
      vertex 16.3465 23.3574 0
    endloop
  endfacet
  facet normal 0.980799 -0.19502 0
    outer loop
      vertex 12.3171 29.3879 4.5
      vertex 12.4574 30.0935 0
      vertex 12.4574 30.0935 4.5
    endloop
  endfacet
  facet normal 0.980799 -0.19502 0
    outer loop
      vertex 12.4574 30.0935 0
      vertex 12.3171 29.3879 4.5
      vertex 12.3171 29.3879 0
    endloop
  endfacet
  facet normal 0.321477 -0.946918 0
    outer loop
      vertex 15.6652 33.7513 0
      vertex 16.3465 33.9826 4.5
      vertex 15.6652 33.7513 4.5
    endloop
  endfacet
  facet normal 0.321477 -0.946918 0
    outer loop
      vertex 16.3465 33.9826 4.5
      vertex 15.6652 33.7513 0
      vertex 16.3465 33.9826 0
    endloop
  endfacet
  facet normal 0.89686 -0.442314 0
    outer loop
      vertex 12.6887 30.7748 4.5
      vertex 13.0069 31.42 0
      vertex 13.0069 31.42 4.5
    endloop
  endfacet
  facet normal 0.89686 -0.442314 0
    outer loop
      vertex 13.0069 31.42 0
      vertex 12.6887 30.7748 4.5
      vertex 12.6887 30.7748 0
    endloop
  endfacet
  facet normal 0.555566 0.831472 -0
    outer loop
      vertex 15.02 23.9069 0
      vertex 14.4218 24.3066 4.5
      vertex 15.02 23.9069 4.5
    endloop
  endfacet
  facet normal 0.555566 0.831472 0
    outer loop
      vertex 14.4218 24.3066 4.5
      vertex 15.02 23.9069 0
      vertex 14.4218 24.3066 0
    endloop
  endfacet
  facet normal 0.89686 0.442314 0
    outer loop
      vertex 13.0069 25.92 4.5
      vertex 12.6887 26.5652 0
      vertex 12.6887 26.5652 4.5
    endloop
  endfacet
  facet normal 0.89686 0.442314 0
    outer loop
      vertex 12.6887 26.5652 0
      vertex 13.0069 25.92 4.5
      vertex 13.0069 25.92 0
    endloop
  endfacet
  facet normal 0.997855 -0.0654673 0
    outer loop
      vertex 12.27 28.67 4.5
      vertex 12.3171 29.3879 0
      vertex 12.3171 29.3879 4.5
    endloop
  endfacet
  facet normal 0.997855 -0.0654673 0
    outer loop
      vertex 12.3171 29.3879 0
      vertex 12.27 28.67 4.5
      vertex 12.27 28.67 0
    endloop
  endfacet
  facet normal -0.442314 0.89686 0
    outer loop
      vertex 20.52 23.9069 0
      vertex 19.8748 23.5887 4.5
      vertex 20.52 23.9069 4.5
    endloop
  endfacet
  facet normal -0.442314 0.89686 0
    outer loop
      vertex 19.8748 23.5887 4.5
      vertex 20.52 23.9069 0
      vertex 19.8748 23.5887 0
    endloop
  endfacet
  facet normal -0.0654673 -0.997855 0
    outer loop
      vertex 17.77 34.17 0
      vertex 18.4879 34.1229 4.5
      vertex 17.77 34.17 4.5
    endloop
  endfacet
  facet normal -0.0654673 -0.997855 -0
    outer loop
      vertex 18.4879 34.1229 4.5
      vertex 17.77 34.17 0
      vertex 18.4879 34.1229 0
    endloop
  endfacet
  facet normal 0.659301 -0.751879 0
    outer loop
      vertex 13.8809 32.5591 0
      vertex 14.4218 33.0334 4.5
      vertex 13.8809 32.5591 4.5
    endloop
  endfacet
  facet normal 0.659301 -0.751879 0
    outer loop
      vertex 14.4218 33.0334 4.5
      vertex 13.8809 32.5591 0
      vertex 14.4218 33.0334 0
    endloop
  endfacet
  facet normal -0.89686 -0.442314 0
    outer loop
      vertex 22.8513 30.7748 0
      vertex 22.5331 31.42 4.5
      vertex 22.5331 31.42 0
    endloop
  endfacet
  facet normal -0.89686 -0.442314 0
    outer loop
      vertex 22.5331 31.42 4.5
      vertex 22.8513 30.7748 0
      vertex 22.8513 30.7748 4.5
    endloop
  endfacet
  facet normal -0.321477 -0.946918 0
    outer loop
      vertex 19.1935 33.9826 0
      vertex 19.8748 33.7513 4.5
      vertex 19.1935 33.9826 4.5
    endloop
  endfacet
  facet normal -0.321477 -0.946918 -0
    outer loop
      vertex 19.8748 33.7513 4.5
      vertex 19.1935 33.9826 0
      vertex 19.8748 33.7513 0
    endloop
  endfacet
  facet normal 0.946918 -0.321477 0
    outer loop
      vertex 12.4574 30.0935 4.5
      vertex 12.6887 30.7748 0
      vertex 12.6887 30.7748 4.5
    endloop
  endfacet
  facet normal 0.946918 -0.321477 0
    outer loop
      vertex 12.6887 30.7748 0
      vertex 12.4574 30.0935 4.5
      vertex 12.4574 30.0935 0
    endloop
  endfacet
  facet normal -0.946918 -0.321477 0
    outer loop
      vertex 23.0826 30.0935 0
      vertex 22.8513 30.7748 4.5
      vertex 22.8513 30.7748 0
    endloop
  endfacet
  facet normal -0.946918 -0.321477 0
    outer loop
      vertex 22.8513 30.7748 4.5
      vertex 23.0826 30.0935 0
      vertex 23.0826 30.0935 4.5
    endloop
  endfacet
  facet normal 0.980799 0.19502 0
    outer loop
      vertex 12.4574 27.2465 4.5
      vertex 12.3171 27.9521 0
      vertex 12.3171 27.9521 4.5
    endloop
  endfacet
  facet normal 0.980799 0.19502 0
    outer loop
      vertex 12.3171 27.9521 0
      vertex 12.4574 27.2465 4.5
      vertex 12.4574 27.2465 0
    endloop
  endfacet
  facet normal 0.0654673 0.997855 -0
    outer loop
      vertex 17.77 23.17 0
      vertex 17.0521 23.2171 4.5
      vertex 17.77 23.17 4.5
    endloop
  endfacet
  facet normal 0.0654673 0.997855 0
    outer loop
      vertex 17.0521 23.2171 4.5
      vertex 17.77 23.17 0
      vertex 17.0521 23.2171 0
    endloop
  endfacet
  facet normal -0.19502 0.980799 0
    outer loop
      vertex 19.1935 23.3574 0
      vertex 18.4879 23.2171 4.5
      vertex 19.1935 23.3574 4.5
    endloop
  endfacet
  facet normal -0.19502 0.980799 0
    outer loop
      vertex 18.4879 23.2171 4.5
      vertex 19.1935 23.3574 0
      vertex 18.4879 23.2171 0
    endloop
  endfacet
  facet normal 0.831472 0.555566 0
    outer loop
      vertex 13.4066 25.3218 4.5
      vertex 13.0069 25.92 0
      vertex 13.0069 25.92 4.5
    endloop
  endfacet
  facet normal 0.831472 0.555566 0
    outer loop
      vertex 13.0069 25.92 0
      vertex 13.4066 25.3218 4.5
      vertex 13.4066 25.3218 0
    endloop
  endfacet
  facet normal 0.751879 0.659301 0
    outer loop
      vertex 13.8809 24.7809 4.5
      vertex 13.4066 25.3218 0
      vertex 13.4066 25.3218 4.5
    endloop
  endfacet
  facet normal 0.751879 0.659301 0
    outer loop
      vertex 13.4066 25.3218 0
      vertex 13.8809 24.7809 4.5
      vertex 13.8809 24.7809 0
    endloop
  endfacet
  facet normal -0.659301 0.751879 0
    outer loop
      vertex 21.6591 24.7809 0
      vertex 21.1182 24.3066 4.5
      vertex 21.6591 24.7809 4.5
    endloop
  endfacet
  facet normal -0.659301 0.751879 0
    outer loop
      vertex 21.1182 24.3066 4.5
      vertex 21.6591 24.7809 0
      vertex 21.1182 24.3066 0
    endloop
  endfacet
  facet normal -0.980799 0.19502 0
    outer loop
      vertex 43.0826 27.2465 0
      vertex 43.2229 27.9521 4.5
      vertex 43.2229 27.9521 0
    endloop
  endfacet
  facet normal -0.980799 0.19502 0
    outer loop
      vertex 43.2229 27.9521 4.5
      vertex 43.0826 27.2465 0
      vertex 43.0826 27.2465 4.5
    endloop
  endfacet
  facet normal -0.0654673 0.997855 0
    outer loop
      vertex 38.4879 23.2171 0
      vertex 37.77 23.17 4.5
      vertex 38.4879 23.2171 4.5
    endloop
  endfacet
  facet normal -0.0654673 0.997855 0
    outer loop
      vertex 37.77 23.17 4.5
      vertex 38.4879 23.2171 0
      vertex 37.77 23.17 0
    endloop
  endfacet
  facet normal -0.980799 -0.19502 0
    outer loop
      vertex 43.2229 29.3879 0
      vertex 43.0826 30.0935 4.5
      vertex 43.0826 30.0935 0
    endloop
  endfacet
  facet normal -0.980799 -0.19502 0
    outer loop
      vertex 43.0826 30.0935 4.5
      vertex 43.2229 29.3879 0
      vertex 43.2229 29.3879 4.5
    endloop
  endfacet
  facet normal -0.997855 -0.0654673 0
    outer loop
      vertex 43.27 28.67 0
      vertex 43.2229 29.3879 4.5
      vertex 43.2229 29.3879 0
    endloop
  endfacet
  facet normal -0.997855 -0.0654673 0
    outer loop
      vertex 43.2229 29.3879 4.5
      vertex 43.27 28.67 0
      vertex 43.27 28.67 4.5
    endloop
  endfacet
  facet normal -0.831472 0.555566 0
    outer loop
      vertex 42.1334 25.3218 0
      vertex 42.5331 25.92 4.5
      vertex 42.5331 25.92 0
    endloop
  endfacet
  facet normal -0.831472 0.555566 0
    outer loop
      vertex 42.5331 25.92 4.5
      vertex 42.1334 25.3218 0
      vertex 42.1334 25.3218 4.5
    endloop
  endfacet
  facet normal 0.19502 -0.980799 0
    outer loop
      vertex 36.3465 33.9826 0
      vertex 37.0521 34.1229 4.5
      vertex 36.3465 33.9826 4.5
    endloop
  endfacet
  facet normal 0.19502 -0.980799 0
    outer loop
      vertex 37.0521 34.1229 4.5
      vertex 36.3465 33.9826 0
      vertex 37.0521 34.1229 0
    endloop
  endfacet
  facet normal -0.89686 0.442314 0
    outer loop
      vertex 42.5331 25.92 0
      vertex 42.8513 26.5652 4.5
      vertex 42.8513 26.5652 0
    endloop
  endfacet
  facet normal -0.89686 0.442314 0
    outer loop
      vertex 42.8513 26.5652 4.5
      vertex 42.5331 25.92 0
      vertex 42.5331 25.92 4.5
    endloop
  endfacet
  facet normal 0.442314 -0.89686 0
    outer loop
      vertex 35.02 33.4331 0
      vertex 35.6652 33.7513 4.5
      vertex 35.02 33.4331 4.5
    endloop
  endfacet
  facet normal 0.442314 -0.89686 0
    outer loop
      vertex 35.6652 33.7513 4.5
      vertex 35.02 33.4331 0
      vertex 35.6652 33.7513 0
    endloop
  endfacet
  facet normal 0.831472 -0.555566 0
    outer loop
      vertex 33.0069 31.42 4.5
      vertex 33.4066 32.0182 0
      vertex 33.4066 32.0182 4.5
    endloop
  endfacet
  facet normal 0.831472 -0.555566 0
    outer loop
      vertex 33.4066 32.0182 0
      vertex 33.0069 31.42 4.5
      vertex 33.0069 31.42 0
    endloop
  endfacet
  facet normal -0.555566 -0.831472 0
    outer loop
      vertex 40.52 33.4331 0
      vertex 41.1182 33.0334 4.5
      vertex 40.52 33.4331 4.5
    endloop
  endfacet
  facet normal -0.555566 -0.831472 -0
    outer loop
      vertex 41.1182 33.0334 4.5
      vertex 40.52 33.4331 0
      vertex 41.1182 33.0334 0
    endloop
  endfacet
  facet normal 0.659301 0.751879 -0
    outer loop
      vertex 34.4218 24.3066 0
      vertex 33.8809 24.7809 4.5
      vertex 34.4218 24.3066 4.5
    endloop
  endfacet
  facet normal 0.659301 0.751879 0
    outer loop
      vertex 33.8809 24.7809 4.5
      vertex 34.4218 24.3066 0
      vertex 33.8809 24.7809 0
    endloop
  endfacet
  facet normal 0.321477 0.946918 -0
    outer loop
      vertex 36.3465 23.3574 0
      vertex 35.6652 23.5887 4.5
      vertex 36.3465 23.3574 4.5
    endloop
  endfacet
  facet normal 0.321477 0.946918 0
    outer loop
      vertex 35.6652 23.5887 4.5
      vertex 36.3465 23.3574 0
      vertex 35.6652 23.5887 0
    endloop
  endfacet
  facet normal -0.19502 -0.980799 0
    outer loop
      vertex 38.4879 34.1229 0
      vertex 39.1935 33.9826 4.5
      vertex 38.4879 34.1229 4.5
    endloop
  endfacet
  facet normal -0.19502 -0.980799 -0
    outer loop
      vertex 39.1935 33.9826 4.5
      vertex 38.4879 34.1229 0
      vertex 39.1935 33.9826 0
    endloop
  endfacet
  facet normal 0.997855 0.0654673 0
    outer loop
      vertex 32.3171 27.9521 4.5
      vertex 32.27 28.67 0
      vertex 32.27 28.67 4.5
    endloop
  endfacet
  facet normal 0.997855 0.0654673 0
    outer loop
      vertex 32.27 28.67 0
      vertex 32.3171 27.9521 4.5
      vertex 32.3171 27.9521 0
    endloop
  endfacet
  facet normal 0.946918 0.321477 0
    outer loop
      vertex 32.6887 26.5652 4.5
      vertex 32.4574 27.2465 0
      vertex 32.4574 27.2465 4.5
    endloop
  endfacet
  facet normal 0.946918 0.321477 0
    outer loop
      vertex 32.4574 27.2465 0
      vertex 32.6887 26.5652 4.5
      vertex 32.6887 26.5652 0
    endloop
  endfacet
  facet normal -0.751879 0.659301 0
    outer loop
      vertex 41.6591 24.7809 0
      vertex 42.1334 25.3218 4.5
      vertex 42.1334 25.3218 0
    endloop
  endfacet
  facet normal -0.751879 0.659301 0
    outer loop
      vertex 42.1334 25.3218 4.5
      vertex 41.6591 24.7809 0
      vertex 41.6591 24.7809 4.5
    endloop
  endfacet
  facet normal 0.751879 -0.659301 0
    outer loop
      vertex 33.4066 32.0182 4.5
      vertex 33.8809 32.5591 0
      vertex 33.8809 32.5591 4.5
    endloop
  endfacet
  facet normal 0.751879 -0.659301 0
    outer loop
      vertex 33.8809 32.5591 0
      vertex 33.4066 32.0182 4.5
      vertex 33.4066 32.0182 0
    endloop
  endfacet
  facet normal 0.442314 0.89686 -0
    outer loop
      vertex 35.6652 23.5887 0
      vertex 35.02 23.9069 4.5
      vertex 35.6652 23.5887 4.5
    endloop
  endfacet
  facet normal 0.442314 0.89686 0
    outer loop
      vertex 35.02 23.9069 4.5
      vertex 35.6652 23.5887 0
      vertex 35.02 23.9069 0
    endloop
  endfacet
  facet normal -0.555566 0.831472 0
    outer loop
      vertex 41.1182 24.3066 0
      vertex 40.52 23.9069 4.5
      vertex 41.1182 24.3066 4.5
    endloop
  endfacet
  facet normal -0.555566 0.831472 0
    outer loop
      vertex 40.52 23.9069 4.5
      vertex 41.1182 24.3066 0
      vertex 40.52 23.9069 0
    endloop
  endfacet
  facet normal 0.555566 -0.831472 0
    outer loop
      vertex 34.4218 33.0334 0
      vertex 35.02 33.4331 4.5
      vertex 34.4218 33.0334 4.5
    endloop
  endfacet
  facet normal 0.555566 -0.831472 0
    outer loop
      vertex 35.02 33.4331 4.5
      vertex 34.4218 33.0334 0
      vertex 35.02 33.4331 0
    endloop
  endfacet
  facet normal -0.946918 0.321477 0
    outer loop
      vertex 42.8513 26.5652 0
      vertex 43.0826 27.2465 4.5
      vertex 43.0826 27.2465 0
    endloop
  endfacet
  facet normal -0.946918 0.321477 0
    outer loop
      vertex 43.0826 27.2465 4.5
      vertex 42.8513 26.5652 0
      vertex 42.8513 26.5652 4.5
    endloop
  endfacet
  facet normal -0.831472 -0.555566 0
    outer loop
      vertex 42.5331 31.42 0
      vertex 42.1334 32.0182 4.5
      vertex 42.1334 32.0182 0
    endloop
  endfacet
  facet normal -0.831472 -0.555566 0
    outer loop
      vertex 42.1334 32.0182 4.5
      vertex 42.5331 31.42 0
      vertex 42.5331 31.42 4.5
    endloop
  endfacet
  facet normal -0.442314 -0.89686 0
    outer loop
      vertex 39.8748 33.7513 0
      vertex 40.52 33.4331 4.5
      vertex 39.8748 33.7513 4.5
    endloop
  endfacet
  facet normal -0.442314 -0.89686 -0
    outer loop
      vertex 40.52 33.4331 4.5
      vertex 39.8748 33.7513 0
      vertex 40.52 33.4331 0
    endloop
  endfacet
  facet normal -0.751879 -0.659301 0
    outer loop
      vertex 42.1334 32.0182 0
      vertex 41.6591 32.5591 4.5
      vertex 41.6591 32.5591 0
    endloop
  endfacet
  facet normal -0.751879 -0.659301 0
    outer loop
      vertex 41.6591 32.5591 4.5
      vertex 42.1334 32.0182 0
      vertex 42.1334 32.0182 4.5
    endloop
  endfacet
  facet normal -0.321477 0.946918 0
    outer loop
      vertex 39.8748 23.5887 0
      vertex 39.1935 23.3574 4.5
      vertex 39.8748 23.5887 4.5
    endloop
  endfacet
  facet normal -0.321477 0.946918 0
    outer loop
      vertex 39.1935 23.3574 4.5
      vertex 39.8748 23.5887 0
      vertex 39.1935 23.3574 0
    endloop
  endfacet
  facet normal -0.659301 -0.751879 0
    outer loop
      vertex 41.1182 33.0334 0
      vertex 41.6591 32.5591 4.5
      vertex 41.1182 33.0334 4.5
    endloop
  endfacet
  facet normal -0.659301 -0.751879 -0
    outer loop
      vertex 41.6591 32.5591 4.5
      vertex 41.1182 33.0334 0
      vertex 41.6591 32.5591 0
    endloop
  endfacet
  facet normal -0.997855 0.0654673 0
    outer loop
      vertex 43.2229 27.9521 0
      vertex 43.27 28.67 4.5
      vertex 43.27 28.67 0
    endloop
  endfacet
  facet normal -0.997855 0.0654673 0
    outer loop
      vertex 43.27 28.67 4.5
      vertex 43.2229 27.9521 0
      vertex 43.2229 27.9521 4.5
    endloop
  endfacet
  facet normal 0.0654673 -0.997855 0
    outer loop
      vertex 37.0521 34.1229 0
      vertex 37.77 34.17 4.5
      vertex 37.0521 34.1229 4.5
    endloop
  endfacet
  facet normal 0.0654673 -0.997855 0
    outer loop
      vertex 37.77 34.17 4.5
      vertex 37.0521 34.1229 0
      vertex 37.77 34.17 0
    endloop
  endfacet
  facet normal 0.19502 0.980799 -0
    outer loop
      vertex 37.0521 23.2171 0
      vertex 36.3465 23.3574 4.5
      vertex 37.0521 23.2171 4.5
    endloop
  endfacet
  facet normal 0.19502 0.980799 0
    outer loop
      vertex 36.3465 23.3574 4.5
      vertex 37.0521 23.2171 0
      vertex 36.3465 23.3574 0
    endloop
  endfacet
  facet normal 0.980799 -0.19502 0
    outer loop
      vertex 32.3171 29.3879 4.5
      vertex 32.4574 30.0935 0
      vertex 32.4574 30.0935 4.5
    endloop
  endfacet
  facet normal 0.980799 -0.19502 0
    outer loop
      vertex 32.4574 30.0935 0
      vertex 32.3171 29.3879 4.5
      vertex 32.3171 29.3879 0
    endloop
  endfacet
  facet normal 0.321477 -0.946918 0
    outer loop
      vertex 35.6652 33.7513 0
      vertex 36.3465 33.9826 4.5
      vertex 35.6652 33.7513 4.5
    endloop
  endfacet
  facet normal 0.321477 -0.946918 0
    outer loop
      vertex 36.3465 33.9826 4.5
      vertex 35.6652 33.7513 0
      vertex 36.3465 33.9826 0
    endloop
  endfacet
  facet normal 0.89686 -0.442314 0
    outer loop
      vertex 32.6887 30.7748 4.5
      vertex 33.0069 31.42 0
      vertex 33.0069 31.42 4.5
    endloop
  endfacet
  facet normal 0.89686 -0.442314 0
    outer loop
      vertex 33.0069 31.42 0
      vertex 32.6887 30.7748 4.5
      vertex 32.6887 30.7748 0
    endloop
  endfacet
  facet normal 0.555566 0.831472 -0
    outer loop
      vertex 35.02 23.9069 0
      vertex 34.4218 24.3066 4.5
      vertex 35.02 23.9069 4.5
    endloop
  endfacet
  facet normal 0.555566 0.831472 0
    outer loop
      vertex 34.4218 24.3066 4.5
      vertex 35.02 23.9069 0
      vertex 34.4218 24.3066 0
    endloop
  endfacet
  facet normal 0.89686 0.442314 0
    outer loop
      vertex 33.0069 25.92 4.5
      vertex 32.6887 26.5652 0
      vertex 32.6887 26.5652 4.5
    endloop
  endfacet
  facet normal 0.89686 0.442314 0
    outer loop
      vertex 32.6887 26.5652 0
      vertex 33.0069 25.92 4.5
      vertex 33.0069 25.92 0
    endloop
  endfacet
  facet normal 0.997855 -0.0654673 0
    outer loop
      vertex 32.27 28.67 4.5
      vertex 32.3171 29.3879 0
      vertex 32.3171 29.3879 4.5
    endloop
  endfacet
  facet normal 0.997855 -0.0654673 0
    outer loop
      vertex 32.3171 29.3879 0
      vertex 32.27 28.67 4.5
      vertex 32.27 28.67 0
    endloop
  endfacet
  facet normal -0.442314 0.89686 0
    outer loop
      vertex 40.52 23.9069 0
      vertex 39.8748 23.5887 4.5
      vertex 40.52 23.9069 4.5
    endloop
  endfacet
  facet normal -0.442314 0.89686 0
    outer loop
      vertex 39.8748 23.5887 4.5
      vertex 40.52 23.9069 0
      vertex 39.8748 23.5887 0
    endloop
  endfacet
  facet normal -0.0654673 -0.997855 0
    outer loop
      vertex 37.77 34.17 0
      vertex 38.4879 34.1229 4.5
      vertex 37.77 34.17 4.5
    endloop
  endfacet
  facet normal -0.0654673 -0.997855 -0
    outer loop
      vertex 38.4879 34.1229 4.5
      vertex 37.77 34.17 0
      vertex 38.4879 34.1229 0
    endloop
  endfacet
  facet normal 0.659301 -0.751879 0
    outer loop
      vertex 33.8809 32.5591 0
      vertex 34.4218 33.0334 4.5
      vertex 33.8809 32.5591 4.5
    endloop
  endfacet
  facet normal 0.659301 -0.751879 0
    outer loop
      vertex 34.4218 33.0334 4.5
      vertex 33.8809 32.5591 0
      vertex 34.4218 33.0334 0
    endloop
  endfacet
  facet normal -0.89686 -0.442314 0
    outer loop
      vertex 42.8513 30.7748 0
      vertex 42.5331 31.42 4.5
      vertex 42.5331 31.42 0
    endloop
  endfacet
  facet normal -0.89686 -0.442314 0
    outer loop
      vertex 42.5331 31.42 4.5
      vertex 42.8513 30.7748 0
      vertex 42.8513 30.7748 4.5
    endloop
  endfacet
  facet normal -0.321477 -0.946918 0
    outer loop
      vertex 39.1935 33.9826 0
      vertex 39.8748 33.7513 4.5
      vertex 39.1935 33.9826 4.5
    endloop
  endfacet
  facet normal -0.321477 -0.946918 -0
    outer loop
      vertex 39.8748 33.7513 4.5
      vertex 39.1935 33.9826 0
      vertex 39.8748 33.7513 0
    endloop
  endfacet
  facet normal 0.946918 -0.321477 0
    outer loop
      vertex 32.4574 30.0935 4.5
      vertex 32.6887 30.7748 0
      vertex 32.6887 30.7748 4.5
    endloop
  endfacet
  facet normal 0.946918 -0.321477 0
    outer loop
      vertex 32.6887 30.7748 0
      vertex 32.4574 30.0935 4.5
      vertex 32.4574 30.0935 0
    endloop
  endfacet
  facet normal -0.946918 -0.321477 0
    outer loop
      vertex 43.0826 30.0935 0
      vertex 42.8513 30.7748 4.5
      vertex 42.8513 30.7748 0
    endloop
  endfacet
  facet normal -0.946918 -0.321477 0
    outer loop
      vertex 42.8513 30.7748 4.5
      vertex 43.0826 30.0935 0
      vertex 43.0826 30.0935 4.5
    endloop
  endfacet
  facet normal 0.980799 0.19502 0
    outer loop
      vertex 32.4574 27.2465 4.5
      vertex 32.3171 27.9521 0
      vertex 32.3171 27.9521 4.5
    endloop
  endfacet
  facet normal 0.980799 0.19502 0
    outer loop
      vertex 32.3171 27.9521 0
      vertex 32.4574 27.2465 4.5
      vertex 32.4574 27.2465 0
    endloop
  endfacet
  facet normal 0.0654673 0.997855 -0
    outer loop
      vertex 37.77 23.17 0
      vertex 37.0521 23.2171 4.5
      vertex 37.77 23.17 4.5
    endloop
  endfacet
  facet normal 0.0654673 0.997855 0
    outer loop
      vertex 37.0521 23.2171 4.5
      vertex 37.77 23.17 0
      vertex 37.0521 23.2171 0
    endloop
  endfacet
  facet normal -0.19502 0.980799 0
    outer loop
      vertex 39.1935 23.3574 0
      vertex 38.4879 23.2171 4.5
      vertex 39.1935 23.3574 4.5
    endloop
  endfacet
  facet normal -0.19502 0.980799 0
    outer loop
      vertex 38.4879 23.2171 4.5
      vertex 39.1935 23.3574 0
      vertex 38.4879 23.2171 0
    endloop
  endfacet
  facet normal 0.831472 0.555566 0
    outer loop
      vertex 33.4066 25.3218 4.5
      vertex 33.0069 25.92 0
      vertex 33.0069 25.92 4.5
    endloop
  endfacet
  facet normal 0.831472 0.555566 0
    outer loop
      vertex 33.0069 25.92 0
      vertex 33.4066 25.3218 4.5
      vertex 33.4066 25.3218 0
    endloop
  endfacet
  facet normal 0.751879 0.659301 0
    outer loop
      vertex 33.8809 24.7809 4.5
      vertex 33.4066 25.3218 0
      vertex 33.4066 25.3218 4.5
    endloop
  endfacet
  facet normal 0.751879 0.659301 0
    outer loop
      vertex 33.4066 25.3218 0
      vertex 33.8809 24.7809 4.5
      vertex 33.8809 24.7809 0
    endloop
  endfacet
  facet normal -0.659301 0.751879 0
    outer loop
      vertex 41.6591 24.7809 0
      vertex 41.1182 24.3066 4.5
      vertex 41.6591 24.7809 4.5
    endloop
  endfacet
  facet normal -0.659301 0.751879 0
    outer loop
      vertex 41.1182 24.3066 4.5
      vertex 41.6591 24.7809 0
      vertex 41.1182 24.3066 0
    endloop
  endfacet
  facet normal -0.980799 0.19502 0
    outer loop
      vertex 63.0826 27.2465 0
      vertex 63.2229 27.9521 4.5
      vertex 63.2229 27.9521 0
    endloop
  endfacet
  facet normal -0.980799 0.19502 0
    outer loop
      vertex 63.2229 27.9521 4.5
      vertex 63.0826 27.2465 0
      vertex 63.0826 27.2465 4.5
    endloop
  endfacet
  facet normal -0.0654673 0.997855 0
    outer loop
      vertex 58.4879 23.2171 0
      vertex 57.77 23.17 4.5
      vertex 58.4879 23.2171 4.5
    endloop
  endfacet
  facet normal -0.0654673 0.997855 0
    outer loop
      vertex 57.77 23.17 4.5
      vertex 58.4879 23.2171 0
      vertex 57.77 23.17 0
    endloop
  endfacet
  facet normal -0.980799 -0.19502 0
    outer loop
      vertex 63.2229 29.3879 0
      vertex 63.0826 30.0935 4.5
      vertex 63.0826 30.0935 0
    endloop
  endfacet
  facet normal -0.980799 -0.19502 0
    outer loop
      vertex 63.0826 30.0935 4.5
      vertex 63.2229 29.3879 0
      vertex 63.2229 29.3879 4.5
    endloop
  endfacet
  facet normal -0.997855 -0.0654673 0
    outer loop
      vertex 63.27 28.67 0
      vertex 63.2229 29.3879 4.5
      vertex 63.2229 29.3879 0
    endloop
  endfacet
  facet normal -0.997855 -0.0654673 0
    outer loop
      vertex 63.2229 29.3879 4.5
      vertex 63.27 28.67 0
      vertex 63.27 28.67 4.5
    endloop
  endfacet
  facet normal -0.831472 0.555566 0
    outer loop
      vertex 62.1334 25.3218 0
      vertex 62.5331 25.92 4.5
      vertex 62.5331 25.92 0
    endloop
  endfacet
  facet normal -0.831472 0.555566 0
    outer loop
      vertex 62.5331 25.92 4.5
      vertex 62.1334 25.3218 0
      vertex 62.1334 25.3218 4.5
    endloop
  endfacet
  facet normal 0.19502 -0.980799 0
    outer loop
      vertex 56.3465 33.9826 0
      vertex 57.0521 34.1229 4.5
      vertex 56.3465 33.9826 4.5
    endloop
  endfacet
  facet normal 0.19502 -0.980799 0
    outer loop
      vertex 57.0521 34.1229 4.5
      vertex 56.3465 33.9826 0
      vertex 57.0521 34.1229 0
    endloop
  endfacet
  facet normal -0.89686 0.442314 0
    outer loop
      vertex 62.5331 25.92 0
      vertex 62.8513 26.5652 4.5
      vertex 62.8513 26.5652 0
    endloop
  endfacet
  facet normal -0.89686 0.442314 0
    outer loop
      vertex 62.8513 26.5652 4.5
      vertex 62.5331 25.92 0
      vertex 62.5331 25.92 4.5
    endloop
  endfacet
  facet normal 0.442314 -0.89686 0
    outer loop
      vertex 55.02 33.4331 0
      vertex 55.6652 33.7513 4.5
      vertex 55.02 33.4331 4.5
    endloop
  endfacet
  facet normal 0.442314 -0.89686 0
    outer loop
      vertex 55.6652 33.7513 4.5
      vertex 55.02 33.4331 0
      vertex 55.6652 33.7513 0
    endloop
  endfacet
  facet normal 0.831472 -0.555566 0
    outer loop
      vertex 53.0069 31.42 4.5
      vertex 53.4066 32.0182 0
      vertex 53.4066 32.0182 4.5
    endloop
  endfacet
  facet normal 0.831472 -0.555566 0
    outer loop
      vertex 53.4066 32.0182 0
      vertex 53.0069 31.42 4.5
      vertex 53.0069 31.42 0
    endloop
  endfacet
  facet normal -0.555566 -0.831472 0
    outer loop
      vertex 60.52 33.4331 0
      vertex 61.1182 33.0334 4.5
      vertex 60.52 33.4331 4.5
    endloop
  endfacet
  facet normal -0.555566 -0.831472 -0
    outer loop
      vertex 61.1182 33.0334 4.5
      vertex 60.52 33.4331 0
      vertex 61.1182 33.0334 0
    endloop
  endfacet
  facet normal 0.659301 0.751879 -0
    outer loop
      vertex 54.4218 24.3066 0
      vertex 53.8809 24.7809 4.5
      vertex 54.4218 24.3066 4.5
    endloop
  endfacet
  facet normal 0.659301 0.751879 0
    outer loop
      vertex 53.8809 24.7809 4.5
      vertex 54.4218 24.3066 0
      vertex 53.8809 24.7809 0
    endloop
  endfacet
  facet normal 0.321477 0.946918 -0
    outer loop
      vertex 56.3465 23.3574 0
      vertex 55.6652 23.5887 4.5
      vertex 56.3465 23.3574 4.5
    endloop
  endfacet
  facet normal 0.321477 0.946918 0
    outer loop
      vertex 55.6652 23.5887 4.5
      vertex 56.3465 23.3574 0
      vertex 55.6652 23.5887 0
    endloop
  endfacet
  facet normal -0.19502 -0.980799 0
    outer loop
      vertex 58.4879 34.1229 0
      vertex 59.1935 33.9826 4.5
      vertex 58.4879 34.1229 4.5
    endloop
  endfacet
  facet normal -0.19502 -0.980799 -0
    outer loop
      vertex 59.1935 33.9826 4.5
      vertex 58.4879 34.1229 0
      vertex 59.1935 33.9826 0
    endloop
  endfacet
  facet normal 0.997855 0.0654673 0
    outer loop
      vertex 52.3171 27.9521 4.5
      vertex 52.27 28.67 0
      vertex 52.27 28.67 4.5
    endloop
  endfacet
  facet normal 0.997855 0.0654673 0
    outer loop
      vertex 52.27 28.67 0
      vertex 52.3171 27.9521 4.5
      vertex 52.3171 27.9521 0
    endloop
  endfacet
  facet normal 0.946918 0.321477 0
    outer loop
      vertex 52.6887 26.5652 4.5
      vertex 52.4574 27.2465 0
      vertex 52.4574 27.2465 4.5
    endloop
  endfacet
  facet normal 0.946918 0.321477 0
    outer loop
      vertex 52.4574 27.2465 0
      vertex 52.6887 26.5652 4.5
      vertex 52.6887 26.5652 0
    endloop
  endfacet
  facet normal -0.751879 0.659301 0
    outer loop
      vertex 61.6591 24.7809 0
      vertex 62.1334 25.3218 4.5
      vertex 62.1334 25.3218 0
    endloop
  endfacet
  facet normal -0.751879 0.659301 0
    outer loop
      vertex 62.1334 25.3218 4.5
      vertex 61.6591 24.7809 0
      vertex 61.6591 24.7809 4.5
    endloop
  endfacet
  facet normal 0.751879 -0.659301 0
    outer loop
      vertex 53.4066 32.0182 4.5
      vertex 53.8809 32.5591 0
      vertex 53.8809 32.5591 4.5
    endloop
  endfacet
  facet normal 0.751879 -0.659301 0
    outer loop
      vertex 53.8809 32.5591 0
      vertex 53.4066 32.0182 4.5
      vertex 53.4066 32.0182 0
    endloop
  endfacet
  facet normal 0.442314 0.89686 -0
    outer loop
      vertex 55.6652 23.5887 0
      vertex 55.02 23.9069 4.5
      vertex 55.6652 23.5887 4.5
    endloop
  endfacet
  facet normal 0.442314 0.89686 0
    outer loop
      vertex 55.02 23.9069 4.5
      vertex 55.6652 23.5887 0
      vertex 55.02 23.9069 0
    endloop
  endfacet
  facet normal -0.555566 0.831472 0
    outer loop
      vertex 61.1182 24.3066 0
      vertex 60.52 23.9069 4.5
      vertex 61.1182 24.3066 4.5
    endloop
  endfacet
  facet normal -0.555566 0.831472 0
    outer loop
      vertex 60.52 23.9069 4.5
      vertex 61.1182 24.3066 0
      vertex 60.52 23.9069 0
    endloop
  endfacet
  facet normal 0.555566 -0.831472 0
    outer loop
      vertex 54.4218 33.0334 0
      vertex 55.02 33.4331 4.5
      vertex 54.4218 33.0334 4.5
    endloop
  endfacet
  facet normal 0.555566 -0.831472 0
    outer loop
      vertex 55.02 33.4331 4.5
      vertex 54.4218 33.0334 0
      vertex 55.02 33.4331 0
    endloop
  endfacet
  facet normal -0.831472 -0.555566 0
    outer loop
      vertex 62.5331 31.42 0
      vertex 62.1334 32.0182 4.5
      vertex 62.1334 32.0182 0
    endloop
  endfacet
  facet normal -0.831472 -0.555566 0
    outer loop
      vertex 62.1334 32.0182 4.5
      vertex 62.5331 31.42 0
      vertex 62.5331 31.42 4.5
    endloop
  endfacet
  facet normal -0.442314 -0.89686 0
    outer loop
      vertex 59.8748 33.7513 0
      vertex 60.52 33.4331 4.5
      vertex 59.8748 33.7513 4.5
    endloop
  endfacet
  facet normal -0.442314 -0.89686 -0
    outer loop
      vertex 60.52 33.4331 4.5
      vertex 59.8748 33.7513 0
      vertex 60.52 33.4331 0
    endloop
  endfacet
  facet normal -0.751879 -0.659301 0
    outer loop
      vertex 62.1334 32.0182 0
      vertex 61.6591 32.5591 4.5
      vertex 61.6591 32.5591 0
    endloop
  endfacet
  facet normal -0.751879 -0.659301 0
    outer loop
      vertex 61.6591 32.5591 4.5
      vertex 62.1334 32.0182 0
      vertex 62.1334 32.0182 4.5
    endloop
  endfacet
  facet normal -0.321477 0.946918 0
    outer loop
      vertex 59.8748 23.5887 0
      vertex 59.1935 23.3574 4.5
      vertex 59.8748 23.5887 4.5
    endloop
  endfacet
  facet normal -0.321477 0.946918 0
    outer loop
      vertex 59.1935 23.3574 4.5
      vertex 59.8748 23.5887 0
      vertex 59.1935 23.3574 0
    endloop
  endfacet
  facet normal -0.659301 -0.751879 0
    outer loop
      vertex 61.1182 33.0334 0
      vertex 61.6591 32.5591 4.5
      vertex 61.1182 33.0334 4.5
    endloop
  endfacet
  facet normal -0.659301 -0.751879 -0
    outer loop
      vertex 61.6591 32.5591 4.5
      vertex 61.1182 33.0334 0
      vertex 61.6591 32.5591 0
    endloop
  endfacet
  facet normal -0.997855 0.0654673 0
    outer loop
      vertex 63.2229 27.9521 0
      vertex 63.27 28.67 4.5
      vertex 63.27 28.67 0
    endloop
  endfacet
  facet normal -0.997855 0.0654673 0
    outer loop
      vertex 63.27 28.67 4.5
      vertex 63.2229 27.9521 0
      vertex 63.2229 27.9521 4.5
    endloop
  endfacet
  facet normal 0.0654673 -0.997855 0
    outer loop
      vertex 57.0521 34.1229 0
      vertex 57.77 34.17 4.5
      vertex 57.0521 34.1229 4.5
    endloop
  endfacet
  facet normal 0.0654673 -0.997855 0
    outer loop
      vertex 57.77 34.17 4.5
      vertex 57.0521 34.1229 0
      vertex 57.77 34.17 0
    endloop
  endfacet
  facet normal 0.19502 0.980799 -0
    outer loop
      vertex 57.0521 23.2171 0
      vertex 56.3465 23.3574 4.5
      vertex 57.0521 23.2171 4.5
    endloop
  endfacet
  facet normal 0.19502 0.980799 0
    outer loop
      vertex 56.3465 23.3574 4.5
      vertex 57.0521 23.2171 0
      vertex 56.3465 23.3574 0
    endloop
  endfacet
  facet normal 0.980799 -0.19502 0
    outer loop
      vertex 52.3171 29.3879 4.5
      vertex 52.4574 30.0935 0
      vertex 52.4574 30.0935 4.5
    endloop
  endfacet
  facet normal 0.980799 -0.19502 0
    outer loop
      vertex 52.4574 30.0935 0
      vertex 52.3171 29.3879 4.5
      vertex 52.3171 29.3879 0
    endloop
  endfacet
  facet normal 0.321477 -0.946918 0
    outer loop
      vertex 55.6652 33.7513 0
      vertex 56.3465 33.9826 4.5
      vertex 55.6652 33.7513 4.5
    endloop
  endfacet
  facet normal 0.321477 -0.946918 0
    outer loop
      vertex 56.3465 33.9826 4.5
      vertex 55.6652 33.7513 0
      vertex 56.3465 33.9826 0
    endloop
  endfacet
  facet normal 0.89686 -0.442314 0
    outer loop
      vertex 52.6887 30.7748 4.5
      vertex 53.0069 31.42 0
      vertex 53.0069 31.42 4.5
    endloop
  endfacet
  facet normal 0.89686 -0.442314 0
    outer loop
      vertex 53.0069 31.42 0
      vertex 52.6887 30.7748 4.5
      vertex 52.6887 30.7748 0
    endloop
  endfacet
  facet normal 0.555566 0.831472 -0
    outer loop
      vertex 55.02 23.9069 0
      vertex 54.4218 24.3066 4.5
      vertex 55.02 23.9069 4.5
    endloop
  endfacet
  facet normal 0.555566 0.831472 0
    outer loop
      vertex 54.4218 24.3066 4.5
      vertex 55.02 23.9069 0
      vertex 54.4218 24.3066 0
    endloop
  endfacet
  facet normal 0.89686 0.442314 0
    outer loop
      vertex 53.0069 25.92 4.5
      vertex 52.6887 26.5652 0
      vertex 52.6887 26.5652 4.5
    endloop
  endfacet
  facet normal 0.89686 0.442314 0
    outer loop
      vertex 52.6887 26.5652 0
      vertex 53.0069 25.92 4.5
      vertex 53.0069 25.92 0
    endloop
  endfacet
  facet normal 0.997855 -0.0654673 0
    outer loop
      vertex 52.27 28.67 4.5
      vertex 52.3171 29.3879 0
      vertex 52.3171 29.3879 4.5
    endloop
  endfacet
  facet normal 0.997855 -0.0654673 0
    outer loop
      vertex 52.3171 29.3879 0
      vertex 52.27 28.67 4.5
      vertex 52.27 28.67 0
    endloop
  endfacet
  facet normal -0.442314 0.89686 0
    outer loop
      vertex 60.52 23.9069 0
      vertex 59.8748 23.5887 4.5
      vertex 60.52 23.9069 4.5
    endloop
  endfacet
  facet normal -0.442314 0.89686 0
    outer loop
      vertex 59.8748 23.5887 4.5
      vertex 60.52 23.9069 0
      vertex 59.8748 23.5887 0
    endloop
  endfacet
  facet normal -0.0654673 -0.997855 0
    outer loop
      vertex 57.77 34.17 0
      vertex 58.4879 34.1229 4.5
      vertex 57.77 34.17 4.5
    endloop
  endfacet
  facet normal -0.0654673 -0.997855 -0
    outer loop
      vertex 58.4879 34.1229 4.5
      vertex 57.77 34.17 0
      vertex 58.4879 34.1229 0
    endloop
  endfacet
  facet normal 0.659301 -0.751879 0
    outer loop
      vertex 53.8809 32.5591 0
      vertex 54.4218 33.0334 4.5
      vertex 53.8809 32.5591 4.5
    endloop
  endfacet
  facet normal 0.659301 -0.751879 0
    outer loop
      vertex 54.4218 33.0334 4.5
      vertex 53.8809 32.5591 0
      vertex 54.4218 33.0334 0
    endloop
  endfacet
  facet normal -0.89686 -0.442314 0
    outer loop
      vertex 62.8513 30.7748 0
      vertex 62.5331 31.42 4.5
      vertex 62.5331 31.42 0
    endloop
  endfacet
  facet normal -0.89686 -0.442314 0
    outer loop
      vertex 62.5331 31.42 4.5
      vertex 62.8513 30.7748 0
      vertex 62.8513 30.7748 4.5
    endloop
  endfacet
  facet normal -0.321477 -0.946918 0
    outer loop
      vertex 59.1935 33.9826 0
      vertex 59.8748 33.7513 4.5
      vertex 59.1935 33.9826 4.5
    endloop
  endfacet
  facet normal -0.321477 -0.946918 -0
    outer loop
      vertex 59.8748 33.7513 4.5
      vertex 59.1935 33.9826 0
      vertex 59.8748 33.7513 0
    endloop
  endfacet
  facet normal 0.946918 -0.321477 0
    outer loop
      vertex 52.4574 30.0935 4.5
      vertex 52.6887 30.7748 0
      vertex 52.6887 30.7748 4.5
    endloop
  endfacet
  facet normal 0.946918 -0.321477 0
    outer loop
      vertex 52.6887 30.7748 0
      vertex 52.4574 30.0935 4.5
      vertex 52.4574 30.0935 0
    endloop
  endfacet
  facet normal -0.946918 -0.321477 0
    outer loop
      vertex 63.0826 30.0935 0
      vertex 62.8513 30.7748 4.5
      vertex 62.8513 30.7748 0
    endloop
  endfacet
  facet normal -0.946918 -0.321477 0
    outer loop
      vertex 62.8513 30.7748 4.5
      vertex 63.0826 30.0935 0
      vertex 63.0826 30.0935 4.5
    endloop
  endfacet
  facet normal 0.980799 0.19502 0
    outer loop
      vertex 52.4574 27.2465 4.5
      vertex 52.3171 27.9521 0
      vertex 52.3171 27.9521 4.5
    endloop
  endfacet
  facet normal 0.980799 0.19502 0
    outer loop
      vertex 52.3171 27.9521 0
      vertex 52.4574 27.2465 4.5
      vertex 52.4574 27.2465 0
    endloop
  endfacet
  facet normal 0.0654673 0.997855 -0
    outer loop
      vertex 57.77 23.17 0
      vertex 57.0521 23.2171 4.5
      vertex 57.77 23.17 4.5
    endloop
  endfacet
  facet normal 0.0654673 0.997855 0
    outer loop
      vertex 57.0521 23.2171 4.5
      vertex 57.77 23.17 0
      vertex 57.0521 23.2171 0
    endloop
  endfacet
  facet normal -0.946918 0.321477 0
    outer loop
      vertex 62.8513 26.5652 0
      vertex 63.0826 27.2465 4.5
      vertex 63.0826 27.2465 0
    endloop
  endfacet
  facet normal -0.946918 0.321477 0
    outer loop
      vertex 63.0826 27.2465 4.5
      vertex 62.8513 26.5652 0
      vertex 62.8513 26.5652 4.5
    endloop
  endfacet
  facet normal -0.19502 0.980799 0
    outer loop
      vertex 59.1935 23.3574 0
      vertex 58.4879 23.2171 4.5
      vertex 59.1935 23.3574 4.5
    endloop
  endfacet
  facet normal -0.19502 0.980799 0
    outer loop
      vertex 58.4879 23.2171 4.5
      vertex 59.1935 23.3574 0
      vertex 58.4879 23.2171 0
    endloop
  endfacet
  facet normal 0.831472 0.555566 0
    outer loop
      vertex 53.4066 25.3218 4.5
      vertex 53.0069 25.92 0
      vertex 53.0069 25.92 4.5
    endloop
  endfacet
  facet normal 0.831472 0.555566 0
    outer loop
      vertex 53.0069 25.92 0
      vertex 53.4066 25.3218 4.5
      vertex 53.4066 25.3218 0
    endloop
  endfacet
  facet normal 0.751879 0.659301 0
    outer loop
      vertex 53.8809 24.7809 4.5
      vertex 53.4066 25.3218 0
      vertex 53.4066 25.3218 4.5
    endloop
  endfacet
  facet normal 0.751879 0.659301 0
    outer loop
      vertex 53.4066 25.3218 0
      vertex 53.8809 24.7809 4.5
      vertex 53.8809 24.7809 0
    endloop
  endfacet
  facet normal -0.659301 0.751879 0
    outer loop
      vertex 61.6591 24.7809 0
      vertex 61.1182 24.3066 4.5
      vertex 61.6591 24.7809 4.5
    endloop
  endfacet
  facet normal -0.659301 0.751879 0
    outer loop
      vertex 61.1182 24.3066 4.5
      vertex 61.6591 24.7809 0
      vertex 61.1182 24.3066 0
    endloop
  endfacet
  facet normal -0.980799 0.19502 0
    outer loop
      vertex 23.0826 51.2465 0
      vertex 23.2229 51.9521 4.5
      vertex 23.2229 51.9521 0
    endloop
  endfacet
  facet normal -0.980799 0.19502 0
    outer loop
      vertex 23.2229 51.9521 4.5
      vertex 23.0826 51.2465 0
      vertex 23.0826 51.2465 4.5
    endloop
  endfacet
  facet normal -0.0654673 0.997855 0
    outer loop
      vertex 18.4879 47.2171 0
      vertex 17.77 47.17 4.5
      vertex 18.4879 47.2171 4.5
    endloop
  endfacet
  facet normal -0.0654673 0.997855 0
    outer loop
      vertex 17.77 47.17 4.5
      vertex 18.4879 47.2171 0
      vertex 17.77 47.17 0
    endloop
  endfacet
  facet normal -0.980799 -0.19502 0
    outer loop
      vertex 23.2229 53.3879 0
      vertex 23.0826 54.0935 4.5
      vertex 23.0826 54.0935 0
    endloop
  endfacet
  facet normal -0.980799 -0.19502 0
    outer loop
      vertex 23.0826 54.0935 4.5
      vertex 23.2229 53.3879 0
      vertex 23.2229 53.3879 4.5
    endloop
  endfacet
  facet normal -0.997855 -0.0654673 0
    outer loop
      vertex 23.27 52.67 0
      vertex 23.2229 53.3879 4.5
      vertex 23.2229 53.3879 0
    endloop
  endfacet
  facet normal -0.997855 -0.0654673 0
    outer loop
      vertex 23.2229 53.3879 4.5
      vertex 23.27 52.67 0
      vertex 23.27 52.67 4.5
    endloop
  endfacet
  facet normal -0.831472 0.555566 0
    outer loop
      vertex 22.1334 49.3218 0
      vertex 22.5331 49.92 4.5
      vertex 22.5331 49.92 0
    endloop
  endfacet
  facet normal -0.831472 0.555566 0
    outer loop
      vertex 22.5331 49.92 4.5
      vertex 22.1334 49.3218 0
      vertex 22.1334 49.3218 4.5
    endloop
  endfacet
  facet normal 0.19502 -0.980799 0
    outer loop
      vertex 16.3465 57.9826 0
      vertex 17.0521 58.1229 4.5
      vertex 16.3465 57.9826 4.5
    endloop
  endfacet
  facet normal 0.19502 -0.980799 0
    outer loop
      vertex 17.0521 58.1229 4.5
      vertex 16.3465 57.9826 0
      vertex 17.0521 58.1229 0
    endloop
  endfacet
  facet normal -0.89686 0.442314 0
    outer loop
      vertex 22.5331 49.92 0
      vertex 22.8513 50.5652 4.5
      vertex 22.8513 50.5652 0
    endloop
  endfacet
  facet normal -0.89686 0.442314 0
    outer loop
      vertex 22.8513 50.5652 4.5
      vertex 22.5331 49.92 0
      vertex 22.5331 49.92 4.5
    endloop
  endfacet
  facet normal 0.442314 -0.89686 0
    outer loop
      vertex 15.02 57.4331 0
      vertex 15.6652 57.7513 4.5
      vertex 15.02 57.4331 4.5
    endloop
  endfacet
  facet normal 0.442314 -0.89686 0
    outer loop
      vertex 15.6652 57.7513 4.5
      vertex 15.02 57.4331 0
      vertex 15.6652 57.7513 0
    endloop
  endfacet
  facet normal 0.831472 -0.555566 0
    outer loop
      vertex 13.0069 55.42 4.5
      vertex 13.4066 56.0182 0
      vertex 13.4066 56.0182 4.5
    endloop
  endfacet
  facet normal 0.831472 -0.555566 0
    outer loop
      vertex 13.4066 56.0182 0
      vertex 13.0069 55.42 4.5
      vertex 13.0069 55.42 0
    endloop
  endfacet
  facet normal -0.555566 -0.831472 0
    outer loop
      vertex 20.52 57.4331 0
      vertex 21.1182 57.0334 4.5
      vertex 20.52 57.4331 4.5
    endloop
  endfacet
  facet normal -0.555566 -0.831472 -0
    outer loop
      vertex 21.1182 57.0334 4.5
      vertex 20.52 57.4331 0
      vertex 21.1182 57.0334 0
    endloop
  endfacet
  facet normal 0.659301 0.751879 -0
    outer loop
      vertex 14.4218 48.3066 0
      vertex 13.8809 48.7809 4.5
      vertex 14.4218 48.3066 4.5
    endloop
  endfacet
  facet normal 0.659301 0.751879 0
    outer loop
      vertex 13.8809 48.7809 4.5
      vertex 14.4218 48.3066 0
      vertex 13.8809 48.7809 0
    endloop
  endfacet
  facet normal 0.321477 0.946918 -0
    outer loop
      vertex 16.3465 47.3574 0
      vertex 15.6652 47.5887 4.5
      vertex 16.3465 47.3574 4.5
    endloop
  endfacet
  facet normal 0.321477 0.946918 0
    outer loop
      vertex 15.6652 47.5887 4.5
      vertex 16.3465 47.3574 0
      vertex 15.6652 47.5887 0
    endloop
  endfacet
  facet normal -0.19502 -0.980799 0
    outer loop
      vertex 18.4879 58.1229 0
      vertex 19.1935 57.9826 4.5
      vertex 18.4879 58.1229 4.5
    endloop
  endfacet
  facet normal -0.19502 -0.980799 -0
    outer loop
      vertex 19.1935 57.9826 4.5
      vertex 18.4879 58.1229 0
      vertex 19.1935 57.9826 0
    endloop
  endfacet
  facet normal 0.997855 0.0654673 0
    outer loop
      vertex 12.3171 51.9521 4.5
      vertex 12.27 52.67 0
      vertex 12.27 52.67 4.5
    endloop
  endfacet
  facet normal 0.997855 0.0654673 0
    outer loop
      vertex 12.27 52.67 0
      vertex 12.3171 51.9521 4.5
      vertex 12.3171 51.9521 0
    endloop
  endfacet
  facet normal 0.997855 -0.0654673 0
    outer loop
      vertex 12.27 52.67 4.5
      vertex 12.3171 53.3879 0
      vertex 12.3171 53.3879 4.5
    endloop
  endfacet
  facet normal 0.997855 -0.0654673 0
    outer loop
      vertex 12.3171 53.3879 0
      vertex 12.27 52.67 4.5
      vertex 12.27 52.67 0
    endloop
  endfacet
  facet normal 0.946918 0.321477 0
    outer loop
      vertex 12.6887 50.5652 4.5
      vertex 12.4574 51.2465 0
      vertex 12.4574 51.2465 4.5
    endloop
  endfacet
  facet normal 0.946918 0.321477 0
    outer loop
      vertex 12.4574 51.2465 0
      vertex 12.6887 50.5652 4.5
      vertex 12.6887 50.5652 0
    endloop
  endfacet
  facet normal -0.751879 0.659301 0
    outer loop
      vertex 21.6591 48.7809 0
      vertex 22.1334 49.3218 4.5
      vertex 22.1334 49.3218 0
    endloop
  endfacet
  facet normal -0.751879 0.659301 0
    outer loop
      vertex 22.1334 49.3218 4.5
      vertex 21.6591 48.7809 0
      vertex 21.6591 48.7809 4.5
    endloop
  endfacet
  facet normal 0.751879 -0.659301 0
    outer loop
      vertex 13.4066 56.0182 4.5
      vertex 13.8809 56.5591 0
      vertex 13.8809 56.5591 4.5
    endloop
  endfacet
  facet normal 0.751879 -0.659301 0
    outer loop
      vertex 13.8809 56.5591 0
      vertex 13.4066 56.0182 4.5
      vertex 13.4066 56.0182 0
    endloop
  endfacet
  facet normal 0.442314 0.89686 -0
    outer loop
      vertex 15.6652 47.5887 0
      vertex 15.02 47.9069 4.5
      vertex 15.6652 47.5887 4.5
    endloop
  endfacet
  facet normal 0.442314 0.89686 0
    outer loop
      vertex 15.02 47.9069 4.5
      vertex 15.6652 47.5887 0
      vertex 15.02 47.9069 0
    endloop
  endfacet
  facet normal -0.555566 0.831472 0
    outer loop
      vertex 21.1182 48.3066 0
      vertex 20.52 47.9069 4.5
      vertex 21.1182 48.3066 4.5
    endloop
  endfacet
  facet normal -0.555566 0.831472 0
    outer loop
      vertex 20.52 47.9069 4.5
      vertex 21.1182 48.3066 0
      vertex 20.52 47.9069 0
    endloop
  endfacet
  facet normal 0.555566 -0.831472 0
    outer loop
      vertex 14.4218 57.0334 0
      vertex 15.02 57.4331 4.5
      vertex 14.4218 57.0334 4.5
    endloop
  endfacet
  facet normal 0.555566 -0.831472 0
    outer loop
      vertex 15.02 57.4331 4.5
      vertex 14.4218 57.0334 0
      vertex 15.02 57.4331 0
    endloop
  endfacet
  facet normal -0.831472 -0.555566 0
    outer loop
      vertex 22.5331 55.42 0
      vertex 22.1334 56.0182 4.5
      vertex 22.1334 56.0182 0
    endloop
  endfacet
  facet normal -0.831472 -0.555566 0
    outer loop
      vertex 22.1334 56.0182 4.5
      vertex 22.5331 55.42 0
      vertex 22.5331 55.42 4.5
    endloop
  endfacet
  facet normal -0.442314 -0.89686 0
    outer loop
      vertex 19.8748 57.7513 0
      vertex 20.52 57.4331 4.5
      vertex 19.8748 57.7513 4.5
    endloop
  endfacet
  facet normal -0.442314 -0.89686 -0
    outer loop
      vertex 20.52 57.4331 4.5
      vertex 19.8748 57.7513 0
      vertex 20.52 57.4331 0
    endloop
  endfacet
  facet normal -0.751879 -0.659301 0
    outer loop
      vertex 22.1334 56.0182 0
      vertex 21.6591 56.5591 4.5
      vertex 21.6591 56.5591 0
    endloop
  endfacet
  facet normal -0.751879 -0.659301 0
    outer loop
      vertex 21.6591 56.5591 4.5
      vertex 22.1334 56.0182 0
      vertex 22.1334 56.0182 4.5
    endloop
  endfacet
  facet normal -0.321477 0.946918 0
    outer loop
      vertex 19.8748 47.5887 0
      vertex 19.1935 47.3574 4.5
      vertex 19.8748 47.5887 4.5
    endloop
  endfacet
  facet normal -0.321477 0.946918 0
    outer loop
      vertex 19.1935 47.3574 4.5
      vertex 19.8748 47.5887 0
      vertex 19.1935 47.3574 0
    endloop
  endfacet
  facet normal -0.659301 -0.751879 0
    outer loop
      vertex 21.1182 57.0334 0
      vertex 21.6591 56.5591 4.5
      vertex 21.1182 57.0334 4.5
    endloop
  endfacet
  facet normal -0.659301 -0.751879 -0
    outer loop
      vertex 21.6591 56.5591 4.5
      vertex 21.1182 57.0334 0
      vertex 21.6591 56.5591 0
    endloop
  endfacet
  facet normal -0.997855 0.0654673 0
    outer loop
      vertex 23.2229 51.9521 0
      vertex 23.27 52.67 4.5
      vertex 23.27 52.67 0
    endloop
  endfacet
  facet normal -0.997855 0.0654673 0
    outer loop
      vertex 23.27 52.67 4.5
      vertex 23.2229 51.9521 0
      vertex 23.2229 51.9521 4.5
    endloop
  endfacet
  facet normal 0.0654673 -0.997855 0
    outer loop
      vertex 17.0521 58.1229 0
      vertex 17.77 58.17 4.5
      vertex 17.0521 58.1229 4.5
    endloop
  endfacet
  facet normal 0.0654673 -0.997855 0
    outer loop
      vertex 17.77 58.17 4.5
      vertex 17.0521 58.1229 0
      vertex 17.77 58.17 0
    endloop
  endfacet
  facet normal 0.19502 0.980799 -0
    outer loop
      vertex 17.0521 47.2171 0
      vertex 16.3465 47.3574 4.5
      vertex 17.0521 47.2171 4.5
    endloop
  endfacet
  facet normal 0.19502 0.980799 0
    outer loop
      vertex 16.3465 47.3574 4.5
      vertex 17.0521 47.2171 0
      vertex 16.3465 47.3574 0
    endloop
  endfacet
  facet normal 0.980799 -0.19502 0
    outer loop
      vertex 12.3171 53.3879 4.5
      vertex 12.4574 54.0935 0
      vertex 12.4574 54.0935 4.5
    endloop
  endfacet
  facet normal 0.980799 -0.19502 0
    outer loop
      vertex 12.4574 54.0935 0
      vertex 12.3171 53.3879 4.5
      vertex 12.3171 53.3879 0
    endloop
  endfacet
  facet normal 0.321477 -0.946918 0
    outer loop
      vertex 15.6652 57.7513 0
      vertex 16.3465 57.9826 4.5
      vertex 15.6652 57.7513 4.5
    endloop
  endfacet
  facet normal 0.321477 -0.946918 0
    outer loop
      vertex 16.3465 57.9826 4.5
      vertex 15.6652 57.7513 0
      vertex 16.3465 57.9826 0
    endloop
  endfacet
  facet normal 0.89686 -0.442314 0
    outer loop
      vertex 12.6887 54.7748 4.5
      vertex 13.0069 55.42 0
      vertex 13.0069 55.42 4.5
    endloop
  endfacet
  facet normal 0.89686 -0.442314 0
    outer loop
      vertex 13.0069 55.42 0
      vertex 12.6887 54.7748 4.5
      vertex 12.6887 54.7748 0
    endloop
  endfacet
  facet normal 0.555566 0.831472 -0
    outer loop
      vertex 15.02 47.9069 0
      vertex 14.4218 48.3066 4.5
      vertex 15.02 47.9069 4.5
    endloop
  endfacet
  facet normal 0.555566 0.831472 0
    outer loop
      vertex 14.4218 48.3066 4.5
      vertex 15.02 47.9069 0
      vertex 14.4218 48.3066 0
    endloop
  endfacet
  facet normal 0.89686 0.442314 0
    outer loop
      vertex 13.0069 49.92 4.5
      vertex 12.6887 50.5652 0
      vertex 12.6887 50.5652 4.5
    endloop
  endfacet
  facet normal 0.89686 0.442314 0
    outer loop
      vertex 12.6887 50.5652 0
      vertex 13.0069 49.92 4.5
      vertex 13.0069 49.92 0
    endloop
  endfacet
  facet normal -0.442314 0.89686 0
    outer loop
      vertex 20.52 47.9069 0
      vertex 19.8748 47.5887 4.5
      vertex 20.52 47.9069 4.5
    endloop
  endfacet
  facet normal -0.442314 0.89686 0
    outer loop
      vertex 19.8748 47.5887 4.5
      vertex 20.52 47.9069 0
      vertex 19.8748 47.5887 0
    endloop
  endfacet
  facet normal -0.0654673 -0.997855 0
    outer loop
      vertex 17.77 58.17 0
      vertex 18.4879 58.1229 4.5
      vertex 17.77 58.17 4.5
    endloop
  endfacet
  facet normal -0.0654673 -0.997855 -0
    outer loop
      vertex 18.4879 58.1229 4.5
      vertex 17.77 58.17 0
      vertex 18.4879 58.1229 0
    endloop
  endfacet
  facet normal 0.659301 -0.751879 0
    outer loop
      vertex 13.8809 56.5591 0
      vertex 14.4218 57.0334 4.5
      vertex 13.8809 56.5591 4.5
    endloop
  endfacet
  facet normal 0.659301 -0.751879 0
    outer loop
      vertex 14.4218 57.0334 4.5
      vertex 13.8809 56.5591 0
      vertex 14.4218 57.0334 0
    endloop
  endfacet
  facet normal -0.89686 -0.442314 0
    outer loop
      vertex 22.8513 54.7748 0
      vertex 22.5331 55.42 4.5
      vertex 22.5331 55.42 0
    endloop
  endfacet
  facet normal -0.89686 -0.442314 0
    outer loop
      vertex 22.5331 55.42 4.5
      vertex 22.8513 54.7748 0
      vertex 22.8513 54.7748 4.5
    endloop
  endfacet
  facet normal -0.321477 -0.946918 0
    outer loop
      vertex 19.1935 57.9826 0
      vertex 19.8748 57.7513 4.5
      vertex 19.1935 57.9826 4.5
    endloop
  endfacet
  facet normal -0.321477 -0.946918 -0
    outer loop
      vertex 19.8748 57.7513 4.5
      vertex 19.1935 57.9826 0
      vertex 19.8748 57.7513 0
    endloop
  endfacet
  facet normal 0.946918 -0.321477 0
    outer loop
      vertex 12.4574 54.0935 4.5
      vertex 12.6887 54.7748 0
      vertex 12.6887 54.7748 4.5
    endloop
  endfacet
  facet normal 0.946918 -0.321477 0
    outer loop
      vertex 12.6887 54.7748 0
      vertex 12.4574 54.0935 4.5
      vertex 12.4574 54.0935 0
    endloop
  endfacet
  facet normal -0.946918 -0.321477 0
    outer loop
      vertex 23.0826 54.0935 0
      vertex 22.8513 54.7748 4.5
      vertex 22.8513 54.7748 0
    endloop
  endfacet
  facet normal -0.946918 -0.321477 0
    outer loop
      vertex 22.8513 54.7748 4.5
      vertex 23.0826 54.0935 0
      vertex 23.0826 54.0935 4.5
    endloop
  endfacet
  facet normal 0.980799 0.19502 0
    outer loop
      vertex 12.4574 51.2465 4.5
      vertex 12.3171 51.9521 0
      vertex 12.3171 51.9521 4.5
    endloop
  endfacet
  facet normal 0.980799 0.19502 0
    outer loop
      vertex 12.3171 51.9521 0
      vertex 12.4574 51.2465 4.5
      vertex 12.4574 51.2465 0
    endloop
  endfacet
  facet normal 0.0654673 0.997855 -0
    outer loop
      vertex 17.77 47.17 0
      vertex 17.0521 47.2171 4.5
      vertex 17.77 47.17 4.5
    endloop
  endfacet
  facet normal 0.0654673 0.997855 0
    outer loop
      vertex 17.0521 47.2171 4.5
      vertex 17.77 47.17 0
      vertex 17.0521 47.2171 0
    endloop
  endfacet
  facet normal -0.946918 0.321477 0
    outer loop
      vertex 22.8513 50.5652 0
      vertex 23.0826 51.2465 4.5
      vertex 23.0826 51.2465 0
    endloop
  endfacet
  facet normal -0.946918 0.321477 0
    outer loop
      vertex 23.0826 51.2465 4.5
      vertex 22.8513 50.5652 0
      vertex 22.8513 50.5652 4.5
    endloop
  endfacet
  facet normal -0.19502 0.980799 0
    outer loop
      vertex 19.1935 47.3574 0
      vertex 18.4879 47.2171 4.5
      vertex 19.1935 47.3574 4.5
    endloop
  endfacet
  facet normal -0.19502 0.980799 0
    outer loop
      vertex 18.4879 47.2171 4.5
      vertex 19.1935 47.3574 0
      vertex 18.4879 47.2171 0
    endloop
  endfacet
  facet normal 0.831472 0.555566 0
    outer loop
      vertex 13.4066 49.3218 4.5
      vertex 13.0069 49.92 0
      vertex 13.0069 49.92 4.5
    endloop
  endfacet
  facet normal 0.831472 0.555566 0
    outer loop
      vertex 13.0069 49.92 0
      vertex 13.4066 49.3218 4.5
      vertex 13.4066 49.3218 0
    endloop
  endfacet
  facet normal 0.751879 0.659301 0
    outer loop
      vertex 13.8809 48.7809 4.5
      vertex 13.4066 49.3218 0
      vertex 13.4066 49.3218 4.5
    endloop
  endfacet
  facet normal 0.751879 0.659301 0
    outer loop
      vertex 13.4066 49.3218 0
      vertex 13.8809 48.7809 4.5
      vertex 13.8809 48.7809 0
    endloop
  endfacet
  facet normal -0.659301 0.751879 0
    outer loop
      vertex 21.6591 48.7809 0
      vertex 21.1182 48.3066 4.5
      vertex 21.6591 48.7809 4.5
    endloop
  endfacet
  facet normal -0.659301 0.751879 0
    outer loop
      vertex 21.1182 48.3066 4.5
      vertex 21.6591 48.7809 0
      vertex 21.1182 48.3066 0
    endloop
  endfacet
  facet normal -0.980799 0.19502 0
    outer loop
      vertex 43.0826 51.2465 0
      vertex 43.2229 51.9521 4.5
      vertex 43.2229 51.9521 0
    endloop
  endfacet
  facet normal -0.980799 0.19502 0
    outer loop
      vertex 43.2229 51.9521 4.5
      vertex 43.0826 51.2465 0
      vertex 43.0826 51.2465 4.5
    endloop
  endfacet
  facet normal -0.0654673 0.997855 0
    outer loop
      vertex 38.4879 47.2171 0
      vertex 37.77 47.17 4.5
      vertex 38.4879 47.2171 4.5
    endloop
  endfacet
  facet normal -0.0654673 0.997855 0
    outer loop
      vertex 37.77 47.17 4.5
      vertex 38.4879 47.2171 0
      vertex 37.77 47.17 0
    endloop
  endfacet
  facet normal -0.980799 -0.19502 0
    outer loop
      vertex 43.2229 53.3879 0
      vertex 43.0826 54.0935 4.5
      vertex 43.0826 54.0935 0
    endloop
  endfacet
  facet normal -0.980799 -0.19502 0
    outer loop
      vertex 43.0826 54.0935 4.5
      vertex 43.2229 53.3879 0
      vertex 43.2229 53.3879 4.5
    endloop
  endfacet
  facet normal -0.997855 -0.0654673 0
    outer loop
      vertex 43.27 52.67 0
      vertex 43.2229 53.3879 4.5
      vertex 43.2229 53.3879 0
    endloop
  endfacet
  facet normal -0.997855 -0.0654673 0
    outer loop
      vertex 43.2229 53.3879 4.5
      vertex 43.27 52.67 0
      vertex 43.27 52.67 4.5
    endloop
  endfacet
  facet normal -0.831472 0.555566 0
    outer loop
      vertex 42.1334 49.3218 0
      vertex 42.5331 49.92 4.5
      vertex 42.5331 49.92 0
    endloop
  endfacet
  facet normal -0.831472 0.555566 0
    outer loop
      vertex 42.5331 49.92 4.5
      vertex 42.1334 49.3218 0
      vertex 42.1334 49.3218 4.5
    endloop
  endfacet
  facet normal 0.19502 -0.980799 0
    outer loop
      vertex 36.3465 57.9826 0
      vertex 37.0521 58.1229 4.5
      vertex 36.3465 57.9826 4.5
    endloop
  endfacet
  facet normal 0.19502 -0.980799 0
    outer loop
      vertex 37.0521 58.1229 4.5
      vertex 36.3465 57.9826 0
      vertex 37.0521 58.1229 0
    endloop
  endfacet
  facet normal -0.89686 0.442314 0
    outer loop
      vertex 42.5331 49.92 0
      vertex 42.8513 50.5652 4.5
      vertex 42.8513 50.5652 0
    endloop
  endfacet
  facet normal -0.89686 0.442314 0
    outer loop
      vertex 42.8513 50.5652 4.5
      vertex 42.5331 49.92 0
      vertex 42.5331 49.92 4.5
    endloop
  endfacet
  facet normal 0.442314 -0.89686 0
    outer loop
      vertex 35.02 57.4331 0
      vertex 35.6652 57.7513 4.5
      vertex 35.02 57.4331 4.5
    endloop
  endfacet
  facet normal 0.442314 -0.89686 0
    outer loop
      vertex 35.6652 57.7513 4.5
      vertex 35.02 57.4331 0
      vertex 35.6652 57.7513 0
    endloop
  endfacet
  facet normal 0.831472 -0.555566 0
    outer loop
      vertex 33.0069 55.42 4.5
      vertex 33.4066 56.0182 0
      vertex 33.4066 56.0182 4.5
    endloop
  endfacet
  facet normal 0.831472 -0.555566 0
    outer loop
      vertex 33.4066 56.0182 0
      vertex 33.0069 55.42 4.5
      vertex 33.0069 55.42 0
    endloop
  endfacet
  facet normal -0.555566 -0.831472 0
    outer loop
      vertex 40.52 57.4331 0
      vertex 41.1182 57.0334 4.5
      vertex 40.52 57.4331 4.5
    endloop
  endfacet
  facet normal -0.555566 -0.831472 -0
    outer loop
      vertex 41.1182 57.0334 4.5
      vertex 40.52 57.4331 0
      vertex 41.1182 57.0334 0
    endloop
  endfacet
  facet normal 0.659301 0.751879 -0
    outer loop
      vertex 34.4218 48.3066 0
      vertex 33.8809 48.7809 4.5
      vertex 34.4218 48.3066 4.5
    endloop
  endfacet
  facet normal 0.659301 0.751879 0
    outer loop
      vertex 33.8809 48.7809 4.5
      vertex 34.4218 48.3066 0
      vertex 33.8809 48.7809 0
    endloop
  endfacet
  facet normal 0.321477 0.946918 -0
    outer loop
      vertex 36.3465 47.3574 0
      vertex 35.6652 47.5887 4.5
      vertex 36.3465 47.3574 4.5
    endloop
  endfacet
  facet normal 0.321477 0.946918 0
    outer loop
      vertex 35.6652 47.5887 4.5
      vertex 36.3465 47.3574 0
      vertex 35.6652 47.5887 0
    endloop
  endfacet
  facet normal -0.19502 -0.980799 0
    outer loop
      vertex 38.4879 58.1229 0
      vertex 39.1935 57.9826 4.5
      vertex 38.4879 58.1229 4.5
    endloop
  endfacet
  facet normal -0.19502 -0.980799 -0
    outer loop
      vertex 39.1935 57.9826 4.5
      vertex 38.4879 58.1229 0
      vertex 39.1935 57.9826 0
    endloop
  endfacet
  facet normal 0.997855 0.0654673 0
    outer loop
      vertex 32.3171 51.9521 4.5
      vertex 32.27 52.67 0
      vertex 32.27 52.67 4.5
    endloop
  endfacet
  facet normal 0.997855 0.0654673 0
    outer loop
      vertex 32.27 52.67 0
      vertex 32.3171 51.9521 4.5
      vertex 32.3171 51.9521 0
    endloop
  endfacet
  facet normal 0.997855 -0.0654673 0
    outer loop
      vertex 32.27 52.67 4.5
      vertex 32.3171 53.3879 0
      vertex 32.3171 53.3879 4.5
    endloop
  endfacet
  facet normal 0.997855 -0.0654673 0
    outer loop
      vertex 32.3171 53.3879 0
      vertex 32.27 52.67 4.5
      vertex 32.27 52.67 0
    endloop
  endfacet
  facet normal 0.946918 0.321477 0
    outer loop
      vertex 32.6887 50.5652 4.5
      vertex 32.4574 51.2465 0
      vertex 32.4574 51.2465 4.5
    endloop
  endfacet
  facet normal 0.946918 0.321477 0
    outer loop
      vertex 32.4574 51.2465 0
      vertex 32.6887 50.5652 4.5
      vertex 32.6887 50.5652 0
    endloop
  endfacet
  facet normal -0.751879 0.659301 0
    outer loop
      vertex 41.6591 48.7809 0
      vertex 42.1334 49.3218 4.5
      vertex 42.1334 49.3218 0
    endloop
  endfacet
  facet normal -0.751879 0.659301 0
    outer loop
      vertex 42.1334 49.3218 4.5
      vertex 41.6591 48.7809 0
      vertex 41.6591 48.7809 4.5
    endloop
  endfacet
  facet normal 0.751879 -0.659301 0
    outer loop
      vertex 33.4066 56.0182 4.5
      vertex 33.8809 56.5591 0
      vertex 33.8809 56.5591 4.5
    endloop
  endfacet
  facet normal 0.751879 -0.659301 0
    outer loop
      vertex 33.8809 56.5591 0
      vertex 33.4066 56.0182 4.5
      vertex 33.4066 56.0182 0
    endloop
  endfacet
  facet normal 0.442314 0.89686 -0
    outer loop
      vertex 35.6652 47.5887 0
      vertex 35.02 47.9069 4.5
      vertex 35.6652 47.5887 4.5
    endloop
  endfacet
  facet normal 0.442314 0.89686 0
    outer loop
      vertex 35.02 47.9069 4.5
      vertex 35.6652 47.5887 0
      vertex 35.02 47.9069 0
    endloop
  endfacet
  facet normal -0.555566 0.831472 0
    outer loop
      vertex 41.1182 48.3066 0
      vertex 40.52 47.9069 4.5
      vertex 41.1182 48.3066 4.5
    endloop
  endfacet
  facet normal -0.555566 0.831472 0
    outer loop
      vertex 40.52 47.9069 4.5
      vertex 41.1182 48.3066 0
      vertex 40.52 47.9069 0
    endloop
  endfacet
  facet normal 0.555566 -0.831472 0
    outer loop
      vertex 34.4218 57.0334 0
      vertex 35.02 57.4331 4.5
      vertex 34.4218 57.0334 4.5
    endloop
  endfacet
  facet normal 0.555566 -0.831472 0
    outer loop
      vertex 35.02 57.4331 4.5
      vertex 34.4218 57.0334 0
      vertex 35.02 57.4331 0
    endloop
  endfacet
  facet normal -0.831472 -0.555566 0
    outer loop
      vertex 42.5331 55.42 0
      vertex 42.1334 56.0182 4.5
      vertex 42.1334 56.0182 0
    endloop
  endfacet
  facet normal -0.831472 -0.555566 0
    outer loop
      vertex 42.1334 56.0182 4.5
      vertex 42.5331 55.42 0
      vertex 42.5331 55.42 4.5
    endloop
  endfacet
  facet normal -0.442314 -0.89686 0
    outer loop
      vertex 39.8748 57.7513 0
      vertex 40.52 57.4331 4.5
      vertex 39.8748 57.7513 4.5
    endloop
  endfacet
  facet normal -0.442314 -0.89686 -0
    outer loop
      vertex 40.52 57.4331 4.5
      vertex 39.8748 57.7513 0
      vertex 40.52 57.4331 0
    endloop
  endfacet
  facet normal -0.751879 -0.659301 0
    outer loop
      vertex 42.1334 56.0182 0
      vertex 41.6591 56.5591 4.5
      vertex 41.6591 56.5591 0
    endloop
  endfacet
  facet normal -0.751879 -0.659301 0
    outer loop
      vertex 41.6591 56.5591 4.5
      vertex 42.1334 56.0182 0
      vertex 42.1334 56.0182 4.5
    endloop
  endfacet
  facet normal -0.321477 0.946918 0
    outer loop
      vertex 39.8748 47.5887 0
      vertex 39.1935 47.3574 4.5
      vertex 39.8748 47.5887 4.5
    endloop
  endfacet
  facet normal -0.321477 0.946918 0
    outer loop
      vertex 39.1935 47.3574 4.5
      vertex 39.8748 47.5887 0
      vertex 39.1935 47.3574 0
    endloop
  endfacet
  facet normal -0.659301 -0.751879 0
    outer loop
      vertex 41.1182 57.0334 0
      vertex 41.6591 56.5591 4.5
      vertex 41.1182 57.0334 4.5
    endloop
  endfacet
  facet normal -0.659301 -0.751879 -0
    outer loop
      vertex 41.6591 56.5591 4.5
      vertex 41.1182 57.0334 0
      vertex 41.6591 56.5591 0
    endloop
  endfacet
  facet normal -0.997855 0.0654673 0
    outer loop
      vertex 43.2229 51.9521 0
      vertex 43.27 52.67 4.5
      vertex 43.27 52.67 0
    endloop
  endfacet
  facet normal -0.997855 0.0654673 0
    outer loop
      vertex 43.27 52.67 4.5
      vertex 43.2229 51.9521 0
      vertex 43.2229 51.9521 4.5
    endloop
  endfacet
  facet normal 0.0654673 -0.997855 0
    outer loop
      vertex 37.0521 58.1229 0
      vertex 37.77 58.17 4.5
      vertex 37.0521 58.1229 4.5
    endloop
  endfacet
  facet normal 0.0654673 -0.997855 0
    outer loop
      vertex 37.77 58.17 4.5
      vertex 37.0521 58.1229 0
      vertex 37.77 58.17 0
    endloop
  endfacet
  facet normal 0.19502 0.980799 -0
    outer loop
      vertex 37.0521 47.2171 0
      vertex 36.3465 47.3574 4.5
      vertex 37.0521 47.2171 4.5
    endloop
  endfacet
  facet normal 0.19502 0.980799 0
    outer loop
      vertex 36.3465 47.3574 4.5
      vertex 37.0521 47.2171 0
      vertex 36.3465 47.3574 0
    endloop
  endfacet
  facet normal 0.980799 -0.19502 0
    outer loop
      vertex 32.3171 53.3879 4.5
      vertex 32.4574 54.0935 0
      vertex 32.4574 54.0935 4.5
    endloop
  endfacet
  facet normal 0.980799 -0.19502 0
    outer loop
      vertex 32.4574 54.0935 0
      vertex 32.3171 53.3879 4.5
      vertex 32.3171 53.3879 0
    endloop
  endfacet
  facet normal 0.321477 -0.946918 0
    outer loop
      vertex 35.6652 57.7513 0
      vertex 36.3465 57.9826 4.5
      vertex 35.6652 57.7513 4.5
    endloop
  endfacet
  facet normal 0.321477 -0.946918 0
    outer loop
      vertex 36.3465 57.9826 4.5
      vertex 35.6652 57.7513 0
      vertex 36.3465 57.9826 0
    endloop
  endfacet
  facet normal 0.89686 -0.442314 0
    outer loop
      vertex 32.6887 54.7748 4.5
      vertex 33.0069 55.42 0
      vertex 33.0069 55.42 4.5
    endloop
  endfacet
  facet normal 0.89686 -0.442314 0
    outer loop
      vertex 33.0069 55.42 0
      vertex 32.6887 54.7748 4.5
      vertex 32.6887 54.7748 0
    endloop
  endfacet
  facet normal 0.555566 0.831472 -0
    outer loop
      vertex 35.02 47.9069 0
      vertex 34.4218 48.3066 4.5
      vertex 35.02 47.9069 4.5
    endloop
  endfacet
  facet normal 0.555566 0.831472 0
    outer loop
      vertex 34.4218 48.3066 4.5
      vertex 35.02 47.9069 0
      vertex 34.4218 48.3066 0
    endloop
  endfacet
  facet normal 0.89686 0.442314 0
    outer loop
      vertex 33.0069 49.92 4.5
      vertex 32.6887 50.5652 0
      vertex 32.6887 50.5652 4.5
    endloop
  endfacet
  facet normal 0.89686 0.442314 0
    outer loop
      vertex 32.6887 50.5652 0
      vertex 33.0069 49.92 4.5
      vertex 33.0069 49.92 0
    endloop
  endfacet
  facet normal -0.442314 0.89686 0
    outer loop
      vertex 40.52 47.9069 0
      vertex 39.8748 47.5887 4.5
      vertex 40.52 47.9069 4.5
    endloop
  endfacet
  facet normal -0.442314 0.89686 0
    outer loop
      vertex 39.8748 47.5887 4.5
      vertex 40.52 47.9069 0
      vertex 39.8748 47.5887 0
    endloop
  endfacet
  facet normal -0.0654673 -0.997855 0
    outer loop
      vertex 37.77 58.17 0
      vertex 38.4879 58.1229 4.5
      vertex 37.77 58.17 4.5
    endloop
  endfacet
  facet normal -0.0654673 -0.997855 -0
    outer loop
      vertex 38.4879 58.1229 4.5
      vertex 37.77 58.17 0
      vertex 38.4879 58.1229 0
    endloop
  endfacet
  facet normal 0.659301 -0.751879 0
    outer loop
      vertex 33.8809 56.5591 0
      vertex 34.4218 57.0334 4.5
      vertex 33.8809 56.5591 4.5
    endloop
  endfacet
  facet normal 0.659301 -0.751879 0
    outer loop
      vertex 34.4218 57.0334 4.5
      vertex 33.8809 56.5591 0
      vertex 34.4218 57.0334 0
    endloop
  endfacet
  facet normal -0.89686 -0.442314 0
    outer loop
      vertex 42.8513 54.7748 0
      vertex 42.5331 55.42 4.5
      vertex 42.5331 55.42 0
    endloop
  endfacet
  facet normal -0.89686 -0.442314 0
    outer loop
      vertex 42.5331 55.42 4.5
      vertex 42.8513 54.7748 0
      vertex 42.8513 54.7748 4.5
    endloop
  endfacet
  facet normal -0.321477 -0.946918 0
    outer loop
      vertex 39.1935 57.9826 0
      vertex 39.8748 57.7513 4.5
      vertex 39.1935 57.9826 4.5
    endloop
  endfacet
  facet normal -0.321477 -0.946918 -0
    outer loop
      vertex 39.8748 57.7513 4.5
      vertex 39.1935 57.9826 0
      vertex 39.8748 57.7513 0
    endloop
  endfacet
  facet normal 0.946918 -0.321477 0
    outer loop
      vertex 32.4574 54.0935 4.5
      vertex 32.6887 54.7748 0
      vertex 32.6887 54.7748 4.5
    endloop
  endfacet
  facet normal 0.946918 -0.321477 0
    outer loop
      vertex 32.6887 54.7748 0
      vertex 32.4574 54.0935 4.5
      vertex 32.4574 54.0935 0
    endloop
  endfacet
  facet normal -0.946918 -0.321477 0
    outer loop
      vertex 43.0826 54.0935 0
      vertex 42.8513 54.7748 4.5
      vertex 42.8513 54.7748 0
    endloop
  endfacet
  facet normal -0.946918 -0.321477 0
    outer loop
      vertex 42.8513 54.7748 4.5
      vertex 43.0826 54.0935 0
      vertex 43.0826 54.0935 4.5
    endloop
  endfacet
  facet normal 0.980799 0.19502 0
    outer loop
      vertex 32.4574 51.2465 4.5
      vertex 32.3171 51.9521 0
      vertex 32.3171 51.9521 4.5
    endloop
  endfacet
  facet normal 0.980799 0.19502 0
    outer loop
      vertex 32.3171 51.9521 0
      vertex 32.4574 51.2465 4.5
      vertex 32.4574 51.2465 0
    endloop
  endfacet
  facet normal 0.0654673 0.997855 -0
    outer loop
      vertex 37.77 47.17 0
      vertex 37.0521 47.2171 4.5
      vertex 37.77 47.17 4.5
    endloop
  endfacet
  facet normal 0.0654673 0.997855 0
    outer loop
      vertex 37.0521 47.2171 4.5
      vertex 37.77 47.17 0
      vertex 37.0521 47.2171 0
    endloop
  endfacet
  facet normal -0.946918 0.321477 0
    outer loop
      vertex 42.8513 50.5652 0
      vertex 43.0826 51.2465 4.5
      vertex 43.0826 51.2465 0
    endloop
  endfacet
  facet normal -0.946918 0.321477 0
    outer loop
      vertex 43.0826 51.2465 4.5
      vertex 42.8513 50.5652 0
      vertex 42.8513 50.5652 4.5
    endloop
  endfacet
  facet normal -0.19502 0.980799 0
    outer loop
      vertex 39.1935 47.3574 0
      vertex 38.4879 47.2171 4.5
      vertex 39.1935 47.3574 4.5
    endloop
  endfacet
  facet normal -0.19502 0.980799 0
    outer loop
      vertex 38.4879 47.2171 4.5
      vertex 39.1935 47.3574 0
      vertex 38.4879 47.2171 0
    endloop
  endfacet
  facet normal 0.831472 0.555566 0
    outer loop
      vertex 33.4066 49.3218 4.5
      vertex 33.0069 49.92 0
      vertex 33.0069 49.92 4.5
    endloop
  endfacet
  facet normal 0.831472 0.555566 0
    outer loop
      vertex 33.0069 49.92 0
      vertex 33.4066 49.3218 4.5
      vertex 33.4066 49.3218 0
    endloop
  endfacet
  facet normal 0.751879 0.659301 0
    outer loop
      vertex 33.8809 48.7809 4.5
      vertex 33.4066 49.3218 0
      vertex 33.4066 49.3218 4.5
    endloop
  endfacet
  facet normal 0.751879 0.659301 0
    outer loop
      vertex 33.4066 49.3218 0
      vertex 33.8809 48.7809 4.5
      vertex 33.8809 48.7809 0
    endloop
  endfacet
  facet normal -0.659301 0.751879 0
    outer loop
      vertex 41.6591 48.7809 0
      vertex 41.1182 48.3066 4.5
      vertex 41.6591 48.7809 4.5
    endloop
  endfacet
  facet normal -0.659301 0.751879 0
    outer loop
      vertex 41.1182 48.3066 4.5
      vertex 41.6591 48.7809 0
      vertex 41.1182 48.3066 0
    endloop
  endfacet
  facet normal -0.980799 0.19502 0
    outer loop
      vertex 63.0826 51.2465 0
      vertex 63.2229 51.9521 4.5
      vertex 63.2229 51.9521 0
    endloop
  endfacet
  facet normal -0.980799 0.19502 0
    outer loop
      vertex 63.2229 51.9521 4.5
      vertex 63.0826 51.2465 0
      vertex 63.0826 51.2465 4.5
    endloop
  endfacet
  facet normal -0.0654673 0.997855 0
    outer loop
      vertex 58.4879 47.2171 0
      vertex 57.77 47.17 4.5
      vertex 58.4879 47.2171 4.5
    endloop
  endfacet
  facet normal -0.0654673 0.997855 0
    outer loop
      vertex 57.77 47.17 4.5
      vertex 58.4879 47.2171 0
      vertex 57.77 47.17 0
    endloop
  endfacet
  facet normal -0.980799 -0.19502 0
    outer loop
      vertex 63.2229 53.3879 0
      vertex 63.0826 54.0935 4.5
      vertex 63.0826 54.0935 0
    endloop
  endfacet
  facet normal -0.980799 -0.19502 0
    outer loop
      vertex 63.0826 54.0935 4.5
      vertex 63.2229 53.3879 0
      vertex 63.2229 53.3879 4.5
    endloop
  endfacet
  facet normal -0.997855 -0.0654673 0
    outer loop
      vertex 63.27 52.67 0
      vertex 63.2229 53.3879 4.5
      vertex 63.2229 53.3879 0
    endloop
  endfacet
  facet normal -0.997855 -0.0654673 0
    outer loop
      vertex 63.2229 53.3879 4.5
      vertex 63.27 52.67 0
      vertex 63.27 52.67 4.5
    endloop
  endfacet
  facet normal -0.831472 0.555566 0
    outer loop
      vertex 62.1334 49.3218 0
      vertex 62.5331 49.92 4.5
      vertex 62.5331 49.92 0
    endloop
  endfacet
  facet normal -0.831472 0.555566 0
    outer loop
      vertex 62.5331 49.92 4.5
      vertex 62.1334 49.3218 0
      vertex 62.1334 49.3218 4.5
    endloop
  endfacet
  facet normal 0.19502 -0.980799 0
    outer loop
      vertex 56.3465 57.9826 0
      vertex 57.0521 58.1229 4.5
      vertex 56.3465 57.9826 4.5
    endloop
  endfacet
  facet normal 0.19502 -0.980799 0
    outer loop
      vertex 57.0521 58.1229 4.5
      vertex 56.3465 57.9826 0
      vertex 57.0521 58.1229 0
    endloop
  endfacet
  facet normal -0.89686 0.442314 0
    outer loop
      vertex 62.5331 49.92 0
      vertex 62.8513 50.5652 4.5
      vertex 62.8513 50.5652 0
    endloop
  endfacet
  facet normal -0.89686 0.442314 0
    outer loop
      vertex 62.8513 50.5652 4.5
      vertex 62.5331 49.92 0
      vertex 62.5331 49.92 4.5
    endloop
  endfacet
  facet normal 0.442314 -0.89686 0
    outer loop
      vertex 55.02 57.4331 0
      vertex 55.6652 57.7513 4.5
      vertex 55.02 57.4331 4.5
    endloop
  endfacet
  facet normal 0.442314 -0.89686 0
    outer loop
      vertex 55.6652 57.7513 4.5
      vertex 55.02 57.4331 0
      vertex 55.6652 57.7513 0
    endloop
  endfacet
  facet normal 0.831472 -0.555566 0
    outer loop
      vertex 53.0069 55.42 4.5
      vertex 53.4066 56.0182 0
      vertex 53.4066 56.0182 4.5
    endloop
  endfacet
  facet normal 0.831472 -0.555566 0
    outer loop
      vertex 53.4066 56.0182 0
      vertex 53.0069 55.42 4.5
      vertex 53.0069 55.42 0
    endloop
  endfacet
  facet normal -0.555566 -0.831472 0
    outer loop
      vertex 60.52 57.4331 0
      vertex 61.1182 57.0334 4.5
      vertex 60.52 57.4331 4.5
    endloop
  endfacet
  facet normal -0.555566 -0.831472 -0
    outer loop
      vertex 61.1182 57.0334 4.5
      vertex 60.52 57.4331 0
      vertex 61.1182 57.0334 0
    endloop
  endfacet
  facet normal 0.659301 0.751879 -0
    outer loop
      vertex 54.4218 48.3066 0
      vertex 53.8809 48.7809 4.5
      vertex 54.4218 48.3066 4.5
    endloop
  endfacet
  facet normal 0.659301 0.751879 0
    outer loop
      vertex 53.8809 48.7809 4.5
      vertex 54.4218 48.3066 0
      vertex 53.8809 48.7809 0
    endloop
  endfacet
  facet normal 0.321477 0.946918 -0
    outer loop
      vertex 56.3465 47.3574 0
      vertex 55.6652 47.5887 4.5
      vertex 56.3465 47.3574 4.5
    endloop
  endfacet
  facet normal 0.321477 0.946918 0
    outer loop
      vertex 55.6652 47.5887 4.5
      vertex 56.3465 47.3574 0
      vertex 55.6652 47.5887 0
    endloop
  endfacet
  facet normal -0.19502 -0.980799 0
    outer loop
      vertex 58.4879 58.1229 0
      vertex 59.1935 57.9826 4.5
      vertex 58.4879 58.1229 4.5
    endloop
  endfacet
  facet normal -0.19502 -0.980799 -0
    outer loop
      vertex 59.1935 57.9826 4.5
      vertex 58.4879 58.1229 0
      vertex 59.1935 57.9826 0
    endloop
  endfacet
  facet normal 0.997855 0.0654673 0
    outer loop
      vertex 52.3171 51.9521 4.5
      vertex 52.27 52.67 0
      vertex 52.27 52.67 4.5
    endloop
  endfacet
  facet normal 0.997855 0.0654673 0
    outer loop
      vertex 52.27 52.67 0
      vertex 52.3171 51.9521 4.5
      vertex 52.3171 51.9521 0
    endloop
  endfacet
  facet normal 0.946918 0.321477 0
    outer loop
      vertex 52.6887 50.5652 4.5
      vertex 52.4574 51.2465 0
      vertex 52.4574 51.2465 4.5
    endloop
  endfacet
  facet normal 0.946918 0.321477 0
    outer loop
      vertex 52.4574 51.2465 0
      vertex 52.6887 50.5652 4.5
      vertex 52.6887 50.5652 0
    endloop
  endfacet
  facet normal -0.751879 0.659301 0
    outer loop
      vertex 61.6591 48.7809 0
      vertex 62.1334 49.3218 4.5
      vertex 62.1334 49.3218 0
    endloop
  endfacet
  facet normal -0.751879 0.659301 0
    outer loop
      vertex 62.1334 49.3218 4.5
      vertex 61.6591 48.7809 0
      vertex 61.6591 48.7809 4.5
    endloop
  endfacet
  facet normal 0.751879 -0.659301 0
    outer loop
      vertex 53.4066 56.0182 4.5
      vertex 53.8809 56.5591 0
      vertex 53.8809 56.5591 4.5
    endloop
  endfacet
  facet normal 0.751879 -0.659301 0
    outer loop
      vertex 53.8809 56.5591 0
      vertex 53.4066 56.0182 4.5
      vertex 53.4066 56.0182 0
    endloop
  endfacet
  facet normal 0.442314 0.89686 -0
    outer loop
      vertex 55.6652 47.5887 0
      vertex 55.02 47.9069 4.5
      vertex 55.6652 47.5887 4.5
    endloop
  endfacet
  facet normal 0.442314 0.89686 0
    outer loop
      vertex 55.02 47.9069 4.5
      vertex 55.6652 47.5887 0
      vertex 55.02 47.9069 0
    endloop
  endfacet
  facet normal -0.555566 0.831472 0
    outer loop
      vertex 61.1182 48.3066 0
      vertex 60.52 47.9069 4.5
      vertex 61.1182 48.3066 4.5
    endloop
  endfacet
  facet normal -0.555566 0.831472 0
    outer loop
      vertex 60.52 47.9069 4.5
      vertex 61.1182 48.3066 0
      vertex 60.52 47.9069 0
    endloop
  endfacet
  facet normal 0.555566 -0.831472 0
    outer loop
      vertex 54.4218 57.0334 0
      vertex 55.02 57.4331 4.5
      vertex 54.4218 57.0334 4.5
    endloop
  endfacet
  facet normal 0.555566 -0.831472 0
    outer loop
      vertex 55.02 57.4331 4.5
      vertex 54.4218 57.0334 0
      vertex 55.02 57.4331 0
    endloop
  endfacet
  facet normal -0.831472 -0.555566 0
    outer loop
      vertex 62.5331 55.42 0
      vertex 62.1334 56.0182 4.5
      vertex 62.1334 56.0182 0
    endloop
  endfacet
  facet normal -0.831472 -0.555566 0
    outer loop
      vertex 62.1334 56.0182 4.5
      vertex 62.5331 55.42 0
      vertex 62.5331 55.42 4.5
    endloop
  endfacet
  facet normal -0.442314 -0.89686 0
    outer loop
      vertex 59.8748 57.7513 0
      vertex 60.52 57.4331 4.5
      vertex 59.8748 57.7513 4.5
    endloop
  endfacet
  facet normal -0.442314 -0.89686 -0
    outer loop
      vertex 60.52 57.4331 4.5
      vertex 59.8748 57.7513 0
      vertex 60.52 57.4331 0
    endloop
  endfacet
  facet normal -0.751879 -0.659301 0
    outer loop
      vertex 62.1334 56.0182 0
      vertex 61.6591 56.5591 4.5
      vertex 61.6591 56.5591 0
    endloop
  endfacet
  facet normal -0.751879 -0.659301 0
    outer loop
      vertex 61.6591 56.5591 4.5
      vertex 62.1334 56.0182 0
      vertex 62.1334 56.0182 4.5
    endloop
  endfacet
  facet normal -0.321477 0.946918 0
    outer loop
      vertex 59.8748 47.5887 0
      vertex 59.1935 47.3574 4.5
      vertex 59.8748 47.5887 4.5
    endloop
  endfacet
  facet normal -0.321477 0.946918 0
    outer loop
      vertex 59.1935 47.3574 4.5
      vertex 59.8748 47.5887 0
      vertex 59.1935 47.3574 0
    endloop
  endfacet
  facet normal -0.659301 -0.751879 0
    outer loop
      vertex 61.1182 57.0334 0
      vertex 61.6591 56.5591 4.5
      vertex 61.1182 57.0334 4.5
    endloop
  endfacet
  facet normal -0.659301 -0.751879 -0
    outer loop
      vertex 61.6591 56.5591 4.5
      vertex 61.1182 57.0334 0
      vertex 61.6591 56.5591 0
    endloop
  endfacet
  facet normal -0.997855 0.0654673 0
    outer loop
      vertex 63.2229 51.9521 0
      vertex 63.27 52.67 4.5
      vertex 63.27 52.67 0
    endloop
  endfacet
  facet normal -0.997855 0.0654673 0
    outer loop
      vertex 63.27 52.67 4.5
      vertex 63.2229 51.9521 0
      vertex 63.2229 51.9521 4.5
    endloop
  endfacet
  facet normal 0.0654673 -0.997855 0
    outer loop
      vertex 57.0521 58.1229 0
      vertex 57.77 58.17 4.5
      vertex 57.0521 58.1229 4.5
    endloop
  endfacet
  facet normal 0.0654673 -0.997855 0
    outer loop
      vertex 57.77 58.17 4.5
      vertex 57.0521 58.1229 0
      vertex 57.77 58.17 0
    endloop
  endfacet
  facet normal 0.19502 0.980799 -0
    outer loop
      vertex 57.0521 47.2171 0
      vertex 56.3465 47.3574 4.5
      vertex 57.0521 47.2171 4.5
    endloop
  endfacet
  facet normal 0.19502 0.980799 0
    outer loop
      vertex 56.3465 47.3574 4.5
      vertex 57.0521 47.2171 0
      vertex 56.3465 47.3574 0
    endloop
  endfacet
  facet normal 0.980799 -0.19502 0
    outer loop
      vertex 52.3171 53.3879 4.5
      vertex 52.4574 54.0935 0
      vertex 52.4574 54.0935 4.5
    endloop
  endfacet
  facet normal 0.980799 -0.19502 0
    outer loop
      vertex 52.4574 54.0935 0
      vertex 52.3171 53.3879 4.5
      vertex 52.3171 53.3879 0
    endloop
  endfacet
  facet normal 0.321477 -0.946918 0
    outer loop
      vertex 55.6652 57.7513 0
      vertex 56.3465 57.9826 4.5
      vertex 55.6652 57.7513 4.5
    endloop
  endfacet
  facet normal 0.321477 -0.946918 0
    outer loop
      vertex 56.3465 57.9826 4.5
      vertex 55.6652 57.7513 0
      vertex 56.3465 57.9826 0
    endloop
  endfacet
  facet normal 0.89686 -0.442314 0
    outer loop
      vertex 52.6887 54.7748 4.5
      vertex 53.0069 55.42 0
      vertex 53.0069 55.42 4.5
    endloop
  endfacet
  facet normal 0.89686 -0.442314 0
    outer loop
      vertex 53.0069 55.42 0
      vertex 52.6887 54.7748 4.5
      vertex 52.6887 54.7748 0
    endloop
  endfacet
  facet normal 0.555566 0.831472 -0
    outer loop
      vertex 55.02 47.9069 0
      vertex 54.4218 48.3066 4.5
      vertex 55.02 47.9069 4.5
    endloop
  endfacet
  facet normal 0.555566 0.831472 0
    outer loop
      vertex 54.4218 48.3066 4.5
      vertex 55.02 47.9069 0
      vertex 54.4218 48.3066 0
    endloop
  endfacet
  facet normal 0.89686 0.442314 0
    outer loop
      vertex 53.0069 49.92 4.5
      vertex 52.6887 50.5652 0
      vertex 52.6887 50.5652 4.5
    endloop
  endfacet
  facet normal 0.89686 0.442314 0
    outer loop
      vertex 52.6887 50.5652 0
      vertex 53.0069 49.92 4.5
      vertex 53.0069 49.92 0
    endloop
  endfacet
  facet normal 0.997855 -0.0654673 0
    outer loop
      vertex 52.27 52.67 4.5
      vertex 52.3171 53.3879 0
      vertex 52.3171 53.3879 4.5
    endloop
  endfacet
  facet normal 0.997855 -0.0654673 0
    outer loop
      vertex 52.3171 53.3879 0
      vertex 52.27 52.67 4.5
      vertex 52.27 52.67 0
    endloop
  endfacet
  facet normal -0.442314 0.89686 0
    outer loop
      vertex 60.52 47.9069 0
      vertex 59.8748 47.5887 4.5
      vertex 60.52 47.9069 4.5
    endloop
  endfacet
  facet normal -0.442314 0.89686 0
    outer loop
      vertex 59.8748 47.5887 4.5
      vertex 60.52 47.9069 0
      vertex 59.8748 47.5887 0
    endloop
  endfacet
  facet normal -0.0654673 -0.997855 0
    outer loop
      vertex 57.77 58.17 0
      vertex 58.4879 58.1229 4.5
      vertex 57.77 58.17 4.5
    endloop
  endfacet
  facet normal -0.0654673 -0.997855 -0
    outer loop
      vertex 58.4879 58.1229 4.5
      vertex 57.77 58.17 0
      vertex 58.4879 58.1229 0
    endloop
  endfacet
  facet normal 0.659301 -0.751879 0
    outer loop
      vertex 53.8809 56.5591 0
      vertex 54.4218 57.0334 4.5
      vertex 53.8809 56.5591 4.5
    endloop
  endfacet
  facet normal 0.659301 -0.751879 0
    outer loop
      vertex 54.4218 57.0334 4.5
      vertex 53.8809 56.5591 0
      vertex 54.4218 57.0334 0
    endloop
  endfacet
  facet normal -0.89686 -0.442314 0
    outer loop
      vertex 62.8513 54.7748 0
      vertex 62.5331 55.42 4.5
      vertex 62.5331 55.42 0
    endloop
  endfacet
  facet normal -0.89686 -0.442314 0
    outer loop
      vertex 62.5331 55.42 4.5
      vertex 62.8513 54.7748 0
      vertex 62.8513 54.7748 4.5
    endloop
  endfacet
  facet normal -0.321477 -0.946918 0
    outer loop
      vertex 59.1935 57.9826 0
      vertex 59.8748 57.7513 4.5
      vertex 59.1935 57.9826 4.5
    endloop
  endfacet
  facet normal -0.321477 -0.946918 -0
    outer loop
      vertex 59.8748 57.7513 4.5
      vertex 59.1935 57.9826 0
      vertex 59.8748 57.7513 0
    endloop
  endfacet
  facet normal 0.946918 -0.321477 0
    outer loop
      vertex 52.4574 54.0935 4.5
      vertex 52.6887 54.7748 0
      vertex 52.6887 54.7748 4.5
    endloop
  endfacet
  facet normal 0.946918 -0.321477 0
    outer loop
      vertex 52.6887 54.7748 0
      vertex 52.4574 54.0935 4.5
      vertex 52.4574 54.0935 0
    endloop
  endfacet
  facet normal -0.946918 -0.321477 0
    outer loop
      vertex 63.0826 54.0935 0
      vertex 62.8513 54.7748 4.5
      vertex 62.8513 54.7748 0
    endloop
  endfacet
  facet normal -0.946918 -0.321477 0
    outer loop
      vertex 62.8513 54.7748 4.5
      vertex 63.0826 54.0935 0
      vertex 63.0826 54.0935 4.5
    endloop
  endfacet
  facet normal 0.980799 0.19502 0
    outer loop
      vertex 52.4574 51.2465 4.5
      vertex 52.3171 51.9521 0
      vertex 52.3171 51.9521 4.5
    endloop
  endfacet
  facet normal 0.980799 0.19502 0
    outer loop
      vertex 52.3171 51.9521 0
      vertex 52.4574 51.2465 4.5
      vertex 52.4574 51.2465 0
    endloop
  endfacet
  facet normal 0.0654673 0.997855 -0
    outer loop
      vertex 57.77 47.17 0
      vertex 57.0521 47.2171 4.5
      vertex 57.77 47.17 4.5
    endloop
  endfacet
  facet normal 0.0654673 0.997855 0
    outer loop
      vertex 57.0521 47.2171 4.5
      vertex 57.77 47.17 0
      vertex 57.0521 47.2171 0
    endloop
  endfacet
  facet normal -0.946918 0.321477 0
    outer loop
      vertex 62.8513 50.5652 0
      vertex 63.0826 51.2465 4.5
      vertex 63.0826 51.2465 0
    endloop
  endfacet
  facet normal -0.946918 0.321477 0
    outer loop
      vertex 63.0826 51.2465 4.5
      vertex 62.8513 50.5652 0
      vertex 62.8513 50.5652 4.5
    endloop
  endfacet
  facet normal -0.19502 0.980799 0
    outer loop
      vertex 59.1935 47.3574 0
      vertex 58.4879 47.2171 4.5
      vertex 59.1935 47.3574 4.5
    endloop
  endfacet
  facet normal -0.19502 0.980799 0
    outer loop
      vertex 58.4879 47.2171 4.5
      vertex 59.1935 47.3574 0
      vertex 58.4879 47.2171 0
    endloop
  endfacet
  facet normal 0.831472 0.555566 0
    outer loop
      vertex 53.4066 49.3218 4.5
      vertex 53.0069 49.92 0
      vertex 53.0069 49.92 4.5
    endloop
  endfacet
  facet normal 0.831472 0.555566 0
    outer loop
      vertex 53.0069 49.92 0
      vertex 53.4066 49.3218 4.5
      vertex 53.4066 49.3218 0
    endloop
  endfacet
  facet normal 0.751879 0.659301 0
    outer loop
      vertex 53.8809 48.7809 4.5
      vertex 53.4066 49.3218 0
      vertex 53.4066 49.3218 4.5
    endloop
  endfacet
  facet normal 0.751879 0.659301 0
    outer loop
      vertex 53.4066 49.3218 0
      vertex 53.8809 48.7809 4.5
      vertex 53.8809 48.7809 0
    endloop
  endfacet
  facet normal -0.659301 0.751879 0
    outer loop
      vertex 61.6591 48.7809 0
      vertex 61.1182 48.3066 4.5
      vertex 61.6591 48.7809 4.5
    endloop
  endfacet
  facet normal -0.659301 0.751879 0
    outer loop
      vertex 61.1182 48.3066 4.5
      vertex 61.6591 48.7809 0
      vertex 61.1182 48.3066 0
    endloop
  endfacet
  facet normal -0.980799 0.19502 0
    outer loop
      vertex 23.0826 75.2465 0
      vertex 23.2229 75.9521 4.5
      vertex 23.2229 75.9521 0
    endloop
  endfacet
  facet normal -0.980799 0.19502 0
    outer loop
      vertex 23.2229 75.9521 4.5
      vertex 23.0826 75.2465 0
      vertex 23.0826 75.2465 4.5
    endloop
  endfacet
  facet normal -0.0654673 0.997855 0
    outer loop
      vertex 18.4879 71.2171 0
      vertex 17.77 71.17 4.5
      vertex 18.4879 71.2171 4.5
    endloop
  endfacet
  facet normal -0.0654673 0.997855 0
    outer loop
      vertex 17.77 71.17 4.5
      vertex 18.4879 71.2171 0
      vertex 17.77 71.17 0
    endloop
  endfacet
  facet normal -0.980799 -0.19502 0
    outer loop
      vertex 23.2229 77.3879 0
      vertex 23.0826 78.0935 4.5
      vertex 23.0826 78.0935 0
    endloop
  endfacet
  facet normal -0.980799 -0.19502 0
    outer loop
      vertex 23.0826 78.0935 4.5
      vertex 23.2229 77.3879 0
      vertex 23.2229 77.3879 4.5
    endloop
  endfacet
  facet normal -0.997855 -0.0654673 0
    outer loop
      vertex 23.27 76.67 0
      vertex 23.2229 77.3879 4.5
      vertex 23.2229 77.3879 0
    endloop
  endfacet
  facet normal -0.997855 -0.0654673 0
    outer loop
      vertex 23.2229 77.3879 4.5
      vertex 23.27 76.67 0
      vertex 23.27 76.67 4.5
    endloop
  endfacet
  facet normal -0.831472 0.555566 0
    outer loop
      vertex 22.1334 73.3218 0
      vertex 22.5331 73.92 4.5
      vertex 22.5331 73.92 0
    endloop
  endfacet
  facet normal -0.831472 0.555566 0
    outer loop
      vertex 22.5331 73.92 4.5
      vertex 22.1334 73.3218 0
      vertex 22.1334 73.3218 4.5
    endloop
  endfacet
  facet normal 0.19502 -0.980799 0
    outer loop
      vertex 16.3465 81.9826 0
      vertex 17.0521 82.1229 4.5
      vertex 16.3465 81.9826 4.5
    endloop
  endfacet
  facet normal 0.19502 -0.980799 0
    outer loop
      vertex 17.0521 82.1229 4.5
      vertex 16.3465 81.9826 0
      vertex 17.0521 82.1229 0
    endloop
  endfacet
  facet normal -0.89686 0.442314 0
    outer loop
      vertex 22.5331 73.92 0
      vertex 22.8513 74.5652 4.5
      vertex 22.8513 74.5652 0
    endloop
  endfacet
  facet normal -0.89686 0.442314 0
    outer loop
      vertex 22.8513 74.5652 4.5
      vertex 22.5331 73.92 0
      vertex 22.5331 73.92 4.5
    endloop
  endfacet
  facet normal 0.442314 -0.89686 0
    outer loop
      vertex 15.02 81.4331 0
      vertex 15.6652 81.7513 4.5
      vertex 15.02 81.4331 4.5
    endloop
  endfacet
  facet normal 0.442314 -0.89686 0
    outer loop
      vertex 15.6652 81.7513 4.5
      vertex 15.02 81.4331 0
      vertex 15.6652 81.7513 0
    endloop
  endfacet
  facet normal 0.831472 -0.555566 0
    outer loop
      vertex 13.0069 79.42 4.5
      vertex 13.4066 80.0182 0
      vertex 13.4066 80.0182 4.5
    endloop
  endfacet
  facet normal 0.831472 -0.555566 0
    outer loop
      vertex 13.4066 80.0182 0
      vertex 13.0069 79.42 4.5
      vertex 13.0069 79.42 0
    endloop
  endfacet
  facet normal -0.555566 -0.831472 0
    outer loop
      vertex 20.52 81.4331 0
      vertex 21.1182 81.0334 4.5
      vertex 20.52 81.4331 4.5
    endloop
  endfacet
  facet normal -0.555566 -0.831472 -0
    outer loop
      vertex 21.1182 81.0334 4.5
      vertex 20.52 81.4331 0
      vertex 21.1182 81.0334 0
    endloop
  endfacet
  facet normal 0.659301 0.751879 -0
    outer loop
      vertex 14.4218 72.3066 0
      vertex 13.8809 72.7809 4.5
      vertex 14.4218 72.3066 4.5
    endloop
  endfacet
  facet normal 0.659301 0.751879 0
    outer loop
      vertex 13.8809 72.7809 4.5
      vertex 14.4218 72.3066 0
      vertex 13.8809 72.7809 0
    endloop
  endfacet
  facet normal 0.321477 0.946918 -0
    outer loop
      vertex 16.3465 71.3574 0
      vertex 15.6652 71.5887 4.5
      vertex 16.3465 71.3574 4.5
    endloop
  endfacet
  facet normal 0.321477 0.946918 0
    outer loop
      vertex 15.6652 71.5887 4.5
      vertex 16.3465 71.3574 0
      vertex 15.6652 71.5887 0
    endloop
  endfacet
  facet normal -0.19502 -0.980799 0
    outer loop
      vertex 18.4879 82.1229 0
      vertex 19.1935 81.9826 4.5
      vertex 18.4879 82.1229 4.5
    endloop
  endfacet
  facet normal -0.19502 -0.980799 -0
    outer loop
      vertex 19.1935 81.9826 4.5
      vertex 18.4879 82.1229 0
      vertex 19.1935 81.9826 0
    endloop
  endfacet
  facet normal 0.997855 0.0654673 0
    outer loop
      vertex 12.3171 75.9521 4.5
      vertex 12.27 76.67 0
      vertex 12.27 76.67 4.5
    endloop
  endfacet
  facet normal 0.997855 0.0654673 0
    outer loop
      vertex 12.27 76.67 0
      vertex 12.3171 75.9521 4.5
      vertex 12.3171 75.9521 0
    endloop
  endfacet
  facet normal 0.997855 -0.0654673 0
    outer loop
      vertex 12.27 76.67 4.5
      vertex 12.3171 77.3879 0
      vertex 12.3171 77.3879 4.5
    endloop
  endfacet
  facet normal 0.997855 -0.0654673 0
    outer loop
      vertex 12.3171 77.3879 0
      vertex 12.27 76.67 4.5
      vertex 12.27 76.67 0
    endloop
  endfacet
  facet normal 0.946918 0.321477 0
    outer loop
      vertex 12.6887 74.5652 4.5
      vertex 12.4574 75.2465 0
      vertex 12.4574 75.2465 4.5
    endloop
  endfacet
  facet normal 0.946918 0.321477 0
    outer loop
      vertex 12.4574 75.2465 0
      vertex 12.6887 74.5652 4.5
      vertex 12.6887 74.5652 0
    endloop
  endfacet
  facet normal -0.751879 0.659301 0
    outer loop
      vertex 21.6591 72.7809 0
      vertex 22.1334 73.3218 4.5
      vertex 22.1334 73.3218 0
    endloop
  endfacet
  facet normal -0.751879 0.659301 0
    outer loop
      vertex 22.1334 73.3218 4.5
      vertex 21.6591 72.7809 0
      vertex 21.6591 72.7809 4.5
    endloop
  endfacet
  facet normal 0.751879 -0.659301 0
    outer loop
      vertex 13.4066 80.0182 4.5
      vertex 13.8809 80.5591 0
      vertex 13.8809 80.5591 4.5
    endloop
  endfacet
  facet normal 0.751879 -0.659301 0
    outer loop
      vertex 13.8809 80.5591 0
      vertex 13.4066 80.0182 4.5
      vertex 13.4066 80.0182 0
    endloop
  endfacet
  facet normal 0.442314 0.89686 -0
    outer loop
      vertex 15.6652 71.5887 0
      vertex 15.02 71.9069 4.5
      vertex 15.6652 71.5887 4.5
    endloop
  endfacet
  facet normal 0.442314 0.89686 0
    outer loop
      vertex 15.02 71.9069 4.5
      vertex 15.6652 71.5887 0
      vertex 15.02 71.9069 0
    endloop
  endfacet
  facet normal -0.555566 0.831472 0
    outer loop
      vertex 21.1182 72.3066 0
      vertex 20.52 71.9069 4.5
      vertex 21.1182 72.3066 4.5
    endloop
  endfacet
  facet normal -0.555566 0.831472 0
    outer loop
      vertex 20.52 71.9069 4.5
      vertex 21.1182 72.3066 0
      vertex 20.52 71.9069 0
    endloop
  endfacet
  facet normal 0.555566 -0.831472 0
    outer loop
      vertex 14.4218 81.0334 0
      vertex 15.02 81.4331 4.5
      vertex 14.4218 81.0334 4.5
    endloop
  endfacet
  facet normal 0.555566 -0.831472 0
    outer loop
      vertex 15.02 81.4331 4.5
      vertex 14.4218 81.0334 0
      vertex 15.02 81.4331 0
    endloop
  endfacet
  facet normal -0.831472 -0.555566 0
    outer loop
      vertex 22.5331 79.42 0
      vertex 22.1334 80.0182 4.5
      vertex 22.1334 80.0182 0
    endloop
  endfacet
  facet normal -0.831472 -0.555566 0
    outer loop
      vertex 22.1334 80.0182 4.5
      vertex 22.5331 79.42 0
      vertex 22.5331 79.42 4.5
    endloop
  endfacet
  facet normal -0.442314 -0.89686 0
    outer loop
      vertex 19.8748 81.7513 0
      vertex 20.52 81.4331 4.5
      vertex 19.8748 81.7513 4.5
    endloop
  endfacet
  facet normal -0.442314 -0.89686 -0
    outer loop
      vertex 20.52 81.4331 4.5
      vertex 19.8748 81.7513 0
      vertex 20.52 81.4331 0
    endloop
  endfacet
  facet normal -0.751879 -0.659301 0
    outer loop
      vertex 22.1334 80.0182 0
      vertex 21.6591 80.5591 4.5
      vertex 21.6591 80.5591 0
    endloop
  endfacet
  facet normal -0.751879 -0.659301 0
    outer loop
      vertex 21.6591 80.5591 4.5
      vertex 22.1334 80.0182 0
      vertex 22.1334 80.0182 4.5
    endloop
  endfacet
  facet normal -0.321477 0.946918 0
    outer loop
      vertex 19.8748 71.5887 0
      vertex 19.1935 71.3574 4.5
      vertex 19.8748 71.5887 4.5
    endloop
  endfacet
  facet normal -0.321477 0.946918 0
    outer loop
      vertex 19.1935 71.3574 4.5
      vertex 19.8748 71.5887 0
      vertex 19.1935 71.3574 0
    endloop
  endfacet
  facet normal -0.659301 -0.751879 0
    outer loop
      vertex 21.1182 81.0334 0
      vertex 21.6591 80.5591 4.5
      vertex 21.1182 81.0334 4.5
    endloop
  endfacet
  facet normal -0.659301 -0.751879 -0
    outer loop
      vertex 21.6591 80.5591 4.5
      vertex 21.1182 81.0334 0
      vertex 21.6591 80.5591 0
    endloop
  endfacet
  facet normal -0.997855 0.0654673 0
    outer loop
      vertex 23.2229 75.9521 0
      vertex 23.27 76.67 4.5
      vertex 23.27 76.67 0
    endloop
  endfacet
  facet normal -0.997855 0.0654673 0
    outer loop
      vertex 23.27 76.67 4.5
      vertex 23.2229 75.9521 0
      vertex 23.2229 75.9521 4.5
    endloop
  endfacet
  facet normal 0.0654673 -0.997855 0
    outer loop
      vertex 17.0521 82.1229 0
      vertex 17.77 82.17 4.5
      vertex 17.0521 82.1229 4.5
    endloop
  endfacet
  facet normal 0.0654673 -0.997855 0
    outer loop
      vertex 17.77 82.17 4.5
      vertex 17.0521 82.1229 0
      vertex 17.77 82.17 0
    endloop
  endfacet
  facet normal 0.19502 0.980799 -0
    outer loop
      vertex 17.0521 71.2171 0
      vertex 16.3465 71.3574 4.5
      vertex 17.0521 71.2171 4.5
    endloop
  endfacet
  facet normal 0.19502 0.980799 0
    outer loop
      vertex 16.3465 71.3574 4.5
      vertex 17.0521 71.2171 0
      vertex 16.3465 71.3574 0
    endloop
  endfacet
  facet normal 0.980799 -0.19502 0
    outer loop
      vertex 12.3171 77.3879 4.5
      vertex 12.4574 78.0935 0
      vertex 12.4574 78.0935 4.5
    endloop
  endfacet
  facet normal 0.980799 -0.19502 0
    outer loop
      vertex 12.4574 78.0935 0
      vertex 12.3171 77.3879 4.5
      vertex 12.3171 77.3879 0
    endloop
  endfacet
  facet normal 0.321477 -0.946918 0
    outer loop
      vertex 15.6652 81.7513 0
      vertex 16.3465 81.9826 4.5
      vertex 15.6652 81.7513 4.5
    endloop
  endfacet
  facet normal 0.321477 -0.946918 0
    outer loop
      vertex 16.3465 81.9826 4.5
      vertex 15.6652 81.7513 0
      vertex 16.3465 81.9826 0
    endloop
  endfacet
  facet normal 0.89686 -0.442314 0
    outer loop
      vertex 12.6887 78.7748 4.5
      vertex 13.0069 79.42 0
      vertex 13.0069 79.42 4.5
    endloop
  endfacet
  facet normal 0.89686 -0.442314 0
    outer loop
      vertex 13.0069 79.42 0
      vertex 12.6887 78.7748 4.5
      vertex 12.6887 78.7748 0
    endloop
  endfacet
  facet normal 0.555566 0.831472 -0
    outer loop
      vertex 15.02 71.9069 0
      vertex 14.4218 72.3066 4.5
      vertex 15.02 71.9069 4.5
    endloop
  endfacet
  facet normal 0.555566 0.831472 0
    outer loop
      vertex 14.4218 72.3066 4.5
      vertex 15.02 71.9069 0
      vertex 14.4218 72.3066 0
    endloop
  endfacet
  facet normal 0.89686 0.442314 0
    outer loop
      vertex 13.0069 73.92 4.5
      vertex 12.6887 74.5652 0
      vertex 12.6887 74.5652 4.5
    endloop
  endfacet
  facet normal 0.89686 0.442314 0
    outer loop
      vertex 12.6887 74.5652 0
      vertex 13.0069 73.92 4.5
      vertex 13.0069 73.92 0
    endloop
  endfacet
  facet normal -0.442314 0.89686 0
    outer loop
      vertex 20.52 71.9069 0
      vertex 19.8748 71.5887 4.5
      vertex 20.52 71.9069 4.5
    endloop
  endfacet
  facet normal -0.442314 0.89686 0
    outer loop
      vertex 19.8748 71.5887 4.5
      vertex 20.52 71.9069 0
      vertex 19.8748 71.5887 0
    endloop
  endfacet
  facet normal -0.0654673 -0.997855 0
    outer loop
      vertex 17.77 82.17 0
      vertex 18.4879 82.1229 4.5
      vertex 17.77 82.17 4.5
    endloop
  endfacet
  facet normal -0.0654673 -0.997855 -0
    outer loop
      vertex 18.4879 82.1229 4.5
      vertex 17.77 82.17 0
      vertex 18.4879 82.1229 0
    endloop
  endfacet
  facet normal 0.659301 -0.751879 0
    outer loop
      vertex 13.8809 80.5591 0
      vertex 14.4218 81.0334 4.5
      vertex 13.8809 80.5591 4.5
    endloop
  endfacet
  facet normal 0.659301 -0.751879 0
    outer loop
      vertex 14.4218 81.0334 4.5
      vertex 13.8809 80.5591 0
      vertex 14.4218 81.0334 0
    endloop
  endfacet
  facet normal -0.89686 -0.442314 0
    outer loop
      vertex 22.8513 78.7748 0
      vertex 22.5331 79.42 4.5
      vertex 22.5331 79.42 0
    endloop
  endfacet
  facet normal -0.89686 -0.442314 0
    outer loop
      vertex 22.5331 79.42 4.5
      vertex 22.8513 78.7748 0
      vertex 22.8513 78.7748 4.5
    endloop
  endfacet
  facet normal -0.321477 -0.946918 0
    outer loop
      vertex 19.1935 81.9826 0
      vertex 19.8748 81.7513 4.5
      vertex 19.1935 81.9826 4.5
    endloop
  endfacet
  facet normal -0.321477 -0.946918 -0
    outer loop
      vertex 19.8748 81.7513 4.5
      vertex 19.1935 81.9826 0
      vertex 19.8748 81.7513 0
    endloop
  endfacet
  facet normal 0.946918 -0.321477 0
    outer loop
      vertex 12.4574 78.0935 4.5
      vertex 12.6887 78.7748 0
      vertex 12.6887 78.7748 4.5
    endloop
  endfacet
  facet normal 0.946918 -0.321477 0
    outer loop
      vertex 12.6887 78.7748 0
      vertex 12.4574 78.0935 4.5
      vertex 12.4574 78.0935 0
    endloop
  endfacet
  facet normal -0.946918 -0.321477 0
    outer loop
      vertex 23.0826 78.0935 0
      vertex 22.8513 78.7748 4.5
      vertex 22.8513 78.7748 0
    endloop
  endfacet
  facet normal -0.946918 -0.321477 0
    outer loop
      vertex 22.8513 78.7748 4.5
      vertex 23.0826 78.0935 0
      vertex 23.0826 78.0935 4.5
    endloop
  endfacet
  facet normal 0.980799 0.19502 0
    outer loop
      vertex 12.4574 75.2465 4.5
      vertex 12.3171 75.9521 0
      vertex 12.3171 75.9521 4.5
    endloop
  endfacet
  facet normal 0.980799 0.19502 0
    outer loop
      vertex 12.3171 75.9521 0
      vertex 12.4574 75.2465 4.5
      vertex 12.4574 75.2465 0
    endloop
  endfacet
  facet normal 0.0654673 0.997855 -0
    outer loop
      vertex 17.77 71.17 0
      vertex 17.0521 71.2171 4.5
      vertex 17.77 71.17 4.5
    endloop
  endfacet
  facet normal 0.0654673 0.997855 0
    outer loop
      vertex 17.0521 71.2171 4.5
      vertex 17.77 71.17 0
      vertex 17.0521 71.2171 0
    endloop
  endfacet
  facet normal -0.946918 0.321477 0
    outer loop
      vertex 22.8513 74.5652 0
      vertex 23.0826 75.2465 4.5
      vertex 23.0826 75.2465 0
    endloop
  endfacet
  facet normal -0.946918 0.321477 0
    outer loop
      vertex 23.0826 75.2465 4.5
      vertex 22.8513 74.5652 0
      vertex 22.8513 74.5652 4.5
    endloop
  endfacet
  facet normal -0.19502 0.980799 0
    outer loop
      vertex 19.1935 71.3574 0
      vertex 18.4879 71.2171 4.5
      vertex 19.1935 71.3574 4.5
    endloop
  endfacet
  facet normal -0.19502 0.980799 0
    outer loop
      vertex 18.4879 71.2171 4.5
      vertex 19.1935 71.3574 0
      vertex 18.4879 71.2171 0
    endloop
  endfacet
  facet normal 0.831472 0.555566 0
    outer loop
      vertex 13.4066 73.3218 4.5
      vertex 13.0069 73.92 0
      vertex 13.0069 73.92 4.5
    endloop
  endfacet
  facet normal 0.831472 0.555566 0
    outer loop
      vertex 13.0069 73.92 0
      vertex 13.4066 73.3218 4.5
      vertex 13.4066 73.3218 0
    endloop
  endfacet
  facet normal 0.751879 0.659301 0
    outer loop
      vertex 13.8809 72.7809 4.5
      vertex 13.4066 73.3218 0
      vertex 13.4066 73.3218 4.5
    endloop
  endfacet
  facet normal 0.751879 0.659301 0
    outer loop
      vertex 13.4066 73.3218 0
      vertex 13.8809 72.7809 4.5
      vertex 13.8809 72.7809 0
    endloop
  endfacet
  facet normal -0.659301 0.751879 0
    outer loop
      vertex 21.6591 72.7809 0
      vertex 21.1182 72.3066 4.5
      vertex 21.6591 72.7809 4.5
    endloop
  endfacet
  facet normal -0.659301 0.751879 0
    outer loop
      vertex 21.1182 72.3066 4.5
      vertex 21.6591 72.7809 0
      vertex 21.1182 72.3066 0
    endloop
  endfacet
  facet normal -0.980799 0.19502 0
    outer loop
      vertex 43.0826 75.2465 0
      vertex 43.2229 75.9521 4.5
      vertex 43.2229 75.9521 0
    endloop
  endfacet
  facet normal -0.980799 0.19502 0
    outer loop
      vertex 43.2229 75.9521 4.5
      vertex 43.0826 75.2465 0
      vertex 43.0826 75.2465 4.5
    endloop
  endfacet
  facet normal -0.0654673 0.997855 0
    outer loop
      vertex 38.4879 71.2171 0
      vertex 37.77 71.17 4.5
      vertex 38.4879 71.2171 4.5
    endloop
  endfacet
  facet normal -0.0654673 0.997855 0
    outer loop
      vertex 37.77 71.17 4.5
      vertex 38.4879 71.2171 0
      vertex 37.77 71.17 0
    endloop
  endfacet
  facet normal -0.980799 -0.19502 0
    outer loop
      vertex 43.2229 77.3879 0
      vertex 43.0826 78.0935 4.5
      vertex 43.0826 78.0935 0
    endloop
  endfacet
  facet normal -0.980799 -0.19502 0
    outer loop
      vertex 43.0826 78.0935 4.5
      vertex 43.2229 77.3879 0
      vertex 43.2229 77.3879 4.5
    endloop
  endfacet
  facet normal -0.997855 -0.0654673 0
    outer loop
      vertex 43.27 76.67 0
      vertex 43.2229 77.3879 4.5
      vertex 43.2229 77.3879 0
    endloop
  endfacet
  facet normal -0.997855 -0.0654673 0
    outer loop
      vertex 43.2229 77.3879 4.5
      vertex 43.27 76.67 0
      vertex 43.27 76.67 4.5
    endloop
  endfacet
  facet normal -0.831472 0.555566 0
    outer loop
      vertex 42.1334 73.3218 0
      vertex 42.5331 73.92 4.5
      vertex 42.5331 73.92 0
    endloop
  endfacet
  facet normal -0.831472 0.555566 0
    outer loop
      vertex 42.5331 73.92 4.5
      vertex 42.1334 73.3218 0
      vertex 42.1334 73.3218 4.5
    endloop
  endfacet
  facet normal 0.19502 -0.980799 0
    outer loop
      vertex 36.3465 81.9826 0
      vertex 37.0521 82.1229 4.5
      vertex 36.3465 81.9826 4.5
    endloop
  endfacet
  facet normal 0.19502 -0.980799 0
    outer loop
      vertex 37.0521 82.1229 4.5
      vertex 36.3465 81.9826 0
      vertex 37.0521 82.1229 0
    endloop
  endfacet
  facet normal -0.89686 0.442314 0
    outer loop
      vertex 42.5331 73.92 0
      vertex 42.8513 74.5652 4.5
      vertex 42.8513 74.5652 0
    endloop
  endfacet
  facet normal -0.89686 0.442314 0
    outer loop
      vertex 42.8513 74.5652 4.5
      vertex 42.5331 73.92 0
      vertex 42.5331 73.92 4.5
    endloop
  endfacet
  facet normal 0.442314 -0.89686 0
    outer loop
      vertex 35.02 81.4331 0
      vertex 35.6652 81.7513 4.5
      vertex 35.02 81.4331 4.5
    endloop
  endfacet
  facet normal 0.442314 -0.89686 0
    outer loop
      vertex 35.6652 81.7513 4.5
      vertex 35.02 81.4331 0
      vertex 35.6652 81.7513 0
    endloop
  endfacet
  facet normal 0.831472 -0.555566 0
    outer loop
      vertex 33.0069 79.42 4.5
      vertex 33.4066 80.0182 0
      vertex 33.4066 80.0182 4.5
    endloop
  endfacet
  facet normal 0.831472 -0.555566 0
    outer loop
      vertex 33.4066 80.0182 0
      vertex 33.0069 79.42 4.5
      vertex 33.0069 79.42 0
    endloop
  endfacet
  facet normal -0.555566 -0.831472 0
    outer loop
      vertex 40.52 81.4331 0
      vertex 41.1182 81.0334 4.5
      vertex 40.52 81.4331 4.5
    endloop
  endfacet
  facet normal -0.555566 -0.831472 -0
    outer loop
      vertex 41.1182 81.0334 4.5
      vertex 40.52 81.4331 0
      vertex 41.1182 81.0334 0
    endloop
  endfacet
  facet normal 0.659301 0.751879 -0
    outer loop
      vertex 34.4218 72.3066 0
      vertex 33.8809 72.7809 4.5
      vertex 34.4218 72.3066 4.5
    endloop
  endfacet
  facet normal 0.659301 0.751879 0
    outer loop
      vertex 33.8809 72.7809 4.5
      vertex 34.4218 72.3066 0
      vertex 33.8809 72.7809 0
    endloop
  endfacet
  facet normal 0.321477 0.946918 -0
    outer loop
      vertex 36.3465 71.3574 0
      vertex 35.6652 71.5887 4.5
      vertex 36.3465 71.3574 4.5
    endloop
  endfacet
  facet normal 0.321477 0.946918 0
    outer loop
      vertex 35.6652 71.5887 4.5
      vertex 36.3465 71.3574 0
      vertex 35.6652 71.5887 0
    endloop
  endfacet
  facet normal -0.19502 -0.980799 0
    outer loop
      vertex 38.4879 82.1229 0
      vertex 39.1935 81.9826 4.5
      vertex 38.4879 82.1229 4.5
    endloop
  endfacet
  facet normal -0.19502 -0.980799 -0
    outer loop
      vertex 39.1935 81.9826 4.5
      vertex 38.4879 82.1229 0
      vertex 39.1935 81.9826 0
    endloop
  endfacet
  facet normal 0.997855 0.0654673 0
    outer loop
      vertex 32.3171 75.9521 4.5
      vertex 32.27 76.67 0
      vertex 32.27 76.67 4.5
    endloop
  endfacet
  facet normal 0.997855 0.0654673 0
    outer loop
      vertex 32.27 76.67 0
      vertex 32.3171 75.9521 4.5
      vertex 32.3171 75.9521 0
    endloop
  endfacet
  facet normal 0.997855 -0.0654673 0
    outer loop
      vertex 32.27 76.67 4.5
      vertex 32.3171 77.3879 0
      vertex 32.3171 77.3879 4.5
    endloop
  endfacet
  facet normal 0.997855 -0.0654673 0
    outer loop
      vertex 32.3171 77.3879 0
      vertex 32.27 76.67 4.5
      vertex 32.27 76.67 0
    endloop
  endfacet
  facet normal 0.946918 0.321477 0
    outer loop
      vertex 32.6887 74.5652 4.5
      vertex 32.4574 75.2465 0
      vertex 32.4574 75.2465 4.5
    endloop
  endfacet
  facet normal 0.946918 0.321477 0
    outer loop
      vertex 32.4574 75.2465 0
      vertex 32.6887 74.5652 4.5
      vertex 32.6887 74.5652 0
    endloop
  endfacet
  facet normal -0.751879 0.659301 0
    outer loop
      vertex 41.6591 72.7809 0
      vertex 42.1334 73.3218 4.5
      vertex 42.1334 73.3218 0
    endloop
  endfacet
  facet normal -0.751879 0.659301 0
    outer loop
      vertex 42.1334 73.3218 4.5
      vertex 41.6591 72.7809 0
      vertex 41.6591 72.7809 4.5
    endloop
  endfacet
  facet normal 0.751879 -0.659301 0
    outer loop
      vertex 33.4066 80.0182 4.5
      vertex 33.8809 80.5591 0
      vertex 33.8809 80.5591 4.5
    endloop
  endfacet
  facet normal 0.751879 -0.659301 0
    outer loop
      vertex 33.8809 80.5591 0
      vertex 33.4066 80.0182 4.5
      vertex 33.4066 80.0182 0
    endloop
  endfacet
  facet normal 0.442314 0.89686 -0
    outer loop
      vertex 35.6652 71.5887 0
      vertex 35.02 71.9069 4.5
      vertex 35.6652 71.5887 4.5
    endloop
  endfacet
  facet normal 0.442314 0.89686 0
    outer loop
      vertex 35.02 71.9069 4.5
      vertex 35.6652 71.5887 0
      vertex 35.02 71.9069 0
    endloop
  endfacet
  facet normal -0.555566 0.831472 0
    outer loop
      vertex 41.1182 72.3066 0
      vertex 40.52 71.9069 4.5
      vertex 41.1182 72.3066 4.5
    endloop
  endfacet
  facet normal -0.555566 0.831472 0
    outer loop
      vertex 40.52 71.9069 4.5
      vertex 41.1182 72.3066 0
      vertex 40.52 71.9069 0
    endloop
  endfacet
  facet normal 0.555566 -0.831472 0
    outer loop
      vertex 34.4218 81.0334 0
      vertex 35.02 81.4331 4.5
      vertex 34.4218 81.0334 4.5
    endloop
  endfacet
  facet normal 0.555566 -0.831472 0
    outer loop
      vertex 35.02 81.4331 4.5
      vertex 34.4218 81.0334 0
      vertex 35.02 81.4331 0
    endloop
  endfacet
  facet normal -0.831472 -0.555566 0
    outer loop
      vertex 42.5331 79.42 0
      vertex 42.1334 80.0182 4.5
      vertex 42.1334 80.0182 0
    endloop
  endfacet
  facet normal -0.831472 -0.555566 0
    outer loop
      vertex 42.1334 80.0182 4.5
      vertex 42.5331 79.42 0
      vertex 42.5331 79.42 4.5
    endloop
  endfacet
  facet normal -0.442314 -0.89686 0
    outer loop
      vertex 39.8748 81.7513 0
      vertex 40.52 81.4331 4.5
      vertex 39.8748 81.7513 4.5
    endloop
  endfacet
  facet normal -0.442314 -0.89686 -0
    outer loop
      vertex 40.52 81.4331 4.5
      vertex 39.8748 81.7513 0
      vertex 40.52 81.4331 0
    endloop
  endfacet
  facet normal -0.751879 -0.659301 0
    outer loop
      vertex 42.1334 80.0182 0
      vertex 41.6591 80.5591 4.5
      vertex 41.6591 80.5591 0
    endloop
  endfacet
  facet normal -0.751879 -0.659301 0
    outer loop
      vertex 41.6591 80.5591 4.5
      vertex 42.1334 80.0182 0
      vertex 42.1334 80.0182 4.5
    endloop
  endfacet
  facet normal -0.321477 0.946918 0
    outer loop
      vertex 39.8748 71.5887 0
      vertex 39.1935 71.3574 4.5
      vertex 39.8748 71.5887 4.5
    endloop
  endfacet
  facet normal -0.321477 0.946918 0
    outer loop
      vertex 39.1935 71.3574 4.5
      vertex 39.8748 71.5887 0
      vertex 39.1935 71.3574 0
    endloop
  endfacet
  facet normal -0.659301 -0.751879 0
    outer loop
      vertex 41.1182 81.0334 0
      vertex 41.6591 80.5591 4.5
      vertex 41.1182 81.0334 4.5
    endloop
  endfacet
  facet normal -0.659301 -0.751879 -0
    outer loop
      vertex 41.6591 80.5591 4.5
      vertex 41.1182 81.0334 0
      vertex 41.6591 80.5591 0
    endloop
  endfacet
  facet normal -0.997855 0.0654673 0
    outer loop
      vertex 43.2229 75.9521 0
      vertex 43.27 76.67 4.5
      vertex 43.27 76.67 0
    endloop
  endfacet
  facet normal -0.997855 0.0654673 0
    outer loop
      vertex 43.27 76.67 4.5
      vertex 43.2229 75.9521 0
      vertex 43.2229 75.9521 4.5
    endloop
  endfacet
  facet normal 0.0654673 -0.997855 0
    outer loop
      vertex 37.0521 82.1229 0
      vertex 37.77 82.17 4.5
      vertex 37.0521 82.1229 4.5
    endloop
  endfacet
  facet normal 0.0654673 -0.997855 0
    outer loop
      vertex 37.77 82.17 4.5
      vertex 37.0521 82.1229 0
      vertex 37.77 82.17 0
    endloop
  endfacet
  facet normal 0.19502 0.980799 -0
    outer loop
      vertex 37.0521 71.2171 0
      vertex 36.3465 71.3574 4.5
      vertex 37.0521 71.2171 4.5
    endloop
  endfacet
  facet normal 0.19502 0.980799 0
    outer loop
      vertex 36.3465 71.3574 4.5
      vertex 37.0521 71.2171 0
      vertex 36.3465 71.3574 0
    endloop
  endfacet
  facet normal 0.980799 -0.19502 0
    outer loop
      vertex 32.3171 77.3879 4.5
      vertex 32.4574 78.0935 0
      vertex 32.4574 78.0935 4.5
    endloop
  endfacet
  facet normal 0.980799 -0.19502 0
    outer loop
      vertex 32.4574 78.0935 0
      vertex 32.3171 77.3879 4.5
      vertex 32.3171 77.3879 0
    endloop
  endfacet
  facet normal 0.321477 -0.946918 0
    outer loop
      vertex 35.6652 81.7513 0
      vertex 36.3465 81.9826 4.5
      vertex 35.6652 81.7513 4.5
    endloop
  endfacet
  facet normal 0.321477 -0.946918 0
    outer loop
      vertex 36.3465 81.9826 4.5
      vertex 35.6652 81.7513 0
      vertex 36.3465 81.9826 0
    endloop
  endfacet
  facet normal 0.89686 -0.442314 0
    outer loop
      vertex 32.6887 78.7748 4.5
      vertex 33.0069 79.42 0
      vertex 33.0069 79.42 4.5
    endloop
  endfacet
  facet normal 0.89686 -0.442314 0
    outer loop
      vertex 33.0069 79.42 0
      vertex 32.6887 78.7748 4.5
      vertex 32.6887 78.7748 0
    endloop
  endfacet
  facet normal 0.555566 0.831472 -0
    outer loop
      vertex 35.02 71.9069 0
      vertex 34.4218 72.3066 4.5
      vertex 35.02 71.9069 4.5
    endloop
  endfacet
  facet normal 0.555566 0.831472 0
    outer loop
      vertex 34.4218 72.3066 4.5
      vertex 35.02 71.9069 0
      vertex 34.4218 72.3066 0
    endloop
  endfacet
  facet normal 0.89686 0.442314 0
    outer loop
      vertex 33.0069 73.92 4.5
      vertex 32.6887 74.5652 0
      vertex 32.6887 74.5652 4.5
    endloop
  endfacet
  facet normal 0.89686 0.442314 0
    outer loop
      vertex 32.6887 74.5652 0
      vertex 33.0069 73.92 4.5
      vertex 33.0069 73.92 0
    endloop
  endfacet
  facet normal -0.442314 0.89686 0
    outer loop
      vertex 40.52 71.9069 0
      vertex 39.8748 71.5887 4.5
      vertex 40.52 71.9069 4.5
    endloop
  endfacet
  facet normal -0.442314 0.89686 0
    outer loop
      vertex 39.8748 71.5887 4.5
      vertex 40.52 71.9069 0
      vertex 39.8748 71.5887 0
    endloop
  endfacet
  facet normal -0.0654673 -0.997855 0
    outer loop
      vertex 37.77 82.17 0
      vertex 38.4879 82.1229 4.5
      vertex 37.77 82.17 4.5
    endloop
  endfacet
  facet normal -0.0654673 -0.997855 -0
    outer loop
      vertex 38.4879 82.1229 4.5
      vertex 37.77 82.17 0
      vertex 38.4879 82.1229 0
    endloop
  endfacet
  facet normal 0.659301 -0.751879 0
    outer loop
      vertex 33.8809 80.5591 0
      vertex 34.4218 81.0334 4.5
      vertex 33.8809 80.5591 4.5
    endloop
  endfacet
  facet normal 0.659301 -0.751879 0
    outer loop
      vertex 34.4218 81.0334 4.5
      vertex 33.8809 80.5591 0
      vertex 34.4218 81.0334 0
    endloop
  endfacet
  facet normal -0.89686 -0.442314 0
    outer loop
      vertex 42.8513 78.7748 0
      vertex 42.5331 79.42 4.5
      vertex 42.5331 79.42 0
    endloop
  endfacet
  facet normal -0.89686 -0.442314 0
    outer loop
      vertex 42.5331 79.42 4.5
      vertex 42.8513 78.7748 0
      vertex 42.8513 78.7748 4.5
    endloop
  endfacet
  facet normal -0.321477 -0.946918 0
    outer loop
      vertex 39.1935 81.9826 0
      vertex 39.8748 81.7513 4.5
      vertex 39.1935 81.9826 4.5
    endloop
  endfacet
  facet normal -0.321477 -0.946918 -0
    outer loop
      vertex 39.8748 81.7513 4.5
      vertex 39.1935 81.9826 0
      vertex 39.8748 81.7513 0
    endloop
  endfacet
  facet normal 0.946918 -0.321477 0
    outer loop
      vertex 32.4574 78.0935 4.5
      vertex 32.6887 78.7748 0
      vertex 32.6887 78.7748 4.5
    endloop
  endfacet
  facet normal 0.946918 -0.321477 0
    outer loop
      vertex 32.6887 78.7748 0
      vertex 32.4574 78.0935 4.5
      vertex 32.4574 78.0935 0
    endloop
  endfacet
  facet normal -0.946918 -0.321477 0
    outer loop
      vertex 43.0826 78.0935 0
      vertex 42.8513 78.7748 4.5
      vertex 42.8513 78.7748 0
    endloop
  endfacet
  facet normal -0.946918 -0.321477 0
    outer loop
      vertex 42.8513 78.7748 4.5
      vertex 43.0826 78.0935 0
      vertex 43.0826 78.0935 4.5
    endloop
  endfacet
  facet normal 0.980799 0.19502 0
    outer loop
      vertex 32.4574 75.2465 4.5
      vertex 32.3171 75.9521 0
      vertex 32.3171 75.9521 4.5
    endloop
  endfacet
  facet normal 0.980799 0.19502 0
    outer loop
      vertex 32.3171 75.9521 0
      vertex 32.4574 75.2465 4.5
      vertex 32.4574 75.2465 0
    endloop
  endfacet
  facet normal 0.0654673 0.997855 -0
    outer loop
      vertex 37.77 71.17 0
      vertex 37.0521 71.2171 4.5
      vertex 37.77 71.17 4.5
    endloop
  endfacet
  facet normal 0.0654673 0.997855 0
    outer loop
      vertex 37.0521 71.2171 4.5
      vertex 37.77 71.17 0
      vertex 37.0521 71.2171 0
    endloop
  endfacet
  facet normal -0.946918 0.321477 0
    outer loop
      vertex 42.8513 74.5652 0
      vertex 43.0826 75.2465 4.5
      vertex 43.0826 75.2465 0
    endloop
  endfacet
  facet normal -0.946918 0.321477 0
    outer loop
      vertex 43.0826 75.2465 4.5
      vertex 42.8513 74.5652 0
      vertex 42.8513 74.5652 4.5
    endloop
  endfacet
  facet normal -0.19502 0.980799 0
    outer loop
      vertex 39.1935 71.3574 0
      vertex 38.4879 71.2171 4.5
      vertex 39.1935 71.3574 4.5
    endloop
  endfacet
  facet normal -0.19502 0.980799 0
    outer loop
      vertex 38.4879 71.2171 4.5
      vertex 39.1935 71.3574 0
      vertex 38.4879 71.2171 0
    endloop
  endfacet
  facet normal 0.831472 0.555566 0
    outer loop
      vertex 33.4066 73.3218 4.5
      vertex 33.0069 73.92 0
      vertex 33.0069 73.92 4.5
    endloop
  endfacet
  facet normal 0.831472 0.555566 0
    outer loop
      vertex 33.0069 73.92 0
      vertex 33.4066 73.3218 4.5
      vertex 33.4066 73.3218 0
    endloop
  endfacet
  facet normal 0.751879 0.659301 0
    outer loop
      vertex 33.8809 72.7809 4.5
      vertex 33.4066 73.3218 0
      vertex 33.4066 73.3218 4.5
    endloop
  endfacet
  facet normal 0.751879 0.659301 0
    outer loop
      vertex 33.4066 73.3218 0
      vertex 33.8809 72.7809 4.5
      vertex 33.8809 72.7809 0
    endloop
  endfacet
  facet normal -0.659301 0.751879 0
    outer loop
      vertex 41.6591 72.7809 0
      vertex 41.1182 72.3066 4.5
      vertex 41.6591 72.7809 4.5
    endloop
  endfacet
  facet normal -0.659301 0.751879 0
    outer loop
      vertex 41.1182 72.3066 4.5
      vertex 41.6591 72.7809 0
      vertex 41.1182 72.3066 0
    endloop
  endfacet
  facet normal -0.980799 0.19502 0
    outer loop
      vertex 63.0826 75.2465 0
      vertex 63.2229 75.9521 4.5
      vertex 63.2229 75.9521 0
    endloop
  endfacet
  facet normal -0.980799 0.19502 0
    outer loop
      vertex 63.2229 75.9521 4.5
      vertex 63.0826 75.2465 0
      vertex 63.0826 75.2465 4.5
    endloop
  endfacet
  facet normal -0.0654673 0.997855 0
    outer loop
      vertex 58.4879 71.2171 0
      vertex 57.77 71.17 4.5
      vertex 58.4879 71.2171 4.5
    endloop
  endfacet
  facet normal -0.0654673 0.997855 0
    outer loop
      vertex 57.77 71.17 4.5
      vertex 58.4879 71.2171 0
      vertex 57.77 71.17 0
    endloop
  endfacet
  facet normal -0.980799 -0.19502 0
    outer loop
      vertex 63.2229 77.3879 0
      vertex 63.0826 78.0935 4.5
      vertex 63.0826 78.0935 0
    endloop
  endfacet
  facet normal -0.980799 -0.19502 0
    outer loop
      vertex 63.0826 78.0935 4.5
      vertex 63.2229 77.3879 0
      vertex 63.2229 77.3879 4.5
    endloop
  endfacet
  facet normal -0.997855 -0.0654673 0
    outer loop
      vertex 63.27 76.67 0
      vertex 63.2229 77.3879 4.5
      vertex 63.2229 77.3879 0
    endloop
  endfacet
  facet normal -0.997855 -0.0654673 0
    outer loop
      vertex 63.2229 77.3879 4.5
      vertex 63.27 76.67 0
      vertex 63.27 76.67 4.5
    endloop
  endfacet
  facet normal -0.831472 0.555566 0
    outer loop
      vertex 62.1334 73.3218 0
      vertex 62.5331 73.92 4.5
      vertex 62.5331 73.92 0
    endloop
  endfacet
  facet normal -0.831472 0.555566 0
    outer loop
      vertex 62.5331 73.92 4.5
      vertex 62.1334 73.3218 0
      vertex 62.1334 73.3218 4.5
    endloop
  endfacet
  facet normal 0.19502 -0.980799 0
    outer loop
      vertex 56.3465 81.9826 0
      vertex 57.0521 82.1229 4.5
      vertex 56.3465 81.9826 4.5
    endloop
  endfacet
  facet normal 0.19502 -0.980799 0
    outer loop
      vertex 57.0521 82.1229 4.5
      vertex 56.3465 81.9826 0
      vertex 57.0521 82.1229 0
    endloop
  endfacet
  facet normal -0.89686 0.442314 0
    outer loop
      vertex 62.5331 73.92 0
      vertex 62.8513 74.5652 4.5
      vertex 62.8513 74.5652 0
    endloop
  endfacet
  facet normal -0.89686 0.442314 0
    outer loop
      vertex 62.8513 74.5652 4.5
      vertex 62.5331 73.92 0
      vertex 62.5331 73.92 4.5
    endloop
  endfacet
  facet normal 0.442314 -0.89686 0
    outer loop
      vertex 55.02 81.4331 0
      vertex 55.6652 81.7513 4.5
      vertex 55.02 81.4331 4.5
    endloop
  endfacet
  facet normal 0.442314 -0.89686 0
    outer loop
      vertex 55.6652 81.7513 4.5
      vertex 55.02 81.4331 0
      vertex 55.6652 81.7513 0
    endloop
  endfacet
  facet normal 0.831472 -0.555566 0
    outer loop
      vertex 53.0069 79.42 4.5
      vertex 53.4066 80.0182 0
      vertex 53.4066 80.0182 4.5
    endloop
  endfacet
  facet normal 0.831472 -0.555566 0
    outer loop
      vertex 53.4066 80.0182 0
      vertex 53.0069 79.42 4.5
      vertex 53.0069 79.42 0
    endloop
  endfacet
  facet normal -0.555566 -0.831472 0
    outer loop
      vertex 60.52 81.4331 0
      vertex 61.1182 81.0334 4.5
      vertex 60.52 81.4331 4.5
    endloop
  endfacet
  facet normal -0.555566 -0.831472 -0
    outer loop
      vertex 61.1182 81.0334 4.5
      vertex 60.52 81.4331 0
      vertex 61.1182 81.0334 0
    endloop
  endfacet
  facet normal 0.659301 0.751879 -0
    outer loop
      vertex 54.4218 72.3066 0
      vertex 53.8809 72.7809 4.5
      vertex 54.4218 72.3066 4.5
    endloop
  endfacet
  facet normal 0.659301 0.751879 0
    outer loop
      vertex 53.8809 72.7809 4.5
      vertex 54.4218 72.3066 0
      vertex 53.8809 72.7809 0
    endloop
  endfacet
  facet normal 0.321477 0.946918 -0
    outer loop
      vertex 56.3465 71.3574 0
      vertex 55.6652 71.5887 4.5
      vertex 56.3465 71.3574 4.5
    endloop
  endfacet
  facet normal 0.321477 0.946918 0
    outer loop
      vertex 55.6652 71.5887 4.5
      vertex 56.3465 71.3574 0
      vertex 55.6652 71.5887 0
    endloop
  endfacet
  facet normal -0.19502 -0.980799 0
    outer loop
      vertex 58.4879 82.1229 0
      vertex 59.1935 81.9826 4.5
      vertex 58.4879 82.1229 4.5
    endloop
  endfacet
  facet normal -0.19502 -0.980799 -0
    outer loop
      vertex 59.1935 81.9826 4.5
      vertex 58.4879 82.1229 0
      vertex 59.1935 81.9826 0
    endloop
  endfacet
  facet normal 0.997855 0.0654673 0
    outer loop
      vertex 52.3171 75.9521 4.5
      vertex 52.27 76.67 0
      vertex 52.27 76.67 4.5
    endloop
  endfacet
  facet normal 0.997855 0.0654673 0
    outer loop
      vertex 52.27 76.67 0
      vertex 52.3171 75.9521 4.5
      vertex 52.3171 75.9521 0
    endloop
  endfacet
  facet normal 0.946918 0.321477 0
    outer loop
      vertex 52.6887 74.5652 4.5
      vertex 52.4574 75.2465 0
      vertex 52.4574 75.2465 4.5
    endloop
  endfacet
  facet normal 0.946918 0.321477 0
    outer loop
      vertex 52.4574 75.2465 0
      vertex 52.6887 74.5652 4.5
      vertex 52.6887 74.5652 0
    endloop
  endfacet
  facet normal -0.751879 0.659301 0
    outer loop
      vertex 61.6591 72.7809 0
      vertex 62.1334 73.3218 4.5
      vertex 62.1334 73.3218 0
    endloop
  endfacet
  facet normal -0.751879 0.659301 0
    outer loop
      vertex 62.1334 73.3218 4.5
      vertex 61.6591 72.7809 0
      vertex 61.6591 72.7809 4.5
    endloop
  endfacet
  facet normal 0.751879 -0.659301 0
    outer loop
      vertex 53.4066 80.0182 4.5
      vertex 53.8809 80.5591 0
      vertex 53.8809 80.5591 4.5
    endloop
  endfacet
  facet normal 0.751879 -0.659301 0
    outer loop
      vertex 53.8809 80.5591 0
      vertex 53.4066 80.0182 4.5
      vertex 53.4066 80.0182 0
    endloop
  endfacet
  facet normal 0.442314 0.89686 -0
    outer loop
      vertex 55.6652 71.5887 0
      vertex 55.02 71.9069 4.5
      vertex 55.6652 71.5887 4.5
    endloop
  endfacet
  facet normal 0.442314 0.89686 0
    outer loop
      vertex 55.02 71.9069 4.5
      vertex 55.6652 71.5887 0
      vertex 55.02 71.9069 0
    endloop
  endfacet
  facet normal -0.555566 0.831472 0
    outer loop
      vertex 61.1182 72.3066 0
      vertex 60.52 71.9069 4.5
      vertex 61.1182 72.3066 4.5
    endloop
  endfacet
  facet normal -0.555566 0.831472 0
    outer loop
      vertex 60.52 71.9069 4.5
      vertex 61.1182 72.3066 0
      vertex 60.52 71.9069 0
    endloop
  endfacet
  facet normal 0.555566 -0.831472 0
    outer loop
      vertex 54.4218 81.0334 0
      vertex 55.02 81.4331 4.5
      vertex 54.4218 81.0334 4.5
    endloop
  endfacet
  facet normal 0.555566 -0.831472 0
    outer loop
      vertex 55.02 81.4331 4.5
      vertex 54.4218 81.0334 0
      vertex 55.02 81.4331 0
    endloop
  endfacet
  facet normal -0.831472 -0.555566 0
    outer loop
      vertex 62.5331 79.42 0
      vertex 62.1334 80.0182 4.5
      vertex 62.1334 80.0182 0
    endloop
  endfacet
  facet normal -0.831472 -0.555566 0
    outer loop
      vertex 62.1334 80.0182 4.5
      vertex 62.5331 79.42 0
      vertex 62.5331 79.42 4.5
    endloop
  endfacet
  facet normal -0.442314 -0.89686 0
    outer loop
      vertex 59.8748 81.7513 0
      vertex 60.52 81.4331 4.5
      vertex 59.8748 81.7513 4.5
    endloop
  endfacet
  facet normal -0.442314 -0.89686 -0
    outer loop
      vertex 60.52 81.4331 4.5
      vertex 59.8748 81.7513 0
      vertex 60.52 81.4331 0
    endloop
  endfacet
  facet normal -0.751879 -0.659301 0
    outer loop
      vertex 62.1334 80.0182 0
      vertex 61.6591 80.5591 4.5
      vertex 61.6591 80.5591 0
    endloop
  endfacet
  facet normal -0.751879 -0.659301 0
    outer loop
      vertex 61.6591 80.5591 4.5
      vertex 62.1334 80.0182 0
      vertex 62.1334 80.0182 4.5
    endloop
  endfacet
  facet normal -0.321477 0.946918 0
    outer loop
      vertex 59.8748 71.5887 0
      vertex 59.1935 71.3574 4.5
      vertex 59.8748 71.5887 4.5
    endloop
  endfacet
  facet normal -0.321477 0.946918 0
    outer loop
      vertex 59.1935 71.3574 4.5
      vertex 59.8748 71.5887 0
      vertex 59.1935 71.3574 0
    endloop
  endfacet
  facet normal -0.659301 -0.751879 0
    outer loop
      vertex 61.1182 81.0334 0
      vertex 61.6591 80.5591 4.5
      vertex 61.1182 81.0334 4.5
    endloop
  endfacet
  facet normal -0.659301 -0.751879 -0
    outer loop
      vertex 61.6591 80.5591 4.5
      vertex 61.1182 81.0334 0
      vertex 61.6591 80.5591 0
    endloop
  endfacet
  facet normal -0.997855 0.0654673 0
    outer loop
      vertex 63.2229 75.9521 0
      vertex 63.27 76.67 4.5
      vertex 63.27 76.67 0
    endloop
  endfacet
  facet normal -0.997855 0.0654673 0
    outer loop
      vertex 63.27 76.67 4.5
      vertex 63.2229 75.9521 0
      vertex 63.2229 75.9521 4.5
    endloop
  endfacet
  facet normal 0.0654673 -0.997855 0
    outer loop
      vertex 57.0521 82.1229 0
      vertex 57.77 82.17 4.5
      vertex 57.0521 82.1229 4.5
    endloop
  endfacet
  facet normal 0.0654673 -0.997855 0
    outer loop
      vertex 57.77 82.17 4.5
      vertex 57.0521 82.1229 0
      vertex 57.77 82.17 0
    endloop
  endfacet
  facet normal 0.19502 0.980799 -0
    outer loop
      vertex 57.0521 71.2171 0
      vertex 56.3465 71.3574 4.5
      vertex 57.0521 71.2171 4.5
    endloop
  endfacet
  facet normal 0.19502 0.980799 0
    outer loop
      vertex 56.3465 71.3574 4.5
      vertex 57.0521 71.2171 0
      vertex 56.3465 71.3574 0
    endloop
  endfacet
  facet normal 0.980799 -0.19502 0
    outer loop
      vertex 52.3171 77.3879 4.5
      vertex 52.4574 78.0935 0
      vertex 52.4574 78.0935 4.5
    endloop
  endfacet
  facet normal 0.980799 -0.19502 0
    outer loop
      vertex 52.4574 78.0935 0
      vertex 52.3171 77.3879 4.5
      vertex 52.3171 77.3879 0
    endloop
  endfacet
  facet normal 0.321477 -0.946918 0
    outer loop
      vertex 55.6652 81.7513 0
      vertex 56.3465 81.9826 4.5
      vertex 55.6652 81.7513 4.5
    endloop
  endfacet
  facet normal 0.321477 -0.946918 0
    outer loop
      vertex 56.3465 81.9826 4.5
      vertex 55.6652 81.7513 0
      vertex 56.3465 81.9826 0
    endloop
  endfacet
  facet normal 0.89686 -0.442314 0
    outer loop
      vertex 52.6887 78.7748 4.5
      vertex 53.0069 79.42 0
      vertex 53.0069 79.42 4.5
    endloop
  endfacet
  facet normal 0.89686 -0.442314 0
    outer loop
      vertex 53.0069 79.42 0
      vertex 52.6887 78.7748 4.5
      vertex 52.6887 78.7748 0
    endloop
  endfacet
  facet normal 0.555566 0.831472 -0
    outer loop
      vertex 55.02 71.9069 0
      vertex 54.4218 72.3066 4.5
      vertex 55.02 71.9069 4.5
    endloop
  endfacet
  facet normal 0.555566 0.831472 0
    outer loop
      vertex 54.4218 72.3066 4.5
      vertex 55.02 71.9069 0
      vertex 54.4218 72.3066 0
    endloop
  endfacet
  facet normal 0.89686 0.442314 0
    outer loop
      vertex 53.0069 73.92 4.5
      vertex 52.6887 74.5652 0
      vertex 52.6887 74.5652 4.5
    endloop
  endfacet
  facet normal 0.89686 0.442314 0
    outer loop
      vertex 52.6887 74.5652 0
      vertex 53.0069 73.92 4.5
      vertex 53.0069 73.92 0
    endloop
  endfacet
  facet normal 0.997855 -0.0654673 0
    outer loop
      vertex 52.27 76.67 4.5
      vertex 52.3171 77.3879 0
      vertex 52.3171 77.3879 4.5
    endloop
  endfacet
  facet normal 0.997855 -0.0654673 0
    outer loop
      vertex 52.3171 77.3879 0
      vertex 52.27 76.67 4.5
      vertex 52.27 76.67 0
    endloop
  endfacet
  facet normal -0.442314 0.89686 0
    outer loop
      vertex 60.52 71.9069 0
      vertex 59.8748 71.5887 4.5
      vertex 60.52 71.9069 4.5
    endloop
  endfacet
  facet normal -0.442314 0.89686 0
    outer loop
      vertex 59.8748 71.5887 4.5
      vertex 60.52 71.9069 0
      vertex 59.8748 71.5887 0
    endloop
  endfacet
  facet normal -0.0654673 -0.997855 0
    outer loop
      vertex 57.77 82.17 0
      vertex 58.4879 82.1229 4.5
      vertex 57.77 82.17 4.5
    endloop
  endfacet
  facet normal -0.0654673 -0.997855 -0
    outer loop
      vertex 58.4879 82.1229 4.5
      vertex 57.77 82.17 0
      vertex 58.4879 82.1229 0
    endloop
  endfacet
  facet normal 0.659301 -0.751879 0
    outer loop
      vertex 53.8809 80.5591 0
      vertex 54.4218 81.0334 4.5
      vertex 53.8809 80.5591 4.5
    endloop
  endfacet
  facet normal 0.659301 -0.751879 0
    outer loop
      vertex 54.4218 81.0334 4.5
      vertex 53.8809 80.5591 0
      vertex 54.4218 81.0334 0
    endloop
  endfacet
  facet normal -0.89686 -0.442314 0
    outer loop
      vertex 62.8513 78.7748 0
      vertex 62.5331 79.42 4.5
      vertex 62.5331 79.42 0
    endloop
  endfacet
  facet normal -0.89686 -0.442314 0
    outer loop
      vertex 62.5331 79.42 4.5
      vertex 62.8513 78.7748 0
      vertex 62.8513 78.7748 4.5
    endloop
  endfacet
  facet normal -0.321477 -0.946918 0
    outer loop
      vertex 59.1935 81.9826 0
      vertex 59.8748 81.7513 4.5
      vertex 59.1935 81.9826 4.5
    endloop
  endfacet
  facet normal -0.321477 -0.946918 -0
    outer loop
      vertex 59.8748 81.7513 4.5
      vertex 59.1935 81.9826 0
      vertex 59.8748 81.7513 0
    endloop
  endfacet
  facet normal 0.946918 -0.321477 0
    outer loop
      vertex 52.4574 78.0935 4.5
      vertex 52.6887 78.7748 0
      vertex 52.6887 78.7748 4.5
    endloop
  endfacet
  facet normal 0.946918 -0.321477 0
    outer loop
      vertex 52.6887 78.7748 0
      vertex 52.4574 78.0935 4.5
      vertex 52.4574 78.0935 0
    endloop
  endfacet
  facet normal -0.946918 -0.321477 0
    outer loop
      vertex 63.0826 78.0935 0
      vertex 62.8513 78.7748 4.5
      vertex 62.8513 78.7748 0
    endloop
  endfacet
  facet normal -0.946918 -0.321477 0
    outer loop
      vertex 62.8513 78.7748 4.5
      vertex 63.0826 78.0935 0
      vertex 63.0826 78.0935 4.5
    endloop
  endfacet
  facet normal 0.980799 0.19502 0
    outer loop
      vertex 52.4574 75.2465 4.5
      vertex 52.3171 75.9521 0
      vertex 52.3171 75.9521 4.5
    endloop
  endfacet
  facet normal 0.980799 0.19502 0
    outer loop
      vertex 52.3171 75.9521 0
      vertex 52.4574 75.2465 4.5
      vertex 52.4574 75.2465 0
    endloop
  endfacet
  facet normal 0.0654673 0.997855 -0
    outer loop
      vertex 57.77 71.17 0
      vertex 57.0521 71.2171 4.5
      vertex 57.77 71.17 4.5
    endloop
  endfacet
  facet normal 0.0654673 0.997855 0
    outer loop
      vertex 57.0521 71.2171 4.5
      vertex 57.77 71.17 0
      vertex 57.0521 71.2171 0
    endloop
  endfacet
  facet normal -0.946918 0.321477 0
    outer loop
      vertex 62.8513 74.5652 0
      vertex 63.0826 75.2465 4.5
      vertex 63.0826 75.2465 0
    endloop
  endfacet
  facet normal -0.946918 0.321477 0
    outer loop
      vertex 63.0826 75.2465 4.5
      vertex 62.8513 74.5652 0
      vertex 62.8513 74.5652 4.5
    endloop
  endfacet
  facet normal -0.19502 0.980799 0
    outer loop
      vertex 59.1935 71.3574 0
      vertex 58.4879 71.2171 4.5
      vertex 59.1935 71.3574 4.5
    endloop
  endfacet
  facet normal -0.19502 0.980799 0
    outer loop
      vertex 58.4879 71.2171 4.5
      vertex 59.1935 71.3574 0
      vertex 58.4879 71.2171 0
    endloop
  endfacet
  facet normal 0.831472 0.555566 0
    outer loop
      vertex 53.4066 73.3218 4.5
      vertex 53.0069 73.92 0
      vertex 53.0069 73.92 4.5
    endloop
  endfacet
  facet normal 0.831472 0.555566 0
    outer loop
      vertex 53.0069 73.92 0
      vertex 53.4066 73.3218 4.5
      vertex 53.4066 73.3218 0
    endloop
  endfacet
  facet normal 0.751879 0.659301 0
    outer loop
      vertex 53.8809 72.7809 4.5
      vertex 53.4066 73.3218 0
      vertex 53.4066 73.3218 4.5
    endloop
  endfacet
  facet normal 0.751879 0.659301 0
    outer loop
      vertex 53.4066 73.3218 0
      vertex 53.8809 72.7809 4.5
      vertex 53.8809 72.7809 0
    endloop
  endfacet
  facet normal -0.659301 0.751879 0
    outer loop
      vertex 61.6591 72.7809 0
      vertex 61.1182 72.3066 4.5
      vertex 61.6591 72.7809 4.5
    endloop
  endfacet
  facet normal -0.659301 0.751879 0
    outer loop
      vertex 61.1182 72.3066 4.5
      vertex 61.6591 72.7809 0
      vertex 61.1182 72.3066 0
    endloop
  endfacet
endsolid OpenSCAD_Model
