solid OpenSCAD_Model
  facet normal 0 1 0
    outer loop
      vertex 48 37 38.5
      vertex 45.83 37 38.2317
      vertex 45.83 37 38.5
    endloop
  endfacet
  facet normal 0 1 0
    outer loop
      vertex 48 37 38.5
      vertex 45.8129 37 37.4684
      vertex 45.83 37 38.2317
    endloop
  endfacet
  facet normal 0 1 0
    outer loop
      vertex 48 37 38.5
      vertex 45.8002 37 37.2817
      vertex 45.8129 37 37.4684
    endloop
  endfacet
  facet normal 0 1 0
    outer loop
      vertex 48 37 38.5
      vertex 45.7618 37 36.7182
      vertex 45.8002 37 37.2817
    endloop
  endfacet
  facet normal 0 1 0
    outer loop
      vertex 48 37 38.5
      vertex 45.6778 37 35.9939
      vertex 45.7618 37 36.7182
    endloop
  endfacet
  facet normal 0 1 0
    outer loop
      vertex 48 37 38.5
      vertex 45.5834 37 35.4345
      vertex 45.6778 37 35.9939
    endloop
  endfacet
  facet normal 0 1 0
    outer loop
      vertex 48 37 38.5
      vertex 45.562 37 35.3079
      vertex 45.5834 37 35.4345
    endloop
  endfacet
  facet normal 0 1 0
    outer loop
      vertex 48 37 38.5
      vertex 45.5364 37 35.1958
      vertex 45.562 37 35.3079
    endloop
  endfacet
  facet normal 0 1 0
    outer loop
      vertex 48 37 38.5
      vertex 45.4167 37 34.6719
      vertex 45.5364 37 35.1958
    endloop
  endfacet
  facet normal 0 1 0
    outer loop
      vertex 48 37 38.5
      vertex 45.2685 37 34.1778
      vertex 45.4167 37 34.6719
    endloop
  endfacet
  facet normal 0 1 0
    outer loop
      vertex 48 37 38.5
      vertex 45.2442 37 34.0968
      vertex 45.2685 37 34.1778
    endloop
  endfacet
  facet normal 0 1 -0
    outer loop
      vertex 48 37 24
      vertex 45.2442 37 34.0968
      vertex 48 37 38.5
    endloop
  endfacet
  facet normal 0 1 0
    outer loop
      vertex 45.2442 37 34.0968
      vertex 48 37 24
      vertex 45.2175 37 34.0284
    endloop
  endfacet
  facet normal 0 1 0
    outer loop
      vertex 45.2175 37 34.0284
      vertex 48 37 24
      vertex 45.0475 37 33.5925
    endloop
  endfacet
  facet normal 0 1 0
    outer loop
      vertex 45.0475 37 33.5925
      vertex 48 37 24
      vertex 44.8533 37 33.2131
    endloop
  endfacet
  facet normal 0 1 0
    outer loop
      vertex 43.83 37 32.3841
      vertex 48 37 24
      vertex 32.17 37 32.3841
    endloop
  endfacet
  facet normal 0 1 0
    outer loop
      vertex 43.8505 37 32.388
      vertex 48 37 24
      vertex 43.83 37 32.3841
    endloop
  endfacet
  facet normal 0 1 0
    outer loop
      vertex 44.091 37 32.4341
      vertex 48 37 24
      vertex 43.8505 37 32.388
    endloop
  endfacet
  facet normal 0 1 0
    outer loop
      vertex 44.3476 37 32.5833
      vertex 48 37 24
      vertex 44.091 37 32.4341
    endloop
  endfacet
  facet normal 0 1 0
    outer loop
      vertex 44.5723 37 32.8063
      vertex 48 37 24
      vertex 44.3476 37 32.5833
    endloop
  endfacet
  facet normal 0 1 0
    outer loop
      vertex 44.5954 37 32.8292
      vertex 48 37 24
      vertex 44.5723 37 32.8063
    endloop
  endfacet
  facet normal 0 1 0
    outer loop
      vertex 44.83 37 33.1675
      vertex 48 37 24
      vertex 44.5954 37 32.8292
    endloop
  endfacet
  facet normal 0 1 0
    outer loop
      vertex 44.8533 37 33.2131
      vertex 48 37 24
      vertex 44.83 37 33.1675
    endloop
  endfacet
  facet normal 0 1 -0
    outer loop
      vertex 30.17 37 38.2317
      vertex 28 37 38.5
      vertex 30.17 37 38.5
    endloop
  endfacet
  facet normal 0 1 0
    outer loop
      vertex 30.1871 37 37.4684
      vertex 28 37 38.5
      vertex 30.17 37 38.2317
    endloop
  endfacet
  facet normal 0 1 0
    outer loop
      vertex 30.1998 37 37.2817
      vertex 28 37 38.5
      vertex 30.1871 37 37.4684
    endloop
  endfacet
  facet normal 0 1 0
    outer loop
      vertex 30.2381 37 36.7182
      vertex 28 37 38.5
      vertex 30.1998 37 37.2817
    endloop
  endfacet
  facet normal 0 1 0
    outer loop
      vertex 30.3222 37 35.9939
      vertex 28 37 38.5
      vertex 30.2381 37 36.7182
    endloop
  endfacet
  facet normal 0 1 0
    outer loop
      vertex 30.4166 37 35.4345
      vertex 28 37 38.5
      vertex 30.3222 37 35.9939
    endloop
  endfacet
  facet normal 0 1 0
    outer loop
      vertex 30.4379 37 35.3079
      vertex 28 37 38.5
      vertex 30.4166 37 35.4345
    endloop
  endfacet
  facet normal 0 1 0
    outer loop
      vertex 30.4636 37 35.1958
      vertex 28 37 38.5
      vertex 30.4379 37 35.3079
    endloop
  endfacet
  facet normal 0 1 0
    outer loop
      vertex 30.5833 37 34.6719
      vertex 28 37 38.5
      vertex 30.4636 37 35.1958
    endloop
  endfacet
  facet normal 0 1 0
    outer loop
      vertex 30.7315 37 34.1778
      vertex 28 37 38.5
      vertex 30.5833 37 34.6719
    endloop
  endfacet
  facet normal 0 1 0
    outer loop
      vertex 30.7558 37 34.0968
      vertex 28 37 38.5
      vertex 30.7315 37 34.1778
    endloop
  endfacet
  facet normal 0 1 0
    outer loop
      vertex 28 37 24
      vertex 30.7558 37 34.0968
      vertex 30.7825 37 34.0284
    endloop
  endfacet
  facet normal 0 1 0
    outer loop
      vertex 28 37 24
      vertex 30.7825 37 34.0284
      vertex 30.9525 37 33.5925
    endloop
  endfacet
  facet normal 0 1 0
    outer loop
      vertex 28 37 24
      vertex 30.9525 37 33.5925
      vertex 31.1467 37 33.2131
    endloop
  endfacet
  facet normal 0 1 0
    outer loop
      vertex 28 37 24
      vertex 31.1467 37 33.2131
      vertex 31.17 37 33.1675
    endloop
  endfacet
  facet normal 0 1 0
    outer loop
      vertex 28 37 24
      vertex 32.17 37 32.3841
      vertex 48 37 24
    endloop
  endfacet
  facet normal 0 1 0
    outer loop
      vertex 32.17 37 32.3841
      vertex 28 37 24
      vertex 32.1495 37 32.388
    endloop
  endfacet
  facet normal 0 1 0
    outer loop
      vertex 30.7558 37 34.0968
      vertex 28 37 24
      vertex 28 37 38.5
    endloop
  endfacet
  facet normal 0 1 0
    outer loop
      vertex 31.4046 37 32.8292
      vertex 28 37 24
      vertex 31.17 37 33.1675
    endloop
  endfacet
  facet normal 0 1 0
    outer loop
      vertex 31.4277 37 32.8063
      vertex 28 37 24
      vertex 31.4046 37 32.8292
    endloop
  endfacet
  facet normal 0 1 0
    outer loop
      vertex 31.6524 37 32.5833
      vertex 28 37 24
      vertex 31.4277 37 32.8063
    endloop
  endfacet
  facet normal 0 1 0
    outer loop
      vertex 31.9089 37 32.4341
      vertex 28 37 24
      vertex 31.6524 37 32.5833
    endloop
  endfacet
  facet normal 0 1 0
    outer loop
      vertex 32.1495 37 32.388
      vertex 28 37 24
      vertex 31.9089 37 32.4341
    endloop
  endfacet
  facet normal 0 1 0
    outer loop
      vertex 59.1944 37 8.5
      vertex 28 37 24
      vertex 48 37 24
    endloop
  endfacet
  facet normal 0 1 0
    outer loop
      vertex 28 37 24
      vertex 59.1944 37 8.5
      vertex 16.8056 37 8.5
    endloop
  endfacet
  facet normal 0 -1 0
    outer loop
      vertex 28 13 24
      vertex 48 13 38.5
      vertex 28 13 38.5
    endloop
  endfacet
  facet normal 0 -1 0
    outer loop
      vertex 28 13 24
      vertex 48 13 24
      vertex 48 13 38.5
    endloop
  endfacet
  facet normal 0 -1 0
    outer loop
      vertex 16.8056 13 8.5
      vertex 48 13 24
      vertex 28 13 24
    endloop
  endfacet
  facet normal 0 -1 -0
    outer loop
      vertex 48 13 24
      vertex 16.8056 13 8.5
      vertex 59.1944 13 8.5
    endloop
  endfacet
  facet normal -0.81068 0.00039953 0.585489
    outer loop
      vertex 16.8056 37 8.5
      vertex 27.6084 36.9743 23.4578
      vertex 28 37 24
    endloop
  endfacet
  facet normal -0.81068 0.00031161 0.585489
    outer loop
      vertex 16.8056 37 8.5
      vertex 27.2235 36.8978 22.9249
      vertex 27.6084 36.9743 23.4578
    endloop
  endfacet
  facet normal -0.810681 0.000122615 0.585488
    outer loop
      vertex 16.8056 37 8.5
      vertex 26.8519 36.7716 22.4104
      vertex 27.2235 36.8978 22.9249
    endloop
  endfacet
  facet normal -0.810683 -0.000158052 0.585485
    outer loop
      vertex 16.8056 37 8.5
      vertex 26.5 36.5981 21.9231
      vertex 26.8519 36.7716 22.4104
    endloop
  endfacet
  facet normal -0.810681 7.20214e-06 0.585488
    outer loop
      vertex 16.8056 37 8.5
      vertex 26.1737 36.3801 21.4713
      vertex 26.5 36.5981 21.9231
    endloop
  endfacet
  facet normal -0.810683 -7.5304e-05 0.585486
    outer loop
      vertex 16.8056 37 8.5
      vertex 25.8787 36.1213 21.0628
      vertex 26.1737 36.3801 21.4713
    endloop
  endfacet
  facet normal -0.810678 7.27659e-05 0.585492
    outer loop
      vertex 16.8056 37 8.5
      vertex 25.6199 35.8263 20.7045
      vertex 25.8787 36.1213 21.0628
    endloop
  endfacet
  facet normal -0.810678 7.94984e-05 0.585493
    outer loop
      vertex 16.8056 37 8.5
      vertex 25.4019 35.5 20.4027
      vertex 25.6199 35.8263 20.7045
    endloop
  endfacet
  facet normal -0.810698 -0.00025514 0.585465
    outer loop
      vertex 16.8056 37 8.5
      vertex 25.2284 35.148 20.1623
      vertex 25.4019 35.5 20.4027
    endloop
  endfacet
  facet normal -0.810663 0.000202214 0.585513
    outer loop
      vertex 16.8056 37 8.5
      vertex 25.1022 34.7765 19.9877
      vertex 25.2284 35.148 20.1623
    endloop
  endfacet
  facet normal -0.810692 -0.000109759 0.585473
    outer loop
      vertex 16.8056 37 8.5
      vertex 25.0257 34.3916 19.8817
      vertex 25.1022 34.7765 19.9877
    endloop
  endfacet
  facet normal -0.810666 0.000124039 0.585508
    outer loop
      vertex 16.8056 37 8.5
      vertex 25 34 19.8462
      vertex 25.0257 34.3916 19.8817
    endloop
  endfacet
  facet normal -0.810682 0 0.585487
    outer loop
      vertex 16.8056 37 8.5
      vertex 25 16 19.8462
      vertex 25 34 19.8462
    endloop
  endfacet
  facet normal -0.810682 0 0.585487
    outer loop
      vertex 16.8056 13 8.5
      vertex 25 16 19.8462
      vertex 16.8056 37 8.5
    endloop
  endfacet
  facet normal -0.810666 -0.000124039 0.585508
    outer loop
      vertex 25 16 19.8462
      vertex 16.8056 13 8.5
      vertex 25.0257 15.6084 19.8817
    endloop
  endfacet
  facet normal -0.810692 0.000109759 0.585473
    outer loop
      vertex 25.0257 15.6084 19.8817
      vertex 16.8056 13 8.5
      vertex 25.1022 15.2235 19.9877
    endloop
  endfacet
  facet normal -0.810663 -0.000202164 0.585513
    outer loop
      vertex 25.1022 15.2235 19.9877
      vertex 16.8056 13 8.5
      vertex 25.2284 14.8519 20.1623
    endloop
  endfacet
  facet normal -0.810698 0.000255207 0.585465
    outer loop
      vertex 16.8056 13 8.5
      vertex 25.4019 14.5 20.4027
      vertex 25.2284 14.8519 20.1623
    endloop
  endfacet
  facet normal -0.810678 -7.94984e-05 0.585493
    outer loop
      vertex 16.8056 13 8.5
      vertex 25.6199 14.1737 20.7045
      vertex 25.4019 14.5 20.4027
    endloop
  endfacet
  facet normal -0.810678 -7.27659e-05 0.585492
    outer loop
      vertex 16.8056 13 8.5
      vertex 25.8787 13.8787 21.0628
      vertex 25.6199 14.1737 20.7045
    endloop
  endfacet
  facet normal -0.810683 7.5304e-05 0.585486
    outer loop
      vertex 16.8056 13 8.5
      vertex 26.1737 13.6199 21.4713
      vertex 25.8787 13.8787 21.0628
    endloop
  endfacet
  facet normal -0.810681 -7.20214e-06 0.585488
    outer loop
      vertex 16.8056 13 8.5
      vertex 26.5 13.4019 21.9231
      vertex 26.1737 13.6199 21.4713
    endloop
  endfacet
  facet normal -0.810683 0.000158052 0.585485
    outer loop
      vertex 16.8056 13 8.5
      vertex 26.8519 13.2284 22.4104
      vertex 26.5 13.4019 21.9231
    endloop
  endfacet
  facet normal -0.810681 -0.000122615 0.585488
    outer loop
      vertex 16.8056 13 8.5
      vertex 27.2235 13.1022 22.9249
      vertex 26.8519 13.2284 22.4104
    endloop
  endfacet
  facet normal -0.81068 -0.00031161 0.585489
    outer loop
      vertex 16.8056 13 8.5
      vertex 27.6084 13.0257 23.4578
      vertex 27.2235 13.1022 22.9249
    endloop
  endfacet
  facet normal -0.81068 -0.00039953 0.585489
    outer loop
      vertex 27.6084 13.0257 23.4578
      vertex 16.8056 13 8.5
      vertex 28 13 24
    endloop
  endfacet
  facet normal 0.81068 0.00039953 0.585489
    outer loop
      vertex 48.3916 36.9743 23.4578
      vertex 59.1944 37 8.5
      vertex 48 37 24
    endloop
  endfacet
  facet normal 0.81068 0.00031161 0.585489
    outer loop
      vertex 48.7765 36.8978 22.9249
      vertex 59.1944 37 8.5
      vertex 48.3916 36.9743 23.4578
    endloop
  endfacet
  facet normal 0.810683 -0.000501731 0.585485
    outer loop
      vertex 49.148 36.7716 22.4104
      vertex 59.1944 37 8.5
      vertex 48.7765 36.8978 22.9249
    endloop
  endfacet
  facet normal 0.810677 0.000272953 0.585493
    outer loop
      vertex 49.5 36.5981 21.9231
      vertex 59.1944 37 8.5
      vertex 49.148 36.7716 22.4104
    endloop
  endfacet
  facet normal 0.810681 7.20214e-06 0.585488
    outer loop
      vertex 49.8263 36.3801 21.4713
      vertex 59.1944 37 8.5
      vertex 49.5 36.5981 21.9231
    endloop
  endfacet
  facet normal 0.810683 -7.5304e-05 0.585486
    outer loop
      vertex 50.1213 36.1213 21.0628
      vertex 59.1944 37 8.5
      vertex 49.8263 36.3801 21.4713
    endloop
  endfacet
  facet normal 0.810678 7.27659e-05 0.585492
    outer loop
      vertex 50.3801 35.8263 20.7045
      vertex 59.1944 37 8.5
      vertex 50.1213 36.1213 21.0628
    endloop
  endfacet
  facet normal 0.810678 7.94984e-05 0.585493
    outer loop
      vertex 50.5981 35.5 20.4027
      vertex 59.1944 37 8.5
      vertex 50.3801 35.8263 20.7045
    endloop
  endfacet
  facet normal 0.810698 -0.00025514 0.585465
    outer loop
      vertex 50.7716 35.148 20.1623
      vertex 59.1944 37 8.5
      vertex 50.5981 35.5 20.4027
    endloop
  endfacet
  facet normal 0.810663 0.000202214 0.585513
    outer loop
      vertex 50.8978 34.7765 19.9877
      vertex 59.1944 37 8.5
      vertex 50.7716 35.148 20.1623
    endloop
  endfacet
  facet normal 0.810692 -0.000109759 0.585473
    outer loop
      vertex 50.9743 34.3916 19.8817
      vertex 59.1944 37 8.5
      vertex 50.8978 34.7765 19.9877
    endloop
  endfacet
  facet normal 0.810666 0.000124039 0.585508
    outer loop
      vertex 51 34 19.8462
      vertex 59.1944 37 8.5
      vertex 50.9743 34.3916 19.8817
    endloop
  endfacet
  facet normal 0.810682 -0 0.585487
    outer loop
      vertex 51 16 19.8462
      vertex 59.1944 37 8.5
      vertex 51 34 19.8462
    endloop
  endfacet
  facet normal 0.810666 -0.000124039 0.585508
    outer loop
      vertex 59.1944 13 8.5
      vertex 51 16 19.8462
      vertex 50.9743 15.6084 19.8817
    endloop
  endfacet
  facet normal 0.810692 0.000109759 0.585473
    outer loop
      vertex 59.1944 13 8.5
      vertex 50.9743 15.6084 19.8817
      vertex 50.8978 15.2235 19.9877
    endloop
  endfacet
  facet normal 0.810663 -0.000202164 0.585513
    outer loop
      vertex 59.1944 13 8.5
      vertex 50.8978 15.2235 19.9877
      vertex 50.7716 14.8519 20.1623
    endloop
  endfacet
  facet normal 0.810682 0 0.585487
    outer loop
      vertex 51 16 19.8462
      vertex 59.1944 13 8.5
      vertex 59.1944 37 8.5
    endloop
  endfacet
  facet normal 0.810698 0.000255207 0.585465
    outer loop
      vertex 50.5981 14.5 20.4027
      vertex 59.1944 13 8.5
      vertex 50.7716 14.8519 20.1623
    endloop
  endfacet
  facet normal 0.810678 -7.94984e-05 0.585493
    outer loop
      vertex 50.3801 14.1737 20.7045
      vertex 59.1944 13 8.5
      vertex 50.5981 14.5 20.4027
    endloop
  endfacet
  facet normal 0.810678 -7.27659e-05 0.585492
    outer loop
      vertex 50.1213 13.8787 21.0628
      vertex 59.1944 13 8.5
      vertex 50.3801 14.1737 20.7045
    endloop
  endfacet
  facet normal 0.810683 7.5304e-05 0.585486
    outer loop
      vertex 49.8263 13.6199 21.4713
      vertex 59.1944 13 8.5
      vertex 50.1213 13.8787 21.0628
    endloop
  endfacet
  facet normal 0.810681 -7.20214e-06 0.585488
    outer loop
      vertex 49.5 13.4019 21.9231
      vertex 59.1944 13 8.5
      vertex 49.8263 13.6199 21.4713
    endloop
  endfacet
  facet normal 0.810677 -0.000272953 0.585493
    outer loop
      vertex 49.148 13.2284 22.4104
      vertex 59.1944 13 8.5
      vertex 49.5 13.4019 21.9231
    endloop
  endfacet
  facet normal 0.810683 0.000501731 0.585485
    outer loop
      vertex 48.7765 13.1022 22.9249
      vertex 59.1944 13 8.5
      vertex 49.148 13.2284 22.4104
    endloop
  endfacet
  facet normal 0.81068 -0.00031161 0.585489
    outer loop
      vertex 48.3916 13.0257 23.4578
      vertex 59.1944 13 8.5
      vertex 48.7765 13.1022 22.9249
    endloop
  endfacet
  facet normal 0.81068 -0.00039953 0.585489
    outer loop
      vertex 59.1944 13 8.5
      vertex 48.3916 13.0257 23.4578
      vertex 48 13 24
    endloop
  endfacet
  facet normal 0 1 -0
    outer loop
      vertex 67.2 47 3.995
      vertex 8.8 47 4
      vertex 67.2 47 4
    endloop
  endfacet
  facet normal 0 1 0
    outer loop
      vertex 67.2 47 3.995
      vertex 8.8 47 3.995
      vertex 8.8 47 4
    endloop
  endfacet
  facet normal 0 1 -0
    outer loop
      vertex 67.0953 47 -0.00499916
      vertex 8.8 47 3.995
      vertex 67.2 47 3.995
    endloop
  endfacet
  facet normal 0 1 0
    outer loop
      vertex 8.8 47 3.995
      vertex 67.0953 47 -0.00499916
      vertex 8.90474 47 -0.00499916
    endloop
  endfacet
  facet normal 0 -1 0
    outer loop
      vertex 8.8 3 3.995
      vertex 67.2 3 4
      vertex 8.8 3 4
    endloop
  endfacet
  facet normal 0 -1 0
    outer loop
      vertex 8.8 3 3.995
      vertex 67.2 3 3.995
      vertex 67.2 3 4
    endloop
  endfacet
  facet normal 0 -1 0
    outer loop
      vertex 8.90474 3 -0.00499916
      vertex 67.2 3 3.995
      vertex 8.8 3 3.995
    endloop
  endfacet
  facet normal 0 -1 0
    outer loop
      vertex 67.2 3 3.995
      vertex 8.90474 3 -0.00499916
      vertex 67.0953 3 -0.00499916
    endloop
  endfacet
  facet normal 0 0 -1
    outer loop
      vertex 8.90474 3 -0.00499916
      vertex 67.0953 47 -0.00499916
      vertex 67.0953 3 -0.00499916
    endloop
  endfacet
  facet normal -0 0 -1
    outer loop
      vertex 67.0953 47 -0.00499916
      vertex 8.90474 3 -0.00499916
      vertex 8.90474 47 -0.00499916
    endloop
  endfacet
  facet normal -1 0 0
    outer loop
      vertex 8.8 3 3.995
      vertex 8.8 47 4
      vertex 8.8 47 3.995
    endloop
  endfacet
  facet normal -1 -0 0
    outer loop
      vertex 8.8 47 4
      vertex 8.8 3 3.995
      vertex 8.8 3 4
    endloop
  endfacet
  facet normal 1 -0 0
    outer loop
      vertex 67.2 3 4
      vertex 67.2 47 3.995
      vertex 67.2 47 4
    endloop
  endfacet
  facet normal 1 0 0
    outer loop
      vertex 67.2 47 3.995
      vertex 67.2 3 4
      vertex 67.2 3 3.995
    endloop
  endfacet
  facet normal -0.999657 0 -0.026176
    outer loop
      vertex 8.90474 3 -0.00499916
      vertex 8.8 47 3.995
      vertex 8.90474 47 -0.00499916
    endloop
  endfacet
  facet normal -0.999657 -0 -0.026176
    outer loop
      vertex 8.8 47 3.995
      vertex 8.90474 3 -0.00499916
      vertex 8.8 3 3.995
    endloop
  endfacet
  facet normal 0.999658 0 -0.026166
    outer loop
      vertex 67.2 3 3.995
      vertex 67.0953 47 -0.00499916
      vertex 67.2 47 3.995
    endloop
  endfacet
  facet normal 0.999658 0 -0.026166
    outer loop
      vertex 67.0953 47 -0.00499916
      vertex 67.2 3 3.995
      vertex 67.0953 3 -0.00499916
    endloop
  endfacet
  facet normal 0.896936 -0.44216 0
    outer loop
      vertex 75.5981 1.5 8.5
      vertex 75.7716 1.85195 4
      vertex 75.7716 1.85195 8.5
    endloop
  endfacet
  facet normal 0.896936 -0.44216 0
    outer loop
      vertex 75.7716 1.85195 4
      vertex 75.5981 1.5 8.5
      vertex 75.5981 1.5 4
    endloop
  endfacet
  facet normal 0.946882 -0.321582 0
    outer loop
      vertex 75.7716 1.85195 8.5
      vertex 75.8978 2.22354 4
      vertex 75.8978 2.22354 8.5
    endloop
  endfacet
  facet normal 0.946882 -0.321582 0
    outer loop
      vertex 75.8978 2.22354 4
      vertex 75.7716 1.85195 8.5
      vertex 75.7716 1.85195 4
    endloop
  endfacet
  facet normal -0.0654026 -0.997859 0
    outer loop
      vertex 2.60842 0.0256653 4
      vertex 3 0 8.5
      vertex 2.60842 0.0256653 8.5
    endloop
  endfacet
  facet normal -0.0654026 -0.997859 -0
    outer loop
      vertex 3 0 8.5
      vertex 2.60842 0.0256653 4
      vertex 3 0 4
    endloop
  endfacet
  facet normal 0.0654873 0.997853 -0
    outer loop
      vertex 73.3916 49.9743 4
      vertex 73 50 8.5
      vertex 73.3916 49.9743 8.5
    endloop
  endfacet
  facet normal 0.0654873 0.997853 0
    outer loop
      vertex 73 50 8.5
      vertex 73.3916 49.9743 4
      vertex 73 50 4
    endloop
  endfacet
  facet normal -0.19495 0.980813 0
    outer loop
      vertex 2.60842 49.9743 4
      vertex 2.22354 49.8978 8.5
      vertex 2.60842 49.9743 8.5
    endloop
  endfacet
  facet normal -0.19495 0.980813 0
    outer loop
      vertex 2.22354 49.8978 8.5
      vertex 2.60842 49.9743 4
      vertex 2.22354 49.8978 4
    endloop
  endfacet
  facet normal 0.321512 -0.946905 0
    outer loop
      vertex 73.7765 0.102222 4
      vertex 74.148 0.228361 8.5
      vertex 73.7765 0.102222 8.5
    endloop
  endfacet
  facet normal 0.321512 -0.946905 0
    outer loop
      vertex 74.148 0.228361 8.5
      vertex 73.7765 0.102222 4
      vertex 74.148 0.228361 4
    endloop
  endfacet
  facet normal 0.980815 0.19494 0
    outer loop
      vertex 75.9743 47.3916 8.5
      vertex 75.8978 47.7765 4
      vertex 75.8978 47.7765 8.5
    endloop
  endfacet
  facet normal 0.980815 0.19494 0
    outer loop
      vertex 75.8978 47.7765 4
      vertex 75.9743 47.3916 8.5
      vertex 75.9743 47.3916 4
    endloop
  endfacet
  facet normal 0 -1 0
    outer loop
      vertex 3 0 4
      vertex 73 0 8.5
      vertex 3 0 8.5
    endloop
  endfacet
  facet normal 0 -1 -0
    outer loop
      vertex 73 0 8.5
      vertex 3 0 4
      vertex 73 0 4
    endloop
  endfacet
  facet normal -0.0654906 0.997853 0
    outer loop
      vertex 3 50 4
      vertex 2.60842 49.9743 8.5
      vertex 3 50 8.5
    endloop
  endfacet
  facet normal -0.0654906 0.997853 0
    outer loop
      vertex 2.60842 49.9743 8.5
      vertex 3 50 4
      vertex 2.60842 49.9743 4
    endloop
  endfacet
  facet normal -0.555547 0.831485 0
    outer loop
      vertex 1.5 49.5981 4
      vertex 1.17372 49.3801 8.5
      vertex 1.5 49.5981 8.5
    endloop
  endfacet
  facet normal -0.555547 0.831485 0
    outer loop
      vertex 1.17372 49.3801 8.5
      vertex 1.5 49.5981 4
      vertex 1.17372 49.3801 4
    endloop
  endfacet
  facet normal -0.946929 -0.321442 0
    outer loop
      vertex 0.228361 1.85195 4
      vertex 0.102222 2.22354 8.5
      vertex 0.102222 2.22354 4
    endloop
  endfacet
  facet normal -0.946929 -0.321442 0
    outer loop
      vertex 0.102222 2.22354 8.5
      vertex 0.228361 1.85195 4
      vertex 0.228361 1.85195 8.5
    endloop
  endfacet
  facet normal 0.831485 -0.555547 0
    outer loop
      vertex 75.3801 1.17372 8.5
      vertex 75.5981 1.5 4
      vertex 75.5981 1.5 8.5
    endloop
  endfacet
  facet normal 0.831485 -0.555547 0
    outer loop
      vertex 75.5981 1.5 4
      vertex 75.3801 1.17372 8.5
      vertex 75.3801 1.17372 4
    endloop
  endfacet
  facet normal -1 0 0
    outer loop
      vertex 0 3 4
      vertex 0 47 8.5
      vertex 0 47 4
    endloop
  endfacet
  facet normal -1 -0 0
    outer loop
      vertex 0 47 8.5
      vertex 0 3 4
      vertex 0 3 8.5
    endloop
  endfacet
  facet normal 0.321651 0.946858 -0
    outer loop
      vertex 74.148 49.7716 4
      vertex 73.7765 49.8978 8.5
      vertex 74.148 49.7716 8.5
    endloop
  endfacet
  facet normal 0.321651 0.946858 0
    outer loop
      vertex 73.7765 49.8978 8.5
      vertex 74.148 49.7716 4
      vertex 73.7765 49.8978 4
    endloop
  endfacet
  facet normal 0.997853 0.0654873 0
    outer loop
      vertex 76 47 8.5
      vertex 75.9743 47.3916 4
      vertex 75.9743 47.3916 8.5
    endloop
  endfacet
  facet normal 0.997853 0.0654873 0
    outer loop
      vertex 75.9743 47.3916 4
      vertex 76 47 8.5
      vertex 76 47 4
    endloop
  endfacet
  facet normal -0.195089 -0.980786 0
    outer loop
      vertex 2.22354 0.102222 4
      vertex 2.60842 0.0256653 8.5
      vertex 2.22354 0.102222 8.5
    endloop
  endfacet
  facet normal -0.195089 -0.980786 -0
    outer loop
      vertex 2.60842 0.0256653 8.5
      vertex 2.22354 0.102222 4
      vertex 2.60842 0.0256653 4
    endloop
  endfacet
  facet normal -0.946905 0.321512 0
    outer loop
      vertex 0.102222 47.7765 4
      vertex 0.228361 48.148 8.5
      vertex 0.228361 48.148 4
    endloop
  endfacet
  facet normal -0.946905 0.321512 0
    outer loop
      vertex 0.228361 48.148 8.5
      vertex 0.102222 47.7765 4
      vertex 0.102222 47.7765 8.5
    endloop
  endfacet
  facet normal 0.555553 -0.831481 0
    outer loop
      vertex 74.5 0.401923 4
      vertex 74.8263 0.61994 8.5
      vertex 74.5 0.401923 8.5
    endloop
  endfacet
  facet normal 0.555553 -0.831481 0
    outer loop
      vertex 74.8263 0.61994 8.5
      vertex 74.5 0.401923 4
      vertex 74.8263 0.61994 4
    endloop
  endfacet
  facet normal 0.442237 -0.896898 0
    outer loop
      vertex 74.148 0.228361 4
      vertex 74.5 0.401923 8.5
      vertex 74.148 0.228361 8.5
    endloop
  endfacet
  facet normal 0.442237 -0.896898 0
    outer loop
      vertex 74.5 0.401923 8.5
      vertex 74.148 0.228361 4
      vertex 74.5 0.401923 4
    endloop
  endfacet
  facet normal 0.0653993 -0.997859 0
    outer loop
      vertex 73 0 4
      vertex 73.3916 0.0256653 8.5
      vertex 73 0 8.5
    endloop
  endfacet
  facet normal 0.0653993 -0.997859 0
    outer loop
      vertex 73.3916 0.0256653 8.5
      vertex 73 0 4
      vertex 73.3916 0.0256653 4
    endloop
  endfacet
  facet normal 0.946858 0.321651 0
    outer loop
      vertex 75.8978 47.7765 8.5
      vertex 75.7716 48.148 4
      vertex 75.7716 48.148 8.5
    endloop
  endfacet
  facet normal 0.946858 0.321651 0
    outer loop
      vertex 75.7716 48.148 4
      vertex 75.8978 47.7765 8.5
      vertex 75.8978 47.7765 4
    endloop
  endfacet
  facet normal -0.980786 -0.195089 0
    outer loop
      vertex 0.102222 2.22354 4
      vertex 0.0256653 2.60842 8.5
      vertex 0.0256653 2.60842 4
    endloop
  endfacet
  facet normal -0.980786 -0.195089 0
    outer loop
      vertex 0.0256653 2.60842 8.5
      vertex 0.102222 2.22354 4
      vertex 0.102222 2.22354 8.5
    endloop
  endfacet
  facet normal 0.997853 -0.0654906 0
    outer loop
      vertex 75.9743 2.60842 8.5
      vertex 76 3 4
      vertex 76 3 8.5
    endloop
  endfacet
  facet normal 0.997853 -0.0654906 0
    outer loop
      vertex 76 3 4
      vertex 75.9743 2.60842 8.5
      vertex 75.9743 2.60842 4
    endloop
  endfacet
  facet normal 1 -0 0
    outer loop
      vertex 76 3 8.5
      vertex 76 47 4
      vertex 76 47 8.5
    endloop
  endfacet
  facet normal 1 0 0
    outer loop
      vertex 76 47 4
      vertex 76 3 8.5
      vertex 76 3 4
    endloop
  endfacet
  facet normal 0.65939 -0.751801 0
    outer loop
      vertex 74.8263 0.61994 4
      vertex 75.1213 0.878679 8.5
      vertex 74.8263 0.61994 8.5
    endloop
  endfacet
  facet normal 0.65939 -0.751801 0
    outer loop
      vertex 75.1213 0.878679 8.5
      vertex 74.8263 0.61994 4
      vertex 75.1213 0.878679 4
    endloop
  endfacet
  facet normal 0 1 -0
    outer loop
      vertex 73 50 4
      vertex 3 50 8.5
      vertex 73 50 8.5
    endloop
  endfacet
  facet normal 0 1 0
    outer loop
      vertex 3 50 8.5
      vertex 73 50 4
      vertex 3 50 4
    endloop
  endfacet
  facet normal -0.321442 -0.946929 0
    outer loop
      vertex 1.85195 0.228361 4
      vertex 2.22354 0.102222 8.5
      vertex 1.85195 0.228361 8.5
    endloop
  endfacet
  facet normal -0.321442 -0.946929 -0
    outer loop
      vertex 2.22354 0.102222 8.5
      vertex 1.85195 0.228361 4
      vertex 2.22354 0.102222 4
    endloop
  endfacet
  facet normal -0.555577 -0.831465 0
    outer loop
      vertex 1.17372 0.61994 4
      vertex 1.5 0.401923 8.5
      vertex 1.17372 0.61994 8.5
    endloop
  endfacet
  facet normal -0.555577 -0.831465 -0
    outer loop
      vertex 1.5 0.401923 8.5
      vertex 1.17372 0.61994 4
      vertex 1.5 0.401923 4
    endloop
  endfacet
  facet normal -0.321582 0.946882 0
    outer loop
      vertex 2.22354 49.8978 4
      vertex 1.85195 49.7716 8.5
      vertex 2.22354 49.8978 8.5
    endloop
  endfacet
  facet normal -0.321582 0.946882 0
    outer loop
      vertex 1.85195 49.7716 8.5
      vertex 2.22354 49.8978 4
      vertex 1.85195 49.7716 4
    endloop
  endfacet
  facet normal -0.896873 -0.442288 0
    outer loop
      vertex 0.401923 1.5 4
      vertex 0.228361 1.85195 8.5
      vertex 0.228361 1.85195 4
    endloop
  endfacet
  facet normal -0.896873 -0.442288 0
    outer loop
      vertex 0.228361 1.85195 8.5
      vertex 0.401923 1.5 4
      vertex 0.401923 1.5 8.5
    endloop
  endfacet
  facet normal 0.19494 0.980815 -0
    outer loop
      vertex 73.7765 49.8978 4
      vertex 73.3916 49.9743 8.5
      vertex 73.7765 49.8978 8.5
    endloop
  endfacet
  facet normal 0.19494 0.980815 0
    outer loop
      vertex 73.3916 49.9743 8.5
      vertex 73.7765 49.8978 4
      vertex 73.3916 49.9743 4
    endloop
  endfacet
  facet normal -0.980788 0.195079 0
    outer loop
      vertex 0.0256653 47.3916 4
      vertex 0.102222 47.7765 8.5
      vertex 0.102222 47.7765 4
    endloop
  endfacet
  facet normal -0.980788 0.195079 0
    outer loop
      vertex 0.102222 47.7765 8.5
      vertex 0.0256653 47.3916 4
      vertex 0.0256653 47.3916 8.5
    endloop
  endfacet
  facet normal -0.997859 0.0653993 0
    outer loop
      vertex 0 47 4
      vertex 0.0256653 47.3916 8.5
      vertex 0.0256653 47.3916 4
    endloop
  endfacet
  facet normal -0.997859 0.0653993 0
    outer loop
      vertex 0.0256653 47.3916 8.5
      vertex 0 47 4
      vertex 0 47 8.5
    endloop
  endfacet
  facet normal 0.44211 0.896961 -0
    outer loop
      vertex 74.5 49.5981 4
      vertex 74.148 49.7716 8.5
      vertex 74.5 49.5981 8.5
    endloop
  endfacet
  facet normal 0.44211 0.896961 0
    outer loop
      vertex 74.148 49.7716 8.5
      vertex 74.5 49.5981 4
      vertex 74.148 49.7716 4
    endloop
  endfacet
  facet normal 0.980813 -0.19495 0
    outer loop
      vertex 75.8978 2.22354 8.5
      vertex 75.9743 2.60842 4
      vertex 75.9743 2.60842 8.5
    endloop
  endfacet
  facet normal 0.980813 -0.19495 0
    outer loop
      vertex 75.9743 2.60842 4
      vertex 75.8978 2.22354 8.5
      vertex 75.8978 2.22354 4
    endloop
  endfacet
  facet normal -0.442288 -0.896873 0
    outer loop
      vertex 1.5 0.401923 4
      vertex 1.85195 0.228361 8.5
      vertex 1.5 0.401923 8.5
    endloop
  endfacet
  facet normal -0.442288 -0.896873 -0
    outer loop
      vertex 1.85195 0.228361 8.5
      vertex 1.5 0.401923 4
      vertex 1.85195 0.228361 4
    endloop
  endfacet
  facet normal -0.44216 0.896936 0
    outer loop
      vertex 1.85195 49.7716 4
      vertex 1.5 49.5981 8.5
      vertex 1.85195 49.7716 8.5
    endloop
  endfacet
  facet normal -0.44216 0.896936 0
    outer loop
      vertex 1.5 49.5981 8.5
      vertex 1.85195 49.7716 4
      vertex 1.5 49.5981 4
    endloop
  endfacet
  facet normal -0.751846 -0.659339 0
    outer loop
      vertex 0.878679 0.878679 4
      vertex 0.61994 1.17372 8.5
      vertex 0.61994 1.17372 4
    endloop
  endfacet
  facet normal -0.751846 -0.659339 0
    outer loop
      vertex 0.61994 1.17372 8.5
      vertex 0.878679 0.878679 4
      vertex 0.878679 0.878679 8.5
    endloop
  endfacet
  facet normal 0.751769 -0.659426 0
    outer loop
      vertex 75.1213 0.878679 8.5
      vertex 75.3801 1.17372 4
      vertex 75.3801 1.17372 8.5
    endloop
  endfacet
  facet normal 0.751769 -0.659426 0
    outer loop
      vertex 75.3801 1.17372 4
      vertex 75.1213 0.878679 8.5
      vertex 75.1213 0.878679 4
    endloop
  endfacet
  facet normal 0.195079 -0.980788 0
    outer loop
      vertex 73.3916 0.0256653 4
      vertex 73.7765 0.102222 8.5
      vertex 73.3916 0.0256653 8.5
    endloop
  endfacet
  facet normal 0.195079 -0.980788 0
    outer loop
      vertex 73.7765 0.102222 8.5
      vertex 73.3916 0.0256653 4
      vertex 73.7765 0.102222 4
    endloop
  endfacet
  facet normal -0.659339 -0.751846 0
    outer loop
      vertex 0.878679 0.878679 4
      vertex 1.17372 0.61994 8.5
      vertex 0.878679 0.878679 8.5
    endloop
  endfacet
  facet normal -0.659339 -0.751846 -0
    outer loop
      vertex 1.17372 0.61994 8.5
      vertex 0.878679 0.878679 4
      vertex 1.17372 0.61994 4
    endloop
  endfacet
  facet normal -0.997859 -0.0654026 0
    outer loop
      vertex 0.0256653 2.60842 4
      vertex 0 3 8.5
      vertex 0 3 4
    endloop
  endfacet
  facet normal -0.997859 -0.0654026 0
    outer loop
      vertex 0 3 8.5
      vertex 0.0256653 2.60842 4
      vertex 0.0256653 2.60842 8.5
    endloop
  endfacet
  facet normal -0.831481 0.555553 0
    outer loop
      vertex 0.401923 48.5 4
      vertex 0.61994 48.8263 8.5
      vertex 0.61994 48.8263 4
    endloop
  endfacet
  facet normal -0.831481 0.555553 0
    outer loop
      vertex 0.61994 48.8263 8.5
      vertex 0.401923 48.5 4
      vertex 0.401923 48.5 8.5
    endloop
  endfacet
  facet normal -0.751801 0.65939 0
    outer loop
      vertex 0.61994 48.8263 4
      vertex 0.878679 49.1213 8.5
      vertex 0.878679 49.1213 4
    endloop
  endfacet
  facet normal -0.751801 0.65939 0
    outer loop
      vertex 0.878679 49.1213 8.5
      vertex 0.61994 48.8263 4
      vertex 0.61994 48.8263 8.5
    endloop
  endfacet
  facet normal -0.659426 0.751769 0
    outer loop
      vertex 1.17372 49.3801 4
      vertex 0.878679 49.1213 8.5
      vertex 1.17372 49.3801 8.5
    endloop
  endfacet
  facet normal -0.659426 0.751769 0
    outer loop
      vertex 0.878679 49.1213 8.5
      vertex 1.17372 49.3801 4
      vertex 0.878679 49.1213 4
    endloop
  endfacet
  facet normal 0 0 1
    outer loop
      vertex 73 50 8.5
      vertex 76 47 8.5
      vertex 75.9743 47.3916 8.5
    endloop
  endfacet
  facet normal 0 0 1
    outer loop
      vertex 76 47 8.5
      vertex 59.1944 37 8.5
      vertex 76 3 8.5
    endloop
  endfacet
  facet normal 0 0 1
    outer loop
      vertex 73 50 8.5
      vertex 75.9743 47.3916 8.5
      vertex 75.8978 47.7765 8.5
    endloop
  endfacet
  facet normal -0 0 1
    outer loop
      vertex 59.1944 13 8.5
      vertex 76 3 8.5
      vertex 59.1944 37 8.5
    endloop
  endfacet
  facet normal 0 0 1
    outer loop
      vertex 73 50 8.5
      vertex 75.8978 47.7765 8.5
      vertex 75.7716 48.148 8.5
    endloop
  endfacet
  facet normal 0 -0 1
    outer loop
      vertex 73 0 8.5
      vertex 76 3 8.5
      vertex 59.1944 13 8.5
    endloop
  endfacet
  facet normal 0 0 1
    outer loop
      vertex 73 50 8.5
      vertex 75.7716 48.148 8.5
      vertex 75.5981 48.5 8.5
    endloop
  endfacet
  facet normal 0 0 1
    outer loop
      vertex 76 3 8.5
      vertex 73 0 8.5
      vertex 75.9743 2.60842 8.5
    endloop
  endfacet
  facet normal 0 0 1
    outer loop
      vertex 73 50 8.5
      vertex 75.5981 48.5 8.5
      vertex 75.3801 48.8263 8.5
    endloop
  endfacet
  facet normal 0 0 1
    outer loop
      vertex 75.9743 2.60842 8.5
      vertex 73 0 8.5
      vertex 75.8978 2.22354 8.5
    endloop
  endfacet
  facet normal 0 0 1
    outer loop
      vertex 73 50 8.5
      vertex 75.3801 48.8263 8.5
      vertex 75.1213 49.1213 8.5
    endloop
  endfacet
  facet normal 0 0 1
    outer loop
      vertex 75.8978 2.22354 8.5
      vertex 73 0 8.5
      vertex 75.7716 1.85195 8.5
    endloop
  endfacet
  facet normal 0 0 1
    outer loop
      vertex 73 50 8.5
      vertex 75.1213 49.1213 8.5
      vertex 74.8263 49.3801 8.5
    endloop
  endfacet
  facet normal 0 0 1
    outer loop
      vertex 75.7716 1.85195 8.5
      vertex 73 0 8.5
      vertex 75.5981 1.5 8.5
    endloop
  endfacet
  facet normal 0 0 1
    outer loop
      vertex 73 50 8.5
      vertex 74.8263 49.3801 8.5
      vertex 74.5 49.5981 8.5
    endloop
  endfacet
  facet normal 0 0 1
    outer loop
      vertex 75.5981 1.5 8.5
      vertex 73 0 8.5
      vertex 75.3801 1.17372 8.5
    endloop
  endfacet
  facet normal 0 0 1
    outer loop
      vertex 73 50 8.5
      vertex 74.5 49.5981 8.5
      vertex 74.148 49.7716 8.5
    endloop
  endfacet
  facet normal 0 0 1
    outer loop
      vertex 75.3801 1.17372 8.5
      vertex 73 0 8.5
      vertex 75.1213 0.878679 8.5
    endloop
  endfacet
  facet normal 0 0 1
    outer loop
      vertex 73 50 8.5
      vertex 74.148 49.7716 8.5
      vertex 73.7765 49.8978 8.5
    endloop
  endfacet
  facet normal 0 0 1
    outer loop
      vertex 75.1213 0.878679 8.5
      vertex 73 0 8.5
      vertex 74.8263 0.61994 8.5
    endloop
  endfacet
  facet normal 0 0 1
    outer loop
      vertex 73 50 8.5
      vertex 73.7765 49.8978 8.5
      vertex 73.3916 49.9743 8.5
    endloop
  endfacet
  facet normal 0 0 1
    outer loop
      vertex 74.8263 0.61994 8.5
      vertex 73 0 8.5
      vertex 74.5 0.401923 8.5
    endloop
  endfacet
  facet normal 0 0 1
    outer loop
      vertex 76 47 8.5
      vertex 73 50 8.5
      vertex 59.1944 37 8.5
    endloop
  endfacet
  facet normal 0 0 1
    outer loop
      vertex 74.5 0.401923 8.5
      vertex 73 0 8.5
      vertex 74.148 0.228361 8.5
    endloop
  endfacet
  facet normal 0 0 1
    outer loop
      vertex 74.148 0.228361 8.5
      vertex 73 0 8.5
      vertex 73.7765 0.102222 8.5
    endloop
  endfacet
  facet normal 0 0 1
    outer loop
      vertex 73 50 8.5
      vertex 16.8056 37 8.5
      vertex 59.1944 37 8.5
    endloop
  endfacet
  facet normal -0 0 1
    outer loop
      vertex 0 47 8.5
      vertex 16.8056 37 8.5
      vertex 3 50 8.5
    endloop
  endfacet
  facet normal -0 0 1
    outer loop
      vertex 3 50 8.5
      vertex 16.8056 37 8.5
      vertex 73 50 8.5
    endloop
  endfacet
  facet normal 0 0 1
    outer loop
      vertex 73.7765 0.102222 8.5
      vertex 73 0 8.5
      vertex 73.3916 0.0256653 8.5
    endloop
  endfacet
  facet normal -0 0 1
    outer loop
      vertex 16.8056 13 8.5
      vertex 73 0 8.5
      vertex 59.1944 13 8.5
    endloop
  endfacet
  facet normal 0 0 1
    outer loop
      vertex 16.8056 13 8.5
      vertex 3 0 8.5
      vertex 73 0 8.5
    endloop
  endfacet
  facet normal 0 0 1
    outer loop
      vertex 16.8056 37 8.5
      vertex 0 47 8.5
      vertex 16.8056 13 8.5
    endloop
  endfacet
  facet normal 0 0 1
    outer loop
      vertex 0 47 8.5
      vertex 3 50 8.5
      vertex 2.60842 49.9743 8.5
    endloop
  endfacet
  facet normal 0 0 1
    outer loop
      vertex 0 3 8.5
      vertex 16.8056 13 8.5
      vertex 0 47 8.5
    endloop
  endfacet
  facet normal 0 0 1
    outer loop
      vertex 0 47 8.5
      vertex 2.60842 49.9743 8.5
      vertex 2.22354 49.8978 8.5
    endloop
  endfacet
  facet normal 0 0 1
    outer loop
      vertex 16.8056 13 8.5
      vertex 0 3 8.5
      vertex 3 0 8.5
    endloop
  endfacet
  facet normal 0 0 1
    outer loop
      vertex 0 47 8.5
      vertex 2.22354 49.8978 8.5
      vertex 1.85195 49.7716 8.5
    endloop
  endfacet
  facet normal 0 0 1
    outer loop
      vertex 3 0 8.5
      vertex 0 3 8.5
      vertex 2.60842 0.0256653 8.5
    endloop
  endfacet
  facet normal 0 0 1
    outer loop
      vertex 0 47 8.5
      vertex 1.85195 49.7716 8.5
      vertex 1.5 49.5981 8.5
    endloop
  endfacet
  facet normal 0 0 1
    outer loop
      vertex 2.60842 0.0256653 8.5
      vertex 0 3 8.5
      vertex 2.22354 0.102222 8.5
    endloop
  endfacet
  facet normal 0 0 1
    outer loop
      vertex 0 47 8.5
      vertex 1.5 49.5981 8.5
      vertex 1.17372 49.3801 8.5
    endloop
  endfacet
  facet normal 0 0 1
    outer loop
      vertex 2.22354 0.102222 8.5
      vertex 0 3 8.5
      vertex 1.85195 0.228361 8.5
    endloop
  endfacet
  facet normal 0 0 1
    outer loop
      vertex 0 47 8.5
      vertex 1.17372 49.3801 8.5
      vertex 0.878679 49.1213 8.5
    endloop
  endfacet
  facet normal 0 0 1
    outer loop
      vertex 1.85195 0.228361 8.5
      vertex 0 3 8.5
      vertex 1.5 0.401923 8.5
    endloop
  endfacet
  facet normal 0 0 1
    outer loop
      vertex 0 47 8.5
      vertex 0.878679 49.1213 8.5
      vertex 0.61994 48.8263 8.5
    endloop
  endfacet
  facet normal 0 0 1
    outer loop
      vertex 1.5 0.401923 8.5
      vertex 0 3 8.5
      vertex 1.17372 0.61994 8.5
    endloop
  endfacet
  facet normal 0 0 1
    outer loop
      vertex 0 47 8.5
      vertex 0.61994 48.8263 8.5
      vertex 0.401923 48.5 8.5
    endloop
  endfacet
  facet normal 0 0 1
    outer loop
      vertex 1.17372 0.61994 8.5
      vertex 0 3 8.5
      vertex 0.878679 0.878679 8.5
    endloop
  endfacet
  facet normal 0 0 1
    outer loop
      vertex 0 47 8.5
      vertex 0.401923 48.5 8.5
      vertex 0.228361 48.148 8.5
    endloop
  endfacet
  facet normal 0 0 1
    outer loop
      vertex 0.878679 0.878679 8.5
      vertex 0 3 8.5
      vertex 0.61994 1.17372 8.5
    endloop
  endfacet
  facet normal 0 0 1
    outer loop
      vertex 0 47 8.5
      vertex 0.228361 48.148 8.5
      vertex 0.102222 47.7765 8.5
    endloop
  endfacet
  facet normal 0 0 1
    outer loop
      vertex 0.61994 1.17372 8.5
      vertex 0 3 8.5
      vertex 0.401923 1.5 8.5
    endloop
  endfacet
  facet normal 0 0 1
    outer loop
      vertex 0 47 8.5
      vertex 0.102222 47.7765 8.5
      vertex 0.0256653 47.3916 8.5
    endloop
  endfacet
  facet normal 0 0 1
    outer loop
      vertex 0.401923 1.5 8.5
      vertex 0 3 8.5
      vertex 0.228361 1.85195 8.5
    endloop
  endfacet
  facet normal 0 0 1
    outer loop
      vertex 0.228361 1.85195 8.5
      vertex 0 3 8.5
      vertex 0.102222 2.22354 8.5
    endloop
  endfacet
  facet normal 0 0 1
    outer loop
      vertex 0.102222 2.22354 8.5
      vertex 0 3 8.5
      vertex 0.0256653 2.60842 8.5
    endloop
  endfacet
  facet normal 0.659478 0.751724 -0
    outer loop
      vertex 75.1213 49.1213 4
      vertex 74.8263 49.3801 8.5
      vertex 75.1213 49.1213 8.5
    endloop
  endfacet
  facet normal 0.659478 0.751724 0
    outer loop
      vertex 74.8263 49.3801 8.5
      vertex 75.1213 49.1213 4
      vertex 74.8263 49.3801 4
    endloop
  endfacet
  facet normal -0.831465 -0.555577 0
    outer loop
      vertex 0.61994 1.17372 4
      vertex 0.401923 1.5 8.5
      vertex 0.401923 1.5 4
    endloop
  endfacet
  facet normal -0.831465 -0.555577 0
    outer loop
      vertex 0.401923 1.5 8.5
      vertex 0.61994 1.17372 4
      vertex 0.61994 1.17372 8.5
    endloop
  endfacet
  facet normal -0.896898 0.442237 0
    outer loop
      vertex 0.228361 48.148 4
      vertex 0.401923 48.5 8.5
      vertex 0.401923 48.5 4
    endloop
  endfacet
  facet normal -0.896898 0.442237 0
    outer loop
      vertex 0.401923 48.5 8.5
      vertex 0.228361 48.148 4
      vertex 0.228361 48.148 8.5
    endloop
  endfacet
  facet normal 0 0 -1
    outer loop
      vertex 73 0 4
      vertex 76 3 4
      vertex 75.9743 2.60842 4
    endloop
  endfacet
  facet normal 0 0 -1
    outer loop
      vertex 76 3 4
      vertex 67.2 3 4
      vertex 76 47 4
    endloop
  endfacet
  facet normal 0 0 -1
    outer loop
      vertex 73 0 4
      vertex 75.9743 2.60842 4
      vertex 75.8978 2.22354 4
    endloop
  endfacet
  facet normal 0 0 -1
    outer loop
      vertex 67.2 47 4
      vertex 76 47 4
      vertex 67.2 3 4
    endloop
  endfacet
  facet normal 0 0 -1
    outer loop
      vertex 73 0 4
      vertex 75.8978 2.22354 4
      vertex 75.7716 1.85195 4
    endloop
  endfacet
  facet normal 0 -0 -1
    outer loop
      vertex 73 50 4
      vertex 76 47 4
      vertex 67.2 47 4
    endloop
  endfacet
  facet normal 0 0 -1
    outer loop
      vertex 73 0 4
      vertex 75.7716 1.85195 4
      vertex 75.5981 1.5 4
    endloop
  endfacet
  facet normal 0 0 -1
    outer loop
      vertex 76 47 4
      vertex 73 50 4
      vertex 75.9743 47.3916 4
    endloop
  endfacet
  facet normal 0 0 -1
    outer loop
      vertex 73 0 4
      vertex 75.5981 1.5 4
      vertex 75.3801 1.17372 4
    endloop
  endfacet
  facet normal 0 0 -1
    outer loop
      vertex 75.9743 47.3916 4
      vertex 73 50 4
      vertex 75.8978 47.7765 4
    endloop
  endfacet
  facet normal 0 0 -1
    outer loop
      vertex 73 0 4
      vertex 75.3801 1.17372 4
      vertex 75.1213 0.878679 4
    endloop
  endfacet
  facet normal 0 0 -1
    outer loop
      vertex 75.8978 47.7765 4
      vertex 73 50 4
      vertex 75.7716 48.148 4
    endloop
  endfacet
  facet normal 0 0 -1
    outer loop
      vertex 73 0 4
      vertex 75.1213 0.878679 4
      vertex 74.8263 0.61994 4
    endloop
  endfacet
  facet normal 0 0 -1
    outer loop
      vertex 75.7716 48.148 4
      vertex 73 50 4
      vertex 75.5981 48.5 4
    endloop
  endfacet
  facet normal 0 0 -1
    outer loop
      vertex 73 0 4
      vertex 74.8263 0.61994 4
      vertex 74.5 0.401923 4
    endloop
  endfacet
  facet normal 0 0 -1
    outer loop
      vertex 75.5981 48.5 4
      vertex 73 50 4
      vertex 75.3801 48.8263 4
    endloop
  endfacet
  facet normal 0 0 -1
    outer loop
      vertex 73 0 4
      vertex 74.5 0.401923 4
      vertex 74.148 0.228361 4
    endloop
  endfacet
  facet normal 0 0 -1
    outer loop
      vertex 75.3801 48.8263 4
      vertex 73 50 4
      vertex 75.1213 49.1213 4
    endloop
  endfacet
  facet normal 0 0 -1
    outer loop
      vertex 73 0 4
      vertex 74.148 0.228361 4
      vertex 73.7765 0.102222 4
    endloop
  endfacet
  facet normal 0 0 -1
    outer loop
      vertex 75.1213 49.1213 4
      vertex 73 50 4
      vertex 74.8263 49.3801 4
    endloop
  endfacet
  facet normal 0 0 -1
    outer loop
      vertex 73 0 4
      vertex 73.7765 0.102222 4
      vertex 73.3916 0.0256653 4
    endloop
  endfacet
  facet normal 0 0 -1
    outer loop
      vertex 74.8263 49.3801 4
      vertex 73 50 4
      vertex 74.5 49.5981 4
    endloop
  endfacet
  facet normal -0 0 -1
    outer loop
      vertex 76 3 4
      vertex 73 0 4
      vertex 67.2 3 4
    endloop
  endfacet
  facet normal 0 0 -1
    outer loop
      vertex 74.5 49.5981 4
      vertex 73 50 4
      vertex 74.148 49.7716 4
    endloop
  endfacet
  facet normal 0 0 -1
    outer loop
      vertex 74.148 49.7716 4
      vertex 73 50 4
      vertex 73.7765 49.8978 4
    endloop
  endfacet
  facet normal 0 0 -1
    outer loop
      vertex 73 0 4
      vertex 8.8 3 4
      vertex 67.2 3 4
    endloop
  endfacet
  facet normal 0 0 -1
    outer loop
      vertex 0 3 4
      vertex 8.8 3 4
      vertex 3 0 4
    endloop
  endfacet
  facet normal 0 0 -1
    outer loop
      vertex 3 0 4
      vertex 8.8 3 4
      vertex 73 0 4
    endloop
  endfacet
  facet normal 0 0 -1
    outer loop
      vertex 73.7765 49.8978 4
      vertex 73 50 4
      vertex 73.3916 49.9743 4
    endloop
  endfacet
  facet normal 0 0 -1
    outer loop
      vertex 8.8 47 4
      vertex 73 50 4
      vertex 67.2 47 4
    endloop
  endfacet
  facet normal 0 0 -1
    outer loop
      vertex 8.8 47 4
      vertex 3 50 4
      vertex 73 50 4
    endloop
  endfacet
  facet normal 0 0 -1
    outer loop
      vertex 8.8 3 4
      vertex 0 3 4
      vertex 8.8 47 4
    endloop
  endfacet
  facet normal 0 0 -1
    outer loop
      vertex 0 3 4
      vertex 3 0 4
      vertex 2.60842 0.0256653 4
    endloop
  endfacet
  facet normal 0 0 -1
    outer loop
      vertex 0 47 4
      vertex 8.8 47 4
      vertex 0 3 4
    endloop
  endfacet
  facet normal 0 0 -1
    outer loop
      vertex 0 3 4
      vertex 2.60842 0.0256653 4
      vertex 2.22354 0.102222 4
    endloop
  endfacet
  facet normal 0 0 -1
    outer loop
      vertex 8.8 47 4
      vertex 0 47 4
      vertex 3 50 4
    endloop
  endfacet
  facet normal 0 0 -1
    outer loop
      vertex 0 3 4
      vertex 2.22354 0.102222 4
      vertex 1.85195 0.228361 4
    endloop
  endfacet
  facet normal 0 0 -1
    outer loop
      vertex 3 50 4
      vertex 0 47 4
      vertex 2.60842 49.9743 4
    endloop
  endfacet
  facet normal 0 0 -1
    outer loop
      vertex 0 3 4
      vertex 1.85195 0.228361 4
      vertex 1.5 0.401923 4
    endloop
  endfacet
  facet normal 0 0 -1
    outer loop
      vertex 2.60842 49.9743 4
      vertex 0 47 4
      vertex 2.22354 49.8978 4
    endloop
  endfacet
  facet normal 0 0 -1
    outer loop
      vertex 0 3 4
      vertex 1.5 0.401923 4
      vertex 1.17372 0.61994 4
    endloop
  endfacet
  facet normal 0 0 -1
    outer loop
      vertex 2.22354 49.8978 4
      vertex 0 47 4
      vertex 1.85195 49.7716 4
    endloop
  endfacet
  facet normal 0 0 -1
    outer loop
      vertex 0 3 4
      vertex 1.17372 0.61994 4
      vertex 0.878679 0.878679 4
    endloop
  endfacet
  facet normal 0 0 -1
    outer loop
      vertex 1.85195 49.7716 4
      vertex 0 47 4
      vertex 1.5 49.5981 4
    endloop
  endfacet
  facet normal 0 0 -1
    outer loop
      vertex 0 3 4
      vertex 0.878679 0.878679 4
      vertex 0.61994 1.17372 4
    endloop
  endfacet
  facet normal 0 0 -1
    outer loop
      vertex 1.5 49.5981 4
      vertex 0 47 4
      vertex 1.17372 49.3801 4
    endloop
  endfacet
  facet normal 0 0 -1
    outer loop
      vertex 0 3 4
      vertex 0.61994 1.17372 4
      vertex 0.401923 1.5 4
    endloop
  endfacet
  facet normal 0 0 -1
    outer loop
      vertex 1.17372 49.3801 4
      vertex 0 47 4
      vertex 0.878679 49.1213 4
    endloop
  endfacet
  facet normal 0 0 -1
    outer loop
      vertex 0 3 4
      vertex 0.401923 1.5 4
      vertex 0.228361 1.85195 4
    endloop
  endfacet
  facet normal 0 0 -1
    outer loop
      vertex 0.878679 49.1213 4
      vertex 0 47 4
      vertex 0.61994 48.8263 4
    endloop
  endfacet
  facet normal 0 0 -1
    outer loop
      vertex 0 3 4
      vertex 0.228361 1.85195 4
      vertex 0.102222 2.22354 4
    endloop
  endfacet
  facet normal 0 0 -1
    outer loop
      vertex 0.61994 48.8263 4
      vertex 0 47 4
      vertex 0.401923 48.5 4
    endloop
  endfacet
  facet normal 0 0 -1
    outer loop
      vertex 0 3 4
      vertex 0.102222 2.22354 4
      vertex 0.0256653 2.60842 4
    endloop
  endfacet
  facet normal 0 0 -1
    outer loop
      vertex 0.401923 48.5 4
      vertex 0 47 4
      vertex 0.228361 48.148 4
    endloop
  endfacet
  facet normal 0 0 -1
    outer loop
      vertex 0.228361 48.148 4
      vertex 0 47 4
      vertex 0.102222 47.7765 4
    endloop
  endfacet
  facet normal 0 0 -1
    outer loop
      vertex 0.102222 47.7765 4
      vertex 0 47 4
      vertex 0.0256653 47.3916 4
    endloop
  endfacet
  facet normal 0.555523 0.831501 -0
    outer loop
      vertex 74.8263 49.3801 4
      vertex 74.5 49.5981 8.5
      vertex 74.8263 49.3801 8.5
    endloop
  endfacet
  facet normal 0.555523 0.831501 0
    outer loop
      vertex 74.5 49.5981 8.5
      vertex 74.8263 49.3801 4
      vertex 74.5 49.5981 4
    endloop
  endfacet
  facet normal 0.751724 0.659478 0
    outer loop
      vertex 75.3801 48.8263 8.5
      vertex 75.1213 49.1213 4
      vertex 75.1213 49.1213 8.5
    endloop
  endfacet
  facet normal 0.751724 0.659478 0
    outer loop
      vertex 75.1213 49.1213 4
      vertex 75.3801 48.8263 8.5
      vertex 75.3801 48.8263 4
    endloop
  endfacet
  facet normal 0.831501 0.555523 0
    outer loop
      vertex 75.5981 48.5 8.5
      vertex 75.3801 48.8263 4
      vertex 75.3801 48.8263 8.5
    endloop
  endfacet
  facet normal 0.831501 0.555523 0
    outer loop
      vertex 75.3801 48.8263 4
      vertex 75.5981 48.5 8.5
      vertex 75.5981 48.5 4
    endloop
  endfacet
  facet normal 0.896961 0.44211 0
    outer loop
      vertex 75.7716 48.148 8.5
      vertex 75.5981 48.5 4
      vertex 75.5981 48.5 8.5
    endloop
  endfacet
  facet normal 0.896961 0.44211 0
    outer loop
      vertex 75.5981 48.5 4
      vertex 75.7716 48.148 8.5
      vertex 75.7716 48.148 4
    endloop
  endfacet
  facet normal 0.659478 -0.751724 0
    outer loop
      vertex 49.8263 13.6199 21.4713
      vertex 50.1213 13.8787 38.5
      vertex 49.8263 13.6199 38.5
    endloop
  endfacet
  facet normal 0.659478 -0.751724 0
    outer loop
      vertex 50.1213 13.8787 38.5
      vertex 49.8263 13.6199 21.4713
      vertex 50.1213 13.8787 21.0628
    endloop
  endfacet
  facet normal 0.0654873 -0.997853 0
    outer loop
      vertex 48 13 24
      vertex 48.3916 13.0257 38.5
      vertex 48 13 38.5
    endloop
  endfacet
  facet normal 0.0654873 -0.997853 0
    outer loop
      vertex 48.3916 13.0257 38.5
      vertex 48 13 24
      vertex 48.3916 13.0257 23.4578
    endloop
  endfacet
  facet normal -0.19494 0.980815 0
    outer loop
      vertex 27.6084 36.9743 23.4578
      vertex 27.2235 36.8978 38.5
      vertex 27.6084 36.9743 38.5
    endloop
  endfacet
  facet normal -0.19494 0.980815 0
    outer loop
      vertex 27.2235 36.8978 38.5
      vertex 27.6084 36.9743 23.4578
      vertex 27.2235 36.8978 22.9249
    endloop
  endfacet
  facet normal 0.44211 0.896961 0
    outer loop
      vertex 49.5 36.5981 38.5
      vertex 49.148 36.7716 22.4104
      vertex 49.148 36.7716 38.5
    endloop
  endfacet
  facet normal 0.44211 0.896961 0
    outer loop
      vertex 49.148 36.7716 22.4104
      vertex 49.5 36.5981 38.5
      vertex 49.5 36.5981 21.9231
    endloop
  endfacet
  facet normal 0.19494 0.980815 0
    outer loop
      vertex 48.7765 36.8978 38.5
      vertex 48.3916 36.9743 23.4578
      vertex 48.3916 36.9743 38.5
    endloop
  endfacet
  facet normal 0.19494 0.980815 0
    outer loop
      vertex 48.3916 36.9743 23.4578
      vertex 48.7765 36.8978 38.5
      vertex 48.7765 36.8978 22.9249
    endloop
  endfacet
  facet normal -0.321574 -0.946885 0
    outer loop
      vertex 26.8519 13.2284 38.5
      vertex 27.2235 13.1022 22.9249
      vertex 27.2235 13.1022 38.5
    endloop
  endfacet
  facet normal -0.321574 -0.946885 0
    outer loop
      vertex 27.2235 13.1022 22.9249
      vertex 26.8519 13.2284 38.5
      vertex 26.8519 13.2284 22.4104
    endloop
  endfacet
  facet normal 0.831501 0.555523 0
    outer loop
      vertex 50.5981 35.5 38.5
      vertex 50.3801 35.8263 20.7045
      vertex 50.3801 35.8263 38.5
    endloop
  endfacet
  facet normal 0.831501 0.555523 0
    outer loop
      vertex 50.3801 35.8263 20.7045
      vertex 50.5981 35.5 38.5
      vertex 50.5981 35.5 20.4027
    endloop
  endfacet
  facet normal -0.980815 0.19494 0
    outer loop
      vertex 25.0257 34.3916 38.5
      vertex 25.1022 34.7765 19.9877
      vertex 25.0257 34.3916 19.8817
    endloop
  endfacet
  facet normal -0.980815 0.19494 0
    outer loop
      vertex 25.1022 34.7765 19.9877
      vertex 25.0257 34.3916 38.5
      vertex 25.1022 34.7765 38.5
    endloop
  endfacet
  facet normal 0.321651 -0.946858 0
    outer loop
      vertex 48.7765 13.1022 22.9249
      vertex 49.148 13.2284 38.5
      vertex 48.7765 13.1022 38.5
    endloop
  endfacet
  facet normal 0.321651 -0.946858 0
    outer loop
      vertex 49.148 13.2284 38.5
      vertex 48.7765 13.1022 22.9249
      vertex 49.148 13.2284 22.4104
    endloop
  endfacet
  facet normal -0.980815 -0.19494 0
    outer loop
      vertex 25.1022 15.2235 19.9877
      vertex 25.0257 15.6084 38.5
      vertex 25.0257 15.6084 19.8817
    endloop
  endfacet
  facet normal -0.980815 -0.19494 0
    outer loop
      vertex 25.0257 15.6084 38.5
      vertex 25.1022 15.2235 19.9877
      vertex 25.1022 15.2235 38.5
    endloop
  endfacet
  facet normal 0.946858 0.321651 0
    outer loop
      vertex 50.8978 34.7765 38.5
      vertex 50.7716 35.148 20.1623
      vertex 50.7716 35.148 38.5
    endloop
  endfacet
  facet normal 0.946858 0.321651 0
    outer loop
      vertex 50.7716 35.148 20.1623
      vertex 50.8978 34.7765 38.5
      vertex 50.8978 34.7765 19.9877
    endloop
  endfacet
  facet normal -1 0 0
    outer loop
      vertex 25 16 19.8462
      vertex 25 34 38.5
      vertex 25 34 19.8462
    endloop
  endfacet
  facet normal -1 -0 0
    outer loop
      vertex 25 34 38.5
      vertex 25 16 19.8462
      vertex 25 16 38.5
    endloop
  endfacet
  facet normal 0.555523 -0.831501 0
    outer loop
      vertex 49.5 13.4019 21.9231
      vertex 49.8263 13.6199 38.5
      vertex 49.5 13.4019 38.5
    endloop
  endfacet
  facet normal 0.555523 -0.831501 0
    outer loop
      vertex 49.8263 13.6199 38.5
      vertex 49.5 13.4019 21.9231
      vertex 49.8263 13.6199 21.4713
    endloop
  endfacet
  facet normal -0.751724 0.659478 0
    outer loop
      vertex 25.6199 35.8263 38.5
      vertex 25.8787 36.1213 21.0628
      vertex 25.6199 35.8263 20.7045
    endloop
  endfacet
  facet normal -0.751724 0.659478 0
    outer loop
      vertex 25.8787 36.1213 21.0628
      vertex 25.6199 35.8263 38.5
      vertex 25.8787 36.1213 38.5
    endloop
  endfacet
  facet normal -0.321574 0.946885 0
    outer loop
      vertex 27.2235 36.8978 22.9249
      vertex 26.8519 36.7716 38.5
      vertex 27.2235 36.8978 38.5
    endloop
  endfacet
  facet normal -0.321574 0.946885 0
    outer loop
      vertex 26.8519 36.7716 38.5
      vertex 27.2235 36.8978 22.9249
      vertex 26.8519 36.7716 22.4104
    endloop
  endfacet
  facet normal 0.0654873 0.997853 0
    outer loop
      vertex 48.3916 36.9743 38.5
      vertex 48 37 24
      vertex 48 37 38.5
    endloop
  endfacet
  facet normal 0.0654873 0.997853 0
    outer loop
      vertex 48 37 24
      vertex 48.3916 36.9743 38.5
      vertex 48.3916 36.9743 23.4578
    endloop
  endfacet
  facet normal 0.44211 -0.896961 0
    outer loop
      vertex 49.148 13.2284 22.4104
      vertex 49.5 13.4019 38.5
      vertex 49.148 13.2284 38.5
    endloop
  endfacet
  facet normal 0.44211 -0.896961 0
    outer loop
      vertex 49.5 13.4019 38.5
      vertex 49.148 13.2284 22.4104
      vertex 49.5 13.4019 21.9231
    endloop
  endfacet
  facet normal -0.0654873 -0.997853 0
    outer loop
      vertex 27.6084 13.0257 38.5
      vertex 28 13 24
      vertex 28 13 38.5
    endloop
  endfacet
  facet normal -0.0654873 -0.997853 0
    outer loop
      vertex 28 13 24
      vertex 27.6084 13.0257 38.5
      vertex 27.6084 13.0257 23.4578
    endloop
  endfacet
  facet normal 0.321651 0.946858 0
    outer loop
      vertex 49.148 36.7716 38.5
      vertex 48.7765 36.8978 22.9249
      vertex 48.7765 36.8978 38.5
    endloop
  endfacet
  facet normal 0.321651 0.946858 0
    outer loop
      vertex 48.7765 36.8978 22.9249
      vertex 49.148 36.7716 38.5
      vertex 49.148 36.7716 22.4104
    endloop
  endfacet
  facet normal 0 0 1
    outer loop
      vertex 25 34 38.5
      vertex 30.17 37 38.5
      vertex 28 37 38.5
    endloop
  endfacet
  facet normal 0 0 1
    outer loop
      vertex 48 37 38.5
      vertex 51 34 38.5
      vertex 50.9743 34.3916 38.5
    endloop
  endfacet
  facet normal 0 0 1
    outer loop
      vertex 51 34 38.5
      vertex 45.83 15.8141 38.5
      vertex 51 16 38.5
    endloop
  endfacet
  facet normal 0 0 1
    outer loop
      vertex 48 37 38.5
      vertex 50.9743 34.3916 38.5
      vertex 50.8978 34.7765 38.5
    endloop
  endfacet
  facet normal 0 0 1
    outer loop
      vertex 51 16 38.5
      vertex 45.83 15.8141 38.5
      vertex 50.9743 15.6084 38.5
    endloop
  endfacet
  facet normal 0 0 1
    outer loop
      vertex 48 37 38.5
      vertex 50.8978 34.7765 38.5
      vertex 50.7716 35.148 38.5
    endloop
  endfacet
  facet normal 0 0 1
    outer loop
      vertex 50.9743 15.6084 38.5
      vertex 45.83 15.8141 38.5
      vertex 50.8978 15.2235 38.5
    endloop
  endfacet
  facet normal 0 0 1
    outer loop
      vertex 48 37 38.5
      vertex 50.7716 35.148 38.5
      vertex 50.5981 35.5 38.5
    endloop
  endfacet
  facet normal 0 0 1
    outer loop
      vertex 50.8978 15.2235 38.5
      vertex 45.83 15.8141 38.5
      vertex 50.7716 14.8519 38.5
    endloop
  endfacet
  facet normal 0 0 1
    outer loop
      vertex 48 37 38.5
      vertex 50.5981 35.5 38.5
      vertex 50.3801 35.8263 38.5
    endloop
  endfacet
  facet normal 0 0 1
    outer loop
      vertex 50.7716 14.8519 38.5
      vertex 45.83 15.8141 38.5
      vertex 50.5981 14.5 38.5
    endloop
  endfacet
  facet normal 0 0 1
    outer loop
      vertex 48 37 38.5
      vertex 50.3801 35.8263 38.5
      vertex 50.1213 36.1213 38.5
    endloop
  endfacet
  facet normal 0 0 1
    outer loop
      vertex 50.5981 14.5 38.5
      vertex 45.83 15.8141 38.5
      vertex 50.3801 14.1737 38.5
    endloop
  endfacet
  facet normal 0 0 1
    outer loop
      vertex 48 37 38.5
      vertex 50.1213 36.1213 38.5
      vertex 49.8263 36.3801 38.5
    endloop
  endfacet
  facet normal 0 0 1
    outer loop
      vertex 50.3801 14.1737 38.5
      vertex 45.83 15.8141 38.5
      vertex 50.1213 13.8787 38.5
    endloop
  endfacet
  facet normal 0 0 1
    outer loop
      vertex 48 37 38.5
      vertex 49.8263 36.3801 38.5
      vertex 49.5 36.5981 38.5
    endloop
  endfacet
  facet normal -0 0 1
    outer loop
      vertex 45.8296 15.8078 38.5
      vertex 50.1213 13.8787 38.5
      vertex 45.83 15.8141 38.5
    endloop
  endfacet
  facet normal 0 0 1
    outer loop
      vertex 48 37 38.5
      vertex 49.5 36.5981 38.5
      vertex 49.148 36.7716 38.5
    endloop
  endfacet
  facet normal 0 0 1
    outer loop
      vertex 50.1213 13.8787 38.5
      vertex 45.8296 15.8078 38.5
      vertex 49.8263 13.6199 38.5
    endloop
  endfacet
  facet normal 0 0 1
    outer loop
      vertex 48 37 38.5
      vertex 49.148 36.7716 38.5
      vertex 48.7765 36.8978 38.5
    endloop
  endfacet
  facet normal 0 0 1
    outer loop
      vertex 49.8263 13.6199 38.5
      vertex 45.8296 15.8078 38.5
      vertex 49.5 13.4019 38.5
    endloop
  endfacet
  facet normal 0 0 1
    outer loop
      vertex 48 37 38.5
      vertex 48.7765 36.8978 38.5
      vertex 48.3916 36.9743 38.5
    endloop
  endfacet
  facet normal -0 0 1
    outer loop
      vertex 45.8129 15.5363 38.5
      vertex 49.5 13.4019 38.5
      vertex 45.8296 15.8078 38.5
    endloop
  endfacet
  facet normal 0 0 1
    outer loop
      vertex 51 34 38.5
      vertex 48 37 38.5
      vertex 45.83 37 38.5
    endloop
  endfacet
  facet normal 0 0 1
    outer loop
      vertex 49.5 13.4019 38.5
      vertex 45.8129 15.5363 38.5
      vertex 49.148 13.2284 38.5
    endloop
  endfacet
  facet normal 0 0 1
    outer loop
      vertex 51 34 38.5
      vertex 45.83 37 38.5
      vertex 45.83 15.8141 38.5
    endloop
  endfacet
  facet normal 0 0 1
    outer loop
      vertex 49.148 13.2284 38.5
      vertex 45.8129 15.5363 38.5
      vertex 48.7765 13.1022 38.5
    endloop
  endfacet
  facet normal 0 0 1
    outer loop
      vertex 48.7765 13.1022 38.5
      vertex 45.8129 15.5363 38.5
      vertex 48.3916 13.0257 38.5
    endloop
  endfacet
  facet normal 0 0 1
    outer loop
      vertex 48.3916 13.0257 38.5
      vertex 45.8129 15.5363 38.5
      vertex 48 13 38.5
    endloop
  endfacet
  facet normal -0 0 1
    outer loop
      vertex 45.7618 15.2632 38.5
      vertex 48 13 38.5
      vertex 45.8129 15.5363 38.5
    endloop
  endfacet
  facet normal -0 0 1
    outer loop
      vertex 45.6788 15.0029 38.5
      vertex 48 13 38.5
      vertex 45.7618 15.2632 38.5
    endloop
  endfacet
  facet normal -0 0 1
    outer loop
      vertex 45.6778 14.9996 38.5
      vertex 48 13 38.5
      vertex 45.6788 15.0029 38.5
    endloop
  endfacet
  facet normal -0 0 1
    outer loop
      vertex 45.562 14.7499 38.5
      vertex 48 13 38.5
      vertex 45.6778 14.9996 38.5
    endloop
  endfacet
  facet normal -0 0 1
    outer loop
      vertex 45.5607 14.7478 38.5
      vertex 48 13 38.5
      vertex 45.562 14.7499 38.5
    endloop
  endfacet
  facet normal -0 0 1
    outer loop
      vertex 45.4167 14.5184 38.5
      vertex 48 13 38.5
      vertex 45.5607 14.7478 38.5
    endloop
  endfacet
  facet normal -0 0 1
    outer loop
      vertex 45.2442 14.3091 38.5
      vertex 48 13 38.5
      vertex 45.4167 14.5184 38.5
    endloop
  endfacet
  facet normal -0 0 1
    outer loop
      vertex 45.0478 14.1258 38.5
      vertex 48 13 38.5
      vertex 45.2442 14.3091 38.5
    endloop
  endfacet
  facet normal -0 0 1
    outer loop
      vertex 45.0475 14.1256 38.5
      vertex 48 13 38.5
      vertex 45.0478 14.1258 38.5
    endloop
  endfacet
  facet normal -0 0 1
    outer loop
      vertex 45.0472 14.1253 38.5
      vertex 48 13 38.5
      vertex 45.0475 14.1256 38.5
    endloop
  endfacet
  facet normal -0 0 1
    outer loop
      vertex 44.8851 14.0101 38.5
      vertex 48 13 38.5
      vertex 45.0472 14.1253 38.5
    endloop
  endfacet
  facet normal -0 0 1
    outer loop
      vertex 44.878 14.0101 38.5
      vertex 48 13 38.5
      vertex 44.8851 14.0101 38.5
    endloop
  endfacet
  facet normal -0 0 1
    outer loop
      vertex 44.8583 14.0101 38.5
      vertex 48 13 38.5
      vertex 44.878 14.0101 38.5
    endloop
  endfacet
  facet normal -0 0 1
    outer loop
      vertex 44.7291 14.0101 38.5
      vertex 48 13 38.5
      vertex 44.8583 14.0101 38.5
    endloop
  endfacet
  facet normal -0 0 1
    outer loop
      vertex 31.2709 14.0101 38.5
      vertex 48 13 38.5
      vertex 44.7291 14.0101 38.5
    endloop
  endfacet
  facet normal 0 0 1
    outer loop
      vertex 28 13 38.5
      vertex 31.2709 14.0101 38.5
      vertex 31.1417 14.0101 38.5
    endloop
  endfacet
  facet normal 0 0 1
    outer loop
      vertex 28 13 38.5
      vertex 31.1417 14.0101 38.5
      vertex 31.122 14.0101 38.5
    endloop
  endfacet
  facet normal 0 0 1
    outer loop
      vertex 28 13 38.5
      vertex 31.122 14.0101 38.5
      vertex 31.1149 14.0101 38.5
    endloop
  endfacet
  facet normal 0 0 1
    outer loop
      vertex 28 13 38.5
      vertex 30.3212 15.0029 38.5
      vertex 30.2381 15.2632 38.5
    endloop
  endfacet
  facet normal 0 0 1
    outer loop
      vertex 25.8787 13.8787 38.5
      vertex 30.1704 15.8078 38.5
      vertex 30.17 15.8141 38.5
    endloop
  endfacet
  facet normal 0 0 1
    outer loop
      vertex 30.17 37 38.5
      vertex 25 34 38.5
      vertex 30.17 15.8141 38.5
    endloop
  endfacet
  facet normal 0 0 1
    outer loop
      vertex 31.2709 14.0101 38.5
      vertex 28 13 38.5
      vertex 48 13 38.5
    endloop
  endfacet
  facet normal 0 0 1
    outer loop
      vertex 30.9528 14.1253 38.5
      vertex 28 13 38.5
      vertex 31.1149 14.0101 38.5
    endloop
  endfacet
  facet normal 0 0 1
    outer loop
      vertex 30.9525 14.1256 38.5
      vertex 28 13 38.5
      vertex 30.9528 14.1253 38.5
    endloop
  endfacet
  facet normal 0 0 1
    outer loop
      vertex 30.9522 14.1258 38.5
      vertex 28 13 38.5
      vertex 30.9525 14.1256 38.5
    endloop
  endfacet
  facet normal 0 0 1
    outer loop
      vertex 30.7558 14.3091 38.5
      vertex 28 13 38.5
      vertex 30.9522 14.1258 38.5
    endloop
  endfacet
  facet normal 0 0 1
    outer loop
      vertex 30.5833 14.5184 38.5
      vertex 28 13 38.5
      vertex 30.7558 14.3091 38.5
    endloop
  endfacet
  facet normal 0 0 1
    outer loop
      vertex 30.4393 14.7478 38.5
      vertex 28 13 38.5
      vertex 30.5833 14.5184 38.5
    endloop
  endfacet
  facet normal 0 0 1
    outer loop
      vertex 30.4379 14.7499 38.5
      vertex 28 13 38.5
      vertex 30.4393 14.7478 38.5
    endloop
  endfacet
  facet normal 0 0 1
    outer loop
      vertex 30.3222 14.9996 38.5
      vertex 28 13 38.5
      vertex 30.4379 14.7499 38.5
    endloop
  endfacet
  facet normal 0 0 1
    outer loop
      vertex 30.3212 15.0029 38.5
      vertex 28 13 38.5
      vertex 30.3222 14.9996 38.5
    endloop
  endfacet
  facet normal 0 0 1
    outer loop
      vertex 30.1871 15.5363 38.5
      vertex 28 13 38.5
      vertex 30.2381 15.2632 38.5
    endloop
  endfacet
  facet normal -0 0 1
    outer loop
      vertex 25 16 38.5
      vertex 30.17 15.8141 38.5
      vertex 25 34 38.5
    endloop
  endfacet
  facet normal 0 0 1
    outer loop
      vertex 25 34 38.5
      vertex 28 37 38.5
      vertex 27.6084 36.9743 38.5
    endloop
  endfacet
  facet normal 0 -0 1
    outer loop
      vertex 25.0257 15.6084 38.5
      vertex 30.17 15.8141 38.5
      vertex 25 16 38.5
    endloop
  endfacet
  facet normal 0 0 1
    outer loop
      vertex 25 34 38.5
      vertex 27.6084 36.9743 38.5
      vertex 27.2235 36.8978 38.5
    endloop
  endfacet
  facet normal 0 -0 1
    outer loop
      vertex 25.1022 15.2235 38.5
      vertex 30.17 15.8141 38.5
      vertex 25.0257 15.6084 38.5
    endloop
  endfacet
  facet normal 0 0 1
    outer loop
      vertex 25 34 38.5
      vertex 27.2235 36.8978 38.5
      vertex 26.8519 36.7716 38.5
    endloop
  endfacet
  facet normal 0 0 1
    outer loop
      vertex 30.1871 15.5363 38.5
      vertex 27.6084 13.0257 38.5
      vertex 28 13 38.5
    endloop
  endfacet
  facet normal 0 0 1
    outer loop
      vertex 25 34 38.5
      vertex 26.8519 36.7716 38.5
      vertex 26.5 36.5981 38.5
    endloop
  endfacet
  facet normal 0 0 1
    outer loop
      vertex 30.1871 15.5363 38.5
      vertex 27.2235 13.1022 38.5
      vertex 27.6084 13.0257 38.5
    endloop
  endfacet
  facet normal 0 0 1
    outer loop
      vertex 25 34 38.5
      vertex 26.5 36.5981 38.5
      vertex 26.1737 36.3801 38.5
    endloop
  endfacet
  facet normal 0 0 1
    outer loop
      vertex 30.1871 15.5363 38.5
      vertex 26.8519 13.2284 38.5
      vertex 27.2235 13.1022 38.5
    endloop
  endfacet
  facet normal 0 0 1
    outer loop
      vertex 25 34 38.5
      vertex 26.1737 36.3801 38.5
      vertex 25.8787 36.1213 38.5
    endloop
  endfacet
  facet normal 0 0 1
    outer loop
      vertex 30.1871 15.5363 38.5
      vertex 26.5 13.4019 38.5
      vertex 26.8519 13.2284 38.5
    endloop
  endfacet
  facet normal 0 0 1
    outer loop
      vertex 25 34 38.5
      vertex 25.8787 36.1213 38.5
      vertex 25.6199 35.8263 38.5
    endloop
  endfacet
  facet normal 0 0 1
    outer loop
      vertex 30.1704 15.8078 38.5
      vertex 26.5 13.4019 38.5
      vertex 30.1871 15.5363 38.5
    endloop
  endfacet
  facet normal 0 0 1
    outer loop
      vertex 25 34 38.5
      vertex 25.6199 35.8263 38.5
      vertex 25.4019 35.5 38.5
    endloop
  endfacet
  facet normal 0 0 1
    outer loop
      vertex 30.1704 15.8078 38.5
      vertex 26.1737 13.6199 38.5
      vertex 26.5 13.4019 38.5
    endloop
  endfacet
  facet normal 0 0 1
    outer loop
      vertex 25 34 38.5
      vertex 25.4019 35.5 38.5
      vertex 25.2284 35.148 38.5
    endloop
  endfacet
  facet normal 0 0 1
    outer loop
      vertex 30.1704 15.8078 38.5
      vertex 25.8787 13.8787 38.5
      vertex 26.1737 13.6199 38.5
    endloop
  endfacet
  facet normal 0 0 1
    outer loop
      vertex 25 34 38.5
      vertex 25.2284 35.148 38.5
      vertex 25.1022 34.7765 38.5
    endloop
  endfacet
  facet normal 0 -0 1
    outer loop
      vertex 25.8787 13.8787 38.5
      vertex 30.17 15.8141 38.5
      vertex 25.6199 14.1737 38.5
    endloop
  endfacet
  facet normal 0 0 1
    outer loop
      vertex 25 34 38.5
      vertex 25.1022 34.7765 38.5
      vertex 25.0257 34.3916 38.5
    endloop
  endfacet
  facet normal 0 -0 1
    outer loop
      vertex 25.6199 14.1737 38.5
      vertex 30.17 15.8141 38.5
      vertex 25.4019 14.5 38.5
    endloop
  endfacet
  facet normal 0 -0 1
    outer loop
      vertex 25.4019 14.5 38.5
      vertex 30.17 15.8141 38.5
      vertex 25.2284 14.8519 38.5
    endloop
  endfacet
  facet normal 0 -0 1
    outer loop
      vertex 25.2284 14.8519 38.5
      vertex 30.17 15.8141 38.5
      vertex 25.1022 15.2235 38.5
    endloop
  endfacet
  facet normal -0.0654873 0.997853 0
    outer loop
      vertex 28 37 24
      vertex 27.6084 36.9743 38.5
      vertex 28 37 38.5
    endloop
  endfacet
  facet normal -0.0654873 0.997853 0
    outer loop
      vertex 27.6084 36.9743 38.5
      vertex 28 37 24
      vertex 27.6084 36.9743 23.4578
    endloop
  endfacet
  facet normal 0.896911 -0.442211 0
    outer loop
      vertex 50.5981 14.5 20.4027
      vertex 50.7716 14.8519 38.5
      vertex 50.5981 14.5 38.5
    endloop
  endfacet
  facet normal 0.896911 -0.442211 0
    outer loop
      vertex 50.7716 14.8519 38.5
      vertex 50.5981 14.5 20.4027
      vertex 50.7716 14.8519 20.1623
    endloop
  endfacet
  facet normal 0.980815 -0.19494 0
    outer loop
      vertex 50.8978 15.2235 19.9877
      vertex 50.9743 15.6084 38.5
      vertex 50.8978 15.2235 38.5
    endloop
  endfacet
  facet normal 0.980815 -0.19494 0
    outer loop
      vertex 50.9743 15.6084 38.5
      vertex 50.8978 15.2235 19.9877
      vertex 50.9743 15.6084 19.8817
    endloop
  endfacet
  facet normal 0.997853 -0.0654873 0
    outer loop
      vertex 50.9743 15.6084 19.8817
      vertex 51 16 38.5
      vertex 50.9743 15.6084 38.5
    endloop
  endfacet
  facet normal 0.997853 -0.0654873 0
    outer loop
      vertex 51 16 38.5
      vertex 50.9743 15.6084 19.8817
      vertex 51 16 19.8462
    endloop
  endfacet
  facet normal -0.659478 0.751724 0
    outer loop
      vertex 26.1737 36.3801 21.4713
      vertex 25.8787 36.1213 38.5
      vertex 26.1737 36.3801 38.5
    endloop
  endfacet
  facet normal -0.659478 0.751724 0
    outer loop
      vertex 25.8787 36.1213 38.5
      vertex 26.1737 36.3801 21.4713
      vertex 25.8787 36.1213 21.0628
    endloop
  endfacet
  facet normal -0.555523 0.831501 0
    outer loop
      vertex 26.5 36.5981 21.9231
      vertex 26.1737 36.3801 38.5
      vertex 26.5 36.5981 38.5
    endloop
  endfacet
  facet normal -0.555523 0.831501 0
    outer loop
      vertex 26.1737 36.3801 38.5
      vertex 26.5 36.5981 21.9231
      vertex 26.1737 36.3801 21.4713
    endloop
  endfacet
  facet normal -0.751724 -0.659478 0
    outer loop
      vertex 25.8787 13.8787 21.0628
      vertex 25.6199 14.1737 38.5
      vertex 25.6199 14.1737 20.7045
    endloop
  endfacet
  facet normal -0.751724 -0.659478 0
    outer loop
      vertex 25.6199 14.1737 38.5
      vertex 25.8787 13.8787 21.0628
      vertex 25.8787 13.8787 38.5
    endloop
  endfacet
  facet normal 0.659478 0.751724 0
    outer loop
      vertex 50.1213 36.1213 38.5
      vertex 49.8263 36.3801 21.4713
      vertex 49.8263 36.3801 38.5
    endloop
  endfacet
  facet normal 0.659478 0.751724 0
    outer loop
      vertex 49.8263 36.3801 21.4713
      vertex 50.1213 36.1213 38.5
      vertex 50.1213 36.1213 21.0628
    endloop
  endfacet
  facet normal 0.19494 -0.980815 0
    outer loop
      vertex 48.3916 13.0257 23.4578
      vertex 48.7765 13.1022 38.5
      vertex 48.3916 13.0257 38.5
    endloop
  endfacet
  facet normal 0.19494 -0.980815 0
    outer loop
      vertex 48.7765 13.1022 38.5
      vertex 48.3916 13.0257 23.4578
      vertex 48.7765 13.1022 22.9249
    endloop
  endfacet
  facet normal -0.442211 -0.896911 0
    outer loop
      vertex 26.5 13.4019 38.5
      vertex 26.8519 13.2284 22.4104
      vertex 26.8519 13.2284 38.5
    endloop
  endfacet
  facet normal -0.442211 -0.896911 0
    outer loop
      vertex 26.8519 13.2284 22.4104
      vertex 26.5 13.4019 38.5
      vertex 26.5 13.4019 21.9231
    endloop
  endfacet
  facet normal 0.896961 0.44211 0
    outer loop
      vertex 50.7716 35.148 38.5
      vertex 50.5981 35.5 20.4027
      vertex 50.5981 35.5 38.5
    endloop
  endfacet
  facet normal 0.896961 0.44211 0
    outer loop
      vertex 50.5981 35.5 20.4027
      vertex 50.7716 35.148 38.5
      vertex 50.7716 35.148 20.1623
    endloop
  endfacet
  facet normal 1 -0 0
    outer loop
      vertex 51 16 38.5
      vertex 51 34 19.8462
      vertex 51 34 38.5
    endloop
  endfacet
  facet normal 1 0 0
    outer loop
      vertex 51 34 19.8462
      vertex 51 16 38.5
      vertex 51 16 19.8462
    endloop
  endfacet
  facet normal -0.896911 -0.442211 0
    outer loop
      vertex 25.4019 14.5 20.4027
      vertex 25.2284 14.8519 38.5
      vertex 25.2284 14.8519 20.1623
    endloop
  endfacet
  facet normal -0.896911 -0.442211 0
    outer loop
      vertex 25.2284 14.8519 38.5
      vertex 25.4019 14.5 20.4027
      vertex 25.4019 14.5 38.5
    endloop
  endfacet
  facet normal -0.555523 -0.831501 0
    outer loop
      vertex 26.1737 13.6199 38.5
      vertex 26.5 13.4019 21.9231
      vertex 26.5 13.4019 38.5
    endloop
  endfacet
  facet normal -0.555523 -0.831501 0
    outer loop
      vertex 26.5 13.4019 21.9231
      vertex 26.1737 13.6199 38.5
      vertex 26.1737 13.6199 21.4713
    endloop
  endfacet
  facet normal 0.980815 0.19494 0
    outer loop
      vertex 50.9743 34.3916 38.5
      vertex 50.8978 34.7765 19.9877
      vertex 50.8978 34.7765 38.5
    endloop
  endfacet
  facet normal 0.980815 0.19494 0
    outer loop
      vertex 50.8978 34.7765 19.9877
      vertex 50.9743 34.3916 38.5
      vertex 50.9743 34.3916 19.8817
    endloop
  endfacet
  facet normal 0.751724 0.659478 0
    outer loop
      vertex 50.3801 35.8263 38.5
      vertex 50.1213 36.1213 21.0628
      vertex 50.1213 36.1213 38.5
    endloop
  endfacet
  facet normal 0.751724 0.659478 0
    outer loop
      vertex 50.1213 36.1213 21.0628
      vertex 50.3801 35.8263 38.5
      vertex 50.3801 35.8263 20.7045
    endloop
  endfacet
  facet normal 0.555523 0.831501 0
    outer loop
      vertex 49.8263 36.3801 38.5
      vertex 49.5 36.5981 21.9231
      vertex 49.5 36.5981 38.5
    endloop
  endfacet
  facet normal 0.555523 0.831501 0
    outer loop
      vertex 49.5 36.5981 21.9231
      vertex 49.8263 36.3801 38.5
      vertex 49.8263 36.3801 21.4713
    endloop
  endfacet
  facet normal -0.896961 0.44211 0
    outer loop
      vertex 25.2284 35.148 38.5
      vertex 25.4019 35.5 20.4027
      vertex 25.2284 35.148 20.1623
    endloop
  endfacet
  facet normal -0.896961 0.44211 0
    outer loop
      vertex 25.4019 35.5 20.4027
      vertex 25.2284 35.148 38.5
      vertex 25.4019 35.5 38.5
    endloop
  endfacet
  facet normal 0.946885 -0.321574 0
    outer loop
      vertex 50.7716 14.8519 20.1623
      vertex 50.8978 15.2235 38.5
      vertex 50.7716 14.8519 38.5
    endloop
  endfacet
  facet normal 0.946885 -0.321574 0
    outer loop
      vertex 50.8978 15.2235 38.5
      vertex 50.7716 14.8519 20.1623
      vertex 50.8978 15.2235 19.9877
    endloop
  endfacet
  facet normal 0.751724 -0.659478 0
    outer loop
      vertex 50.1213 13.8787 21.0628
      vertex 50.3801 14.1737 38.5
      vertex 50.1213 13.8787 38.5
    endloop
  endfacet
  facet normal 0.751724 -0.659478 0
    outer loop
      vertex 50.3801 14.1737 38.5
      vertex 50.1213 13.8787 21.0628
      vertex 50.3801 14.1737 20.7045
    endloop
  endfacet
  facet normal -0.831501 -0.555523 0
    outer loop
      vertex 25.6199 14.1737 20.7045
      vertex 25.4019 14.5 38.5
      vertex 25.4019 14.5 20.4027
    endloop
  endfacet
  facet normal -0.831501 -0.555523 0
    outer loop
      vertex 25.4019 14.5 38.5
      vertex 25.6199 14.1737 20.7045
      vertex 25.6199 14.1737 38.5
    endloop
  endfacet
  facet normal -0.442211 0.896911 0
    outer loop
      vertex 26.8519 36.7716 22.4104
      vertex 26.5 36.5981 38.5
      vertex 26.8519 36.7716 38.5
    endloop
  endfacet
  facet normal -0.442211 0.896911 0
    outer loop
      vertex 26.5 36.5981 38.5
      vertex 26.8519 36.7716 22.4104
      vertex 26.5 36.5981 21.9231
    endloop
  endfacet
  facet normal -0.997853 -0.0654873 0
    outer loop
      vertex 25.0257 15.6084 19.8817
      vertex 25 16 38.5
      vertex 25 16 19.8462
    endloop
  endfacet
  facet normal -0.997853 -0.0654873 0
    outer loop
      vertex 25 16 38.5
      vertex 25.0257 15.6084 19.8817
      vertex 25.0257 15.6084 38.5
    endloop
  endfacet
  facet normal -0.831501 0.555523 0
    outer loop
      vertex 25.4019 35.5 38.5
      vertex 25.6199 35.8263 20.7045
      vertex 25.4019 35.5 20.4027
    endloop
  endfacet
  facet normal -0.831501 0.555523 0
    outer loop
      vertex 25.6199 35.8263 20.7045
      vertex 25.4019 35.5 38.5
      vertex 25.6199 35.8263 38.5
    endloop
  endfacet
  facet normal -0.946858 0.321651 0
    outer loop
      vertex 25.1022 34.7765 38.5
      vertex 25.2284 35.148 20.1623
      vertex 25.1022 34.7765 19.9877
    endloop
  endfacet
  facet normal -0.946858 0.321651 0
    outer loop
      vertex 25.2284 35.148 20.1623
      vertex 25.1022 34.7765 38.5
      vertex 25.2284 35.148 38.5
    endloop
  endfacet
  facet normal -0.946885 -0.321574 0
    outer loop
      vertex 25.2284 14.8519 20.1623
      vertex 25.1022 15.2235 38.5
      vertex 25.1022 15.2235 19.9877
    endloop
  endfacet
  facet normal -0.946885 -0.321574 0
    outer loop
      vertex 25.1022 15.2235 38.5
      vertex 25.2284 14.8519 20.1623
      vertex 25.2284 14.8519 38.5
    endloop
  endfacet
  facet normal -0.997853 0.0654873 0
    outer loop
      vertex 25 34 38.5
      vertex 25.0257 34.3916 19.8817
      vertex 25 34 19.8462
    endloop
  endfacet
  facet normal -0.997853 0.0654873 0
    outer loop
      vertex 25.0257 34.3916 19.8817
      vertex 25 34 38.5
      vertex 25.0257 34.3916 38.5
    endloop
  endfacet
  facet normal 0.997853 0.0654873 0
    outer loop
      vertex 51 34 38.5
      vertex 50.9743 34.3916 19.8817
      vertex 50.9743 34.3916 38.5
    endloop
  endfacet
  facet normal 0.997853 0.0654873 0
    outer loop
      vertex 50.9743 34.3916 19.8817
      vertex 51 34 38.5
      vertex 51 34 19.8462
    endloop
  endfacet
  facet normal -0.19494 -0.980815 0
    outer loop
      vertex 27.2235 13.1022 38.5
      vertex 27.6084 13.0257 23.4578
      vertex 27.6084 13.0257 38.5
    endloop
  endfacet
  facet normal -0.19494 -0.980815 0
    outer loop
      vertex 27.6084 13.0257 23.4578
      vertex 27.2235 13.1022 38.5
      vertex 27.2235 13.1022 22.9249
    endloop
  endfacet
  facet normal 0.831501 -0.555523 0
    outer loop
      vertex 50.3801 14.1737 20.7045
      vertex 50.5981 14.5 38.5
      vertex 50.3801 14.1737 38.5
    endloop
  endfacet
  facet normal 0.831501 -0.555523 0
    outer loop
      vertex 50.5981 14.5 38.5
      vertex 50.3801 14.1737 20.7045
      vertex 50.5981 14.5 20.4027
    endloop
  endfacet
  facet normal -0.659478 -0.751724 0
    outer loop
      vertex 25.8787 13.8787 38.5
      vertex 26.1737 13.6199 21.4713
      vertex 26.1737 13.6199 38.5
    endloop
  endfacet
  facet normal -0.659478 -0.751724 0
    outer loop
      vertex 26.1737 13.6199 21.4713
      vertex 25.8787 13.8787 38.5
      vertex 25.8787 13.8787 21.0628
    endloop
  endfacet
  facet normal 0 0.338926 0.940813
    outer loop
      vertex 32.69 22.9743 63.9701
      vertex 32.17 22.9582 63.9759
      vertex 32.69 22.9582 63.9759
    endloop
  endfacet
  facet normal 0 0.338926 0.940813
    outer loop
      vertex 32.17 22.9582 63.9759
      vertex 32.69 22.9743 63.9701
      vertex 31.9089 22.9743 63.9701
    endloop
  endfacet
  facet normal -0 0.338926 0.940813
    outer loop
      vertex 43.31 22.9743 63.9701
      vertex 43.83 22.9582 63.9759
      vertex 44.091 22.9743 63.9701
    endloop
  endfacet
  facet normal 0 0.338926 0.940813
    outer loop
      vertex 43.83 22.9582 63.9759
      vertex 43.31 22.9743 63.9701
      vertex 43.31 22.9582 63.9759
    endloop
  endfacet
  facet normal -0.000870028 -0.339044 -0.94077
    outer loop
      vertex 44.3476 13.7877 38.5809
      vertex 44.091 13.7398 38.5984
      vertex 44.5954 13.8667 38.5522
    endloop
  endfacet
  facet normal -0.0653924 0.937681 -0.341289
    outer loop
      vertex 32.1495 37 32.388
      vertex 31.9089 37 32.4341
      vertex 31.9089 45.4948 55.7733
    endloop
  endfacet
  facet normal 0 -0.342059 -0.939679
    outer loop
      vertex 31.4046 13.8667 38.5522
      vertex 44.7291 14.0101 38.5
      vertex 44.5954 13.8667 38.5522
    endloop
  endfacet
  facet normal -0 -0.342059 -0.939679
    outer loop
      vertex 44.7291 14.0101 38.5
      vertex 31.4046 13.8667 38.5522
      vertex 31.2709 14.0101 38.5
    endloop
  endfacet
  facet normal -0.659362 -0.706485 0.25714
    outer loop
      vertex 30.7558 23.5087 63.7756
      vertex 30.7558 14.3091 38.5
      vertex 30.9522 14.1258 38.5
    endloop
  endfacet
  facet normal -0.997862 0.0614192 -0.0223548
    outer loop
      vertex 30.17 37 38.2317
      vertex 30.1871 43.8768 56.3622
      vertex 30.1871 37 37.4684
    endloop
  endfacet
  facet normal -0.997861 0.0614228 -0.0223562
    outer loop
      vertex 30.1871 43.8768 56.3622
      vertex 30.17 37 38.2317
      vertex 30.17 43.6315 56.4515
    endloop
  endfacet
  facet normal 0.321216 -0.889894 0.323897
    outer loop
      vertex 44.5954 23.1013 63.9239
      vertex 44.3476 13.7877 38.5809
      vertex 44.5954 13.8667 38.5522
    endloop
  endfacet
  facet normal -0.659349 0.706496 -0.257144
    outer loop
      vertex 30.9525 37 33.5925
      vertex 30.7825 37 34.0284
      vertex 30.9525 45.1225 55.9088
    endloop
  endfacet
  facet normal -0.831534 -0.521974 0.189984
    outer loop
      vertex 30.5833 23.6935 63.7083
      vertex 30.4393 14.7478 38.5
      vertex 30.5833 14.5184 38.5
    endloop
  endfacet
  facet normal 0.0654257 0.937679 -0.341288
    outer loop
      vertex 43.8505 37 32.388
      vertex 43.83 45.5109 55.7675
      vertex 44.091 45.4948 55.7733
    endloop
  endfacet
  facet normal 0.0649302 0.937709 -0.3413
    outer loop
      vertex 43.83 45.5109 55.7675
      vertex 43.8505 37 32.388
      vertex 43.83 37 32.3841
    endloop
  endfacet
  facet normal -0.00100921 0.342019 0.939692
    outer loop
      vertex 30.17 43.6315 56.4515
      vertex 30.17 24.8376 63.2919
      vertex 30.1871 24.5923 63.3812
    endloop
  endfacet
  facet normal -0.530635 -0.795952 0.291353
    outer loop
      vertex 30.9525 14.1256 38.5
      vertex 30.7558 23.5087 63.7756
      vertex 30.9522 14.1258 38.5
    endloop
  endfacet
  facet normal -0.65935 -0.706495 0.257142
    outer loop
      vertex 30.7558 23.5087 63.7756
      vertex 30.9525 14.1256 38.5
      vertex 30.9525 23.3466 63.8346
    endloop
  endfacet
  facet normal 0.000481378 0.341381 0.939925
    outer loop
      vertex 45.2442 23.5087 63.7756
      vertex 44.5954 23.1013 63.9239
      vertex 44.83 23.21 63.8843
    endloop
  endfacet
  facet normal 0.442278 -0.842789 0.306752
    outer loop
      vertex 44.5954 13.8667 38.5522
      vertex 44.83 23.21 63.8843
      vertex 44.5954 23.1013 63.9239
    endloop
  endfacet
  facet normal 0.442567 -0.842656 0.3067
    outer loop
      vertex 44.83 23.21 63.8843
      vertex 44.5954 13.8667 38.5522
      vertex 44.83 13.9755 38.5126
    endloop
  endfacet
  facet normal 0.32142 0.88983 -0.32387
    outer loop
      vertex 44.5723 37 32.8063
      vertex 44.3476 37 32.5833
      vertex 44.3476 45.4468 55.7908
    endloop
  endfacet
  facet normal -0.0654007 0.93768 -0.341289
    outer loop
      vertex 32.17 45.5109 55.7675
      vertex 32.1495 37 32.388
      vertex 31.9089 45.4948 55.7733
    endloop
  endfacet
  facet normal -0.0649302 0.937709 -0.3413
    outer loop
      vertex 32.1495 37 32.388
      vertex 32.17 45.5109 55.7675
      vertex 32.17 37 32.3841
    endloop
  endfacet
  facet normal -0.684791 -0.684791 0.249243
    outer loop
      vertex 30.9528 14.1253 38.5
      vertex 30.9525 23.3466 63.8346
      vertex 30.9525 14.1256 38.5
    endloop
  endfacet
  facet normal -0.555654 -0.781273 0.284362
    outer loop
      vertex 30.9525 23.3466 63.8346
      vertex 30.9528 14.1253 38.5
      vertex 31.17 23.21 63.8843
    endloop
  endfacet
  facet normal 0.000339416 0.342386 0.939559
    outer loop
      vertex 31.17 23.21 63.8843
      vertex 30.7558 23.5087 63.7756
      vertex 30.9525 23.3466 63.8346
    endloop
  endfacet
  facet normal -0.0654007 -0.937681 0.341286
    outer loop
      vertex 31.9089 22.9743 63.9701
      vertex 32.17 13.7237 38.6042
      vertex 32.17 22.9582 63.9759
    endloop
  endfacet
  facet normal -0.0654007 -0.937681 0.341286
    outer loop
      vertex 32.17 13.7237 38.6042
      vertex 31.9089 22.9743 63.9701
      vertex 31.9089 13.7398 38.5984
    endloop
  endfacet
  facet normal 0 0.342058 0.939679
    outer loop
      vertex 32.69 23.5087 63.7756
      vertex 31.4046 23.1013 63.9239
      vertex 32.69 23.1013 63.9239
    endloop
  endfacet
  facet normal 0 0.342058 0.939679
    outer loop
      vertex 31.4046 23.1013 63.9239
      vertex 32.69 23.5087 63.7756
      vertex 30.7558 23.5087 63.7756
    endloop
  endfacet
  facet normal -0 0.342058 0.939679
    outer loop
      vertex 43.31 23.5087 63.7756
      vertex 44.5954 23.1013 63.9239
      vertex 45.2442 23.5087 63.7756
    endloop
  endfacet
  facet normal 0 0.342058 0.939679
    outer loop
      vertex 44.5954 23.1013 63.9239
      vertex 43.31 23.5087 63.7756
      vertex 43.31 23.1013 63.9239
    endloop
  endfacet
  facet normal 0 -0.342179 -0.939635
    outer loop
      vertex 44.83 13.9755 38.5126
      vertex 44.7291 14.0101 38.5
      vertex 44.8583 14.0101 38.5
    endloop
  endfacet
  facet normal 3.54312e-05 -0.342088 -0.939668
    outer loop
      vertex 44.7291 14.0101 38.5
      vertex 44.83 13.9755 38.5126
      vertex 44.5954 13.8667 38.5522
    endloop
  endfacet
  facet normal -3.54312e-05 -0.342088 -0.939668
    outer loop
      vertex 31.17 13.9755 38.5126
      vertex 31.2709 14.0101 38.5
      vertex 31.4046 13.8667 38.5522
    endloop
  endfacet
  facet normal -0 -0.342179 -0.939635
    outer loop
      vertex 31.2709 14.0101 38.5
      vertex 31.17 13.9755 38.5126
      vertex 31.1417 14.0101 38.5
    endloop
  endfacet
  facet normal 0.555654 0.781273 -0.284362
    outer loop
      vertex 44.8533 37 33.2131
      vertex 44.83 45.2591 55.8591
      vertex 45.0475 45.1225 55.9088
    endloop
  endfacet
  facet normal 0.556251 0.780898 -0.284225
    outer loop
      vertex 44.83 45.2591 55.8591
      vertex 44.8533 37 33.2131
      vertex 44.83 37 33.1675
    endloop
  endfacet
  facet normal -0 -0.342179 -0.939635
    outer loop
      vertex 44.878 14.0101 38.5
      vertex 44.83 13.9755 38.5126
      vertex 44.8583 14.0101 38.5
    endloop
  endfacet
  facet normal -8.82132e-05 0.342021 0.939692
    outer loop
      vertex 45.8129 43.8768 56.3622
      vertex 45.4167 23.6935 63.7083
      vertex 45.8129 24.5923 63.3812
    endloop
  endfacet
  facet normal 0 0.939692 -0.342022
    outer loop
      vertex 43.83 45.5109 55.7675
      vertex 43.31 37.9864 35.0942
      vertex 43.31 45.5109 55.7675
    endloop
  endfacet
  facet normal 0 0.939692 -0.342021
    outer loop
      vertex 43.31 37.9864 35.0942
      vertex 43.83 37 32.3841
      vertex 32.69 37.9864 35.0942
    endloop
  endfacet
  facet normal -3.34628e-07 0.939692 -0.342022
    outer loop
      vertex 43.83 37 32.3841
      vertex 43.31 37.9864 35.0942
      vertex 43.83 45.5109 55.7675
    endloop
  endfacet
  facet normal 0 0.939692 -0.342022
    outer loop
      vertex 32.69 37.9864 35.0942
      vertex 32.17 45.5109 55.7675
      vertex 32.69 45.5109 55.7675
    endloop
  endfacet
  facet normal 3.34628e-07 0.939692 -0.342022
    outer loop
      vertex 32.69 37.9864 35.0942
      vertex 32.17 37 32.3841
      vertex 32.17 45.5109 55.7675
    endloop
  endfacet
  facet normal 0 0.939692 -0.342021
    outer loop
      vertex 32.17 37 32.3841
      vertex 32.69 37.9864 35.0942
      vertex 43.83 37 32.3841
    endloop
  endfacet
  facet normal -0 0.342019 0.939693
    outer loop
      vertex 43.31 44.7756 56.0351
      vertex 45.2442 23.5087 63.7756
      vertex 45.4167 44.7756 56.0351
    endloop
  endfacet
  facet normal 0 0.342019 0.939693
    outer loop
      vertex 45.2442 23.5087 63.7756
      vertex 43.31 44.7756 56.0351
      vertex 43.31 23.5087 63.7756
    endloop
  endfacet
  facet normal 0 0.342019 0.939693
    outer loop
      vertex 32.69 44.7756 56.0351
      vertex 30.7558 23.5087 63.7756
      vertex 32.69 23.5087 63.7756
    endloop
  endfacet
  facet normal 0 0.342019 0.939693
    outer loop
      vertex 30.7558 23.5087 63.7756
      vertex 32.69 44.7756 56.0351
      vertex 30.5833 44.7756 56.0351
    endloop
  endfacet
  facet normal -0.321216 -0.889894 0.323897
    outer loop
      vertex 31.4046 23.1013 63.9239
      vertex 31.4046 13.8667 38.5522
      vertex 31.6524 13.7877 38.5809
    endloop
  endfacet
  facet normal 0 0.341862 0.93975
    outer loop
      vertex 32.69 23.1013 63.9239
      vertex 31.9089 22.9743 63.9701
      vertex 32.69 22.9743 63.9701
    endloop
  endfacet
  facet normal 0 0.341862 0.93975
    outer loop
      vertex 31.9089 22.9743 63.9701
      vertex 32.69 23.1013 63.9239
      vertex 31.4046 23.1013 63.9239
    endloop
  endfacet
  facet normal -0 0.341862 0.93975
    outer loop
      vertex 43.31 23.1013 63.9239
      vertex 44.091 22.9743 63.9701
      vertex 44.5954 23.1013 63.9239
    endloop
  endfacet
  facet normal 0 0.341862 0.93975
    outer loop
      vertex 44.091 22.9743 63.9701
      vertex 43.31 23.1013 63.9239
      vertex 43.31 22.9743 63.9701
    endloop
  endfacet
  facet normal -0.000374287 0.344294 0.938862
    outer loop
      vertex 31.9089 45.4948 55.7733
      vertex 31.6524 45.4468 55.7908
      vertex 32.17 45.5109 55.7675
    endloop
  endfacet
  facet normal 0.0654195 0.937679 -0.341288
    outer loop
      vertex 44.091 37 32.4341
      vertex 43.8505 37 32.388
      vertex 44.091 45.4948 55.7733
    endloop
  endfacet
  facet normal 0.195273 0.921603 -0.335435
    outer loop
      vertex 44.3476 37 32.5833
      vertex 44.091 45.4948 55.7733
      vertex 44.3476 45.4468 55.7908
    endloop
  endfacet
  facet normal 0.195049 0.921644 -0.335452
    outer loop
      vertex 44.091 45.4948 55.7733
      vertex 44.3476 37 32.5833
      vertex 44.091 37 32.4341
    endloop
  endfacet
  facet normal -0.195346 -0.921589 0.33543
    outer loop
      vertex 31.6524 23.0223 63.9526
      vertex 31.9089 13.7398 38.5984
      vertex 31.9089 22.9743 63.9701
    endloop
  endfacet
  facet normal -0.195001 -0.921653 0.335456
    outer loop
      vertex 31.9089 13.7398 38.5984
      vertex 31.6524 23.0223 63.9526
      vertex 31.6524 13.7877 38.5809
    endloop
  endfacet
  facet normal 0.659362 -0.706485 0.25714
    outer loop
      vertex 45.2442 23.5087 63.7756
      vertex 45.0478 14.1258 38.5
      vertex 45.2442 14.3091 38.5
    endloop
  endfacet
  facet normal 0 -0.939693 0.342019
    outer loop
      vertex 32.17 22.9582 63.9759
      vertex 32.69 15.4338 43.3027
      vertex 32.69 22.9582 63.9759
    endloop
  endfacet
  facet normal 0 -0.939694 0.342018
    outer loop
      vertex 32.69 15.4338 43.3027
      vertex 32.17 13.7237 38.6042
      vertex 43.31 15.4338 43.3027
    endloop
  endfacet
  facet normal -1.09744e-05 -0.939693 0.342019
    outer loop
      vertex 32.17 13.7237 38.6042
      vertex 32.69 15.4338 43.3027
      vertex 32.17 22.9582 63.9759
    endloop
  endfacet
  facet normal 0 -0.939693 0.342019
    outer loop
      vertex 43.31 15.4338 43.3027
      vertex 43.83 22.9582 63.9759
      vertex 43.31 22.9582 63.9759
    endloop
  endfacet
  facet normal 1.09744e-05 -0.939693 0.342019
    outer loop
      vertex 43.31 15.4338 43.3027
      vertex 43.83 13.7237 38.6042
      vertex 43.83 22.9582 63.9759
    endloop
  endfacet
  facet normal 0 -0.939694 0.342018
    outer loop
      vertex 43.83 13.7237 38.6042
      vertex 43.31 15.4338 43.3027
      vertex 32.17 13.7237 38.6042
    endloop
  endfacet
  facet normal 0.195273 -0.921603 0.335434
    outer loop
      vertex 44.091 13.7398 38.5984
      vertex 44.3476 23.0223 63.9526
      vertex 44.091 22.9743 63.9701
    endloop
  endfacet
  facet normal 0.194927 -0.921666 0.335461
    outer loop
      vertex 44.3476 23.0223 63.9526
      vertex 44.091 13.7398 38.5984
      vertex 44.3476 13.7877 38.5809
    endloop
  endfacet
  facet normal 0.0654257 -0.93768 0.341286
    outer loop
      vertex 43.83 13.7237 38.6042
      vertex 44.091 22.9743 63.9701
      vertex 43.83 22.9582 63.9759
    endloop
  endfacet
  facet normal 0.0654257 -0.93768 0.341286
    outer loop
      vertex 44.091 22.9743 63.9701
      vertex 43.83 13.7237 38.6042
      vertex 44.091 13.7398 38.5984
    endloop
  endfacet
  facet normal 0.000214166 0.342016 0.939694
    outer loop
      vertex 45.8129 43.8768 56.3622
      vertex 45.2442 23.5087 63.7756
      vertex 45.4167 23.6935 63.7083
    endloop
  endfacet
  facet normal -0.831367 -0.52221 0.190069
    outer loop
      vertex 30.4379 14.7499 38.5
      vertex 30.5833 23.6935 63.7083
      vertex 30.4379 23.8979 63.6339
    endloop
  endfacet
  facet normal -0.81564 -0.54376 0.197624
    outer loop
      vertex 30.5833 23.6935 63.7083
      vertex 30.4379 14.7499 38.5
      vertex 30.4393 14.7478 38.5
    endloop
  endfacet
  facet normal -0 -0.342179 -0.939635
    outer loop
      vertex 44.8851 14.0101 38.5
      vertex 44.83 13.9755 38.5126
      vertex 44.878 14.0101 38.5
    endloop
  endfacet
  facet normal 0.321216 0.889894 -0.323896
    outer loop
      vertex 44.5954 37 32.8292
      vertex 44.3476 45.4468 55.7908
      vertex 44.5954 45.3678 55.8195
    endloop
  endfacet
  facet normal 0.321105 0.889929 -0.32391
    outer loop
      vertex 44.3476 45.4468 55.7908
      vertex 44.5954 37 32.8292
      vertex 44.5723 37 32.8063
    endloop
  endfacet
  facet normal -0.000127829 0.342233 0.939615
    outer loop
      vertex 30.9525 45.1225 55.9088
      vertex 30.5833 44.7756 56.0351
      vertex 32.17 45.5109 55.7675
    endloop
  endfacet
  facet normal -0.00110578 0.342324 0.939581
    outer loop
      vertex 30.3222 44.3507 56.1897
      vertex 30.1871 43.8768 56.3622
      vertex 30.4379 44.5712 56.1095
    endloop
  endfacet
  facet normal -0.997865 -0.0613788 0.02234
    outer loop
      vertex 30.1871 24.5923 63.3812
      vertex 30.1704 15.8078 38.5
      vertex 30.1871 15.5363 38.5
    endloop
  endfacet
  facet normal -0.897309 0.414782 -0.150969
    outer loop
      vertex 30.4166 37 35.4345
      vertex 30.4379 44.5712 56.1095
      vertex 30.4379 37 35.3079
    endloop
  endfacet
  facet normal -0.896885 0.415592 -0.151266
    outer loop
      vertex 30.4379 44.5712 56.1095
      vertex 30.4166 37 35.4345
      vertex 30.3222 44.3507 56.1897
    endloop
  endfacet
  facet normal -0.00029289 -0.343127 -0.939289
    outer loop
      vertex 31.9089 13.7398 38.5984
      vertex 31.4046 13.8667 38.5522
      vertex 32.17 13.7237 38.6042
    endloop
  endfacet
  facet normal 0.751798 -0.619627 0.225527
    outer loop
      vertex 45.2442 23.5087 63.7756
      vertex 45.4167 14.5184 38.5
      vertex 45.4167 23.6935 63.7083
    endloop
  endfacet
  facet normal 0.751805 -0.619619 0.225524
    outer loop
      vertex 45.4167 14.5184 38.5
      vertex 45.2442 23.5087 63.7756
      vertex 45.2442 14.3091 38.5
    endloop
  endfacet
  facet normal 0.65935 -0.706495 0.257142
    outer loop
      vertex 45.0475 14.1256 38.5
      vertex 45.2442 23.5087 63.7756
      vertex 45.0475 23.3466 63.8346
    endloop
  endfacet
  facet normal 0.530635 -0.795952 0.291353
    outer loop
      vertex 45.2442 23.5087 63.7756
      vertex 45.0475 14.1256 38.5
      vertex 45.0478 14.1258 38.5
    endloop
  endfacet
  facet normal 0.831534 -0.521974 0.189984
    outer loop
      vertex 45.4167 23.6935 63.7083
      vertex 45.4167 14.5184 38.5
      vertex 45.5607 14.7478 38.5
    endloop
  endfacet
  facet normal 0.831544 -0.521961 0.189979
    outer loop
      vertex 45.4167 23.6935 63.7083
      vertex 45.562 14.7499 38.5
      vertex 45.562 23.8979 63.6339
    endloop
  endfacet
  facet normal 0.835068 -0.516947 0.18822
    outer loop
      vertex 45.562 14.7499 38.5
      vertex 45.4167 23.6935 63.7083
      vertex 45.5607 14.7478 38.5
    endloop
  endfacet
  facet normal 0.946967 -0.301953 0.109903
    outer loop
      vertex 45.7618 24.3512 63.4689
      vertex 45.6788 15.0029 38.5
      vertex 45.7618 15.2632 38.5
    endloop
  endfacet
  facet normal 0.997865 -0.0613788 0.02234
    outer loop
      vertex 45.8129 24.5923 63.3812
      vertex 45.8129 15.5363 38.5
      vertex 45.8296 15.8078 38.5
    endloop
  endfacet
  facet normal 0.997861 -0.0614229 0.0223561
    outer loop
      vertex 45.8129 24.5923 63.3812
      vertex 45.83 15.8141 38.5
      vertex 45.83 24.8376 63.2919
    endloop
  endfacet
  facet normal 0.997726 -0.0633477 0.023035
    outer loop
      vertex 45.83 15.8141 38.5
      vertex 45.8129 24.5923 63.3812
      vertex 45.8296 15.8078 38.5
    endloop
  endfacet
  facet normal -3.87154e-05 0.341349 0.939937
    outer loop
      vertex 44.3476 45.4468 55.7908
      vertex 43.83 45.5109 55.7675
      vertex 44.5954 45.3678 55.8195
    endloop
  endfacet
  facet normal -0.000217449 0.341902 0.939736
    outer loop
      vertex 45.562 44.5712 56.1095
      vertex 45.4167 44.7756 56.0351
      vertex 45.8129 43.8768 56.3622
    endloop
  endfacet
  facet normal 0.980723 0.183619 -0.0668319
    outer loop
      vertex 45.8002 37 37.2817
      vertex 45.7618 37 36.7182
      vertex 45.7618 44.1179 56.2745
    endloop
  endfacet
  facet normal 0.997861 0.0614228 -0.0223562
    outer loop
      vertex 45.83 37 38.2317
      vertex 45.8129 43.8768 56.3622
      vertex 45.83 43.6315 56.4515
    endloop
  endfacet
  facet normal 0.997862 0.0614192 -0.0223548
    outer loop
      vertex 45.8129 43.8768 56.3622
      vertex 45.83 37 38.2317
      vertex 45.8129 37 37.4684
    endloop
  endfacet
  facet normal 0.65935 0.706495 -0.257143
    outer loop
      vertex 45.2442 37 34.0968
      vertex 45.0475 45.1225 55.9088
      vertex 45.2442 44.9604 55.9678
    endloop
  endfacet
  facet normal 0.659017 0.706767 -0.257248
    outer loop
      vertex 45.0475 45.1225 55.9088
      vertex 45.2442 37 34.0968
      vertex 45.2175 37 34.0284
    endloop
  endfacet
  facet normal -0.32142 0.88983 -0.32387
    outer loop
      vertex 31.6524 37 32.5833
      vertex 31.4277 37 32.8063
      vertex 31.6524 45.4468 55.7908
    endloop
  endfacet
  facet normal -0.321216 0.889894 -0.323896
    outer loop
      vertex 31.6524 45.4468 55.7908
      vertex 31.4046 37 32.8292
      vertex 31.4046 45.3678 55.8195
    endloop
  endfacet
  facet normal -0.321105 0.889929 -0.32391
    outer loop
      vertex 31.4046 37 32.8292
      vertex 31.6524 45.4468 55.7908
      vertex 31.4277 37 32.8063
    endloop
  endfacet
  facet normal -0.946935 -0.302041 0.109932
    outer loop
      vertex 30.3212 15.0029 38.5
      vertex 30.3222 24.1184 63.5537
      vertex 30.2381 24.3512 63.4689
    endloop
  endfacet
  facet normal -0.951737 -0.288405 0.104971
    outer loop
      vertex 30.3222 24.1184 63.5537
      vertex 30.3212 15.0029 38.5
      vertex 30.3222 14.9996 38.5
    endloop
  endfacet
  facet normal 0.000870847 -0.339042 -0.940771
    outer loop
      vertex 31.6524 13.7877 38.5809
      vertex 31.4046 13.8667 38.5522
      vertex 31.9089 13.7398 38.5984
    endloop
  endfacet
  facet normal -0.442278 -0.842789 0.306752
    outer loop
      vertex 31.17 23.21 63.8843
      vertex 31.4046 13.8667 38.5522
      vertex 31.4046 23.1013 63.9239
    endloop
  endfacet
  facet normal -0.442567 -0.842656 0.3067
    outer loop
      vertex 31.4046 13.8667 38.5522
      vertex 31.17 23.21 63.8843
      vertex 31.17 13.9755 38.5126
    endloop
  endfacet
  facet normal 0.980735 0.18356 -0.0668105
    outer loop
      vertex 45.8129 37 37.4684
      vertex 45.7618 44.1179 56.2745
      vertex 45.8129 43.8768 56.3622
    endloop
  endfacet
  facet normal 0.980788 0.183312 -0.0667167
    outer loop
      vertex 45.7618 44.1179 56.2745
      vertex 45.8129 37 37.4684
      vertex 45.8002 37 37.2817
    endloop
  endfacet
  facet normal 0.000374572 0.344296 0.938861
    outer loop
      vertex 44.091 45.4948 55.7733
      vertex 43.83 45.5109 55.7675
      vertex 44.3476 45.4468 55.7908
    endloop
  endfacet
  facet normal -0.000177366 0.34237 0.939565
    outer loop
      vertex 31.4046 45.3678 55.8195
      vertex 30.9525 45.1225 55.9088
      vertex 32.17 45.5109 55.7675
    endloop
  endfacet
  facet normal 3.87154e-05 0.341349 0.939937
    outer loop
      vertex 31.6524 45.4468 55.7908
      vertex 31.4046 45.3678 55.8195
      vertex 32.17 45.5109 55.7675
    endloop
  endfacet
  facet normal 0 -0.341743 -0.939793
    outer loop
      vertex 32.17 13.7237 38.6042
      vertex 44.5954 13.8667 38.5522
      vertex 43.83 13.7237 38.6042
    endloop
  endfacet
  facet normal -0 -0.341743 -0.939793
    outer loop
      vertex 44.5954 13.8667 38.5522
      vertex 32.17 13.7237 38.6042
      vertex 31.4046 13.8667 38.5522
    endloop
  endfacet
  facet normal 0.000293057 -0.343128 -0.939289
    outer loop
      vertex 44.091 13.7398 38.5984
      vertex 43.83 13.7237 38.6042
      vertex 44.5954 13.8667 38.5522
    endloop
  endfacet
  facet normal 0.000550102 0.339932 0.94045
    outer loop
      vertex 44.5954 23.1013 63.9239
      vertex 44.091 22.9743 63.9701
      vertex 44.3476 23.0223 63.9526
    endloop
  endfacet
  facet normal 0.321216 -0.889894 0.323897
    outer loop
      vertex 44.3476 23.0223 63.9526
      vertex 44.3476 13.7877 38.5809
      vertex 44.5954 23.1013 63.9239
    endloop
  endfacet
  facet normal -0.000481378 0.341381 0.939925
    outer loop
      vertex 31.4046 23.1013 63.9239
      vertex 30.7558 23.5087 63.7756
      vertex 31.17 23.21 63.8843
    endloop
  endfacet
  facet normal 0.555634 -0.781842 0.282832
    outer loop
      vertex 45.0472 14.1253 38.5
      vertex 44.83 13.9755 38.5126
      vertex 44.8851 14.0101 38.5
    endloop
  endfacet
  facet normal 0.55543 -0.781414 0.28441
    outer loop
      vertex 44.83 13.9755 38.5126
      vertex 45.0472 14.1253 38.5
      vertex 44.83 23.21 63.8843
    endloop
  endfacet
  facet normal -0.65935 0.706495 -0.257143
    outer loop
      vertex 30.9525 45.1225 55.9088
      vertex 30.7558 37 34.0968
      vertex 30.7558 44.9604 55.9678
    endloop
  endfacet
  facet normal -0.659017 0.706767 -0.257248
    outer loop
      vertex 30.7558 37 34.0968
      vertex 30.9525 45.1225 55.9088
      vertex 30.7825 37 34.0284
    endloop
  endfacet
  facet normal 0.896733 -0.415882 0.151369
    outer loop
      vertex 45.562 23.8979 63.6339
      vertex 45.6778 14.9996 38.5
      vertex 45.6778 24.1184 63.5537
    endloop
  endfacet
  facet normal 0.89674 -0.415869 0.151364
    outer loop
      vertex 45.6778 14.9996 38.5
      vertex 45.562 23.8979 63.6339
      vertex 45.562 14.7499 38.5
    endloop
  endfacet
  facet normal 0.947052 -0.301718 0.109815
    outer loop
      vertex 45.6778 24.1184 63.5537
      vertex 45.6788 15.0029 38.5
      vertex 45.7618 24.3512 63.4689
    endloop
  endfacet
  facet normal 0.951737 -0.288405 0.104971
    outer loop
      vertex 45.6788 15.0029 38.5
      vertex 45.6778 24.1184 63.5537
      vertex 45.6778 14.9996 38.5
    endloop
  endfacet
  facet normal -0.980791 0.183299 -0.0667169
    outer loop
      vertex 30.1871 37 37.4684
      vertex 30.2381 44.1179 56.2745
      vertex 30.1998 37 37.2817
    endloop
  endfacet
  facet normal -0.980809 0.183214 -0.0666848
    outer loop
      vertex 30.2381 44.1179 56.2745
      vertex 30.1871 37 37.4684
      vertex 30.1871 43.8768 56.3622
    endloop
  endfacet
  facet normal -0.55543 -0.781414 0.28441
    outer loop
      vertex 30.9528 14.1253 38.5
      vertex 31.17 13.9755 38.5126
      vertex 31.17 23.21 63.8843
    endloop
  endfacet
  facet normal -0.555634 -0.781842 0.282832
    outer loop
      vertex 31.17 13.9755 38.5126
      vertex 30.9528 14.1253 38.5
      vertex 31.1149 14.0101 38.5
    endloop
  endfacet
  facet normal 0.000739983 0.341698 0.939809
    outer loop
      vertex 45.8129 24.5923 63.3812
      vertex 45.4167 23.6935 63.7083
      vertex 45.7618 24.3512 63.4689
    endloop
  endfacet
  facet normal 0.980735 -0.18356 0.0668103
    outer loop
      vertex 45.7618 24.3512 63.4689
      vertex 45.8129 15.5363 38.5
      vertex 45.8129 24.5923 63.3812
    endloop
  endfacet
  facet normal 0.980746 -0.183508 0.0667921
    outer loop
      vertex 45.8129 15.5363 38.5
      vertex 45.7618 24.3512 63.4689
      vertex 45.7618 15.2632 38.5
    endloop
  endfacet
  facet normal 0.896783 0.415786 -0.151334
    outer loop
      vertex 45.6778 37 35.9939
      vertex 45.5834 37 35.4345
      vertex 45.6778 44.3507 56.1897
    endloop
  endfacet
  facet normal 0.000177366 0.34237 0.939565
    outer loop
      vertex 44.5954 45.3678 55.8195
      vertex 43.83 45.5109 55.7675
      vertex 45.0475 45.1225 55.9088
    endloop
  endfacet
  facet normal -0.00323062 0.34123 0.939974
    outer loop
      vertex 45.7618 44.1179 56.2745
      vertex 45.6778 44.3507 56.1897
      vertex 45.8129 43.8768 56.3622
    endloop
  endfacet
  facet normal -0.751846 0.619576 -0.225508
    outer loop
      vertex 30.7315 37 34.1778
      vertex 30.5833 37 34.6719
      vertex 30.5833 44.7756 56.0351
    endloop
  endfacet
  facet normal 0.00321239 0.341235 0.939973
    outer loop
      vertex 30.2381 44.1179 56.2745
      vertex 30.1871 43.8768 56.3622
      vertex 30.3222 44.3507 56.1897
    endloop
  endfacet
  facet normal -0.195346 0.921589 -0.33543
    outer loop
      vertex 31.9089 45.4948 55.7733
      vertex 31.6524 37 32.5833
      vertex 31.6524 45.4468 55.7908
    endloop
  endfacet
  facet normal -0.195122 0.921631 -0.335447
    outer loop
      vertex 31.6524 37 32.5833
      vertex 31.9089 45.4948 55.7733
      vertex 31.9089 37 32.4341
    endloop
  endfacet
  facet normal -1 0 0
    outer loop
      vertex 30.17 37 38.5
      vertex 30.17 43.6315 56.4515
      vertex 30.17 37 38.2317
    endloop
  endfacet
  facet normal -1 0 0
    outer loop
      vertex 30.17 37 38.5
      vertex 30.17 24.8376 63.2919
      vertex 30.17 43.6315 56.4515
    endloop
  endfacet
  facet normal -1 0 -0
    outer loop
      vertex 30.17 24.8376 63.2919
      vertex 30.17 37 38.5
      vertex 30.17 15.8141 38.5
    endloop
  endfacet
  facet normal -0.000214166 0.342016 0.939694
    outer loop
      vertex 30.7558 23.5087 63.7756
      vertex 30.1871 43.8768 56.3622
      vertex 30.5833 23.6935 63.7083
    endloop
  endfacet
  facet normal -0.997861 -0.0614229 0.0223561
    outer loop
      vertex 30.17 15.8141 38.5
      vertex 30.1871 24.5923 63.3812
      vertex 30.17 24.8376 63.2919
    endloop
  endfacet
  facet normal -0.997726 -0.0633477 0.023035
    outer loop
      vertex 30.1871 24.5923 63.3812
      vertex 30.17 15.8141 38.5
      vertex 30.1704 15.8078 38.5
    endloop
  endfacet
  facet normal 0.00152408 0.342747 0.939426
    outer loop
      vertex 30.5833 23.6935 63.7083
      vertex 30.2381 24.3512 63.4689
      vertex 30.3222 24.1184 63.5537
    endloop
  endfacet
  facet normal -0.751798 -0.619627 0.225527
    outer loop
      vertex 30.5833 14.5184 38.5
      vertex 30.7558 23.5087 63.7756
      vertex 30.5833 23.6935 63.7083
    endloop
  endfacet
  facet normal -0.751805 -0.619619 0.225524
    outer loop
      vertex 30.7558 23.5087 63.7756
      vertex 30.5833 14.5184 38.5
      vertex 30.7558 14.3091 38.5
    endloop
  endfacet
  facet normal 8.30525e-05 0.342019 0.939693
    outer loop
      vertex 45.4167 44.7756 56.0351
      vertex 45.2442 23.5087 63.7756
      vertex 45.8129 43.8768 56.3622
    endloop
  endfacet
  facet normal 0.896733 0.415882 -0.151368
    outer loop
      vertex 45.5834 37 35.4345
      vertex 45.562 44.5712 56.1095
      vertex 45.6778 44.3507 56.1897
    endloop
  endfacet
  facet normal 0.896488 0.416348 -0.151539
    outer loop
      vertex 45.562 44.5712 56.1095
      vertex 45.5834 37 35.4345
      vertex 45.562 37 35.3079
    endloop
  endfacet
  facet normal -0.555578 0.781321 -0.284379
    outer loop
      vertex 31.1467 37 33.2131
      vertex 30.9525 37 33.5925
      vertex 30.9525 45.1225 55.9088
    endloop
  endfacet
  facet normal 0.00110369 0.342323 0.939582
    outer loop
      vertex 45.6778 44.3507 56.1897
      vertex 45.562 44.5712 56.1095
      vertex 45.8129 43.8768 56.3622
    endloop
  endfacet
  facet normal 0.831544 0.521961 -0.189979
    outer loop
      vertex 45.562 37 35.3079
      vertex 45.4167 44.7756 56.0351
      vertex 45.562 44.5712 56.1095
    endloop
  endfacet
  facet normal 0.831651 0.521811 -0.189922
    outer loop
      vertex 45.4167 44.7756 56.0351
      vertex 45.562 37 35.3079
      vertex 45.5364 37 35.1958
    endloop
  endfacet
  facet normal -0.000339416 0.342386 0.939559
    outer loop
      vertex 45.2442 23.5087 63.7756
      vertex 44.83 23.21 63.8843
      vertex 45.0475 23.3466 63.8346
    endloop
  endfacet
  facet normal 0.555654 -0.781273 0.284362
    outer loop
      vertex 45.0472 14.1253 38.5
      vertex 45.0475 23.3466 63.8346
      vertex 44.83 23.21 63.8843
    endloop
  endfacet
  facet normal 0.684791 -0.684791 0.249243
    outer loop
      vertex 45.0475 23.3466 63.8346
      vertex 45.0472 14.1253 38.5
      vertex 45.0475 14.1256 38.5
    endloop
  endfacet
  facet normal -0.0015215 0.342746 0.939427
    outer loop
      vertex 45.7618 24.3512 63.4689
      vertex 45.4167 23.6935 63.7083
      vertex 45.6778 24.1184 63.5537
    endloop
  endfacet
  facet normal 0.00138375 0.341169 0.940001
    outer loop
      vertex 45.6778 24.1184 63.5537
      vertex 45.4167 23.6935 63.7083
      vertex 45.562 23.8979 63.6339
    endloop
  endfacet
  facet normal -0.00137676 0.341173 0.939999
    outer loop
      vertex 30.5833 23.6935 63.7083
      vertex 30.3222 24.1184 63.5537
      vertex 30.4379 23.8979 63.6339
    endloop
  endfacet
  facet normal -0 0.341989 0.939704
    outer loop
      vertex 32.17 45.5109 55.7675
      vertex 32.69 44.7756 56.0351
      vertex 32.69 45.5109 55.7675
    endloop
  endfacet
  facet normal 0 0.341989 0.939704
    outer loop
      vertex 32.69 44.7756 56.0351
      vertex 32.17 45.5109 55.7675
      vertex 30.5833 44.7756 56.0351
    endloop
  endfacet
  facet normal 0 0.341989 0.939704
    outer loop
      vertex 43.31 44.7756 56.0351
      vertex 43.83 45.5109 55.7675
      vertex 43.31 45.5109 55.7675
    endloop
  endfacet
  facet normal 0 0.341989 0.939704
    outer loop
      vertex 43.83 45.5109 55.7675
      vertex 43.31 44.7756 56.0351
      vertex 45.4167 44.7756 56.0351
    endloop
  endfacet
  facet normal -0.321216 -0.889894 0.323897
    outer loop
      vertex 31.6524 23.0223 63.9526
      vertex 31.4046 23.1013 63.9239
      vertex 31.6524 13.7877 38.5809
    endloop
  endfacet
  facet normal -0.000550622 0.33993 0.940451
    outer loop
      vertex 31.9089 22.9743 63.9701
      vertex 31.4046 23.1013 63.9239
      vertex 31.6524 23.0223 63.9526
    endloop
  endfacet
  facet normal 0.947052 0.301718 -0.109816
    outer loop
      vertex 45.7618 37 36.7182
      vertex 45.6778 44.3507 56.1897
      vertex 45.7618 44.1179 56.2745
    endloop
  endfacet
  facet normal 0.947037 0.301759 -0.109832
    outer loop
      vertex 45.6778 44.3507 56.1897
      vertex 45.7618 37 36.7182
      vertex 45.6778 37 35.9939
    endloop
  endfacet
  facet normal -0.000779703 0.340812 0.940131
    outer loop
      vertex 44.83 45.2591 55.8591
      vertex 44.5954 45.3678 55.8195
      vertex 45.0475 45.1225 55.9088
    endloop
  endfacet
  facet normal 0.659349 0.706496 -0.257144
    outer loop
      vertex 45.2175 37 34.0284
      vertex 45.0475 37 33.5925
      vertex 45.0475 45.1225 55.9088
    endloop
  endfacet
  facet normal -0.831529 0.521982 -0.189987
    outer loop
      vertex 30.5833 37 34.6719
      vertex 30.4636 37 35.1958
      vertex 30.5833 44.7756 56.0351
    endloop
  endfacet
  facet normal -0.830671 0.523182 -0.190439
    outer loop
      vertex 30.4379 37 35.3079
      vertex 30.5833 44.7756 56.0351
      vertex 30.4636 37 35.1958
    endloop
  endfacet
  facet normal -0.831367 0.522209 -0.19007
    outer loop
      vertex 30.5833 44.7756 56.0351
      vertex 30.4379 37 35.3079
      vertex 30.4379 44.5712 56.1095
    endloop
  endfacet
  facet normal 0.000779703 0.340812 0.940131
    outer loop
      vertex 31.17 45.2591 55.8591
      vertex 30.9525 45.1225 55.9088
      vertex 31.4046 45.3678 55.8195
    endloop
  endfacet
  facet normal -0.94692 0.302081 -0.109949
    outer loop
      vertex 30.2381 37 36.7182
      vertex 30.3222 44.3507 56.1897
      vertex 30.3222 37 35.9939
    endloop
  endfacet
  facet normal -0.946935 0.30204 -0.109933
    outer loop
      vertex 30.3222 44.3507 56.1897
      vertex 30.2381 37 36.7182
      vertex 30.2381 44.1179 56.2745
    endloop
  endfacet
  facet normal 8.82132e-05 0.342021 0.939692
    outer loop
      vertex 30.1871 43.8768 56.3622
      vertex 30.1871 24.5923 63.3812
      vertex 30.5833 23.6935 63.7083
    endloop
  endfacet
  facet normal 0.000983533 0.342021 0.939692
    outer loop
      vertex 30.1871 43.8768 56.3622
      vertex 30.17 43.6315 56.4515
      vertex 30.1871 24.5923 63.3812
    endloop
  endfacet
  facet normal -0.98082 0.183159 -0.0666645
    outer loop
      vertex 30.2381 37 36.7182
      vertex 30.1998 37 37.2817
      vertex 30.2381 44.1179 56.2745
    endloop
  endfacet
  facet normal 0 -0.342179 -0.939635
    outer loop
      vertex 31.17 13.9755 38.5126
      vertex 31.1149 14.0101 38.5
      vertex 31.122 14.0101 38.5
    endloop
  endfacet
  facet normal 0 -0.342179 -0.939635
    outer loop
      vertex 31.17 13.9755 38.5126
      vertex 31.122 14.0101 38.5
      vertex 31.1417 14.0101 38.5
    endloop
  endfacet
  facet normal 0.751798 0.619628 -0.225526
    outer loop
      vertex 45.2685 37 34.1778
      vertex 45.2442 44.9604 55.9678
      vertex 45.4167 44.7756 56.0351
    endloop
  endfacet
  facet normal 0.751779 0.619648 -0.225534
    outer loop
      vertex 45.2442 44.9604 55.9678
      vertex 45.2685 37 34.1778
      vertex 45.2442 37 34.0968
    endloop
  endfacet
  facet normal -0.000983533 0.342021 0.939692
    outer loop
      vertex 45.8129 43.8768 56.3622
      vertex 45.8129 24.5923 63.3812
      vertex 45.83 43.6315 56.4515
    endloop
  endfacet
  facet normal 0.00100921 0.342019 0.939692
    outer loop
      vertex 45.83 43.6315 56.4515
      vertex 45.8129 24.5923 63.3812
      vertex 45.83 24.8376 63.2919
    endloop
  endfacet
  facet normal -0.000738644 0.341699 0.939809
    outer loop
      vertex 30.5833 23.6935 63.7083
      vertex 30.1871 24.5923 63.3812
      vertex 30.2381 24.3512 63.4689
    endloop
  endfacet
  facet normal -0.946849 -0.302279 0.110021
    outer loop
      vertex 30.2381 24.3512 63.4689
      vertex 30.2381 15.2632 38.5
      vertex 30.3212 15.0029 38.5
    endloop
  endfacet
  facet normal 0.751846 0.619576 -0.225508
    outer loop
      vertex 45.4167 37 34.6719
      vertex 45.2685 37 34.1778
      vertex 45.4167 44.7756 56.0351
    endloop
  endfacet
  facet normal 0.831529 0.521982 -0.189987
    outer loop
      vertex 45.5364 37 35.1958
      vertex 45.4167 37 34.6719
      vertex 45.4167 44.7756 56.0351
    endloop
  endfacet
  facet normal 0.000127829 0.342233 0.939615
    outer loop
      vertex 45.0475 45.1225 55.9088
      vertex 43.83 45.5109 55.7675
      vertex 45.4167 44.7756 56.0351
    endloop
  endfacet
  facet normal 0.000686544 0.342758 0.939424
    outer loop
      vertex 45.2442 44.9604 55.9678
      vertex 45.0475 45.1225 55.9088
      vertex 45.4167 44.7756 56.0351
    endloop
  endfacet
  facet normal 0.555578 0.781321 -0.284379
    outer loop
      vertex 45.0475 37 33.5925
      vertex 44.8533 37 33.2131
      vertex 45.0475 45.1225 55.9088
    endloop
  endfacet
  facet normal 0.442278 0.842789 -0.306751
    outer loop
      vertex 44.83 37 33.1675
      vertex 44.5954 45.3678 55.8195
      vertex 44.83 45.2591 55.8591
    endloop
  endfacet
  facet normal 0.442331 0.842765 -0.306742
    outer loop
      vertex 44.5954 45.3678 55.8195
      vertex 44.83 37 33.1675
      vertex 44.5954 37 32.8292
    endloop
  endfacet
  facet normal -8.30525e-05 0.342019 0.939693
    outer loop
      vertex 30.5833 44.7756 56.0351
      vertex 30.1871 43.8768 56.3622
      vertex 30.7558 23.5087 63.7756
    endloop
  endfacet
  facet normal 0.000217056 0.341902 0.939736
    outer loop
      vertex 30.4379 44.5712 56.1095
      vertex 30.1871 43.8768 56.3622
      vertex 30.5833 44.7756 56.0351
    endloop
  endfacet
  facet normal -0.751779 0.619648 -0.225534
    outer loop
      vertex 30.7315 37 34.1778
      vertex 30.7558 44.9604 55.9678
      vertex 30.7558 37 34.0968
    endloop
  endfacet
  facet normal -0.751798 0.619628 -0.225526
    outer loop
      vertex 30.7558 44.9604 55.9678
      vertex 30.7315 37 34.1778
      vertex 30.5833 44.7756 56.0351
    endloop
  endfacet
  facet normal -0.000686544 0.342758 0.939424
    outer loop
      vertex 30.7558 44.9604 55.9678
      vertex 30.5833 44.7756 56.0351
      vertex 30.9525 45.1225 55.9088
    endloop
  endfacet
  facet normal -0.442278 0.842789 -0.306751
    outer loop
      vertex 31.4046 45.3678 55.8195
      vertex 31.17 37 33.1675
      vertex 31.17 45.2591 55.8591
    endloop
  endfacet
  facet normal -0.442331 0.842765 -0.306742
    outer loop
      vertex 31.17 37 33.1675
      vertex 31.4046 45.3678 55.8195
      vertex 31.4046 37 32.8292
    endloop
  endfacet
  facet normal -0.555654 0.781273 -0.284362
    outer loop
      vertex 31.17 45.2591 55.8591
      vertex 31.1467 37 33.2131
      vertex 30.9525 45.1225 55.9088
    endloop
  endfacet
  facet normal -0.556251 0.780898 -0.284225
    outer loop
      vertex 31.1467 37 33.2131
      vertex 31.17 45.2591 55.8591
      vertex 31.17 37 33.1675
    endloop
  endfacet
  facet normal -0.896783 0.415786 -0.151334
    outer loop
      vertex 30.4166 37 35.4345
      vertex 30.3222 37 35.9939
      vertex 30.3222 44.3507 56.1897
    endloop
  endfacet
  facet normal 1 0 0
    outer loop
      vertex 45.83 24.8376 63.2919
      vertex 45.83 37 38.5
      vertex 45.83 43.6315 56.4515
    endloop
  endfacet
  facet normal 1 0 0
    outer loop
      vertex 45.83 37 38.5
      vertex 45.83 24.8376 63.2919
      vertex 45.83 15.8141 38.5
    endloop
  endfacet
  facet normal 1 0 0
    outer loop
      vertex 45.83 43.6315 56.4515
      vertex 45.83 37 38.5
      vertex 45.83 37 38.2317
    endloop
  endfacet
  facet normal -0.896885 -0.415593 0.151263
    outer loop
      vertex 30.3222 14.9996 38.5
      vertex 30.4379 23.8979 63.6339
      vertex 30.3222 24.1184 63.5537
    endloop
  endfacet
  facet normal -0.896891 -0.41558 0.151259
    outer loop
      vertex 30.4379 23.8979 63.6339
      vertex 30.3222 14.9996 38.5
      vertex 30.4379 14.7499 38.5
    endloop
  endfacet
  facet normal -0.980809 -0.183214 0.0666845
    outer loop
      vertex 30.1871 15.5363 38.5
      vertex 30.2381 24.3512 63.4689
      vertex 30.1871 24.5923 63.3812
    endloop
  endfacet
  facet normal -0.98082 -0.183163 0.0666663
    outer loop
      vertex 30.2381 24.3512 63.4689
      vertex 30.1871 15.5363 38.5
      vertex 30.2381 15.2632 38.5
    endloop
  endfacet
  facet normal -0 0.342021 0.939692
    outer loop
      vertex 32.69 37.9864 35.0942
      vertex 43.31 15.4338 43.3027
      vertex 43.31 37.9864 35.0942
    endloop
  endfacet
  facet normal 0 0.342021 0.939692
    outer loop
      vertex 43.31 15.4338 43.3027
      vertex 32.69 37.9864 35.0942
      vertex 32.69 15.4338 43.3027
    endloop
  endfacet
  facet normal -1 0 0
    outer loop
      vertex 43.31 37.9864 35.0942
      vertex 43.31 44.7756 56.0351
      vertex 43.31 45.5109 55.7675
    endloop
  endfacet
  facet normal -1 0 0
    outer loop
      vertex 43.31 37.9864 35.0942
      vertex 43.31 23.5087 63.7756
      vertex 43.31 44.7756 56.0351
    endloop
  endfacet
  facet normal -1 0 0
    outer loop
      vertex 43.31 15.4338 43.3027
      vertex 43.31 23.5087 63.7756
      vertex 43.31 37.9864 35.0942
    endloop
  endfacet
  facet normal -1 -0 0
    outer loop
      vertex 43.31 23.5087 63.7756
      vertex 43.31 15.4338 43.3027
      vertex 43.31 23.1013 63.9239
    endloop
  endfacet
  facet normal -1 -0 0
    outer loop
      vertex 43.31 23.1013 63.9239
      vertex 43.31 15.4338 43.3027
      vertex 43.31 22.9743 63.9701
    endloop
  endfacet
  facet normal -1 -0 0
    outer loop
      vertex 43.31 22.9743 63.9701
      vertex 43.31 15.4338 43.3027
      vertex 43.31 22.9582 63.9759
    endloop
  endfacet
  facet normal 1 0 0
    outer loop
      vertex 32.69 44.7756 56.0351
      vertex 32.69 37.9864 35.0942
      vertex 32.69 45.5109 55.7675
    endloop
  endfacet
  facet normal 1 0 0
    outer loop
      vertex 32.69 23.5087 63.7756
      vertex 32.69 37.9864 35.0942
      vertex 32.69 44.7756 56.0351
    endloop
  endfacet
  facet normal 1 0 0
    outer loop
      vertex 32.69 15.4338 43.3027
      vertex 32.69 23.5087 63.7756
      vertex 32.69 23.1013 63.9239
    endloop
  endfacet
  facet normal 1 0 0
    outer loop
      vertex 32.69 15.4338 43.3027
      vertex 32.69 23.1013 63.9239
      vertex 32.69 22.9743 63.9701
    endloop
  endfacet
  facet normal 1 0 0
    outer loop
      vertex 32.69 15.4338 43.3027
      vertex 32.69 22.9743 63.9701
      vertex 32.69 22.9582 63.9759
    endloop
  endfacet
  facet normal 1 0 0
    outer loop
      vertex 32.69 23.5087 63.7756
      vertex 32.69 15.4338 43.3027
      vertex 32.69 37.9864 35.0942
    endloop
  endfacet
endsolid OpenSCAD_Model
