solid OpenSCAD_Model
  facet normal 1 -0 0
    outer loop
      vertex 19 4 19.5
      vertex 19 6.52 8.5
      vertex 19 6.52 19.5
    endloop
  endfacet
  facet normal 1 0 0
    outer loop
      vertex 19 6.52 8.5
      vertex 19 4 19.5
      vertex 19 4 8.5
    endloop
  endfacet
  facet normal 0 0 1
    outer loop
      vertex 6.52 19 19.5
      vertex 4 19 19.5
      vertex 6.52 6.52 19.5
    endloop
  endfacet
  facet normal -0 0 1
    outer loop
      vertex 6.52 6.52 19.5
      vertex 19 4 19.5
      vertex 19 6.52 19.5
    endloop
  endfacet
  facet normal 0 0 1
    outer loop
      vertex 6.52 6.52 19.5
      vertex 4 4 19.5
      vertex 19 4 19.5
    endloop
  endfacet
  facet normal 0 0 1
    outer loop
      vertex 4 4 19.5
      vertex 6.52 6.52 19.5
      vertex 4 19 19.5
    endloop
  endfacet
  facet normal -1 0 0
    outer loop
      vertex 4 4 8.5
      vertex 4 19 19.5
      vertex 4 19 8.5
    endloop
  endfacet
  facet normal -1 -0 0
    outer loop
      vertex 4 19 19.5
      vertex 4 4 8.5
      vertex 4 4 19.5
    endloop
  endfacet
  facet normal 0 1 0
    outer loop
      vertex 11.32 6.52 9.5
      vertex 19 6.52 19.5
      vertex 14.52 6.52 9.5
    endloop
  endfacet
  facet normal 0 1 -0
    outer loop
      vertex 19 6.52 8.5
      vertex 14.52 6.52 9.5
      vertex 19 6.52 19.5
    endloop
  endfacet
  facet normal 0 1 0
    outer loop
      vertex 14.52 6.52 9.5
      vertex 19 6.52 8.5
      vertex 14.52 6.52 8.5
    endloop
  endfacet
  facet normal 0 1 0
    outer loop
      vertex 19 6.52 19.5
      vertex 11.32 6.52 9.5
      vertex 6.52 6.52 19.5
    endloop
  endfacet
  facet normal 0 1 0
    outer loop
      vertex 6.52 6.52 8.5
      vertex 11.32 6.52 9.5
      vertex 11.32 6.52 8.5
    endloop
  endfacet
  facet normal 0 1 0
    outer loop
      vertex 11.32 6.52 9.5
      vertex 6.52 6.52 8.5
      vertex 6.52 6.52 19.5
    endloop
  endfacet
  facet normal 0 -1 0
    outer loop
      vertex 4 4 19.5
      vertex 11.32 4 9.5
      vertex 19 4 19.5
    endloop
  endfacet
  facet normal 0 -1 0
    outer loop
      vertex 4 4 8.5
      vertex 11.32 4 9.5
      vertex 4 4 19.5
    endloop
  endfacet
  facet normal 0 -1 -0
    outer loop
      vertex 11.32 4 9.5
      vertex 4 4 8.5
      vertex 11.32 4 8.5
    endloop
  endfacet
  facet normal 0 -1 0
    outer loop
      vertex 14.52 4 9.5
      vertex 19 4 19.5
      vertex 11.32 4 9.5
    endloop
  endfacet
  facet normal 0 -1 0
    outer loop
      vertex 19 4 8.5
      vertex 14.52 4 9.5
      vertex 14.52 4 8.5
    endloop
  endfacet
  facet normal 0 -1 0
    outer loop
      vertex 14.52 4 9.5
      vertex 19 4 8.5
      vertex 19 4 19.5
    endloop
  endfacet
  facet normal 1 -0 0
    outer loop
      vertex 6.52 6.52 19.5
      vertex 6.52 19 8.5
      vertex 6.52 19 19.5
    endloop
  endfacet
  facet normal 1 0 0
    outer loop
      vertex 6.52 19 8.5
      vertex 6.52 6.52 19.5
      vertex 6.52 6.52 8.5
    endloop
  endfacet
  facet normal 0 1 -0
    outer loop
      vertex 6.52 19 8.5
      vertex 4 19 19.5
      vertex 6.52 19 19.5
    endloop
  endfacet
  facet normal 0 1 0
    outer loop
      vertex 4 19 19.5
      vertex 6.52 19 8.5
      vertex 4 19 8.5
    endloop
  endfacet
  facet normal 1 -0 0
    outer loop
      vertex 19 98.82 19.5
      vertex 19 101.34 8.5
      vertex 19 101.34 19.5
    endloop
  endfacet
  facet normal 1 0 0
    outer loop
      vertex 19 101.34 8.5
      vertex 19 98.82 19.5
      vertex 19 98.82 8.5
    endloop
  endfacet
  facet normal 0 0 1
    outer loop
      vertex 19 101.34 19.5
      vertex 6.52 98.82 19.5
      vertex 19 98.82 19.5
    endloop
  endfacet
  facet normal -0 0 1
    outer loop
      vertex 4 101.34 19.5
      vertex 6.52 98.82 19.5
      vertex 19 101.34 19.5
    endloop
  endfacet
  facet normal 0 0 1
    outer loop
      vertex 4 86.34 19.5
      vertex 6.52 98.82 19.5
      vertex 4 101.34 19.5
    endloop
  endfacet
  facet normal 0 0 1
    outer loop
      vertex 6.52 98.82 19.5
      vertex 4 86.34 19.5
      vertex 6.52 86.34 19.5
    endloop
  endfacet
  facet normal -1 0 0
    outer loop
      vertex 4 86.34 8.5
      vertex 4 101.34 19.5
      vertex 4 101.34 8.5
    endloop
  endfacet
  facet normal -1 -0 0
    outer loop
      vertex 4 101.34 19.5
      vertex 4 86.34 8.5
      vertex 4 86.34 19.5
    endloop
  endfacet
  facet normal 0 1 0
    outer loop
      vertex 11.32 101.34 9.5
      vertex 19 101.34 19.5
      vertex 14.52 101.34 9.5
    endloop
  endfacet
  facet normal 0 1 -0
    outer loop
      vertex 19 101.34 8.5
      vertex 14.52 101.34 9.5
      vertex 19 101.34 19.5
    endloop
  endfacet
  facet normal 0 1 0
    outer loop
      vertex 14.52 101.34 9.5
      vertex 19 101.34 8.5
      vertex 14.52 101.34 8.5
    endloop
  endfacet
  facet normal 0 1 0
    outer loop
      vertex 19 101.34 19.5
      vertex 11.32 101.34 9.5
      vertex 4 101.34 19.5
    endloop
  endfacet
  facet normal 0 1 0
    outer loop
      vertex 4 101.34 8.5
      vertex 11.32 101.34 9.5
      vertex 11.32 101.34 8.5
    endloop
  endfacet
  facet normal 0 1 0
    outer loop
      vertex 11.32 101.34 9.5
      vertex 4 101.34 8.5
      vertex 4 101.34 19.5
    endloop
  endfacet
  facet normal 0 -1 0
    outer loop
      vertex 6.52 98.82 19.5
      vertex 11.32 98.82 9.5
      vertex 19 98.82 19.5
    endloop
  endfacet
  facet normal 0 -1 0
    outer loop
      vertex 6.52 98.82 8.5
      vertex 11.32 98.82 9.5
      vertex 6.52 98.82 19.5
    endloop
  endfacet
  facet normal 0 -1 -0
    outer loop
      vertex 11.32 98.82 9.5
      vertex 6.52 98.82 8.5
      vertex 11.32 98.82 8.5
    endloop
  endfacet
  facet normal 0 -1 0
    outer loop
      vertex 14.52 98.82 9.5
      vertex 19 98.82 19.5
      vertex 11.32 98.82 9.5
    endloop
  endfacet
  facet normal 0 -1 0
    outer loop
      vertex 19 98.82 8.5
      vertex 14.52 98.82 9.5
      vertex 14.52 98.82 8.5
    endloop
  endfacet
  facet normal 0 -1 0
    outer loop
      vertex 14.52 98.82 9.5
      vertex 19 98.82 8.5
      vertex 19 98.82 19.5
    endloop
  endfacet
  facet normal 1 -0 0
    outer loop
      vertex 6.52 86.34 19.5
      vertex 6.52 98.82 8.5
      vertex 6.52 98.82 19.5
    endloop
  endfacet
  facet normal 1 0 0
    outer loop
      vertex 6.52 98.82 8.5
      vertex 6.52 86.34 19.5
      vertex 6.52 86.34 8.5
    endloop
  endfacet
  facet normal 0 -1 0
    outer loop
      vertex 4 86.34 8.5
      vertex 6.52 86.34 19.5
      vertex 4 86.34 19.5
    endloop
  endfacet
  facet normal 0 -1 -0
    outer loop
      vertex 6.52 86.34 19.5
      vertex 4 86.34 8.5
      vertex 6.52 86.34 8.5
    endloop
  endfacet
  facet normal 1 -0 0
    outer loop
      vertex 74.84 4 19.5
      vertex 74.84 19 8.5
      vertex 74.84 19 19.5
    endloop
  endfacet
  facet normal 1 0 0
    outer loop
      vertex 74.84 19 8.5
      vertex 74.84 4 19.5
      vertex 74.84 4 8.5
    endloop
  endfacet
  facet normal 0 0 1
    outer loop
      vertex 72.32 6.52 19.5
      vertex 74.84 19 19.5
      vertex 72.32 19 19.5
    endloop
  endfacet
  facet normal 0 0 1
    outer loop
      vertex 74.84 19 19.5
      vertex 72.32 6.52 19.5
      vertex 74.84 4 19.5
    endloop
  endfacet
  facet normal 0 0 1
    outer loop
      vertex 59.84 4 19.5
      vertex 72.32 6.52 19.5
      vertex 59.84 6.52 19.5
    endloop
  endfacet
  facet normal 0 0 1
    outer loop
      vertex 72.32 6.52 19.5
      vertex 59.84 4 19.5
      vertex 74.84 4 19.5
    endloop
  endfacet
  facet normal -1 0 0
    outer loop
      vertex 59.84 4 8.5
      vertex 59.84 6.52 19.5
      vertex 59.84 6.52 8.5
    endloop
  endfacet
  facet normal -1 -0 0
    outer loop
      vertex 59.84 6.52 19.5
      vertex 59.84 4 8.5
      vertex 59.84 4 19.5
    endloop
  endfacet
  facet normal 0 1 0
    outer loop
      vertex 72.32 6.52 19.5
      vertex 67.52 6.52 9.5
      vertex 59.84 6.52 19.5
    endloop
  endfacet
  facet normal 0 1 -0
    outer loop
      vertex 72.32 6.52 8.5
      vertex 67.52 6.52 9.5
      vertex 72.32 6.52 19.5
    endloop
  endfacet
  facet normal 0 1 0
    outer loop
      vertex 67.52 6.52 9.5
      vertex 72.32 6.52 8.5
      vertex 67.52 6.52 8.5
    endloop
  endfacet
  facet normal 0 1 -0
    outer loop
      vertex 64.32 6.52 9.5
      vertex 59.84 6.52 19.5
      vertex 67.52 6.52 9.5
    endloop
  endfacet
  facet normal 0 1 0
    outer loop
      vertex 59.84 6.52 8.5
      vertex 64.32 6.52 9.5
      vertex 64.32 6.52 8.5
    endloop
  endfacet
  facet normal 0 1 0
    outer loop
      vertex 64.32 6.52 9.5
      vertex 59.84 6.52 8.5
      vertex 59.84 6.52 19.5
    endloop
  endfacet
  facet normal 0 -1 0
    outer loop
      vertex 67.52 4 9.5
      vertex 59.84 4 19.5
      vertex 64.32 4 9.5
    endloop
  endfacet
  facet normal 0 -1 0
    outer loop
      vertex 59.84 4 8.5
      vertex 64.32 4 9.5
      vertex 59.84 4 19.5
    endloop
  endfacet
  facet normal 0 -1 -0
    outer loop
      vertex 64.32 4 9.5
      vertex 59.84 4 8.5
      vertex 64.32 4 8.5
    endloop
  endfacet
  facet normal 0 -1 0
    outer loop
      vertex 59.84 4 19.5
      vertex 67.52 4 9.5
      vertex 74.84 4 19.5
    endloop
  endfacet
  facet normal 0 -1 0
    outer loop
      vertex 74.84 4 8.5
      vertex 67.52 4 9.5
      vertex 67.52 4 8.5
    endloop
  endfacet
  facet normal 0 -1 0
    outer loop
      vertex 67.52 4 9.5
      vertex 74.84 4 8.5
      vertex 74.84 4 19.5
    endloop
  endfacet
  facet normal -1 0 0
    outer loop
      vertex 72.32 6.52 8.5
      vertex 72.32 19 19.5
      vertex 72.32 19 8.5
    endloop
  endfacet
  facet normal -1 -0 0
    outer loop
      vertex 72.32 19 19.5
      vertex 72.32 6.52 8.5
      vertex 72.32 6.52 19.5
    endloop
  endfacet
  facet normal 0 1 -0
    outer loop
      vertex 74.84 19 8.5
      vertex 72.32 19 19.5
      vertex 74.84 19 19.5
    endloop
  endfacet
  facet normal 0 1 0
    outer loop
      vertex 72.32 19 19.5
      vertex 74.84 19 8.5
      vertex 72.32 19 8.5
    endloop
  endfacet
  facet normal 1 -0 0
    outer loop
      vertex 74.84 86.34 19.5
      vertex 74.84 101.34 8.5
      vertex 74.84 101.34 19.5
    endloop
  endfacet
  facet normal 1 0 0
    outer loop
      vertex 74.84 101.34 8.5
      vertex 74.84 86.34 19.5
      vertex 74.84 86.34 8.5
    endloop
  endfacet
  facet normal 0 0 1
    outer loop
      vertex 74.84 101.34 19.5
      vertex 72.32 98.82 19.5
      vertex 74.84 86.34 19.5
    endloop
  endfacet
  facet normal -0 0 1
    outer loop
      vertex 59.84 101.34 19.5
      vertex 72.32 98.82 19.5
      vertex 74.84 101.34 19.5
    endloop
  endfacet
  facet normal 0 0 1
    outer loop
      vertex 72.32 98.82 19.5
      vertex 59.84 101.34 19.5
      vertex 59.84 98.82 19.5
    endloop
  endfacet
  facet normal 0 0 1
    outer loop
      vertex 74.84 86.34 19.5
      vertex 72.32 98.82 19.5
      vertex 72.32 86.34 19.5
    endloop
  endfacet
  facet normal -1 0 0
    outer loop
      vertex 59.84 98.82 8.5
      vertex 59.84 101.34 19.5
      vertex 59.84 101.34 8.5
    endloop
  endfacet
  facet normal -1 -0 0
    outer loop
      vertex 59.84 101.34 19.5
      vertex 59.84 98.82 8.5
      vertex 59.84 98.82 19.5
    endloop
  endfacet
  facet normal 0 1 0
    outer loop
      vertex 74.84 101.34 19.5
      vertex 67.52 101.34 9.5
      vertex 59.84 101.34 19.5
    endloop
  endfacet
  facet normal 0 1 -0
    outer loop
      vertex 74.84 101.34 8.5
      vertex 67.52 101.34 9.5
      vertex 74.84 101.34 19.5
    endloop
  endfacet
  facet normal 0 1 0
    outer loop
      vertex 67.52 101.34 9.5
      vertex 74.84 101.34 8.5
      vertex 67.52 101.34 8.5
    endloop
  endfacet
  facet normal 0 1 -0
    outer loop
      vertex 64.32 101.34 9.5
      vertex 59.84 101.34 19.5
      vertex 67.52 101.34 9.5
    endloop
  endfacet
  facet normal 0 1 0
    outer loop
      vertex 59.84 101.34 8.5
      vertex 64.32 101.34 9.5
      vertex 64.32 101.34 8.5
    endloop
  endfacet
  facet normal 0 1 0
    outer loop
      vertex 64.32 101.34 9.5
      vertex 59.84 101.34 8.5
      vertex 59.84 101.34 19.5
    endloop
  endfacet
  facet normal 0 -1 0
    outer loop
      vertex 67.52 98.82 9.5
      vertex 59.84 98.82 19.5
      vertex 64.32 98.82 9.5
    endloop
  endfacet
  facet normal 0 -1 0
    outer loop
      vertex 59.84 98.82 8.5
      vertex 64.32 98.82 9.5
      vertex 59.84 98.82 19.5
    endloop
  endfacet
  facet normal 0 -1 -0
    outer loop
      vertex 64.32 98.82 9.5
      vertex 59.84 98.82 8.5
      vertex 64.32 98.82 8.5
    endloop
  endfacet
  facet normal 0 -1 0
    outer loop
      vertex 59.84 98.82 19.5
      vertex 67.52 98.82 9.5
      vertex 72.32 98.82 19.5
    endloop
  endfacet
  facet normal 0 -1 0
    outer loop
      vertex 72.32 98.82 8.5
      vertex 67.52 98.82 9.5
      vertex 67.52 98.82 8.5
    endloop
  endfacet
  facet normal 0 -1 0
    outer loop
      vertex 67.52 98.82 9.5
      vertex 72.32 98.82 8.5
      vertex 72.32 98.82 19.5
    endloop
  endfacet
  facet normal -1 0 0
    outer loop
      vertex 72.32 86.34 8.5
      vertex 72.32 98.82 19.5
      vertex 72.32 98.82 8.5
    endloop
  endfacet
  facet normal -1 -0 0
    outer loop
      vertex 72.32 98.82 19.5
      vertex 72.32 86.34 8.5
      vertex 72.32 86.34 19.5
    endloop
  endfacet
  facet normal 0 -1 0
    outer loop
      vertex 72.32 86.34 8.5
      vertex 74.84 86.34 19.5
      vertex 72.32 86.34 19.5
    endloop
  endfacet
  facet normal 0 -1 -0
    outer loop
      vertex 74.84 86.34 19.5
      vertex 72.32 86.34 8.5
      vertex 74.84 86.34 8.5
    endloop
  endfacet
  facet normal 0 1 -0
    outer loop
      vertex 68.62 74.67 3.995
      vertex 64.5369 74.67 4
      vertex 68.62 74.67 4
    endloop
  endfacet
  facet normal 0 1 0
    outer loop
      vertex 68.62 74.67 3.995
      vertex 64.5369 74.67 3
      vertex 64.5369 74.67 4
    endloop
  endfacet
  facet normal 0 1 0
    outer loop
      vertex 68.5153 74.67 -0.00499916
      vertex 54.3031 74.67 3
      vertex 64.5369 74.67 3
    endloop
  endfacet
  facet normal 0 1 0
    outer loop
      vertex 54.3031 74.67 3
      vertex 68.5153 74.67 -0.00499916
      vertex 44.5369 74.67 3
    endloop
  endfacet
  facet normal 0 1 0
    outer loop
      vertex 44.5369 74.67 3
      vertex 68.5153 74.67 -0.00499916
      vertex 34.3031 74.67 3
    endloop
  endfacet
  facet normal 0 1 0
    outer loop
      vertex 10.3247 74.67 -0.00499916
      vertex 34.3031 74.67 3
      vertex 68.5153 74.67 -0.00499916
    endloop
  endfacet
  facet normal 0 1 0
    outer loop
      vertex 34.3031 74.67 3
      vertex 10.3247 74.67 -0.00499916
      vertex 24.5369 74.67 3
    endloop
  endfacet
  facet normal 0 1 -0
    outer loop
      vertex 68.5153 74.67 -0.00499916
      vertex 64.5369 74.67 3
      vertex 68.62 74.67 3.995
    endloop
  endfacet
  facet normal 0 1 -0
    outer loop
      vertex 54.3031 74.67 3
      vertex 44.5369 74.67 4
      vertex 54.3031 74.67 4
    endloop
  endfacet
  facet normal 0 1 0
    outer loop
      vertex 44.5369 74.67 4
      vertex 54.3031 74.67 3
      vertex 44.5369 74.67 3
    endloop
  endfacet
  facet normal 0 1 -0
    outer loop
      vertex 34.3031 74.67 3
      vertex 24.5369 74.67 4
      vertex 34.3031 74.67 4
    endloop
  endfacet
  facet normal 0 1 0
    outer loop
      vertex 24.5369 74.67 4
      vertex 34.3031 74.67 3
      vertex 24.5369 74.67 3
    endloop
  endfacet
  facet normal 0 1 0
    outer loop
      vertex 14.3031 74.67 4
      vertex 10.22 74.67 3.995
      vertex 10.22 74.67 4
    endloop
  endfacet
  facet normal 0 1 -0
    outer loop
      vertex 14.3031 74.67 3
      vertex 10.22 74.67 3.995
      vertex 14.3031 74.67 4
    endloop
  endfacet
  facet normal 0 1 0
    outer loop
      vertex 14.3031 74.67 3
      vertex 10.3247 74.67 -0.00499916
      vertex 10.22 74.67 3.995
    endloop
  endfacet
  facet normal 0 1 0
    outer loop
      vertex 24.5369 74.67 3
      vertex 10.3247 74.67 -0.00499916
      vertex 14.3031 74.67 3
    endloop
  endfacet
  facet normal 0 -1 0
    outer loop
      vertex 10.22 30.67 3.995
      vertex 14.3031 30.67 4
      vertex 10.22 30.67 4
    endloop
  endfacet
  facet normal 0 -1 0
    outer loop
      vertex 10.22 30.67 3.995
      vertex 14.3031 30.67 3
      vertex 14.3031 30.67 4
    endloop
  endfacet
  facet normal 0 -1 0
    outer loop
      vertex 10.3247 30.67 -0.00499916
      vertex 24.5369 30.67 3
      vertex 14.3031 30.67 3
    endloop
  endfacet
  facet normal 0 -1 -0
    outer loop
      vertex 24.5369 30.67 3
      vertex 10.3247 30.67 -0.00499916
      vertex 34.3031 30.67 3
    endloop
  endfacet
  facet normal 0 -1 -0
    outer loop
      vertex 34.3031 30.67 3
      vertex 10.3247 30.67 -0.00499916
      vertex 44.5369 30.67 3
    endloop
  endfacet
  facet normal 0 -1 0
    outer loop
      vertex 68.5153 30.67 -0.00499916
      vertex 44.5369 30.67 3
      vertex 10.3247 30.67 -0.00499916
    endloop
  endfacet
  facet normal 0 -1 0
    outer loop
      vertex 44.5369 30.67 3
      vertex 68.5153 30.67 -0.00499916
      vertex 54.3031 30.67 3
    endloop
  endfacet
  facet normal 0 -1 0
    outer loop
      vertex 10.3247 30.67 -0.00499916
      vertex 14.3031 30.67 3
      vertex 10.22 30.67 3.995
    endloop
  endfacet
  facet normal 0 -1 0
    outer loop
      vertex 24.5369 30.67 3
      vertex 34.3031 30.67 4
      vertex 24.5369 30.67 4
    endloop
  endfacet
  facet normal 0 -1 -0
    outer loop
      vertex 34.3031 30.67 4
      vertex 24.5369 30.67 3
      vertex 34.3031 30.67 3
    endloop
  endfacet
  facet normal 0 -1 0
    outer loop
      vertex 44.5369 30.67 3
      vertex 54.3031 30.67 4
      vertex 44.5369 30.67 4
    endloop
  endfacet
  facet normal 0 -1 -0
    outer loop
      vertex 54.3031 30.67 4
      vertex 44.5369 30.67 3
      vertex 54.3031 30.67 3
    endloop
  endfacet
  facet normal 0 -1 0
    outer loop
      vertex 64.5369 30.67 4
      vertex 68.62 30.67 3.995
      vertex 68.62 30.67 4
    endloop
  endfacet
  facet normal 0 -1 0
    outer loop
      vertex 64.5369 30.67 3
      vertex 68.62 30.67 3.995
      vertex 64.5369 30.67 4
    endloop
  endfacet
  facet normal 0 -1 0
    outer loop
      vertex 64.5369 30.67 3
      vertex 68.5153 30.67 -0.00499916
      vertex 68.62 30.67 3.995
    endloop
  endfacet
  facet normal 0 -1 0
    outer loop
      vertex 54.3031 30.67 3
      vertex 68.5153 30.67 -0.00499916
      vertex 64.5369 30.67 3
    endloop
  endfacet
  facet normal 0 0 -1
    outer loop
      vertex 10.3247 30.67 -0.00499916
      vertex 68.5153 74.67 -0.00499916
      vertex 68.5153 30.67 -0.00499916
    endloop
  endfacet
  facet normal -0 0 -1
    outer loop
      vertex 68.5153 74.67 -0.00499916
      vertex 10.3247 30.67 -0.00499916
      vertex 10.3247 74.67 -0.00499916
    endloop
  endfacet
  facet normal -1 0 0
    outer loop
      vertex 10.22 30.67 3.995
      vertex 10.22 74.67 4
      vertex 10.22 74.67 3.995
    endloop
  endfacet
  facet normal -1 -0 0
    outer loop
      vertex 10.22 74.67 4
      vertex 10.22 30.67 3.995
      vertex 10.22 30.67 4
    endloop
  endfacet
  facet normal 1 -0 0
    outer loop
      vertex 68.62 30.67 4
      vertex 68.62 74.67 3.995
      vertex 68.62 74.67 4
    endloop
  endfacet
  facet normal 1 0 0
    outer loop
      vertex 68.62 74.67 3.995
      vertex 68.62 30.67 4
      vertex 68.62 30.67 3.995
    endloop
  endfacet
  facet normal -0.999658 0 -0.026166
    outer loop
      vertex 10.3247 30.67 -0.00499916
      vertex 10.22 74.67 3.995
      vertex 10.3247 74.67 -0.00499916
    endloop
  endfacet
  facet normal -0.999658 -0 -0.026166
    outer loop
      vertex 10.22 74.67 3.995
      vertex 10.3247 30.67 -0.00499916
      vertex 10.22 30.67 3.995
    endloop
  endfacet
  facet normal 0.999658 0 -0.026166
    outer loop
      vertex 68.62 30.67 3.995
      vertex 68.5153 74.67 -0.00499916
      vertex 68.62 74.67 3.995
    endloop
  endfacet
  facet normal 0.999658 0 -0.026166
    outer loop
      vertex 68.5153 74.67 -0.00499916
      vertex 68.62 30.67 3.995
      vertex 68.5153 30.67 -0.00499916
    endloop
  endfacet
  facet normal 0.94699 0.321264 0
    outer loop
      vertex 78.7378 103.116 8.5
      vertex 78.6116 103.488 4
      vertex 78.6116 103.488 8.5
    endloop
  endfacet
  facet normal 0.94699 0.321264 0
    outer loop
      vertex 78.6116 103.488 4
      vertex 78.7378 103.116 8.5
      vertex 78.7378 103.116 4
    endloop
  endfacet
  facet normal 1 -0 0
    outer loop
      vertex 78.84 3 8.5
      vertex 78.84 102.34 4
      vertex 78.84 102.34 8.5
    endloop
  endfacet
  facet normal 1 0 0
    outer loop
      vertex 78.84 102.34 4
      vertex 78.84 3 8.5
      vertex 78.84 3 4
    endloop
  endfacet
  facet normal -0.980786 -0.195089 0
    outer loop
      vertex 0.102222 2.22354 4
      vertex 0.0256653 2.60842 8.5
      vertex 0.0256653 2.60842 4
    endloop
  endfacet
  facet normal -0.980786 -0.195089 0
    outer loop
      vertex 0.0256653 2.60842 8.5
      vertex 0.102222 2.22354 4
      vertex 0.102222 2.22354 8.5
    endloop
  endfacet
  facet normal 0.751769 -0.659426 0
    outer loop
      vertex 77.9613 0.878679 8.5
      vertex 78.2201 1.17372 4
      vertex 78.2201 1.17372 8.5
    endloop
  endfacet
  facet normal 0.751769 -0.659426 0
    outer loop
      vertex 78.2201 1.17372 4
      vertex 77.9613 0.878679 8.5
      vertex 77.9613 0.878679 4
    endloop
  endfacet
  facet normal 0.896936 -0.44216 0
    outer loop
      vertex 78.4381 1.5 8.5
      vertex 78.6116 1.85195 4
      vertex 78.6116 1.85195 8.5
    endloop
  endfacet
  facet normal 0.896936 -0.44216 0
    outer loop
      vertex 78.6116 1.85195 4
      vertex 78.4381 1.5 8.5
      vertex 78.4381 1.5 4
    endloop
  endfacet
  facet normal -0.193723 0.981056 0
    outer loop
      vertex 2.60842 105.314 4
      vertex 2.22354 105.238 8.5
      vertex 2.60842 105.314 8.5
    endloop
  endfacet
  facet normal -0.193723 0.981056 0
    outer loop
      vertex 2.22354 105.238 8.5
      vertex 2.60842 105.314 4
      vertex 2.22354 105.238 4
    endloop
  endfacet
  facet normal -0.947037 0.321124 0
    outer loop
      vertex 0.102222 103.116 4
      vertex 0.228361 103.488 8.5
      vertex 0.228361 103.488 4
    endloop
  endfacet
  facet normal -0.947037 0.321124 0
    outer loop
      vertex 0.228361 103.488 8.5
      vertex 0.102222 103.116 4
      vertex 0.102222 103.116 8.5
    endloop
  endfacet
  facet normal -0.751801 0.65939 0
    outer loop
      vertex 0.61994 104.166 4
      vertex 0.878679 104.461 8.5
      vertex 0.878679 104.461 4
    endloop
  endfacet
  facet normal -0.751801 0.65939 0
    outer loop
      vertex 0.878679 104.461 8.5
      vertex 0.61994 104.166 4
      vertex 0.61994 104.166 8.5
    endloop
  endfacet
  facet normal 0.0653993 -0.997859 0
    outer loop
      vertex 75.84 0 4
      vertex 76.2316 0.0256653 8.5
      vertex 75.84 0 8.5
    endloop
  endfacet
  facet normal 0.0653993 -0.997859 0
    outer loop
      vertex 76.2316 0.0256653 8.5
      vertex 75.84 0 4
      vertex 76.2316 0.0256653 4
    endloop
  endfacet
  facet normal 0.443235 0.896405 -0
    outer loop
      vertex 77.34 104.938 4
      vertex 76.9881 105.112 8.5
      vertex 77.34 104.938 8.5
    endloop
  endfacet
  facet normal 0.443235 0.896405 0
    outer loop
      vertex 76.9881 105.112 8.5
      vertex 77.34 104.938 4
      vertex 76.9881 105.112 4
    endloop
  endfacet
  facet normal 0 -1 0
    outer loop
      vertex 3 0 4
      vertex 11.32 0 8.5
      vertex 3 0 8.5
    endloop
  endfacet
  facet normal 0 -1 -0
    outer loop
      vertex 11.32 0 8.5
      vertex 3 0 4
      vertex 11.32 0 4
    endloop
  endfacet
  facet normal 0 -1 0
    outer loop
      vertex 67.52 0 4
      vertex 75.84 0 8.5
      vertex 67.52 0 8.5
    endloop
  endfacet
  facet normal 0 -1 -0
    outer loop
      vertex 75.84 0 8.5
      vertex 67.52 0 4
      vertex 75.84 0 4
    endloop
  endfacet
  facet normal 0 -1 0
    outer loop
      vertex 14.52 0 4
      vertex 64.32 0 8.5
      vertex 14.52 0 8.5
    endloop
  endfacet
  facet normal 0 -1 -0
    outer loop
      vertex 64.32 0 8.5
      vertex 14.52 0 4
      vertex 64.32 0 4
    endloop
  endfacet
  facet normal 0.946882 -0.321582 0
    outer loop
      vertex 78.6116 1.85195 8.5
      vertex 78.7378 2.22354 4
      vertex 78.7378 2.22354 8.5
    endloop
  endfacet
  facet normal 0.946882 -0.321582 0
    outer loop
      vertex 78.7378 2.22354 4
      vertex 78.6116 1.85195 8.5
      vertex 78.6116 1.85195 4
    endloop
  endfacet
  facet normal -0.659339 -0.751846 0
    outer loop
      vertex 0.878679 0.878679 4
      vertex 1.17372 0.61994 8.5
      vertex 0.878679 0.878679 8.5
    endloop
  endfacet
  facet normal -0.659339 -0.751846 -0
    outer loop
      vertex 1.17372 0.61994 8.5
      vertex 0.878679 0.878679 4
      vertex 1.17372 0.61994 4
    endloop
  endfacet
  facet normal 0 1 -0
    outer loop
      vertex 11.32 105.34 4
      vertex 3 105.34 8.5
      vertex 11.32 105.34 8.5
    endloop
  endfacet
  facet normal 0 1 0
    outer loop
      vertex 3 105.34 8.5
      vertex 11.32 105.34 4
      vertex 3 105.34 4
    endloop
  endfacet
  facet normal 0 1 -0
    outer loop
      vertex 75.84 105.34 4
      vertex 67.52 105.34 8.5
      vertex 75.84 105.34 8.5
    endloop
  endfacet
  facet normal 0 1 0
    outer loop
      vertex 67.52 105.34 8.5
      vertex 75.84 105.34 4
      vertex 67.52 105.34 4
    endloop
  endfacet
  facet normal 0 1 -0
    outer loop
      vertex 64.32 105.34 4
      vertex 14.52 105.34 8.5
      vertex 64.32 105.34 8.5
    endloop
  endfacet
  facet normal 0 1 0
    outer loop
      vertex 14.52 105.34 8.5
      vertex 64.32 105.34 4
      vertex 14.52 105.34 4
    endloop
  endfacet
  facet normal -1 0 0
    outer loop
      vertex 0 3 4
      vertex 0 102.34 8.5
      vertex 0 102.34 4
    endloop
  endfacet
  facet normal -1 -0 0
    outer loop
      vertex 0 102.34 8.5
      vertex 0 3 4
      vertex 0 3 8.5
    endloop
  endfacet
  facet normal -0.831465 -0.555577 0
    outer loop
      vertex 0.61994 1.17372 4
      vertex 0.401923 1.5 8.5
      vertex 0.401923 1.5 4
    endloop
  endfacet
  facet normal -0.831465 -0.555577 0
    outer loop
      vertex 0.401923 1.5 8.5
      vertex 0.61994 1.17372 4
      vertex 0.61994 1.17372 8.5
    endloop
  endfacet
  facet normal 0.831265 0.555877 0
    outer loop
      vertex 78.4381 103.84 8.5
      vertex 78.2201 104.166 4
      vertex 78.2201 104.166 8.5
    endloop
  endfacet
  facet normal 0.831265 0.555877 0
    outer loop
      vertex 78.2201 104.166 4
      vertex 78.4381 103.84 8.5
      vertex 78.4381 103.84 4
    endloop
  endfacet
  facet normal 0.896961 0.44211 0
    outer loop
      vertex 78.6116 103.488 8.5
      vertex 78.4381 103.84 4
      vertex 78.4381 103.84 8.5
    endloop
  endfacet
  facet normal 0.896961 0.44211 0
    outer loop
      vertex 78.4381 103.84 4
      vertex 78.6116 103.488 8.5
      vertex 78.6116 103.488 4
    endloop
  endfacet
  facet normal -0.195089 -0.980786 0
    outer loop
      vertex 2.22354 0.102222 4
      vertex 2.60842 0.0256653 8.5
      vertex 2.22354 0.102222 8.5
    endloop
  endfacet
  facet normal -0.195089 -0.980786 -0
    outer loop
      vertex 2.60842 0.0256653 8.5
      vertex 2.22354 0.102222 4
      vertex 2.60842 0.0256653 4
    endloop
  endfacet
  facet normal -0.0654026 -0.997859 0
    outer loop
      vertex 2.60842 0.0256653 4
      vertex 3 0 8.5
      vertex 2.60842 0.0256653 8.5
    endloop
  endfacet
  facet normal -0.0654026 -0.997859 -0
    outer loop
      vertex 3 0 8.5
      vertex 2.60842 0.0256653 4
      vertex 3 0 4
    endloop
  endfacet
  facet normal 0.980813 -0.19495 0
    outer loop
      vertex 78.7378 2.22354 8.5
      vertex 78.8143 2.60842 4
      vertex 78.8143 2.60842 8.5
    endloop
  endfacet
  facet normal 0.980813 -0.19495 0
    outer loop
      vertex 78.8143 2.60842 4
      vertex 78.7378 2.22354 8.5
      vertex 78.7378 2.22354 4
    endloop
  endfacet
  facet normal -0.555577 -0.831465 0
    outer loop
      vertex 1.17372 0.61994 4
      vertex 1.5 0.401923 8.5
      vertex 1.17372 0.61994 8.5
    endloop
  endfacet
  facet normal -0.555577 -0.831465 -0
    outer loop
      vertex 1.5 0.401923 8.5
      vertex 1.17372 0.61994 4
      vertex 1.5 0.401923 4
    endloop
  endfacet
  facet normal -0.997864 0.0653328 0
    outer loop
      vertex 0 102.34 4
      vertex 0.0256653 102.732 8.5
      vertex 0.0256653 102.732 4
    endloop
  endfacet
  facet normal -0.997864 0.0653328 0
    outer loop
      vertex 0.0256653 102.732 8.5
      vertex 0 102.34 4
      vertex 0 102.34 8.5
    endloop
  endfacet
  facet normal 0.997853 -0.0654906 0
    outer loop
      vertex 78.8143 2.60842 8.5
      vertex 78.84 3 4
      vertex 78.84 3 8.5
    endloop
  endfacet
  facet normal 0.997853 -0.0654906 0
    outer loop
      vertex 78.84 3 4
      vertex 78.8143 2.60842 8.5
      vertex 78.8143 2.60842 4
    endloop
  endfacet
  facet normal -0.9807 0.195519 0
    outer loop
      vertex 0.0256653 102.732 4
      vertex 0.102222 103.116 8.5
      vertex 0.102222 103.116 4
    endloop
  endfacet
  facet normal -0.9807 0.195519 0
    outer loop
      vertex 0.102222 103.116 8.5
      vertex 0.0256653 102.732 4
      vertex 0.0256653 102.732 8.5
    endloop
  endfacet
  facet normal 0 0 1
    outer loop
      vertex 11.32 105.34 8.5
      vertex 4 101.34 8.5
      vertex 11.32 101.34 8.5
    endloop
  endfacet
  facet normal 0 0 1
    outer loop
      vertex 0 102.34 8.5
      vertex 4 86.34 8.5
      vertex 4 101.34 8.5
    endloop
  endfacet
  facet normal 0 0 1
    outer loop
      vertex 4 86.34 8.5
      vertex 0 102.34 8.5
      vertex 4 19 8.5
    endloop
  endfacet
  facet normal -0 0 1
    outer loop
      vertex 2.60842 105.314 8.5
      vertex 4 101.34 8.5
      vertex 3 105.34 8.5
    endloop
  endfacet
  facet normal -0 0 1
    outer loop
      vertex 3 105.34 8.5
      vertex 4 101.34 8.5
      vertex 11.32 105.34 8.5
    endloop
  endfacet
  facet normal -0 0 1
    outer loop
      vertex 4 86.34 8.5
      vertex 6.52 19 8.5
      vertex 6.52 86.34 8.5
    endloop
  endfacet
  facet normal 0 0 1
    outer loop
      vertex 6.52 19 8.5
      vertex 4 86.34 8.5
      vertex 4 19 8.5
    endloop
  endfacet
  facet normal -0 0 1
    outer loop
      vertex 6.52 98.82 8.5
      vertex 11.32 95.34 8.5
      vertex 11.32 98.82 8.5
    endloop
  endfacet
  facet normal 0 0 1
    outer loop
      vertex 11.32 95.34 8.5
      vertex 6.52 86.34 8.5
      vertex 11.32 10 8.5
    endloop
  endfacet
  facet normal 0 0 1
    outer loop
      vertex 11.32 95.34 8.5
      vertex 6.52 98.82 8.5
      vertex 6.52 86.34 8.5
    endloop
  endfacet
  facet normal -0 0 1
    outer loop
      vertex 6.52 19 8.5
      vertex 11.32 10 8.5
      vertex 6.52 86.34 8.5
    endloop
  endfacet
  facet normal 0 0 1
    outer loop
      vertex 6.52 6.52 8.5
      vertex 11.32 10 8.5
      vertex 6.52 19 8.5
    endloop
  endfacet
  facet normal 0 0 1
    outer loop
      vertex 11.32 10 8.5
      vertex 6.52 6.52 8.5
      vertex 11.32 6.52 8.5
    endloop
  endfacet
  facet normal 0 0 1
    outer loop
      vertex 64.32 105.34 8.5
      vertex 59.84 101.34 8.5
      vertex 64.32 101.34 8.5
    endloop
  endfacet
  facet normal 0 0 1
    outer loop
      vertex 40.1379 82.1229 8.5
      vertex 59.84 98.82 8.5
      vertex 59.84 101.34 8.5
    endloop
  endfacet
  facet normal 0 0 1
    outer loop
      vertex 59.84 98.82 8.5
      vertex 58.7021 82.1229 8.5
      vertex 59.42 82.17 8.5
    endloop
  endfacet
  facet normal 0 0 1
    outer loop
      vertex 59.84 98.82 8.5
      vertex 57.9965 81.9826 8.5
      vertex 58.7021 82.1229 8.5
    endloop
  endfacet
  facet normal 0 0 1
    outer loop
      vertex 59.84 98.82 8.5
      vertex 57.3152 81.7513 8.5
      vertex 57.9965 81.9826 8.5
    endloop
  endfacet
  facet normal 0 0 1
    outer loop
      vertex 59.84 98.82 8.5
      vertex 56.67 81.4331 8.5
      vertex 57.3152 81.7513 8.5
    endloop
  endfacet
  facet normal 0 0 1
    outer loop
      vertex 59.84 98.82 8.5
      vertex 42.17 81.4331 8.5
      vertex 56.67 81.4331 8.5
    endloop
  endfacet
  facet normal 0 0 1
    outer loop
      vertex 56.67 81.4331 8.5
      vertex 42.17 81.4331 8.5
      vertex 56.0718 81.0334 8.5
    endloop
  endfacet
  facet normal 0 -0 1
    outer loop
      vertex 42.7682 81.0334 8.5
      vertex 56.0718 81.0334 8.5
      vertex 42.17 81.4331 8.5
    endloop
  endfacet
  facet normal 0 -0 1
    outer loop
      vertex 43.3091 80.5591 8.5
      vertex 55.5309 80.5591 8.5
      vertex 42.7682 81.0334 8.5
    endloop
  endfacet
  facet normal 0 0 1
    outer loop
      vertex 55.5309 80.5591 8.5
      vertex 43.3091 80.5591 8.5
      vertex 55.0566 80.0182 8.5
    endloop
  endfacet
  facet normal 0 -0 1
    outer loop
      vertex 43.7834 80.0182 8.5
      vertex 55.0566 80.0182 8.5
      vertex 43.3091 80.5591 8.5
    endloop
  endfacet
  facet normal 0 -0 1
    outer loop
      vertex 44.5013 54.7748 8.5
      vertex 54.3387 54.7748 8.5
      vertex 44.1831 55.42 8.5
    endloop
  endfacet
  facet normal 0 0 1
    outer loop
      vertex 44.8729 75.9521 8.5
      vertex 53.92 76.67 8.5
      vertex 44.92 76.67 8.5
    endloop
  endfacet
  facet normal 0 0 1
    outer loop
      vertex 53.9671 77.3879 8.5
      vertex 44.92 76.67 8.5
      vertex 53.92 76.67 8.5
    endloop
  endfacet
  facet normal 0 0 1
    outer loop
      vertex 44.8729 77.3879 8.5
      vertex 53.9671 77.3879 8.5
      vertex 54.1074 78.0935 8.5
    endloop
  endfacet
  facet normal 0 0 1
    outer loop
      vertex 55.0566 80.0182 8.5
      vertex 43.7834 80.0182 8.5
      vertex 54.6569 79.42 8.5
    endloop
  endfacet
  facet normal 0 0 1
    outer loop
      vertex 53.9671 77.3879 8.5
      vertex 44.8729 77.3879 8.5
      vertex 44.92 76.67 8.5
    endloop
  endfacet
  facet normal 0 0 1
    outer loop
      vertex 54.1074 78.0935 8.5
      vertex 44.7326 78.0935 8.5
      vertex 44.8729 77.3879 8.5
    endloop
  endfacet
  facet normal 0 0 1
    outer loop
      vertex 54.1074 78.0935 8.5
      vertex 44.5013 78.7748 8.5
      vertex 44.7326 78.0935 8.5
    endloop
  endfacet
  facet normal 0 0 1
    outer loop
      vertex 54.3387 78.7748 8.5
      vertex 44.5013 78.7748 8.5
      vertex 54.1074 78.0935 8.5
    endloop
  endfacet
  facet normal 0 -0 1
    outer loop
      vertex 44.5013 78.7748 8.5
      vertex 54.3387 78.7748 8.5
      vertex 44.1831 79.42 8.5
    endloop
  endfacet
  facet normal 0 0 1
    outer loop
      vertex 54.6569 79.42 8.5
      vertex 44.1831 79.42 8.5
      vertex 54.3387 78.7748 8.5
    endloop
  endfacet
  facet normal 0 -0 1
    outer loop
      vertex 44.1831 79.42 8.5
      vertex 54.6569 79.42 8.5
      vertex 43.7834 80.0182 8.5
    endloop
  endfacet
  facet normal 0 0 1
    outer loop
      vertex 56.0718 81.0334 8.5
      vertex 42.7682 81.0334 8.5
      vertex 55.5309 80.5591 8.5
    endloop
  endfacet
  facet normal 0 0 1
    outer loop
      vertex 59.84 98.82 8.5
      vertex 41.5248 81.7513 8.5
      vertex 42.17 81.4331 8.5
    endloop
  endfacet
  facet normal 0 0 1
    outer loop
      vertex 59.84 98.82 8.5
      vertex 40.8435 81.9826 8.5
      vertex 41.5248 81.7513 8.5
    endloop
  endfacet
  facet normal 0 0 1
    outer loop
      vertex 59.84 98.82 8.5
      vertex 40.1379 82.1229 8.5
      vertex 40.8435 81.9826 8.5
    endloop
  endfacet
  facet normal 0 0 1
    outer loop
      vertex 59.84 101.34 8.5
      vertex 39.42 82.17 8.5
      vertex 40.1379 82.1229 8.5
    endloop
  endfacet
  facet normal -0 0 1
    outer loop
      vertex 19 101.34 8.5
      vertex 39.42 82.17 8.5
      vertex 59.84 101.34 8.5
    endloop
  endfacet
  facet normal 0 0 1
    outer loop
      vertex 39.42 82.17 8.5
      vertex 19 101.34 8.5
      vertex 38.7021 82.1229 8.5
    endloop
  endfacet
  facet normal 0 0 1
    outer loop
      vertex 19 101.34 8.5
      vertex 59.84 101.34 8.5
      vertex 64.32 105.34 8.5
    endloop
  endfacet
  facet normal -0 0 1
    outer loop
      vertex 19 98.82 8.5
      vertex 38.7021 82.1229 8.5
      vertex 19 101.34 8.5
    endloop
  endfacet
  facet normal 0 0 1
    outer loop
      vertex 38.7021 82.1229 8.5
      vertex 19 98.82 8.5
      vertex 37.9965 81.9826 8.5
    endloop
  endfacet
  facet normal 0 0 1
    outer loop
      vertex 37.9965 81.9826 8.5
      vertex 19 98.82 8.5
      vertex 37.3152 81.7513 8.5
    endloop
  endfacet
  facet normal 0 -0 1
    outer loop
      vertex 24.5013 54.7748 8.5
      vertex 34.3387 54.7748 8.5
      vertex 24.1831 55.42 8.5
    endloop
  endfacet
  facet normal 0 0 1
    outer loop
      vertex 24.8729 75.9521 8.5
      vertex 33.92 76.67 8.5
      vertex 24.92 76.67 8.5
    endloop
  endfacet
  facet normal 0 0 1
    outer loop
      vertex 33.9671 77.3879 8.5
      vertex 24.92 76.67 8.5
      vertex 33.92 76.67 8.5
    endloop
  endfacet
  facet normal 0 0 1
    outer loop
      vertex 24.8729 77.3879 8.5
      vertex 33.9671 77.3879 8.5
      vertex 34.1074 78.0935 8.5
    endloop
  endfacet
  facet normal 0 0 1
    outer loop
      vertex 24.7326 78.0935 8.5
      vertex 34.1074 78.0935 8.5
      vertex 34.3387 78.7748 8.5
    endloop
  endfacet
  facet normal 0 0 1
    outer loop
      vertex 24.5013 78.7748 8.5
      vertex 34.3387 78.7748 8.5
      vertex 34.6569 79.42 8.5
    endloop
  endfacet
  facet normal 0 0 1
    outer loop
      vertex 24.1831 79.42 8.5
      vertex 34.6569 79.42 8.5
      vertex 35.0566 80.0182 8.5
    endloop
  endfacet
  facet normal 0 0 1
    outer loop
      vertex 23.7834 80.0182 8.5
      vertex 35.0566 80.0182 8.5
      vertex 35.5309 80.5591 8.5
    endloop
  endfacet
  facet normal 0 0 1
    outer loop
      vertex 23.3091 80.5591 8.5
      vertex 35.5309 80.5591 8.5
      vertex 36.0718 81.0334 8.5
    endloop
  endfacet
  facet normal 0 0 1
    outer loop
      vertex 37.3152 81.7513 8.5
      vertex 19 98.82 8.5
      vertex 36.67 81.4331 8.5
    endloop
  endfacet
  facet normal 0 0 1
    outer loop
      vertex 33.9671 77.3879 8.5
      vertex 24.8729 77.3879 8.5
      vertex 24.92 76.67 8.5
    endloop
  endfacet
  facet normal 0 0 1
    outer loop
      vertex 34.1074 78.0935 8.5
      vertex 24.7326 78.0935 8.5
      vertex 24.8729 77.3879 8.5
    endloop
  endfacet
  facet normal 0 0 1
    outer loop
      vertex 34.3387 78.7748 8.5
      vertex 24.5013 78.7748 8.5
      vertex 24.7326 78.0935 8.5
    endloop
  endfacet
  facet normal 0 0 1
    outer loop
      vertex 34.6569 79.42 8.5
      vertex 24.1831 79.42 8.5
      vertex 24.5013 78.7748 8.5
    endloop
  endfacet
  facet normal 0 0 1
    outer loop
      vertex 35.0566 80.0182 8.5
      vertex 23.7834 80.0182 8.5
      vertex 24.1831 79.42 8.5
    endloop
  endfacet
  facet normal 0 -0 1
    outer loop
      vertex 22.7682 81.0334 8.5
      vertex 36.0718 81.0334 8.5
      vertex 19 98.82 8.5
    endloop
  endfacet
  facet normal 0 0 1
    outer loop
      vertex 35.5309 80.5591 8.5
      vertex 23.3091 80.5591 8.5
      vertex 23.7834 80.0182 8.5
    endloop
  endfacet
  facet normal 0 0 1
    outer loop
      vertex 36.0718 81.0334 8.5
      vertex 22.7682 81.0334 8.5
      vertex 23.3091 80.5591 8.5
    endloop
  endfacet
  facet normal 0 0 1
    outer loop
      vertex 22.7682 81.0334 8.5
      vertex 19 98.82 8.5
      vertex 22.17 81.4331 8.5
    endloop
  endfacet
  facet normal 0 0 1
    outer loop
      vertex 22.17 81.4331 8.5
      vertex 19 98.82 8.5
      vertex 21.5248 81.7513 8.5
    endloop
  endfacet
  facet normal 0 0 1
    outer loop
      vertex 21.5248 81.7513 8.5
      vertex 19 98.82 8.5
      vertex 20.8435 81.9826 8.5
    endloop
  endfacet
  facet normal 0 0 1
    outer loop
      vertex 20.8435 81.9826 8.5
      vertex 19 98.82 8.5
      vertex 20.1379 82.1229 8.5
    endloop
  endfacet
  facet normal 0 0 1
    outer loop
      vertex 36.67 81.4331 8.5
      vertex 19 98.82 8.5
      vertex 36.0718 81.0334 8.5
    endloop
  endfacet
  facet normal -0 0 1
    outer loop
      vertex 14.52 105.34 8.5
      vertex 19 101.34 8.5
      vertex 64.32 105.34 8.5
    endloop
  endfacet
  facet normal 0 0 1
    outer loop
      vertex 19 101.34 8.5
      vertex 14.52 105.34 8.5
      vertex 14.52 101.34 8.5
    endloop
  endfacet
  facet normal -0 0 1
    outer loop
      vertex 59.84 98.82 8.5
      vertex 64.32 95.34 8.5
      vertex 64.32 98.82 8.5
    endloop
  endfacet
  facet normal 0 0 1
    outer loop
      vertex 64.32 95.34 8.5
      vertex 63.7834 80.0182 8.5
      vertex 64.1831 79.42 8.5
    endloop
  endfacet
  facet normal 0 0 1
    outer loop
      vertex 64.32 95.34 8.5
      vertex 63.3091 80.5591 8.5
      vertex 63.7834 80.0182 8.5
    endloop
  endfacet
  facet normal 0 0 1
    outer loop
      vertex 64.32 95.34 8.5
      vertex 62.7682 81.0334 8.5
      vertex 63.3091 80.5591 8.5
    endloop
  endfacet
  facet normal 0 0 1
    outer loop
      vertex 64.32 95.34 8.5
      vertex 62.17 81.4331 8.5
      vertex 62.7682 81.0334 8.5
    endloop
  endfacet
  facet normal 0 0 1
    outer loop
      vertex 64.32 95.34 8.5
      vertex 61.5248 81.7513 8.5
      vertex 62.17 81.4331 8.5
    endloop
  endfacet
  facet normal 0 0 1
    outer loop
      vertex 64.32 95.34 8.5
      vertex 60.8435 81.9826 8.5
      vertex 61.5248 81.7513 8.5
    endloop
  endfacet
  facet normal 0 0 1
    outer loop
      vertex 64.32 95.34 8.5
      vertex 60.1379 82.1229 8.5
      vertex 60.8435 81.9826 8.5
    endloop
  endfacet
  facet normal 0 0 1
    outer loop
      vertex 59.42 82.17 8.5
      vertex 64.32 95.34 8.5
      vertex 59.84 98.82 8.5
    endloop
  endfacet
  facet normal 0 0 1
    outer loop
      vertex 64.32 95.34 8.5
      vertex 59.42 82.17 8.5
      vertex 60.1379 82.1229 8.5
    endloop
  endfacet
  facet normal -0 0 1
    outer loop
      vertex 64.7326 51.2465 8.5
      vertex 74.84 19 8.5
      vertex 64.8729 51.9521 8.5
    endloop
  endfacet
  facet normal 0 0 1
    outer loop
      vertex 74.84 19 8.5
      vertex 64.8729 29.3879 8.5
      vertex 64.92 28.67 8.5
    endloop
  endfacet
  facet normal -0 0 1
    outer loop
      vertex 64.5013 50.5652 8.5
      vertex 74.84 19 8.5
      vertex 64.7326 51.2465 8.5
    endloop
  endfacet
  facet normal 0 0 1
    outer loop
      vertex 74.84 19 8.5
      vertex 64.7326 30.0935 8.5
      vertex 64.8729 29.3879 8.5
    endloop
  endfacet
  facet normal -0 0 1
    outer loop
      vertex 64.5013 30.7748 8.5
      vertex 74.84 19 8.5
      vertex 64.5013 50.5652 8.5
    endloop
  endfacet
  facet normal 0 0 1
    outer loop
      vertex 74.84 19 8.5
      vertex 64.5013 30.7748 8.5
      vertex 64.7326 30.0935 8.5
    endloop
  endfacet
  facet normal -0 0 1
    outer loop
      vertex 64.1831 49.92 8.5
      vertex 64.5013 30.7748 8.5
      vertex 64.5013 50.5652 8.5
    endloop
  endfacet
  facet normal 0 0 1
    outer loop
      vertex 64.1831 49.92 8.5
      vertex 64.1831 31.42 8.5
      vertex 64.5013 30.7748 8.5
    endloop
  endfacet
  facet normal -0 0 1
    outer loop
      vertex 63.7834 49.3218 8.5
      vertex 64.1831 31.42 8.5
      vertex 64.1831 49.92 8.5
    endloop
  endfacet
  facet normal 0 0 1
    outer loop
      vertex 63.7834 49.3218 8.5
      vertex 63.7834 32.0182 8.5
      vertex 64.1831 31.42 8.5
    endloop
  endfacet
  facet normal -0 0 1
    outer loop
      vertex 63.3091 48.7809 8.5
      vertex 63.7834 32.0182 8.5
      vertex 63.7834 49.3218 8.5
    endloop
  endfacet
  facet normal 0 0 1
    outer loop
      vertex 63.3091 48.7809 8.5
      vertex 63.3091 32.5591 8.5
      vertex 63.7834 32.0182 8.5
    endloop
  endfacet
  facet normal -0 0 1
    outer loop
      vertex 62.7682 48.3066 8.5
      vertex 63.3091 32.5591 8.5
      vertex 63.3091 48.7809 8.5
    endloop
  endfacet
  facet normal 0 0 1
    outer loop
      vertex 62.7682 48.3066 8.5
      vertex 62.7682 33.0334 8.5
      vertex 63.3091 32.5591 8.5
    endloop
  endfacet
  facet normal -0 0 1
    outer loop
      vertex 62.17 47.9069 8.5
      vertex 62.7682 33.0334 8.5
      vertex 62.7682 48.3066 8.5
    endloop
  endfacet
  facet normal 0 0 1
    outer loop
      vertex 62.17 47.9069 8.5
      vertex 62.17 33.4331 8.5
      vertex 62.7682 33.0334 8.5
    endloop
  endfacet
  facet normal -0 0 1
    outer loop
      vertex 61.5248 47.5887 8.5
      vertex 62.17 33.4331 8.5
      vertex 62.17 47.9069 8.5
    endloop
  endfacet
  facet normal 0 0 1
    outer loop
      vertex 61.5248 47.5887 8.5
      vertex 61.5248 33.7513 8.5
      vertex 62.17 33.4331 8.5
    endloop
  endfacet
  facet normal -0 0 1
    outer loop
      vertex 60.8435 47.3574 8.5
      vertex 61.5248 33.7513 8.5
      vertex 61.5248 47.5887 8.5
    endloop
  endfacet
  facet normal 0 0 1
    outer loop
      vertex 60.8435 47.3574 8.5
      vertex 60.8435 33.9826 8.5
      vertex 61.5248 33.7513 8.5
    endloop
  endfacet
  facet normal -0 0 1
    outer loop
      vertex 60.1379 47.2171 8.5
      vertex 60.8435 33.9826 8.5
      vertex 60.8435 47.3574 8.5
    endloop
  endfacet
  facet normal 0 0 1
    outer loop
      vertex 60.1379 47.2171 8.5
      vertex 60.1379 34.1229 8.5
      vertex 60.8435 33.9826 8.5
    endloop
  endfacet
  facet normal -0 0 1
    outer loop
      vertex 59.42 47.17 8.5
      vertex 60.1379 34.1229 8.5
      vertex 60.1379 47.2171 8.5
    endloop
  endfacet
  facet normal 0 0 1
    outer loop
      vertex 59.42 47.17 8.5
      vertex 59.42 34.17 8.5
      vertex 60.1379 34.1229 8.5
    endloop
  endfacet
  facet normal 0 0 1
    outer loop
      vertex 58.7021 47.2171 8.5
      vertex 59.42 34.17 8.5
      vertex 59.42 47.17 8.5
    endloop
  endfacet
  facet normal 0 0 1
    outer loop
      vertex 58.7021 47.2171 8.5
      vertex 58.7021 34.1229 8.5
      vertex 59.42 34.17 8.5
    endloop
  endfacet
  facet normal 0 0 1
    outer loop
      vertex 57.9965 47.3574 8.5
      vertex 58.7021 34.1229 8.5
      vertex 58.7021 47.2171 8.5
    endloop
  endfacet
  facet normal 0 0 1
    outer loop
      vertex 57.9965 47.3574 8.5
      vertex 57.9965 33.9826 8.5
      vertex 58.7021 34.1229 8.5
    endloop
  endfacet
  facet normal 0 0 1
    outer loop
      vertex 57.3152 47.5887 8.5
      vertex 57.9965 33.9826 8.5
      vertex 57.9965 47.3574 8.5
    endloop
  endfacet
  facet normal 0 0 1
    outer loop
      vertex 57.3152 47.5887 8.5
      vertex 57.3152 33.7513 8.5
      vertex 57.9965 33.9826 8.5
    endloop
  endfacet
  facet normal 0 0 1
    outer loop
      vertex 56.67 47.9069 8.5
      vertex 57.3152 33.7513 8.5
      vertex 57.3152 47.5887 8.5
    endloop
  endfacet
  facet normal 0 0 1
    outer loop
      vertex 56.67 47.9069 8.5
      vertex 56.67 33.4331 8.5
      vertex 57.3152 33.7513 8.5
    endloop
  endfacet
  facet normal 0 0 1
    outer loop
      vertex 56.0718 48.3066 8.5
      vertex 56.67 33.4331 8.5
      vertex 56.67 47.9069 8.5
    endloop
  endfacet
  facet normal 0 0 1
    outer loop
      vertex 56.0718 48.3066 8.5
      vertex 56.0718 33.0334 8.5
      vertex 56.67 33.4331 8.5
    endloop
  endfacet
  facet normal 0 0 1
    outer loop
      vertex 55.5309 48.7809 8.5
      vertex 56.0718 33.0334 8.5
      vertex 56.0718 48.3066 8.5
    endloop
  endfacet
  facet normal 0 0 1
    outer loop
      vertex 55.5309 48.7809 8.5
      vertex 55.5309 32.5591 8.5
      vertex 56.0718 33.0334 8.5
    endloop
  endfacet
  facet normal 0 0 1
    outer loop
      vertex 55.0566 49.3218 8.5
      vertex 55.5309 32.5591 8.5
      vertex 55.5309 48.7809 8.5
    endloop
  endfacet
  facet normal 0 0 1
    outer loop
      vertex 55.0566 49.3218 8.5
      vertex 55.0566 32.0182 8.5
      vertex 55.5309 32.5591 8.5
    endloop
  endfacet
  facet normal 0 0 1
    outer loop
      vertex 54.6569 49.92 8.5
      vertex 55.0566 32.0182 8.5
      vertex 55.0566 49.3218 8.5
    endloop
  endfacet
  facet normal 0 0 1
    outer loop
      vertex 54.6569 49.92 8.5
      vertex 54.6569 31.42 8.5
      vertex 55.0566 32.0182 8.5
    endloop
  endfacet
  facet normal 0 0 1
    outer loop
      vertex 54.3387 50.5652 8.5
      vertex 54.6569 31.42 8.5
      vertex 54.6569 49.92 8.5
    endloop
  endfacet
  facet normal 0 0 1
    outer loop
      vertex 54.3387 50.5652 8.5
      vertex 54.3387 30.7748 8.5
      vertex 54.6569 31.42 8.5
    endloop
  endfacet
  facet normal 0 0 1
    outer loop
      vertex 54.1074 51.2465 8.5
      vertex 54.3387 30.7748 8.5
      vertex 54.3387 50.5652 8.5
    endloop
  endfacet
  facet normal 0 0 1
    outer loop
      vertex 54.1074 51.2465 8.5
      vertex 54.1074 30.0935 8.5
      vertex 54.3387 30.7748 8.5
    endloop
  endfacet
  facet normal 0 0 1
    outer loop
      vertex 53.9671 51.9521 8.5
      vertex 54.1074 30.0935 8.5
      vertex 54.1074 51.2465 8.5
    endloop
  endfacet
  facet normal 0 0 1
    outer loop
      vertex 53.9671 51.9521 8.5
      vertex 53.9671 29.3879 8.5
      vertex 54.1074 30.0935 8.5
    endloop
  endfacet
  facet normal 0 0 1
    outer loop
      vertex 53.92 52.67 8.5
      vertex 53.9671 29.3879 8.5
      vertex 53.9671 51.9521 8.5
    endloop
  endfacet
  facet normal 0 0 1
    outer loop
      vertex 53.9671 29.3879 8.5
      vertex 53.92 52.67 8.5
      vertex 53.92 28.67 8.5
    endloop
  endfacet
  facet normal 0 0 1
    outer loop
      vertex 64.7326 75.2465 8.5
      vertex 74.84 86.34 8.5
      vertex 64.8729 75.9521 8.5
    endloop
  endfacet
  facet normal 0 0 1
    outer loop
      vertex 74.84 86.34 8.5
      vertex 64.8729 53.3879 8.5
      vertex 64.92 52.67 8.5
    endloop
  endfacet
  facet normal 0 0 1
    outer loop
      vertex 64.5013 74.5652 8.5
      vertex 74.84 86.34 8.5
      vertex 64.7326 75.2465 8.5
    endloop
  endfacet
  facet normal 0 0 1
    outer loop
      vertex 74.84 86.34 8.5
      vertex 64.7326 54.0935 8.5
      vertex 64.8729 53.3879 8.5
    endloop
  endfacet
  facet normal 0 0 1
    outer loop
      vertex 64.5013 54.7748 8.5
      vertex 74.84 86.34 8.5
      vertex 64.5013 74.5652 8.5
    endloop
  endfacet
  facet normal 0 0 1
    outer loop
      vertex 74.84 86.34 8.5
      vertex 64.5013 54.7748 8.5
      vertex 64.7326 54.0935 8.5
    endloop
  endfacet
  facet normal -0 0 1
    outer loop
      vertex 64.1831 73.92 8.5
      vertex 64.5013 54.7748 8.5
      vertex 64.5013 74.5652 8.5
    endloop
  endfacet
  facet normal 0 0 1
    outer loop
      vertex 64.1831 73.92 8.5
      vertex 64.1831 55.42 8.5
      vertex 64.5013 54.7748 8.5
    endloop
  endfacet
  facet normal -0 0 1
    outer loop
      vertex 63.7834 73.3218 8.5
      vertex 64.1831 55.42 8.5
      vertex 64.1831 73.92 8.5
    endloop
  endfacet
  facet normal 0 0 1
    outer loop
      vertex 63.7834 73.3218 8.5
      vertex 63.7834 56.0182 8.5
      vertex 64.1831 55.42 8.5
    endloop
  endfacet
  facet normal -0 0 1
    outer loop
      vertex 63.3091 72.7809 8.5
      vertex 63.7834 56.0182 8.5
      vertex 63.7834 73.3218 8.5
    endloop
  endfacet
  facet normal 0 0 1
    outer loop
      vertex 63.3091 72.7809 8.5
      vertex 63.3091 56.5591 8.5
      vertex 63.7834 56.0182 8.5
    endloop
  endfacet
  facet normal -0 0 1
    outer loop
      vertex 62.7682 72.3066 8.5
      vertex 63.3091 56.5591 8.5
      vertex 63.3091 72.7809 8.5
    endloop
  endfacet
  facet normal 0 0 1
    outer loop
      vertex 62.7682 72.3066 8.5
      vertex 62.7682 57.0334 8.5
      vertex 63.3091 56.5591 8.5
    endloop
  endfacet
  facet normal -0 0 1
    outer loop
      vertex 62.17 71.9069 8.5
      vertex 62.7682 57.0334 8.5
      vertex 62.7682 72.3066 8.5
    endloop
  endfacet
  facet normal 0 0 1
    outer loop
      vertex 62.17 71.9069 8.5
      vertex 62.17 57.4331 8.5
      vertex 62.7682 57.0334 8.5
    endloop
  endfacet
  facet normal -0 0 1
    outer loop
      vertex 61.5248 71.5887 8.5
      vertex 62.17 57.4331 8.5
      vertex 62.17 71.9069 8.5
    endloop
  endfacet
  facet normal 0 0 1
    outer loop
      vertex 61.5248 71.5887 8.5
      vertex 61.5248 57.7513 8.5
      vertex 62.17 57.4331 8.5
    endloop
  endfacet
  facet normal -0 0 1
    outer loop
      vertex 60.8435 71.3574 8.5
      vertex 61.5248 57.7513 8.5
      vertex 61.5248 71.5887 8.5
    endloop
  endfacet
  facet normal 0 0 1
    outer loop
      vertex 60.8435 71.3574 8.5
      vertex 60.8435 57.9826 8.5
      vertex 61.5248 57.7513 8.5
    endloop
  endfacet
  facet normal -0 0 1
    outer loop
      vertex 60.1379 71.2171 8.5
      vertex 60.8435 57.9826 8.5
      vertex 60.8435 71.3574 8.5
    endloop
  endfacet
  facet normal 0 0 1
    outer loop
      vertex 60.1379 71.2171 8.5
      vertex 60.1379 58.1229 8.5
      vertex 60.8435 57.9826 8.5
    endloop
  endfacet
  facet normal -0 0 1
    outer loop
      vertex 59.42 71.17 8.5
      vertex 60.1379 58.1229 8.5
      vertex 60.1379 71.2171 8.5
    endloop
  endfacet
  facet normal 0 0 1
    outer loop
      vertex 59.42 71.17 8.5
      vertex 59.42 58.17 8.5
      vertex 60.1379 58.1229 8.5
    endloop
  endfacet
  facet normal 0 0 1
    outer loop
      vertex 58.7021 71.2171 8.5
      vertex 59.42 58.17 8.5
      vertex 59.42 71.17 8.5
    endloop
  endfacet
  facet normal 0 0 1
    outer loop
      vertex 58.7021 71.2171 8.5
      vertex 58.7021 58.1229 8.5
      vertex 59.42 58.17 8.5
    endloop
  endfacet
  facet normal 0 0 1
    outer loop
      vertex 57.9965 71.3574 8.5
      vertex 58.7021 58.1229 8.5
      vertex 58.7021 71.2171 8.5
    endloop
  endfacet
  facet normal 0 0 1
    outer loop
      vertex 57.9965 71.3574 8.5
      vertex 57.9965 57.9826 8.5
      vertex 58.7021 58.1229 8.5
    endloop
  endfacet
  facet normal 0 0 1
    outer loop
      vertex 57.3152 71.5887 8.5
      vertex 57.9965 57.9826 8.5
      vertex 57.9965 71.3574 8.5
    endloop
  endfacet
  facet normal 0 0 1
    outer loop
      vertex 57.3152 71.5887 8.5
      vertex 57.3152 57.7513 8.5
      vertex 57.9965 57.9826 8.5
    endloop
  endfacet
  facet normal 0 0 1
    outer loop
      vertex 56.67 71.9069 8.5
      vertex 57.3152 57.7513 8.5
      vertex 57.3152 71.5887 8.5
    endloop
  endfacet
  facet normal 0 0 1
    outer loop
      vertex 56.67 71.9069 8.5
      vertex 56.67 57.4331 8.5
      vertex 57.3152 57.7513 8.5
    endloop
  endfacet
  facet normal 0 0 1
    outer loop
      vertex 56.0718 72.3066 8.5
      vertex 56.67 57.4331 8.5
      vertex 56.67 71.9069 8.5
    endloop
  endfacet
  facet normal 0 0 1
    outer loop
      vertex 56.0718 72.3066 8.5
      vertex 56.0718 57.0334 8.5
      vertex 56.67 57.4331 8.5
    endloop
  endfacet
  facet normal 0 0 1
    outer loop
      vertex 43.3091 56.5591 8.5
      vertex 56.0718 72.3066 8.5
      vertex 55.5309 72.7809 8.5
    endloop
  endfacet
  facet normal 0 0 1
    outer loop
      vertex 56.0718 72.3066 8.5
      vertex 43.3091 56.5591 8.5
      vertex 56.0718 57.0334 8.5
    endloop
  endfacet
  facet normal 0 0 1
    outer loop
      vertex 43.3091 56.5591 8.5
      vertex 55.5309 72.7809 8.5
      vertex 55.0566 73.3218 8.5
    endloop
  endfacet
  facet normal 0 0 1
    outer loop
      vertex 56.0718 57.0334 8.5
      vertex 43.3091 56.5591 8.5
      vertex 55.5309 56.5591 8.5
    endloop
  endfacet
  facet normal 0 0 1
    outer loop
      vertex 43.3091 56.5591 8.5
      vertex 55.0566 73.3218 8.5
      vertex 54.6569 73.92 8.5
    endloop
  endfacet
  facet normal 0 0 1
    outer loop
      vertex 55.5309 56.5591 8.5
      vertex 43.3091 56.5591 8.5
      vertex 55.0566 56.0182 8.5
    endloop
  endfacet
  facet normal 0 0 1
    outer loop
      vertex 43.3091 56.5591 8.5
      vertex 54.6569 73.92 8.5
      vertex 54.3387 74.5652 8.5
    endloop
  endfacet
  facet normal 0 -0 1
    outer loop
      vertex 43.7834 56.0182 8.5
      vertex 55.0566 56.0182 8.5
      vertex 43.3091 56.5591 8.5
    endloop
  endfacet
  facet normal 0 0 1
    outer loop
      vertex 43.3091 56.5591 8.5
      vertex 54.3387 74.5652 8.5
      vertex 54.1074 75.2465 8.5
    endloop
  endfacet
  facet normal 0 0 1
    outer loop
      vertex 55.0566 56.0182 8.5
      vertex 43.7834 56.0182 8.5
      vertex 54.6569 55.42 8.5
    endloop
  endfacet
  facet normal 0 0 1
    outer loop
      vertex 43.3091 56.5591 8.5
      vertex 54.1074 75.2465 8.5
      vertex 53.9671 75.9521 8.5
    endloop
  endfacet
  facet normal 0 -0 1
    outer loop
      vertex 44.1831 55.42 8.5
      vertex 54.6569 55.42 8.5
      vertex 43.7834 56.0182 8.5
    endloop
  endfacet
  facet normal 0 0 1
    outer loop
      vertex 43.3091 56.5591 8.5
      vertex 53.9671 75.9521 8.5
      vertex 53.92 76.67 8.5
    endloop
  endfacet
  facet normal 0 0 1
    outer loop
      vertex 54.6569 55.42 8.5
      vertex 44.1831 55.42 8.5
      vertex 54.3387 54.7748 8.5
    endloop
  endfacet
  facet normal -0 0 1
    outer loop
      vertex 64.8729 51.9521 8.5
      vertex 74.84 19 8.5
      vertex 64.92 52.67 8.5
    endloop
  endfacet
  facet normal 0 0 1
    outer loop
      vertex 72.32 86.34 8.5
      vertex 64.8729 77.3879 8.5
      vertex 64.92 76.67 8.5
    endloop
  endfacet
  facet normal 0 0 1
    outer loop
      vertex 72.32 86.34 8.5
      vertex 64.7326 78.0935 8.5
      vertex 64.8729 77.3879 8.5
    endloop
  endfacet
  facet normal 0 0 1
    outer loop
      vertex 72.32 86.34 8.5
      vertex 64.5013 78.7748 8.5
      vertex 64.7326 78.0935 8.5
    endloop
  endfacet
  facet normal 0 0 1
    outer loop
      vertex 72.32 86.34 8.5
      vertex 64.32 95.34 8.5
      vertex 64.1831 79.42 8.5
    endloop
  endfacet
  facet normal 0 0 1
    outer loop
      vertex 72.32 86.34 8.5
      vertex 64.1831 79.42 8.5
      vertex 64.5013 78.7748 8.5
    endloop
  endfacet
  facet normal -0 0 1
    outer loop
      vertex 67.52 95.34 8.5
      vertex 72.32 86.34 8.5
      vertex 72.32 98.82 8.5
    endloop
  endfacet
  facet normal -0 0 1
    outer loop
      vertex 64.32 95.34 8.5
      vertex 72.32 86.34 8.5
      vertex 67.52 95.34 8.5
    endloop
  endfacet
  facet normal 0 0 1
    outer loop
      vertex 67.52 95.34 8.5
      vertex 72.32 98.82 8.5
      vertex 67.52 98.82 8.5
    endloop
  endfacet
  facet normal 0 0 1
    outer loop
      vertex 74.84 86.34 8.5
      vertex 64.92 52.67 8.5
      vertex 74.84 19 8.5
    endloop
  endfacet
  facet normal 0 0 1
    outer loop
      vertex 72.32 19 8.5
      vertex 67.52 10 8.5
      vertex 72.32 6.52 8.5
    endloop
  endfacet
  facet normal 0 0 1
    outer loop
      vertex 72.32 6.52 8.5
      vertex 67.52 10 8.5
      vertex 67.52 6.52 8.5
    endloop
  endfacet
  facet normal 0 0 1
    outer loop
      vertex 64.92 76.67 8.5
      vertex 74.84 86.34 8.5
      vertex 72.32 86.34 8.5
    endloop
  endfacet
  facet normal 0 0 1
    outer loop
      vertex 64.8729 75.9521 8.5
      vertex 74.84 86.34 8.5
      vertex 64.92 76.67 8.5
    endloop
  endfacet
  facet normal 0 0 1
    outer loop
      vertex 74.84 101.34 8.5
      vertex 78.84 102.34 8.5
      vertex 78.8143 102.732 8.5
    endloop
  endfacet
  facet normal 0 0 1
    outer loop
      vertex 78.84 102.34 8.5
      vertex 74.84 86.34 8.5
      vertex 78.84 3 8.5
    endloop
  endfacet
  facet normal 0 0 1
    outer loop
      vertex 74.84 101.34 8.5
      vertex 78.8143 102.732 8.5
      vertex 78.7378 103.116 8.5
    endloop
  endfacet
  facet normal -0 0 1
    outer loop
      vertex 74.84 19 8.5
      vertex 78.84 3 8.5
      vertex 74.84 86.34 8.5
    endloop
  endfacet
  facet normal 0 0 1
    outer loop
      vertex 74.84 101.34 8.5
      vertex 78.7378 103.116 8.5
      vertex 78.6116 103.488 8.5
    endloop
  endfacet
  facet normal -0 0 1
    outer loop
      vertex 74.84 4 8.5
      vertex 78.84 3 8.5
      vertex 74.84 19 8.5
    endloop
  endfacet
  facet normal 0 0 1
    outer loop
      vertex 74.84 101.34 8.5
      vertex 78.6116 103.488 8.5
      vertex 78.4381 103.84 8.5
    endloop
  endfacet
  facet normal 0 0 1
    outer loop
      vertex 78.84 3 8.5
      vertex 74.84 4 8.5
      vertex 78.8143 2.60842 8.5
    endloop
  endfacet
  facet normal 0 0 1
    outer loop
      vertex 74.84 101.34 8.5
      vertex 78.4381 103.84 8.5
      vertex 78.2201 104.166 8.5
    endloop
  endfacet
  facet normal 0 0 1
    outer loop
      vertex 78.8143 2.60842 8.5
      vertex 74.84 4 8.5
      vertex 78.7378 2.22354 8.5
    endloop
  endfacet
  facet normal 0 0 1
    outer loop
      vertex 74.84 101.34 8.5
      vertex 78.2201 104.166 8.5
      vertex 77.9613 104.461 8.5
    endloop
  endfacet
  facet normal 0 0 1
    outer loop
      vertex 78.7378 2.22354 8.5
      vertex 74.84 4 8.5
      vertex 78.6116 1.85195 8.5
    endloop
  endfacet
  facet normal 0 0 1
    outer loop
      vertex 74.84 101.34 8.5
      vertex 77.9613 104.461 8.5
      vertex 77.6663 104.72 8.5
    endloop
  endfacet
  facet normal 0 0 1
    outer loop
      vertex 78.6116 1.85195 8.5
      vertex 74.84 4 8.5
      vertex 78.4381 1.5 8.5
    endloop
  endfacet
  facet normal 0 0 1
    outer loop
      vertex 74.84 101.34 8.5
      vertex 77.6663 104.72 8.5
      vertex 77.34 104.938 8.5
    endloop
  endfacet
  facet normal 0 0 1
    outer loop
      vertex 78.4381 1.5 8.5
      vertex 74.84 4 8.5
      vertex 78.2201 1.17372 8.5
    endloop
  endfacet
  facet normal 0 0 1
    outer loop
      vertex 74.84 101.34 8.5
      vertex 77.34 104.938 8.5
      vertex 76.9881 105.112 8.5
    endloop
  endfacet
  facet normal 0 0 1
    outer loop
      vertex 78.2201 1.17372 8.5
      vertex 74.84 4 8.5
      vertex 77.9613 0.878679 8.5
    endloop
  endfacet
  facet normal 0 0 1
    outer loop
      vertex 74.84 101.34 8.5
      vertex 76.9881 105.112 8.5
      vertex 76.6165 105.238 8.5
    endloop
  endfacet
  facet normal 0 0 1
    outer loop
      vertex 77.9613 0.878679 8.5
      vertex 74.84 4 8.5
      vertex 77.6663 0.61994 8.5
    endloop
  endfacet
  facet normal 0 0 1
    outer loop
      vertex 74.84 101.34 8.5
      vertex 76.6165 105.238 8.5
      vertex 76.2316 105.314 8.5
    endloop
  endfacet
  facet normal 0 0 1
    outer loop
      vertex 77.6663 0.61994 8.5
      vertex 74.84 4 8.5
      vertex 77.34 0.401923 8.5
    endloop
  endfacet
  facet normal 0 0 1
    outer loop
      vertex 74.84 101.34 8.5
      vertex 76.2316 105.314 8.5
      vertex 75.84 105.34 8.5
    endloop
  endfacet
  facet normal 0 0 1
    outer loop
      vertex 77.34 0.401923 8.5
      vertex 74.84 4 8.5
      vertex 76.9881 0.228361 8.5
    endloop
  endfacet
  facet normal 0 0 1
    outer loop
      vertex 78.84 102.34 8.5
      vertex 74.84 101.34 8.5
      vertex 74.84 86.34 8.5
    endloop
  endfacet
  facet normal -0 0 1
    outer loop
      vertex 67.52 105.34 8.5
      vertex 74.84 101.34 8.5
      vertex 75.84 105.34 8.5
    endloop
  endfacet
  facet normal 0 0 1
    outer loop
      vertex 74.84 101.34 8.5
      vertex 67.52 105.34 8.5
      vertex 67.52 101.34 8.5
    endloop
  endfacet
  facet normal 0 0 1
    outer loop
      vertex 76.9881 0.228361 8.5
      vertex 74.84 4 8.5
      vertex 76.6165 0.102222 8.5
    endloop
  endfacet
  facet normal 0 0 1
    outer loop
      vertex 76.6165 0.102222 8.5
      vertex 74.84 4 8.5
      vertex 76.2316 0.0256653 8.5
    endloop
  endfacet
  facet normal 0 0 1
    outer loop
      vertex 76.2316 0.0256653 8.5
      vertex 74.84 4 8.5
      vertex 75.84 0 8.5
    endloop
  endfacet
  facet normal 0 0 1
    outer loop
      vertex 67.52 0 8.5
      vertex 74.84 4 8.5
      vertex 67.52 4 8.5
    endloop
  endfacet
  facet normal 0 0 1
    outer loop
      vertex 74.84 4 8.5
      vertex 67.52 0 8.5
      vertex 75.84 0 8.5
    endloop
  endfacet
  facet normal -0 0 1
    outer loop
      vertex 64.8729 27.9521 8.5
      vertex 74.84 19 8.5
      vertex 64.92 28.67 8.5
    endloop
  endfacet
  facet normal 0 0 1
    outer loop
      vertex 74.84 19 8.5
      vertex 64.8729 27.9521 8.5
      vertex 72.32 19 8.5
    endloop
  endfacet
  facet normal -0 0 1
    outer loop
      vertex 64.7326 27.2465 8.5
      vertex 72.32 19 8.5
      vertex 64.8729 27.9521 8.5
    endloop
  endfacet
  facet normal -0 0 1
    outer loop
      vertex 64.5013 26.5652 8.5
      vertex 72.32 19 8.5
      vertex 64.7326 27.2465 8.5
    endloop
  endfacet
  facet normal -0 0 1
    outer loop
      vertex 64.1831 25.92 8.5
      vertex 72.32 19 8.5
      vertex 64.5013 26.5652 8.5
    endloop
  endfacet
  facet normal -0 0 1
    outer loop
      vertex 63.7834 25.3218 8.5
      vertex 72.32 19 8.5
      vertex 64.1831 25.92 8.5
    endloop
  endfacet
  facet normal -0 0 1
    outer loop
      vertex 63.3091 24.7809 8.5
      vertex 72.32 19 8.5
      vertex 63.7834 25.3218 8.5
    endloop
  endfacet
  facet normal -0 0 1
    outer loop
      vertex 62.7682 24.3066 8.5
      vertex 72.32 19 8.5
      vertex 63.3091 24.7809 8.5
    endloop
  endfacet
  facet normal -0 0 1
    outer loop
      vertex 62.17 23.9069 8.5
      vertex 72.32 19 8.5
      vertex 62.7682 24.3066 8.5
    endloop
  endfacet
  facet normal 0 -0 1
    outer loop
      vertex 64.32 10 8.5
      vertex 72.32 19 8.5
      vertex 62.17 23.9069 8.5
    endloop
  endfacet
  facet normal 0 0 1
    outer loop
      vertex 72.32 19 8.5
      vertex 64.32 10 8.5
      vertex 67.52 10 8.5
    endloop
  endfacet
  facet normal -0 0 1
    outer loop
      vertex 61.5248 23.5887 8.5
      vertex 64.32 10 8.5
      vertex 62.17 23.9069 8.5
    endloop
  endfacet
  facet normal -0 0 1
    outer loop
      vertex 60.8435 23.3574 8.5
      vertex 64.32 10 8.5
      vertex 61.5248 23.5887 8.5
    endloop
  endfacet
  facet normal -0 0 1
    outer loop
      vertex 60.1379 23.2171 8.5
      vertex 64.32 10 8.5
      vertex 60.8435 23.3574 8.5
    endloop
  endfacet
  facet normal -0 0 1
    outer loop
      vertex 59.42 23.17 8.5
      vertex 64.32 10 8.5
      vertex 60.1379 23.2171 8.5
    endloop
  endfacet
  facet normal 0 0 1
    outer loop
      vertex 64.32 10 8.5
      vertex 59.84 6.52 8.5
      vertex 64.32 6.52 8.5
    endloop
  endfacet
  facet normal 0 0 1
    outer loop
      vertex 64.32 10 8.5
      vertex 58.7021 23.2171 8.5
      vertex 59.84 6.52 8.5
    endloop
  endfacet
  facet normal 0 0 1
    outer loop
      vertex 58.7021 23.2171 8.5
      vertex 64.32 10 8.5
      vertex 59.42 23.17 8.5
    endloop
  endfacet
  facet normal -0 0 1
    outer loop
      vertex 59.84 4 8.5
      vertex 64.32 0 8.5
      vertex 64.32 4 8.5
    endloop
  endfacet
  facet normal 0 0 1
    outer loop
      vertex 57.9965 23.3574 8.5
      vertex 59.84 6.52 8.5
      vertex 58.7021 23.2171 8.5
    endloop
  endfacet
  facet normal 0 0 1
    outer loop
      vertex 57.3152 23.5887 8.5
      vertex 59.84 6.52 8.5
      vertex 57.9965 23.3574 8.5
    endloop
  endfacet
  facet normal 0 0 1
    outer loop
      vertex 56.67 23.9069 8.5
      vertex 59.84 6.52 8.5
      vertex 57.3152 23.5887 8.5
    endloop
  endfacet
  facet normal -0 0 1
    outer loop
      vertex 42.17 23.9069 8.5
      vertex 59.84 6.52 8.5
      vertex 56.67 23.9069 8.5
    endloop
  endfacet
  facet normal 0 0 1
    outer loop
      vertex 42.17 23.9069 8.5
      vertex 56.67 23.9069 8.5
      vertex 56.0718 24.3066 8.5
    endloop
  endfacet
  facet normal 0 0 1
    outer loop
      vertex 42.7682 24.3066 8.5
      vertex 56.0718 24.3066 8.5
      vertex 55.5309 24.7809 8.5
    endloop
  endfacet
  facet normal 0 0 1
    outer loop
      vertex 43.3091 24.7809 8.5
      vertex 55.5309 24.7809 8.5
      vertex 55.0566 25.3218 8.5
    endloop
  endfacet
  facet normal 0 0 1
    outer loop
      vertex 43.7834 25.3218 8.5
      vertex 55.0566 25.3218 8.5
      vertex 54.6569 25.92 8.5
    endloop
  endfacet
  facet normal 0 0 1
    outer loop
      vertex 44.1831 25.92 8.5
      vertex 54.6569 25.92 8.5
      vertex 54.3387 26.5652 8.5
    endloop
  endfacet
  facet normal 0 0 1
    outer loop
      vertex 44.5013 26.5652 8.5
      vertex 54.3387 26.5652 8.5
      vertex 54.1074 27.2465 8.5
    endloop
  endfacet
  facet normal 0 0 1
    outer loop
      vertex 44.7326 75.2465 8.5
      vertex 53.92 76.67 8.5
      vertex 44.8729 75.9521 8.5
    endloop
  endfacet
  facet normal 0 0 1
    outer loop
      vertex 53.92 52.67 8.5
      vertex 44.8729 53.3879 8.5
      vertex 44.92 52.67 8.5
    endloop
  endfacet
  facet normal 0 0 1
    outer loop
      vertex 44.5013 50.5652 8.5
      vertex 53.92 52.67 8.5
      vertex 44.7326 51.2465 8.5
    endloop
  endfacet
  facet normal 0 0 1
    outer loop
      vertex 44.1831 49.92 8.5
      vertex 53.92 52.67 8.5
      vertex 44.5013 50.5652 8.5
    endloop
  endfacet
  facet normal 0 0 1
    outer loop
      vertex 43.7834 49.3218 8.5
      vertex 53.92 52.67 8.5
      vertex 44.1831 49.92 8.5
    endloop
  endfacet
  facet normal 0 0 1
    outer loop
      vertex 44.7326 27.2465 8.5
      vertex 54.1074 27.2465 8.5
      vertex 44.8729 27.9521 8.5
    endloop
  endfacet
  facet normal 0 0 1
    outer loop
      vertex 44.5013 26.5652 8.5
      vertex 54.1074 27.2465 8.5
      vertex 44.7326 27.2465 8.5
    endloop
  endfacet
  facet normal 0 0 1
    outer loop
      vertex 54.3387 26.5652 8.5
      vertex 44.5013 26.5652 8.5
      vertex 44.1831 25.92 8.5
    endloop
  endfacet
  facet normal 0 0 1
    outer loop
      vertex 54.6569 25.92 8.5
      vertex 44.1831 25.92 8.5
      vertex 43.7834 25.3218 8.5
    endloop
  endfacet
  facet normal 0 0 1
    outer loop
      vertex 55.0566 25.3218 8.5
      vertex 43.7834 25.3218 8.5
      vertex 43.3091 24.7809 8.5
    endloop
  endfacet
  facet normal 0 0 1
    outer loop
      vertex 55.5309 24.7809 8.5
      vertex 43.3091 24.7809 8.5
      vertex 42.7682 24.3066 8.5
    endloop
  endfacet
  facet normal 0 0 1
    outer loop
      vertex 56.0718 24.3066 8.5
      vertex 42.7682 24.3066 8.5
      vertex 42.17 23.9069 8.5
    endloop
  endfacet
  facet normal -0 0 1
    outer loop
      vertex 41.5248 23.5887 8.5
      vertex 59.84 6.52 8.5
      vertex 42.17 23.9069 8.5
    endloop
  endfacet
  facet normal -0 0 1
    outer loop
      vertex 40.8435 23.3574 8.5
      vertex 59.84 6.52 8.5
      vertex 41.5248 23.5887 8.5
    endloop
  endfacet
  facet normal -0 0 1
    outer loop
      vertex 40.1379 23.2171 8.5
      vertex 59.84 6.52 8.5
      vertex 40.8435 23.3574 8.5
    endloop
  endfacet
  facet normal 0 0 1
    outer loop
      vertex 59.84 6.52 8.5
      vertex 40.1379 23.2171 8.5
      vertex 59.84 4 8.5
    endloop
  endfacet
  facet normal -0 0 1
    outer loop
      vertex 39.42 23.17 8.5
      vertex 59.84 4 8.5
      vertex 40.1379 23.2171 8.5
    endloop
  endfacet
  facet normal 0 0 1
    outer loop
      vertex 19 4 8.5
      vertex 39.42 23.17 8.5
      vertex 38.7021 23.2171 8.5
    endloop
  endfacet
  facet normal 0 0 1
    outer loop
      vertex 19 6.52 8.5
      vertex 38.7021 23.2171 8.5
      vertex 37.9965 23.3574 8.5
    endloop
  endfacet
  facet normal 0 0 1
    outer loop
      vertex 39.42 23.17 8.5
      vertex 19 4 8.5
      vertex 59.84 4 8.5
    endloop
  endfacet
  facet normal 0 0 1
    outer loop
      vertex 19 6.52 8.5
      vertex 37.9965 23.3574 8.5
      vertex 37.3152 23.5887 8.5
    endloop
  endfacet
  facet normal 0 0 1
    outer loop
      vertex 19 6.52 8.5
      vertex 37.3152 23.5887 8.5
      vertex 36.67 23.9069 8.5
    endloop
  endfacet
  facet normal 0 0 1
    outer loop
      vertex 19 6.52 8.5
      vertex 36.67 23.9069 8.5
      vertex 36.0718 24.3066 8.5
    endloop
  endfacet
  facet normal 0 0 1
    outer loop
      vertex 24.7326 75.2465 8.5
      vertex 33.92 76.67 8.5
      vertex 24.8729 75.9521 8.5
    endloop
  endfacet
  facet normal 0 0 1
    outer loop
      vertex 33.92 52.67 8.5
      vertex 24.8729 53.3879 8.5
      vertex 24.92 52.67 8.5
    endloop
  endfacet
  facet normal 0 0 1
    outer loop
      vertex 24.5013 50.5652 8.5
      vertex 33.92 52.67 8.5
      vertex 24.7326 51.2465 8.5
    endloop
  endfacet
  facet normal 0 0 1
    outer loop
      vertex 24.1831 49.92 8.5
      vertex 33.92 52.67 8.5
      vertex 24.5013 50.5652 8.5
    endloop
  endfacet
  facet normal 0 0 1
    outer loop
      vertex 23.7834 49.3218 8.5
      vertex 33.92 52.67 8.5
      vertex 24.1831 49.92 8.5
    endloop
  endfacet
  facet normal 0 0 1
    outer loop
      vertex 24.7326 27.2465 8.5
      vertex 34.1074 27.2465 8.5
      vertex 24.8729 27.9521 8.5
    endloop
  endfacet
  facet normal 0 0 1
    outer loop
      vertex 34.1074 27.2465 8.5
      vertex 24.7326 27.2465 8.5
      vertex 34.3387 26.5652 8.5
    endloop
  endfacet
  facet normal 0 0 1
    outer loop
      vertex 24.5013 26.5652 8.5
      vertex 34.3387 26.5652 8.5
      vertex 24.7326 27.2465 8.5
    endloop
  endfacet
  facet normal 0 0 1
    outer loop
      vertex 34.3387 26.5652 8.5
      vertex 24.5013 26.5652 8.5
      vertex 34.6569 25.92 8.5
    endloop
  endfacet
  facet normal 0 0 1
    outer loop
      vertex 24.1831 25.92 8.5
      vertex 34.6569 25.92 8.5
      vertex 24.5013 26.5652 8.5
    endloop
  endfacet
  facet normal 0 0 1
    outer loop
      vertex 34.6569 25.92 8.5
      vertex 24.1831 25.92 8.5
      vertex 35.0566 25.3218 8.5
    endloop
  endfacet
  facet normal 0 0 1
    outer loop
      vertex 23.7834 25.3218 8.5
      vertex 35.0566 25.3218 8.5
      vertex 24.1831 25.92 8.5
    endloop
  endfacet
  facet normal 0 0 1
    outer loop
      vertex 35.0566 25.3218 8.5
      vertex 23.7834 25.3218 8.5
      vertex 35.5309 24.7809 8.5
    endloop
  endfacet
  facet normal 0 0 1
    outer loop
      vertex 23.3091 24.7809 8.5
      vertex 35.5309 24.7809 8.5
      vertex 23.7834 25.3218 8.5
    endloop
  endfacet
  facet normal 0 0 1
    outer loop
      vertex 35.5309 24.7809 8.5
      vertex 23.3091 24.7809 8.5
      vertex 36.0718 24.3066 8.5
    endloop
  endfacet
  facet normal 0 0 1
    outer loop
      vertex 22.7682 24.3066 8.5
      vertex 36.0718 24.3066 8.5
      vertex 23.3091 24.7809 8.5
    endloop
  endfacet
  facet normal 0 0 1
    outer loop
      vertex 36.0718 24.3066 8.5
      vertex 22.7682 24.3066 8.5
      vertex 19 6.52 8.5
    endloop
  endfacet
  facet normal 0 0 1
    outer loop
      vertex 19 6.52 8.5
      vertex 22.7682 24.3066 8.5
      vertex 22.17 23.9069 8.5
    endloop
  endfacet
  facet normal 0 0 1
    outer loop
      vertex 19 6.52 8.5
      vertex 22.17 23.9069 8.5
      vertex 21.5248 23.5887 8.5
    endloop
  endfacet
  facet normal 0 0 1
    outer loop
      vertex 19 6.52 8.5
      vertex 21.5248 23.5887 8.5
      vertex 20.8435 23.3574 8.5
    endloop
  endfacet
  facet normal 0 0 1
    outer loop
      vertex 19 6.52 8.5
      vertex 20.8435 23.3574 8.5
      vertex 20.1379 23.2171 8.5
    endloop
  endfacet
  facet normal 0 0 1
    outer loop
      vertex 14.52 10 8.5
      vertex 20.1379 23.2171 8.5
      vertex 19.42 23.17 8.5
    endloop
  endfacet
  facet normal 0 0 1
    outer loop
      vertex 38.7021 23.2171 8.5
      vertex 19 6.52 8.5
      vertex 19 4 8.5
    endloop
  endfacet
  facet normal 0 0 1
    outer loop
      vertex 59.84 4 8.5
      vertex 19 4 8.5
      vertex 64.32 0 8.5
    endloop
  endfacet
  facet normal 0 0 1
    outer loop
      vertex 14.52 0 8.5
      vertex 19 4 8.5
      vertex 14.52 4 8.5
    endloop
  endfacet
  facet normal 0 0 1
    outer loop
      vertex 19 4 8.5
      vertex 14.52 0 8.5
      vertex 64.32 0 8.5
    endloop
  endfacet
  facet normal -0 0 1
    outer loop
      vertex 4 4 8.5
      vertex 11.32 0 8.5
      vertex 11.32 4 8.5
    endloop
  endfacet
  facet normal 0 0 1
    outer loop
      vertex 4 4 8.5
      vertex 3 0 8.5
      vertex 11.32 0 8.5
    endloop
  endfacet
  facet normal 0 0 1
    outer loop
      vertex 0 3 8.5
      vertex 4 19 8.5
      vertex 0 102.34 8.5
    endloop
  endfacet
  facet normal -0 0 1
    outer loop
      vertex 2.22354 105.238 8.5
      vertex 4 101.34 8.5
      vertex 2.60842 105.314 8.5
    endloop
  endfacet
  facet normal 0 0 1
    outer loop
      vertex 4 19 8.5
      vertex 0 3 8.5
      vertex 4 4 8.5
    endloop
  endfacet
  facet normal -0 0 1
    outer loop
      vertex 1.85195 105.112 8.5
      vertex 4 101.34 8.5
      vertex 2.22354 105.238 8.5
    endloop
  endfacet
  facet normal 0 -0 1
    outer loop
      vertex 0.0256653 2.60842 8.5
      vertex 4 4 8.5
      vertex 0 3 8.5
    endloop
  endfacet
  facet normal -0 0 1
    outer loop
      vertex 1.5 104.938 8.5
      vertex 4 101.34 8.5
      vertex 1.85195 105.112 8.5
    endloop
  endfacet
  facet normal 0 0 1
    outer loop
      vertex 4 4 8.5
      vertex 2.60842 0.0256653 8.5
      vertex 3 0 8.5
    endloop
  endfacet
  facet normal -0 0 1
    outer loop
      vertex 1.17372 104.72 8.5
      vertex 4 101.34 8.5
      vertex 1.5 104.938 8.5
    endloop
  endfacet
  facet normal 0 0 1
    outer loop
      vertex 4 4 8.5
      vertex 2.22354 0.102222 8.5
      vertex 2.60842 0.0256653 8.5
    endloop
  endfacet
  facet normal -0 0 1
    outer loop
      vertex 0.878679 104.461 8.5
      vertex 4 101.34 8.5
      vertex 1.17372 104.72 8.5
    endloop
  endfacet
  facet normal 0 0 1
    outer loop
      vertex 4 4 8.5
      vertex 1.85195 0.228361 8.5
      vertex 2.22354 0.102222 8.5
    endloop
  endfacet
  facet normal -0 0 1
    outer loop
      vertex 0.61994 104.166 8.5
      vertex 4 101.34 8.5
      vertex 0.878679 104.461 8.5
    endloop
  endfacet
  facet normal 0 0 1
    outer loop
      vertex 4 4 8.5
      vertex 1.5 0.401923 8.5
      vertex 1.85195 0.228361 8.5
    endloop
  endfacet
  facet normal -0 0 1
    outer loop
      vertex 0.401923 103.84 8.5
      vertex 4 101.34 8.5
      vertex 0.61994 104.166 8.5
    endloop
  endfacet
  facet normal 0 0 1
    outer loop
      vertex 4 4 8.5
      vertex 1.17372 0.61994 8.5
      vertex 1.5 0.401923 8.5
    endloop
  endfacet
  facet normal -0 0 1
    outer loop
      vertex 0.228361 103.488 8.5
      vertex 4 101.34 8.5
      vertex 0.401923 103.84 8.5
    endloop
  endfacet
  facet normal 0 0 1
    outer loop
      vertex 4 4 8.5
      vertex 0.878679 0.878679 8.5
      vertex 1.17372 0.61994 8.5
    endloop
  endfacet
  facet normal -0 0 1
    outer loop
      vertex 0.102222 103.116 8.5
      vertex 4 101.34 8.5
      vertex 0.228361 103.488 8.5
    endloop
  endfacet
  facet normal 0 0 1
    outer loop
      vertex 4 4 8.5
      vertex 0.61994 1.17372 8.5
      vertex 0.878679 0.878679 8.5
    endloop
  endfacet
  facet normal -0 0 1
    outer loop
      vertex 0.0256653 102.732 8.5
      vertex 4 101.34 8.5
      vertex 0.102222 103.116 8.5
    endloop
  endfacet
  facet normal 0 0 1
    outer loop
      vertex 4 4 8.5
      vertex 0.401923 1.5 8.5
      vertex 0.61994 1.17372 8.5
    endloop
  endfacet
  facet normal 0 0 1
    outer loop
      vertex 4 101.34 8.5
      vertex 0.0256653 102.732 8.5
      vertex 0 102.34 8.5
    endloop
  endfacet
  facet normal 0 0 1
    outer loop
      vertex 4 4 8.5
      vertex 0.228361 1.85195 8.5
      vertex 0.401923 1.5 8.5
    endloop
  endfacet
  facet normal 0 0 1
    outer loop
      vertex 4 4 8.5
      vertex 0.102222 2.22354 8.5
      vertex 0.228361 1.85195 8.5
    endloop
  endfacet
  facet normal 0 0 1
    outer loop
      vertex 4 4 8.5
      vertex 0.0256653 2.60842 8.5
      vertex 0.102222 2.22354 8.5
    endloop
  endfacet
  facet normal 0 0 1
    outer loop
      vertex 11.32 10 8.5
      vertex 14.6569 25.92 8.5
      vertex 14.3387 26.5652 8.5
    endloop
  endfacet
  facet normal 0 0 1
    outer loop
      vertex 11.32 10 8.5
      vertex 14.3387 26.5652 8.5
      vertex 14.1074 27.2465 8.5
    endloop
  endfacet
  facet normal 0 0 1
    outer loop
      vertex 11.32 10 8.5
      vertex 14.1074 27.2465 8.5
      vertex 13.9671 27.9521 8.5
    endloop
  endfacet
  facet normal 0 0 1
    outer loop
      vertex 11.32 10 8.5
      vertex 13.9671 27.9521 8.5
      vertex 13.92 28.67 8.5
    endloop
  endfacet
  facet normal 0 0 1
    outer loop
      vertex 13.9671 29.3879 8.5
      vertex 11.32 10 8.5
      vertex 13.92 28.67 8.5
    endloop
  endfacet
  facet normal 0 0 1
    outer loop
      vertex 14.6569 25.92 8.5
      vertex 11.32 10 8.5
      vertex 14.52 10 8.5
    endloop
  endfacet
  facet normal 0 0 1
    outer loop
      vertex 14.52 10 8.5
      vertex 19.42 23.17 8.5
      vertex 18.7021 23.2171 8.5
    endloop
  endfacet
  facet normal 0 0 1
    outer loop
      vertex 14.52 10 8.5
      vertex 18.7021 23.2171 8.5
      vertex 17.9965 23.3574 8.5
    endloop
  endfacet
  facet normal 0 0 1
    outer loop
      vertex 14.52 10 8.5
      vertex 17.9965 23.3574 8.5
      vertex 17.3152 23.5887 8.5
    endloop
  endfacet
  facet normal 0 0 1
    outer loop
      vertex 14.52 10 8.5
      vertex 17.3152 23.5887 8.5
      vertex 16.67 23.9069 8.5
    endloop
  endfacet
  facet normal 0 0 1
    outer loop
      vertex 14.52 10 8.5
      vertex 16.67 23.9069 8.5
      vertex 16.0718 24.3066 8.5
    endloop
  endfacet
  facet normal 0 0 1
    outer loop
      vertex 14.52 10 8.5
      vertex 16.0718 24.3066 8.5
      vertex 15.5309 24.7809 8.5
    endloop
  endfacet
  facet normal 0 0 1
    outer loop
      vertex 14.52 10 8.5
      vertex 15.5309 24.7809 8.5
      vertex 15.0566 25.3218 8.5
    endloop
  endfacet
  facet normal 0 0 1
    outer loop
      vertex 14.52 10 8.5
      vertex 15.0566 25.3218 8.5
      vertex 14.6569 25.92 8.5
    endloop
  endfacet
  facet normal 0 0 1
    outer loop
      vertex 20.1379 23.2171 8.5
      vertex 14.52 10 8.5
      vertex 19 6.52 8.5
    endloop
  endfacet
  facet normal 0 0 1
    outer loop
      vertex 19 6.52 8.5
      vertex 14.52 10 8.5
      vertex 14.52 6.52 8.5
    endloop
  endfacet
  facet normal 0 0 1
    outer loop
      vertex 23.3091 48.7809 8.5
      vertex 33.92 52.67 8.5
      vertex 23.7834 49.3218 8.5
    endloop
  endfacet
  facet normal 0 0 1
    outer loop
      vertex 33.9671 27.9521 8.5
      vertex 24.8729 27.9521 8.5
      vertex 34.1074 27.2465 8.5
    endloop
  endfacet
  facet normal 0 0 1
    outer loop
      vertex 33.92 52.67 8.5
      vertex 23.3091 48.7809 8.5
      vertex 33.92 28.67 8.5
    endloop
  endfacet
  facet normal 0 0 1
    outer loop
      vertex 24.8729 27.9521 8.5
      vertex 33.9671 27.9521 8.5
      vertex 24.92 28.67 8.5
    endloop
  endfacet
  facet normal -0 -0 1
    outer loop
      vertex 24.1831 31.42 8.5
      vertex 33.92 28.67 8.5
      vertex 23.7834 32.0182 8.5
    endloop
  endfacet
  facet normal 0 0 1
    outer loop
      vertex 33.92 28.67 8.5
      vertex 24.92 28.67 8.5
      vertex 33.9671 27.9521 8.5
    endloop
  endfacet
  facet normal -0 -0 1
    outer loop
      vertex 24.5013 30.7748 8.5
      vertex 33.92 28.67 8.5
      vertex 24.1831 31.42 8.5
    endloop
  endfacet
  facet normal 0 -0 1
    outer loop
      vertex 24.92 28.67 8.5
      vertex 33.92 28.67 8.5
      vertex 24.8729 29.3879 8.5
    endloop
  endfacet
  facet normal -0 -0 1
    outer loop
      vertex 24.7326 30.0935 8.5
      vertex 33.92 28.67 8.5
      vertex 24.5013 30.7748 8.5
    endloop
  endfacet
  facet normal -0 -0 1
    outer loop
      vertex 24.8729 29.3879 8.5
      vertex 33.92 28.67 8.5
      vertex 24.7326 30.0935 8.5
    endloop
  endfacet
  facet normal -0 0 1
    outer loop
      vertex 23.3091 32.5591 8.5
      vertex 33.92 28.67 8.5
      vertex 23.3091 48.7809 8.5
    endloop
  endfacet
  facet normal 0 0 1
    outer loop
      vertex 33.92 28.67 8.5
      vertex 23.3091 32.5591 8.5
      vertex 23.7834 32.0182 8.5
    endloop
  endfacet
  facet normal -0 0 1
    outer loop
      vertex 22.7682 48.3066 8.5
      vertex 23.3091 32.5591 8.5
      vertex 23.3091 48.7809 8.5
    endloop
  endfacet
  facet normal 0 0 1
    outer loop
      vertex 22.7682 48.3066 8.5
      vertex 22.7682 33.0334 8.5
      vertex 23.3091 32.5591 8.5
    endloop
  endfacet
  facet normal -0 0 1
    outer loop
      vertex 22.17 47.9069 8.5
      vertex 22.7682 33.0334 8.5
      vertex 22.7682 48.3066 8.5
    endloop
  endfacet
  facet normal 0 0 1
    outer loop
      vertex 22.17 47.9069 8.5
      vertex 22.17 33.4331 8.5
      vertex 22.7682 33.0334 8.5
    endloop
  endfacet
  facet normal -0 0 1
    outer loop
      vertex 21.5248 47.5887 8.5
      vertex 22.17 33.4331 8.5
      vertex 22.17 47.9069 8.5
    endloop
  endfacet
  facet normal 0 0 1
    outer loop
      vertex 21.5248 47.5887 8.5
      vertex 21.5248 33.7513 8.5
      vertex 22.17 33.4331 8.5
    endloop
  endfacet
  facet normal -0 0 1
    outer loop
      vertex 20.8435 47.3574 8.5
      vertex 21.5248 33.7513 8.5
      vertex 21.5248 47.5887 8.5
    endloop
  endfacet
  facet normal 0 0 1
    outer loop
      vertex 20.8435 47.3574 8.5
      vertex 20.8435 33.9826 8.5
      vertex 21.5248 33.7513 8.5
    endloop
  endfacet
  facet normal -0 0 1
    outer loop
      vertex 20.1379 47.2171 8.5
      vertex 20.8435 33.9826 8.5
      vertex 20.8435 47.3574 8.5
    endloop
  endfacet
  facet normal 0 0 1
    outer loop
      vertex 20.1379 47.2171 8.5
      vertex 20.1379 34.1229 8.5
      vertex 20.8435 33.9826 8.5
    endloop
  endfacet
  facet normal -0 0 1
    outer loop
      vertex 19.42 47.17 8.5
      vertex 20.1379 34.1229 8.5
      vertex 20.1379 47.2171 8.5
    endloop
  endfacet
  facet normal 0 0 1
    outer loop
      vertex 19.42 47.17 8.5
      vertex 19.42 34.17 8.5
      vertex 20.1379 34.1229 8.5
    endloop
  endfacet
  facet normal 0 0 1
    outer loop
      vertex 18.7021 47.2171 8.5
      vertex 19.42 34.17 8.5
      vertex 19.42 47.17 8.5
    endloop
  endfacet
  facet normal 0 0 1
    outer loop
      vertex 18.7021 47.2171 8.5
      vertex 18.7021 34.1229 8.5
      vertex 19.42 34.17 8.5
    endloop
  endfacet
  facet normal 0 0 1
    outer loop
      vertex 17.9965 47.3574 8.5
      vertex 18.7021 34.1229 8.5
      vertex 18.7021 47.2171 8.5
    endloop
  endfacet
  facet normal 0 0 1
    outer loop
      vertex 17.9965 47.3574 8.5
      vertex 17.9965 33.9826 8.5
      vertex 18.7021 34.1229 8.5
    endloop
  endfacet
  facet normal 0 0 1
    outer loop
      vertex 17.3152 47.5887 8.5
      vertex 17.9965 33.9826 8.5
      vertex 17.9965 47.3574 8.5
    endloop
  endfacet
  facet normal 0 0 1
    outer loop
      vertex 17.3152 47.5887 8.5
      vertex 17.3152 33.7513 8.5
      vertex 17.9965 33.9826 8.5
    endloop
  endfacet
  facet normal 0 0 1
    outer loop
      vertex 16.67 47.9069 8.5
      vertex 17.3152 33.7513 8.5
      vertex 17.3152 47.5887 8.5
    endloop
  endfacet
  facet normal 0 0 1
    outer loop
      vertex 16.67 47.9069 8.5
      vertex 16.67 33.4331 8.5
      vertex 17.3152 33.7513 8.5
    endloop
  endfacet
  facet normal 0 0 1
    outer loop
      vertex 16.0718 48.3066 8.5
      vertex 16.67 33.4331 8.5
      vertex 16.67 47.9069 8.5
    endloop
  endfacet
  facet normal 0 0 1
    outer loop
      vertex 16.0718 48.3066 8.5
      vertex 16.0718 33.0334 8.5
      vertex 16.67 33.4331 8.5
    endloop
  endfacet
  facet normal 0 0 1
    outer loop
      vertex 15.5309 48.7809 8.5
      vertex 16.0718 33.0334 8.5
      vertex 16.0718 48.3066 8.5
    endloop
  endfacet
  facet normal 0 0 1
    outer loop
      vertex 15.5309 48.7809 8.5
      vertex 15.5309 32.5591 8.5
      vertex 16.0718 33.0334 8.5
    endloop
  endfacet
  facet normal 0 0 1
    outer loop
      vertex 15.0566 49.3218 8.5
      vertex 15.5309 32.5591 8.5
      vertex 15.5309 48.7809 8.5
    endloop
  endfacet
  facet normal 0 0 1
    outer loop
      vertex 15.0566 49.3218 8.5
      vertex 15.0566 32.0182 8.5
      vertex 15.5309 32.5591 8.5
    endloop
  endfacet
  facet normal 0 0 1
    outer loop
      vertex 14.6569 49.92 8.5
      vertex 15.0566 32.0182 8.5
      vertex 15.0566 49.3218 8.5
    endloop
  endfacet
  facet normal 0 0 1
    outer loop
      vertex 14.6569 49.92 8.5
      vertex 14.6569 31.42 8.5
      vertex 15.0566 32.0182 8.5
    endloop
  endfacet
  facet normal 0 0 1
    outer loop
      vertex 14.3387 50.5652 8.5
      vertex 14.6569 31.42 8.5
      vertex 14.6569 49.92 8.5
    endloop
  endfacet
  facet normal 0 0 1
    outer loop
      vertex 14.3387 50.5652 8.5
      vertex 14.3387 30.7748 8.5
      vertex 14.6569 31.42 8.5
    endloop
  endfacet
  facet normal 0 0 1
    outer loop
      vertex 14.1074 51.2465 8.5
      vertex 14.3387 30.7748 8.5
      vertex 14.3387 50.5652 8.5
    endloop
  endfacet
  facet normal 0 0 1
    outer loop
      vertex 14.1074 51.2465 8.5
      vertex 14.1074 30.0935 8.5
      vertex 14.3387 30.7748 8.5
    endloop
  endfacet
  facet normal 0 0 1
    outer loop
      vertex 13.9671 51.9521 8.5
      vertex 14.1074 30.0935 8.5
      vertex 14.1074 51.2465 8.5
    endloop
  endfacet
  facet normal 0 0 1
    outer loop
      vertex 13.9671 51.9521 8.5
      vertex 13.9671 29.3879 8.5
      vertex 14.1074 30.0935 8.5
    endloop
  endfacet
  facet normal 0 0 1
    outer loop
      vertex 13.92 52.67 8.5
      vertex 13.9671 29.3879 8.5
      vertex 13.9671 51.9521 8.5
    endloop
  endfacet
  facet normal 0 0 1
    outer loop
      vertex 11.32 10 8.5
      vertex 13.9671 29.3879 8.5
      vertex 13.92 52.67 8.5
    endloop
  endfacet
  facet normal 0 0 1
    outer loop
      vertex 24.8729 51.9521 8.5
      vertex 33.92 52.67 8.5
      vertex 24.92 52.67 8.5
    endloop
  endfacet
  facet normal 0 0 1
    outer loop
      vertex 24.7326 51.2465 8.5
      vertex 33.92 52.67 8.5
      vertex 24.8729 51.9521 8.5
    endloop
  endfacet
  facet normal 0 0 1
    outer loop
      vertex 24.5013 74.5652 8.5
      vertex 33.92 76.67 8.5
      vertex 24.7326 75.2465 8.5
    endloop
  endfacet
  facet normal 0 0 1
    outer loop
      vertex 33.9671 53.3879 8.5
      vertex 24.8729 53.3879 8.5
      vertex 33.92 52.67 8.5
    endloop
  endfacet
  facet normal 0 0 1
    outer loop
      vertex 24.1831 73.92 8.5
      vertex 33.92 76.67 8.5
      vertex 24.5013 74.5652 8.5
    endloop
  endfacet
  facet normal 0 -0 1
    outer loop
      vertex 24.8729 53.3879 8.5
      vertex 33.9671 53.3879 8.5
      vertex 24.7326 54.0935 8.5
    endloop
  endfacet
  facet normal 0 0 1
    outer loop
      vertex 23.7834 73.3218 8.5
      vertex 33.92 76.67 8.5
      vertex 24.1831 73.92 8.5
    endloop
  endfacet
  facet normal 0 0 1
    outer loop
      vertex 34.1074 54.0935 8.5
      vertex 24.7326 54.0935 8.5
      vertex 33.9671 53.3879 8.5
    endloop
  endfacet
  facet normal 0 0 1
    outer loop
      vertex 23.3091 72.7809 8.5
      vertex 33.92 76.67 8.5
      vertex 23.7834 73.3218 8.5
    endloop
  endfacet
  facet normal 0 -0 1
    outer loop
      vertex 24.7326 54.0935 8.5
      vertex 34.1074 54.0935 8.5
      vertex 24.5013 54.7748 8.5
    endloop
  endfacet
  facet normal 0 0 1
    outer loop
      vertex 23.3091 56.5591 8.5
      vertex 33.92 76.67 8.5
      vertex 23.3091 72.7809 8.5
    endloop
  endfacet
  facet normal 0 0 1
    outer loop
      vertex 34.3387 54.7748 8.5
      vertex 24.5013 54.7748 8.5
      vertex 34.1074 54.0935 8.5
    endloop
  endfacet
  facet normal -0 0 1
    outer loop
      vertex 22.7682 72.3066 8.5
      vertex 23.3091 56.5591 8.5
      vertex 23.3091 72.7809 8.5
    endloop
  endfacet
  facet normal 0 0 1
    outer loop
      vertex 22.7682 72.3066 8.5
      vertex 22.7682 57.0334 8.5
      vertex 23.3091 56.5591 8.5
    endloop
  endfacet
  facet normal -0 0 1
    outer loop
      vertex 22.17 71.9069 8.5
      vertex 22.7682 57.0334 8.5
      vertex 22.7682 72.3066 8.5
    endloop
  endfacet
  facet normal 0 0 1
    outer loop
      vertex 22.17 71.9069 8.5
      vertex 22.17 57.4331 8.5
      vertex 22.7682 57.0334 8.5
    endloop
  endfacet
  facet normal -0 0 1
    outer loop
      vertex 21.5248 71.5887 8.5
      vertex 22.17 57.4331 8.5
      vertex 22.17 71.9069 8.5
    endloop
  endfacet
  facet normal 0 0 1
    outer loop
      vertex 21.5248 71.5887 8.5
      vertex 21.5248 57.7513 8.5
      vertex 22.17 57.4331 8.5
    endloop
  endfacet
  facet normal -0 0 1
    outer loop
      vertex 20.8435 71.3574 8.5
      vertex 21.5248 57.7513 8.5
      vertex 21.5248 71.5887 8.5
    endloop
  endfacet
  facet normal 0 0 1
    outer loop
      vertex 20.8435 71.3574 8.5
      vertex 20.8435 57.9826 8.5
      vertex 21.5248 57.7513 8.5
    endloop
  endfacet
  facet normal -0 0 1
    outer loop
      vertex 20.1379 71.2171 8.5
      vertex 20.8435 57.9826 8.5
      vertex 20.8435 71.3574 8.5
    endloop
  endfacet
  facet normal 0 0 1
    outer loop
      vertex 20.1379 71.2171 8.5
      vertex 20.1379 58.1229 8.5
      vertex 20.8435 57.9826 8.5
    endloop
  endfacet
  facet normal -0 0 1
    outer loop
      vertex 19.42 71.17 8.5
      vertex 20.1379 58.1229 8.5
      vertex 20.1379 71.2171 8.5
    endloop
  endfacet
  facet normal 0 0 1
    outer loop
      vertex 19.42 71.17 8.5
      vertex 19.42 58.17 8.5
      vertex 20.1379 58.1229 8.5
    endloop
  endfacet
  facet normal 0 0 1
    outer loop
      vertex 18.7021 71.2171 8.5
      vertex 19.42 58.17 8.5
      vertex 19.42 71.17 8.5
    endloop
  endfacet
  facet normal 0 0 1
    outer loop
      vertex 18.7021 71.2171 8.5
      vertex 18.7021 58.1229 8.5
      vertex 19.42 58.17 8.5
    endloop
  endfacet
  facet normal 0 0 1
    outer loop
      vertex 17.9965 71.3574 8.5
      vertex 18.7021 58.1229 8.5
      vertex 18.7021 71.2171 8.5
    endloop
  endfacet
  facet normal 0 0 1
    outer loop
      vertex 17.9965 71.3574 8.5
      vertex 17.9965 57.9826 8.5
      vertex 18.7021 58.1229 8.5
    endloop
  endfacet
  facet normal 0 0 1
    outer loop
      vertex 17.3152 71.5887 8.5
      vertex 17.9965 57.9826 8.5
      vertex 17.9965 71.3574 8.5
    endloop
  endfacet
  facet normal 0 0 1
    outer loop
      vertex 17.3152 71.5887 8.5
      vertex 17.3152 57.7513 8.5
      vertex 17.9965 57.9826 8.5
    endloop
  endfacet
  facet normal 0 0 1
    outer loop
      vertex 16.67 71.9069 8.5
      vertex 17.3152 57.7513 8.5
      vertex 17.3152 71.5887 8.5
    endloop
  endfacet
  facet normal 0 0 1
    outer loop
      vertex 16.67 71.9069 8.5
      vertex 16.67 57.4331 8.5
      vertex 17.3152 57.7513 8.5
    endloop
  endfacet
  facet normal 0 0 1
    outer loop
      vertex 16.0718 72.3066 8.5
      vertex 16.67 57.4331 8.5
      vertex 16.67 71.9069 8.5
    endloop
  endfacet
  facet normal 0 0 1
    outer loop
      vertex 16.0718 72.3066 8.5
      vertex 16.0718 57.0334 8.5
      vertex 16.67 57.4331 8.5
    endloop
  endfacet
  facet normal 0 0 1
    outer loop
      vertex 15.5309 72.7809 8.5
      vertex 16.0718 57.0334 8.5
      vertex 16.0718 72.3066 8.5
    endloop
  endfacet
  facet normal 0 0 1
    outer loop
      vertex 15.5309 72.7809 8.5
      vertex 15.5309 56.5591 8.5
      vertex 16.0718 57.0334 8.5
    endloop
  endfacet
  facet normal 0 0 1
    outer loop
      vertex 15.0566 73.3218 8.5
      vertex 15.5309 56.5591 8.5
      vertex 15.5309 72.7809 8.5
    endloop
  endfacet
  facet normal 0 0 1
    outer loop
      vertex 15.0566 73.3218 8.5
      vertex 15.0566 56.0182 8.5
      vertex 15.5309 56.5591 8.5
    endloop
  endfacet
  facet normal 0 0 1
    outer loop
      vertex 14.6569 73.92 8.5
      vertex 15.0566 56.0182 8.5
      vertex 15.0566 73.3218 8.5
    endloop
  endfacet
  facet normal 0 0 1
    outer loop
      vertex 14.6569 73.92 8.5
      vertex 14.6569 55.42 8.5
      vertex 15.0566 56.0182 8.5
    endloop
  endfacet
  facet normal 0 0 1
    outer loop
      vertex 14.3387 74.5652 8.5
      vertex 14.6569 55.42 8.5
      vertex 14.6569 73.92 8.5
    endloop
  endfacet
  facet normal 0 0 1
    outer loop
      vertex 14.3387 74.5652 8.5
      vertex 14.3387 54.7748 8.5
      vertex 14.6569 55.42 8.5
    endloop
  endfacet
  facet normal 0 0 1
    outer loop
      vertex 14.1074 75.2465 8.5
      vertex 14.3387 54.7748 8.5
      vertex 14.3387 74.5652 8.5
    endloop
  endfacet
  facet normal 0 0 1
    outer loop
      vertex 14.1074 75.2465 8.5
      vertex 14.1074 54.0935 8.5
      vertex 14.3387 54.7748 8.5
    endloop
  endfacet
  facet normal 0 0 1
    outer loop
      vertex 13.9671 75.9521 8.5
      vertex 14.1074 54.0935 8.5
      vertex 14.1074 75.2465 8.5
    endloop
  endfacet
  facet normal 0 0 1
    outer loop
      vertex 13.9671 75.9521 8.5
      vertex 13.9671 53.3879 8.5
      vertex 14.1074 54.0935 8.5
    endloop
  endfacet
  facet normal 0 0 1
    outer loop
      vertex 13.92 76.67 8.5
      vertex 13.9671 53.3879 8.5
      vertex 13.9671 75.9521 8.5
    endloop
  endfacet
  facet normal 0 0 1
    outer loop
      vertex 11.32 95.34 8.5
      vertex 13.9671 53.3879 8.5
      vertex 13.92 76.67 8.5
    endloop
  endfacet
  facet normal 0 0 1
    outer loop
      vertex 43.3091 48.7809 8.5
      vertex 53.92 52.67 8.5
      vertex 43.7834 49.3218 8.5
    endloop
  endfacet
  facet normal 0 0 1
    outer loop
      vertex 53.9671 27.9521 8.5
      vertex 44.8729 27.9521 8.5
      vertex 54.1074 27.2465 8.5
    endloop
  endfacet
  facet normal 0 0 1
    outer loop
      vertex 53.92 28.67 8.5
      vertex 44.92 28.67 8.5
      vertex 53.9671 27.9521 8.5
    endloop
  endfacet
  facet normal 0 0 1
    outer loop
      vertex 44.8729 27.9521 8.5
      vertex 53.9671 27.9521 8.5
      vertex 44.92 28.67 8.5
    endloop
  endfacet
  facet normal 0 0 1
    outer loop
      vertex 53.92 52.67 8.5
      vertex 43.3091 48.7809 8.5
      vertex 53.92 28.67 8.5
    endloop
  endfacet
  facet normal 0 -0 1
    outer loop
      vertex 44.92 28.67 8.5
      vertex 53.92 28.67 8.5
      vertex 44.8729 29.3879 8.5
    endloop
  endfacet
  facet normal -0 -0 1
    outer loop
      vertex 44.1831 31.42 8.5
      vertex 53.92 28.67 8.5
      vertex 43.7834 32.0182 8.5
    endloop
  endfacet
  facet normal -0 -0 1
    outer loop
      vertex 44.8729 29.3879 8.5
      vertex 53.92 28.67 8.5
      vertex 44.7326 30.0935 8.5
    endloop
  endfacet
  facet normal -0 -0 1
    outer loop
      vertex 44.5013 30.7748 8.5
      vertex 53.92 28.67 8.5
      vertex 44.1831 31.42 8.5
    endloop
  endfacet
  facet normal -0 -0 1
    outer loop
      vertex 44.7326 30.0935 8.5
      vertex 53.92 28.67 8.5
      vertex 44.5013 30.7748 8.5
    endloop
  endfacet
  facet normal -0 0 1
    outer loop
      vertex 43.3091 32.5591 8.5
      vertex 53.92 28.67 8.5
      vertex 43.3091 48.7809 8.5
    endloop
  endfacet
  facet normal 0 0 1
    outer loop
      vertex 53.92 28.67 8.5
      vertex 43.3091 32.5591 8.5
      vertex 43.7834 32.0182 8.5
    endloop
  endfacet
  facet normal -0 0 1
    outer loop
      vertex 42.7682 48.3066 8.5
      vertex 43.3091 32.5591 8.5
      vertex 43.3091 48.7809 8.5
    endloop
  endfacet
  facet normal 0 0 1
    outer loop
      vertex 42.7682 48.3066 8.5
      vertex 42.7682 33.0334 8.5
      vertex 43.3091 32.5591 8.5
    endloop
  endfacet
  facet normal -0 0 1
    outer loop
      vertex 42.17 47.9069 8.5
      vertex 42.7682 33.0334 8.5
      vertex 42.7682 48.3066 8.5
    endloop
  endfacet
  facet normal 0 0 1
    outer loop
      vertex 42.17 47.9069 8.5
      vertex 42.17 33.4331 8.5
      vertex 42.7682 33.0334 8.5
    endloop
  endfacet
  facet normal -0 0 1
    outer loop
      vertex 41.5248 47.5887 8.5
      vertex 42.17 33.4331 8.5
      vertex 42.17 47.9069 8.5
    endloop
  endfacet
  facet normal 0 0 1
    outer loop
      vertex 41.5248 47.5887 8.5
      vertex 41.5248 33.7513 8.5
      vertex 42.17 33.4331 8.5
    endloop
  endfacet
  facet normal -0 0 1
    outer loop
      vertex 40.8435 47.3574 8.5
      vertex 41.5248 33.7513 8.5
      vertex 41.5248 47.5887 8.5
    endloop
  endfacet
  facet normal 0 0 1
    outer loop
      vertex 40.8435 47.3574 8.5
      vertex 40.8435 33.9826 8.5
      vertex 41.5248 33.7513 8.5
    endloop
  endfacet
  facet normal -0 0 1
    outer loop
      vertex 40.1379 47.2171 8.5
      vertex 40.8435 33.9826 8.5
      vertex 40.8435 47.3574 8.5
    endloop
  endfacet
  facet normal 0 0 1
    outer loop
      vertex 40.1379 47.2171 8.5
      vertex 40.1379 34.1229 8.5
      vertex 40.8435 33.9826 8.5
    endloop
  endfacet
  facet normal -0 0 1
    outer loop
      vertex 39.42 47.17 8.5
      vertex 40.1379 34.1229 8.5
      vertex 40.1379 47.2171 8.5
    endloop
  endfacet
  facet normal 0 0 1
    outer loop
      vertex 39.42 47.17 8.5
      vertex 39.42 34.17 8.5
      vertex 40.1379 34.1229 8.5
    endloop
  endfacet
  facet normal 0 0 1
    outer loop
      vertex 38.7021 47.2171 8.5
      vertex 39.42 34.17 8.5
      vertex 39.42 47.17 8.5
    endloop
  endfacet
  facet normal 0 0 1
    outer loop
      vertex 38.7021 47.2171 8.5
      vertex 38.7021 34.1229 8.5
      vertex 39.42 34.17 8.5
    endloop
  endfacet
  facet normal 0 0 1
    outer loop
      vertex 37.9965 47.3574 8.5
      vertex 38.7021 34.1229 8.5
      vertex 38.7021 47.2171 8.5
    endloop
  endfacet
  facet normal 0 0 1
    outer loop
      vertex 37.9965 47.3574 8.5
      vertex 37.9965 33.9826 8.5
      vertex 38.7021 34.1229 8.5
    endloop
  endfacet
  facet normal 0 0 1
    outer loop
      vertex 37.3152 47.5887 8.5
      vertex 37.9965 33.9826 8.5
      vertex 37.9965 47.3574 8.5
    endloop
  endfacet
  facet normal 0 0 1
    outer loop
      vertex 37.3152 47.5887 8.5
      vertex 37.3152 33.7513 8.5
      vertex 37.9965 33.9826 8.5
    endloop
  endfacet
  facet normal 0 0 1
    outer loop
      vertex 36.67 47.9069 8.5
      vertex 37.3152 33.7513 8.5
      vertex 37.3152 47.5887 8.5
    endloop
  endfacet
  facet normal 0 0 1
    outer loop
      vertex 36.67 47.9069 8.5
      vertex 36.67 33.4331 8.5
      vertex 37.3152 33.7513 8.5
    endloop
  endfacet
  facet normal 0 0 1
    outer loop
      vertex 36.0718 48.3066 8.5
      vertex 36.67 33.4331 8.5
      vertex 36.67 47.9069 8.5
    endloop
  endfacet
  facet normal 0 0 1
    outer loop
      vertex 36.0718 48.3066 8.5
      vertex 36.0718 33.0334 8.5
      vertex 36.67 33.4331 8.5
    endloop
  endfacet
  facet normal 0 0 1
    outer loop
      vertex 35.5309 48.7809 8.5
      vertex 36.0718 33.0334 8.5
      vertex 36.0718 48.3066 8.5
    endloop
  endfacet
  facet normal 0 0 1
    outer loop
      vertex 35.5309 48.7809 8.5
      vertex 35.5309 32.5591 8.5
      vertex 36.0718 33.0334 8.5
    endloop
  endfacet
  facet normal 0 0 1
    outer loop
      vertex 35.0566 49.3218 8.5
      vertex 35.5309 32.5591 8.5
      vertex 35.5309 48.7809 8.5
    endloop
  endfacet
  facet normal 0 0 1
    outer loop
      vertex 35.0566 49.3218 8.5
      vertex 35.0566 32.0182 8.5
      vertex 35.5309 32.5591 8.5
    endloop
  endfacet
  facet normal 0 0 1
    outer loop
      vertex 34.6569 49.92 8.5
      vertex 35.0566 32.0182 8.5
      vertex 35.0566 49.3218 8.5
    endloop
  endfacet
  facet normal 0 0 1
    outer loop
      vertex 34.6569 49.92 8.5
      vertex 34.6569 31.42 8.5
      vertex 35.0566 32.0182 8.5
    endloop
  endfacet
  facet normal 0 0 1
    outer loop
      vertex 34.3387 50.5652 8.5
      vertex 34.6569 31.42 8.5
      vertex 34.6569 49.92 8.5
    endloop
  endfacet
  facet normal 0 0 1
    outer loop
      vertex 34.3387 50.5652 8.5
      vertex 34.3387 30.7748 8.5
      vertex 34.6569 31.42 8.5
    endloop
  endfacet
  facet normal 0 0 1
    outer loop
      vertex 34.1074 51.2465 8.5
      vertex 34.3387 30.7748 8.5
      vertex 34.3387 50.5652 8.5
    endloop
  endfacet
  facet normal 0 0 1
    outer loop
      vertex 34.1074 51.2465 8.5
      vertex 34.1074 30.0935 8.5
      vertex 34.3387 30.7748 8.5
    endloop
  endfacet
  facet normal 0 0 1
    outer loop
      vertex 33.9671 51.9521 8.5
      vertex 34.1074 30.0935 8.5
      vertex 34.1074 51.2465 8.5
    endloop
  endfacet
  facet normal 0 0 1
    outer loop
      vertex 33.9671 51.9521 8.5
      vertex 33.9671 29.3879 8.5
      vertex 34.1074 30.0935 8.5
    endloop
  endfacet
  facet normal 0 0 1
    outer loop
      vertex 33.92 52.67 8.5
      vertex 33.9671 29.3879 8.5
      vertex 33.9671 51.9521 8.5
    endloop
  endfacet
  facet normal 0 0 1
    outer loop
      vertex 33.9671 29.3879 8.5
      vertex 33.92 52.67 8.5
      vertex 33.92 28.67 8.5
    endloop
  endfacet
  facet normal 0 0 1
    outer loop
      vertex 44.8729 51.9521 8.5
      vertex 53.92 52.67 8.5
      vertex 44.92 52.67 8.5
    endloop
  endfacet
  facet normal 0 0 1
    outer loop
      vertex 44.7326 51.2465 8.5
      vertex 53.92 52.67 8.5
      vertex 44.8729 51.9521 8.5
    endloop
  endfacet
  facet normal 0 0 1
    outer loop
      vertex 44.5013 74.5652 8.5
      vertex 53.92 76.67 8.5
      vertex 44.7326 75.2465 8.5
    endloop
  endfacet
  facet normal 0 0 1
    outer loop
      vertex 53.9671 53.3879 8.5
      vertex 44.8729 53.3879 8.5
      vertex 53.92 52.67 8.5
    endloop
  endfacet
  facet normal 0 0 1
    outer loop
      vertex 44.1831 73.92 8.5
      vertex 53.92 76.67 8.5
      vertex 44.5013 74.5652 8.5
    endloop
  endfacet
  facet normal 0 -0 1
    outer loop
      vertex 44.8729 53.3879 8.5
      vertex 53.9671 53.3879 8.5
      vertex 44.7326 54.0935 8.5
    endloop
  endfacet
  facet normal 0 0 1
    outer loop
      vertex 43.7834 73.3218 8.5
      vertex 53.92 76.67 8.5
      vertex 44.1831 73.92 8.5
    endloop
  endfacet
  facet normal 0 0 1
    outer loop
      vertex 54.1074 54.0935 8.5
      vertex 44.7326 54.0935 8.5
      vertex 53.9671 53.3879 8.5
    endloop
  endfacet
  facet normal 0 0 1
    outer loop
      vertex 43.3091 72.7809 8.5
      vertex 53.92 76.67 8.5
      vertex 43.7834 73.3218 8.5
    endloop
  endfacet
  facet normal 0 -0 1
    outer loop
      vertex 44.7326 54.0935 8.5
      vertex 54.1074 54.0935 8.5
      vertex 44.5013 54.7748 8.5
    endloop
  endfacet
  facet normal 0 0 1
    outer loop
      vertex 43.3091 56.5591 8.5
      vertex 53.92 76.67 8.5
      vertex 43.3091 72.7809 8.5
    endloop
  endfacet
  facet normal 0 0 1
    outer loop
      vertex 54.3387 54.7748 8.5
      vertex 44.5013 54.7748 8.5
      vertex 54.1074 54.0935 8.5
    endloop
  endfacet
  facet normal -0 0 1
    outer loop
      vertex 42.7682 72.3066 8.5
      vertex 43.3091 56.5591 8.5
      vertex 43.3091 72.7809 8.5
    endloop
  endfacet
  facet normal 0 0 1
    outer loop
      vertex 42.7682 72.3066 8.5
      vertex 42.7682 57.0334 8.5
      vertex 43.3091 56.5591 8.5
    endloop
  endfacet
  facet normal -0 0 1
    outer loop
      vertex 42.17 71.9069 8.5
      vertex 42.7682 57.0334 8.5
      vertex 42.7682 72.3066 8.5
    endloop
  endfacet
  facet normal 0 0 1
    outer loop
      vertex 42.17 71.9069 8.5
      vertex 42.17 57.4331 8.5
      vertex 42.7682 57.0334 8.5
    endloop
  endfacet
  facet normal -0 0 1
    outer loop
      vertex 41.5248 71.5887 8.5
      vertex 42.17 57.4331 8.5
      vertex 42.17 71.9069 8.5
    endloop
  endfacet
  facet normal 0 0 1
    outer loop
      vertex 41.5248 71.5887 8.5
      vertex 41.5248 57.7513 8.5
      vertex 42.17 57.4331 8.5
    endloop
  endfacet
  facet normal -0 0 1
    outer loop
      vertex 40.8435 71.3574 8.5
      vertex 41.5248 57.7513 8.5
      vertex 41.5248 71.5887 8.5
    endloop
  endfacet
  facet normal 0 0 1
    outer loop
      vertex 40.8435 71.3574 8.5
      vertex 40.8435 57.9826 8.5
      vertex 41.5248 57.7513 8.5
    endloop
  endfacet
  facet normal -0 0 1
    outer loop
      vertex 40.1379 71.2171 8.5
      vertex 40.8435 57.9826 8.5
      vertex 40.8435 71.3574 8.5
    endloop
  endfacet
  facet normal 0 0 1
    outer loop
      vertex 40.1379 71.2171 8.5
      vertex 40.1379 58.1229 8.5
      vertex 40.8435 57.9826 8.5
    endloop
  endfacet
  facet normal -0 0 1
    outer loop
      vertex 39.42 71.17 8.5
      vertex 40.1379 58.1229 8.5
      vertex 40.1379 71.2171 8.5
    endloop
  endfacet
  facet normal 0 0 1
    outer loop
      vertex 39.42 71.17 8.5
      vertex 39.42 58.17 8.5
      vertex 40.1379 58.1229 8.5
    endloop
  endfacet
  facet normal 0 0 1
    outer loop
      vertex 38.7021 71.2171 8.5
      vertex 39.42 58.17 8.5
      vertex 39.42 71.17 8.5
    endloop
  endfacet
  facet normal 0 0 1
    outer loop
      vertex 38.7021 71.2171 8.5
      vertex 38.7021 58.1229 8.5
      vertex 39.42 58.17 8.5
    endloop
  endfacet
  facet normal 0 0 1
    outer loop
      vertex 37.9965 71.3574 8.5
      vertex 38.7021 58.1229 8.5
      vertex 38.7021 71.2171 8.5
    endloop
  endfacet
  facet normal 0 0 1
    outer loop
      vertex 37.9965 71.3574 8.5
      vertex 37.9965 57.9826 8.5
      vertex 38.7021 58.1229 8.5
    endloop
  endfacet
  facet normal 0 0 1
    outer loop
      vertex 37.3152 71.5887 8.5
      vertex 37.9965 57.9826 8.5
      vertex 37.9965 71.3574 8.5
    endloop
  endfacet
  facet normal 0 0 1
    outer loop
      vertex 37.3152 71.5887 8.5
      vertex 37.3152 57.7513 8.5
      vertex 37.9965 57.9826 8.5
    endloop
  endfacet
  facet normal 0 0 1
    outer loop
      vertex 36.67 71.9069 8.5
      vertex 37.3152 57.7513 8.5
      vertex 37.3152 71.5887 8.5
    endloop
  endfacet
  facet normal 0 0 1
    outer loop
      vertex 36.67 71.9069 8.5
      vertex 36.67 57.4331 8.5
      vertex 37.3152 57.7513 8.5
    endloop
  endfacet
  facet normal 0 0 1
    outer loop
      vertex 36.0718 72.3066 8.5
      vertex 36.67 57.4331 8.5
      vertex 36.67 71.9069 8.5
    endloop
  endfacet
  facet normal 0 0 1
    outer loop
      vertex 36.0718 72.3066 8.5
      vertex 36.0718 57.0334 8.5
      vertex 36.67 57.4331 8.5
    endloop
  endfacet
  facet normal 0 0 1
    outer loop
      vertex 23.3091 56.5591 8.5
      vertex 36.0718 72.3066 8.5
      vertex 35.5309 72.7809 8.5
    endloop
  endfacet
  facet normal 0 0 1
    outer loop
      vertex 36.0718 72.3066 8.5
      vertex 23.3091 56.5591 8.5
      vertex 36.0718 57.0334 8.5
    endloop
  endfacet
  facet normal 0 0 1
    outer loop
      vertex 23.3091 56.5591 8.5
      vertex 35.5309 72.7809 8.5
      vertex 35.0566 73.3218 8.5
    endloop
  endfacet
  facet normal 0 0 1
    outer loop
      vertex 36.0718 57.0334 8.5
      vertex 23.3091 56.5591 8.5
      vertex 35.5309 56.5591 8.5
    endloop
  endfacet
  facet normal 0 0 1
    outer loop
      vertex 23.3091 56.5591 8.5
      vertex 35.0566 73.3218 8.5
      vertex 34.6569 73.92 8.5
    endloop
  endfacet
  facet normal 0 0 1
    outer loop
      vertex 35.5309 56.5591 8.5
      vertex 23.3091 56.5591 8.5
      vertex 35.0566 56.0182 8.5
    endloop
  endfacet
  facet normal 0 0 1
    outer loop
      vertex 23.3091 56.5591 8.5
      vertex 34.6569 73.92 8.5
      vertex 34.3387 74.5652 8.5
    endloop
  endfacet
  facet normal 0 -0 1
    outer loop
      vertex 23.7834 56.0182 8.5
      vertex 35.0566 56.0182 8.5
      vertex 23.3091 56.5591 8.5
    endloop
  endfacet
  facet normal 0 0 1
    outer loop
      vertex 23.3091 56.5591 8.5
      vertex 34.3387 74.5652 8.5
      vertex 34.1074 75.2465 8.5
    endloop
  endfacet
  facet normal 0 0 1
    outer loop
      vertex 35.0566 56.0182 8.5
      vertex 23.7834 56.0182 8.5
      vertex 34.6569 55.42 8.5
    endloop
  endfacet
  facet normal 0 0 1
    outer loop
      vertex 23.3091 56.5591 8.5
      vertex 34.1074 75.2465 8.5
      vertex 33.9671 75.9521 8.5
    endloop
  endfacet
  facet normal 0 -0 1
    outer loop
      vertex 24.1831 55.42 8.5
      vertex 34.6569 55.42 8.5
      vertex 23.7834 56.0182 8.5
    endloop
  endfacet
  facet normal 0 0 1
    outer loop
      vertex 23.3091 56.5591 8.5
      vertex 33.9671 75.9521 8.5
      vertex 33.92 76.67 8.5
    endloop
  endfacet
  facet normal 0 0 1
    outer loop
      vertex 34.6569 55.42 8.5
      vertex 24.1831 55.42 8.5
      vertex 34.3387 54.7748 8.5
    endloop
  endfacet
  facet normal -0 0 1
    outer loop
      vertex 14.52 95.34 8.5
      vertex 20.1379 82.1229 8.5
      vertex 19 98.82 8.5
    endloop
  endfacet
  facet normal 0 0 1
    outer loop
      vertex 20.1379 82.1229 8.5
      vertex 14.52 95.34 8.5
      vertex 19.42 82.17 8.5
    endloop
  endfacet
  facet normal 0 0 1
    outer loop
      vertex 19.42 82.17 8.5
      vertex 14.52 95.34 8.5
      vertex 18.7021 82.1229 8.5
    endloop
  endfacet
  facet normal 0 0 1
    outer loop
      vertex 18.7021 82.1229 8.5
      vertex 14.52 95.34 8.5
      vertex 17.9965 81.9826 8.5
    endloop
  endfacet
  facet normal 0 0 1
    outer loop
      vertex 17.9965 81.9826 8.5
      vertex 14.52 95.34 8.5
      vertex 17.3152 81.7513 8.5
    endloop
  endfacet
  facet normal 0 0 1
    outer loop
      vertex 17.3152 81.7513 8.5
      vertex 14.52 95.34 8.5
      vertex 16.67 81.4331 8.5
    endloop
  endfacet
  facet normal -0 0 1
    outer loop
      vertex 11.32 95.34 8.5
      vertex 16.67 81.4331 8.5
      vertex 14.52 95.34 8.5
    endloop
  endfacet
  facet normal 0 0 1
    outer loop
      vertex 16.67 81.4331 8.5
      vertex 11.32 95.34 8.5
      vertex 16.0718 81.0334 8.5
    endloop
  endfacet
  facet normal 0 0 1
    outer loop
      vertex 16.0718 81.0334 8.5
      vertex 11.32 95.34 8.5
      vertex 15.5309 80.5591 8.5
    endloop
  endfacet
  facet normal 0 0 1
    outer loop
      vertex 14.52 95.34 8.5
      vertex 19 98.82 8.5
      vertex 14.52 98.82 8.5
    endloop
  endfacet
  facet normal 0 0 1
    outer loop
      vertex 15.5309 80.5591 8.5
      vertex 11.32 95.34 8.5
      vertex 15.0566 80.0182 8.5
    endloop
  endfacet
  facet normal 0 0 1
    outer loop
      vertex 15.0566 80.0182 8.5
      vertex 11.32 95.34 8.5
      vertex 14.6569 79.42 8.5
    endloop
  endfacet
  facet normal 0 0 1
    outer loop
      vertex 14.6569 79.42 8.5
      vertex 11.32 95.34 8.5
      vertex 14.3387 78.7748 8.5
    endloop
  endfacet
  facet normal 0 0 1
    outer loop
      vertex 14.3387 78.7748 8.5
      vertex 11.32 95.34 8.5
      vertex 14.1074 78.0935 8.5
    endloop
  endfacet
  facet normal 0 0 1
    outer loop
      vertex 14.1074 78.0935 8.5
      vertex 11.32 95.34 8.5
      vertex 13.9671 77.3879 8.5
    endloop
  endfacet
  facet normal 0 0 1
    outer loop
      vertex 13.9671 53.3879 8.5
      vertex 11.32 95.34 8.5
      vertex 13.92 52.67 8.5
    endloop
  endfacet
  facet normal 0 0 1
    outer loop
      vertex 11.32 10 8.5
      vertex 13.92 52.67 8.5
      vertex 11.32 95.34 8.5
    endloop
  endfacet
  facet normal 0 0 1
    outer loop
      vertex 13.9671 77.3879 8.5
      vertex 11.32 95.34 8.5
      vertex 13.92 76.67 8.5
    endloop
  endfacet
  facet normal 0.442338 -0.896848 0
    outer loop
      vertex 76.9881 0.228361 4
      vertex 77.34 0.401923 8.5
      vertex 76.9881 0.228361 8.5
    endloop
  endfacet
  facet normal 0.442338 -0.896848 0
    outer loop
      vertex 77.34 0.401923 8.5
      vertex 76.9881 0.228361 4
      vertex 77.34 0.401923 4
    endloop
  endfacet
  facet normal -0.896898 0.442237 0
    outer loop
      vertex 0.228361 103.488 4
      vertex 0.401923 103.84 8.5
      vertex 0.401923 103.84 4
    endloop
  endfacet
  facet normal -0.896898 0.442237 0
    outer loop
      vertex 0.401923 103.84 8.5
      vertex 0.228361 103.488 4
      vertex 0.228361 103.488 8.5
    endloop
  endfacet
  facet normal 0.555523 0.831501 -0
    outer loop
      vertex 77.6663 104.72 4
      vertex 77.34 104.938 8.5
      vertex 77.6663 104.72 8.5
    endloop
  endfacet
  facet normal 0.555523 0.831501 0
    outer loop
      vertex 77.34 104.938 8.5
      vertex 77.6663 104.72 4
      vertex 77.34 104.938 4
    endloop
  endfacet
  facet normal 0.0662484 0.997803 -0
    outer loop
      vertex 76.2316 105.314 4
      vertex 75.84 105.34 8.5
      vertex 76.2316 105.314 8.5
    endloop
  endfacet
  facet normal 0.0662484 0.997803 0
    outer loop
      vertex 75.84 105.34 8.5
      vertex 76.2316 105.314 4
      vertex 75.84 105.34 4
    endloop
  endfacet
  facet normal 0.65939 -0.751801 0
    outer loop
      vertex 77.6663 0.61994 4
      vertex 77.9613 0.878679 8.5
      vertex 77.6663 0.61994 8.5
    endloop
  endfacet
  facet normal 0.65939 -0.751801 0
    outer loop
      vertex 77.9613 0.878679 8.5
      vertex 77.6663 0.61994 4
      vertex 77.9613 0.878679 4
    endloop
  endfacet
  facet normal -0.442288 -0.896873 0
    outer loop
      vertex 1.5 0.401923 4
      vertex 1.85195 0.228361 8.5
      vertex 1.5 0.401923 8.5
    endloop
  endfacet
  facet normal -0.442288 -0.896873 -0
    outer loop
      vertex 1.85195 0.228361 8.5
      vertex 1.5 0.401923 4
      vertex 1.85195 0.228361 4
    endloop
  endfacet
  facet normal 0.321434 -0.946932 0
    outer loop
      vertex 76.6165 0.102222 4
      vertex 76.9881 0.228361 8.5
      vertex 76.6165 0.102222 8.5
    endloop
  endfacet
  facet normal 0.321434 -0.946932 0
    outer loop
      vertex 76.9881 0.228361 8.5
      vertex 76.6165 0.102222 4
      vertex 76.9881 0.228361 4
    endloop
  endfacet
  facet normal -0.831245 0.555906 0
    outer loop
      vertex 0.401923 103.84 4
      vertex 0.61994 104.166 8.5
      vertex 0.61994 104.166 4
    endloop
  endfacet
  facet normal -0.831245 0.555906 0
    outer loop
      vertex 0.61994 104.166 8.5
      vertex 0.401923 103.84 4
      vertex 0.401923 103.84 8.5
    endloop
  endfacet
  facet normal -0.751846 -0.659339 0
    outer loop
      vertex 0.878679 0.878679 4
      vertex 0.61994 1.17372 8.5
      vertex 0.61994 1.17372 4
    endloop
  endfacet
  facet normal -0.751846 -0.659339 0
    outer loop
      vertex 0.61994 1.17372 8.5
      vertex 0.878679 0.878679 4
      vertex 0.878679 0.878679 8.5
    endloop
  endfacet
  facet normal 0.831485 -0.555547 0
    outer loop
      vertex 78.2201 1.17372 8.5
      vertex 78.4381 1.5 4
      vertex 78.4381 1.5 8.5
    endloop
  endfacet
  facet normal 0.831485 -0.555547 0
    outer loop
      vertex 78.4381 1.5 4
      vertex 78.2201 1.17372 8.5
      vertex 78.2201 1.17372 4
    endloop
  endfacet
  facet normal -0.321442 -0.946929 0
    outer loop
      vertex 1.85195 0.228361 4
      vertex 2.22354 0.102222 8.5
      vertex 1.85195 0.228361 8.5
    endloop
  endfacet
  facet normal -0.321442 -0.946929 -0
    outer loop
      vertex 2.22354 0.102222 8.5
      vertex 1.85195 0.228361 4
      vertex 2.22354 0.102222 4
    endloop
  endfacet
  facet normal 0.980728 0.195379 0
    outer loop
      vertex 78.8143 102.732 8.5
      vertex 78.7378 103.116 4
      vertex 78.7378 103.116 8.5
    endloop
  endfacet
  facet normal 0.980728 0.195379 0
    outer loop
      vertex 78.7378 103.116 4
      vertex 78.8143 102.732 8.5
      vertex 78.8143 102.732 4
    endloop
  endfacet
  facet normal 0.997858 0.0654208 0
    outer loop
      vertex 78.84 102.34 8.5
      vertex 78.8143 102.732 4
      vertex 78.8143 102.732 8.5
    endloop
  endfacet
  facet normal 0.997858 0.0654208 0
    outer loop
      vertex 78.8143 102.732 4
      vertex 78.84 102.34 8.5
      vertex 78.84 102.34 4
    endloop
  endfacet
  facet normal -0.555547 0.831485 0
    outer loop
      vertex 1.5 104.938 4
      vertex 1.17372 104.72 8.5
      vertex 1.5 104.938 8.5
    endloop
  endfacet
  facet normal -0.555547 0.831485 0
    outer loop
      vertex 1.17372 104.72 8.5
      vertex 1.5 104.938 4
      vertex 1.17372 104.72 4
    endloop
  endfacet
  facet normal -0.997859 -0.0654026 0
    outer loop
      vertex 0.0256653 2.60842 4
      vertex 0 3 8.5
      vertex 0 3 4
    endloop
  endfacet
  facet normal -0.997859 -0.0654026 0
    outer loop
      vertex 0 3 8.5
      vertex 0.0256653 2.60842 4
      vertex 0.0256653 2.60842 8.5
    endloop
  endfacet
  facet normal -0.443185 0.89643 0
    outer loop
      vertex 1.85195 105.112 4
      vertex 1.5 104.938 8.5
      vertex 1.85195 105.112 8.5
    endloop
  endfacet
  facet normal -0.443185 0.89643 0
    outer loop
      vertex 1.5 104.938 8.5
      vertex 1.85195 105.112 4
      vertex 1.5 104.938 4
    endloop
  endfacet
  facet normal -0.0662518 0.997803 0
    outer loop
      vertex 3 105.34 4
      vertex 2.60842 105.314 8.5
      vertex 3 105.34 8.5
    endloop
  endfacet
  facet normal -0.0662518 0.997803 0
    outer loop
      vertex 2.60842 105.314 8.5
      vertex 3 105.34 4
      vertex 2.60842 105.314 4
    endloop
  endfacet
  facet normal 0.659766 0.751471 -0
    outer loop
      vertex 77.9613 104.461 4
      vertex 77.6663 104.72 8.5
      vertex 77.9613 104.461 8.5
    endloop
  endfacet
  facet normal 0.659766 0.751471 0
    outer loop
      vertex 77.6663 104.72 8.5
      vertex 77.9613 104.461 4
      vertex 77.6663 104.72 4
    endloop
  endfacet
  facet normal 0.555553 -0.831481 0
    outer loop
      vertex 77.34 0.401923 4
      vertex 77.6663 0.61994 8.5
      vertex 77.34 0.401923 8.5
    endloop
  endfacet
  facet normal 0.555553 -0.831481 0
    outer loop
      vertex 77.6663 0.61994 8.5
      vertex 77.34 0.401923 4
      vertex 77.6663 0.61994 4
    endloop
  endfacet
  facet normal 0.195079 -0.980788 0
    outer loop
      vertex 76.2316 0.0256653 4
      vertex 76.6165 0.102222 8.5
      vertex 76.2316 0.0256653 8.5
    endloop
  endfacet
  facet normal 0.195079 -0.980788 0
    outer loop
      vertex 76.6165 0.102222 8.5
      vertex 76.2316 0.0256653 4
      vertex 76.6165 0.102222 4
    endloop
  endfacet
  facet normal 0.321117 0.94704 -0
    outer loop
      vertex 76.9881 105.112 4
      vertex 76.6165 105.238 8.5
      vertex 76.9881 105.112 8.5
    endloop
  endfacet
  facet normal 0.321117 0.94704 0
    outer loop
      vertex 76.6165 105.238 8.5
      vertex 76.9881 105.112 4
      vertex 76.6165 105.238 4
    endloop
  endfacet
  facet normal -0.659714 0.751516 0
    outer loop
      vertex 1.17372 104.72 4
      vertex 0.878679 104.461 8.5
      vertex 1.17372 104.72 8.5
    endloop
  endfacet
  facet normal -0.659714 0.751516 0
    outer loop
      vertex 0.878679 104.461 8.5
      vertex 1.17372 104.72 4
      vertex 0.878679 104.461 4
    endloop
  endfacet
  facet normal -0.946929 -0.321442 0
    outer loop
      vertex 0.228361 1.85195 4
      vertex 0.102222 2.22354 8.5
      vertex 0.102222 2.22354 4
    endloop
  endfacet
  facet normal -0.946929 -0.321442 0
    outer loop
      vertex 0.102222 2.22354 8.5
      vertex 0.228361 1.85195 4
      vertex 0.228361 1.85195 8.5
    endloop
  endfacet
  facet normal 0.193714 0.981058 -0
    outer loop
      vertex 76.6165 105.238 4
      vertex 76.2316 105.314 8.5
      vertex 76.6165 105.238 8.5
    endloop
  endfacet
  facet normal 0.193714 0.981058 0
    outer loop
      vertex 76.2316 105.314 8.5
      vertex 76.6165 105.238 4
      vertex 76.2316 105.314 4
    endloop
  endfacet
  facet normal -0.321125 0.947037 0
    outer loop
      vertex 2.22354 105.238 4
      vertex 1.85195 105.112 8.5
      vertex 2.22354 105.238 8.5
    endloop
  endfacet
  facet normal -0.321125 0.947037 0
    outer loop
      vertex 1.85195 105.112 8.5
      vertex 2.22354 105.238 4
      vertex 1.85195 105.112 4
    endloop
  endfacet
  facet normal -0.896873 -0.442288 0
    outer loop
      vertex 0.401923 1.5 4
      vertex 0.228361 1.85195 8.5
      vertex 0.228361 1.85195 4
    endloop
  endfacet
  facet normal -0.896873 -0.442288 0
    outer loop
      vertex 0.228361 1.85195 8.5
      vertex 0.401923 1.5 4
      vertex 0.401923 1.5 8.5
    endloop
  endfacet
  facet normal 0.751724 0.659478 0
    outer loop
      vertex 78.2201 104.166 8.5
      vertex 77.9613 104.461 4
      vertex 77.9613 104.461 8.5
    endloop
  endfacet
  facet normal 0.751724 0.659478 0
    outer loop
      vertex 77.9613 104.461 4
      vertex 78.2201 104.166 8.5
      vertex 78.2201 104.166 4
    endloop
  endfacet
  facet normal 0 0 -1
    outer loop
      vertex 10.22 74.67 4
      vertex 14.6569 79.42 4
      vertex 14.3387 78.7748 4
    endloop
  endfacet
  facet normal 0 0 -1
    outer loop
      vertex 10.22 74.67 4
      vertex 14.3387 78.7748 4
      vertex 14.1074 78.0935 4
    endloop
  endfacet
  facet normal 0 0 -1
    outer loop
      vertex 10.22 74.67 4
      vertex 14.1074 78.0935 4
      vertex 13.9671 77.3879 4
    endloop
  endfacet
  facet normal 0 0 -1
    outer loop
      vertex 10.22 74.67 4
      vertex 13.9671 77.3879 4
      vertex 13.92 76.67 4
    endloop
  endfacet
  facet normal 0 0 -1
    outer loop
      vertex 14.6569 79.42 4
      vertex 11.32 95.34 4
      vertex 14.52 95.34 4
    endloop
  endfacet
  facet normal 0 0 -1
    outer loop
      vertex 33.9671 75.9521 4
      vertex 24.92 76.67 4
      vertex 33.92 76.67 4
    endloop
  endfacet
  facet normal 0 0 -1
    outer loop
      vertex 24.8729 75.9521 4
      vertex 33.9671 75.9521 4
      vertex 34.1074 75.2465 4
    endloop
  endfacet
  facet normal 0 0 -1
    outer loop
      vertex 24.7326 75.2465 4
      vertex 34.1074 75.2465 4
      vertex 34.3031 74.67 4
    endloop
  endfacet
  facet normal 0 0 -1
    outer loop
      vertex 33.9671 75.9521 4
      vertex 24.8729 75.9521 4
      vertex 24.92 76.67 4
    endloop
  endfacet
  facet normal 0 0 -1
    outer loop
      vertex 34.1074 75.2465 4
      vertex 24.7326 75.2465 4
      vertex 24.8729 75.9521 4
    endloop
  endfacet
  facet normal 0 -0 -1
    outer loop
      vertex 24.7326 75.2465 4
      vertex 34.3031 74.67 4
      vertex 24.5369 74.67 4
    endloop
  endfacet
  facet normal 0 0 -1
    outer loop
      vertex 53.9671 75.9521 4
      vertex 44.92 76.67 4
      vertex 53.92 76.67 4
    endloop
  endfacet
  facet normal 0 0 -1
    outer loop
      vertex 44.8729 75.9521 4
      vertex 53.9671 75.9521 4
      vertex 54.1074 75.2465 4
    endloop
  endfacet
  facet normal 0 0 -1
    outer loop
      vertex 44.7326 75.2465 4
      vertex 54.1074 75.2465 4
      vertex 54.3031 74.67 4
    endloop
  endfacet
  facet normal 0 0 -1
    outer loop
      vertex 53.9671 75.9521 4
      vertex 44.8729 75.9521 4
      vertex 44.92 76.67 4
    endloop
  endfacet
  facet normal 0 0 -1
    outer loop
      vertex 54.1074 75.2465 4
      vertex 44.7326 75.2465 4
      vertex 44.8729 75.9521 4
    endloop
  endfacet
  facet normal 0 -0 -1
    outer loop
      vertex 44.7326 75.2465 4
      vertex 54.3031 74.67 4
      vertex 44.5369 74.67 4
    endloop
  endfacet
  facet normal 0 0 -1
    outer loop
      vertex 40.8435 23.3574 4
      vertex 64.32 10 4
      vertex 64.32 0 4
    endloop
  endfacet
  facet normal 0 0 -1
    outer loop
      vertex 64.32 10 4
      vertex 63.7834 25.3218 4
      vertex 64.1831 25.92 4
    endloop
  endfacet
  facet normal 0 0 -1
    outer loop
      vertex 64.32 10 4
      vertex 63.3091 24.7809 4
      vertex 63.7834 25.3218 4
    endloop
  endfacet
  facet normal 0 0 -1
    outer loop
      vertex 64.32 10 4
      vertex 62.7682 24.3066 4
      vertex 63.3091 24.7809 4
    endloop
  endfacet
  facet normal 0 0 -1
    outer loop
      vertex 64.32 10 4
      vertex 62.17 23.9069 4
      vertex 62.7682 24.3066 4
    endloop
  endfacet
  facet normal 0 0 -1
    outer loop
      vertex 64.32 10 4
      vertex 61.5248 23.5887 4
      vertex 62.17 23.9069 4
    endloop
  endfacet
  facet normal 0 0 -1
    outer loop
      vertex 64.32 10 4
      vertex 60.8435 23.3574 4
      vertex 61.5248 23.5887 4
    endloop
  endfacet
  facet normal 0 0 -1
    outer loop
      vertex 64.32 10 4
      vertex 60.1379 23.2171 4
      vertex 60.8435 23.3574 4
    endloop
  endfacet
  facet normal 0 0 -1
    outer loop
      vertex 64.32 10 4
      vertex 59.42 23.17 4
      vertex 60.1379 23.2171 4
    endloop
  endfacet
  facet normal 0 0 -1
    outer loop
      vertex 64.32 10 4
      vertex 58.7021 23.2171 4
      vertex 59.42 23.17 4
    endloop
  endfacet
  facet normal 0 0 -1
    outer loop
      vertex 64.32 10 4
      vertex 57.9965 23.3574 4
      vertex 58.7021 23.2171 4
    endloop
  endfacet
  facet normal 0 0 -1
    outer loop
      vertex 64.32 10 4
      vertex 57.3152 23.5887 4
      vertex 57.9965 23.3574 4
    endloop
  endfacet
  facet normal 0 0 -1
    outer loop
      vertex 64.32 10 4
      vertex 56.67 23.9069 4
      vertex 57.3152 23.5887 4
    endloop
  endfacet
  facet normal 0 0 -1
    outer loop
      vertex 64.32 10 4
      vertex 42.17 23.9069 4
      vertex 56.67 23.9069 4
    endloop
  endfacet
  facet normal 0 0 -1
    outer loop
      vertex 56.67 23.9069 4
      vertex 42.17 23.9069 4
      vertex 56.0718 24.3066 4
    endloop
  endfacet
  facet normal 0 -0 -1
    outer loop
      vertex 42.7682 24.3066 4
      vertex 56.0718 24.3066 4
      vertex 42.17 23.9069 4
    endloop
  endfacet
  facet normal 0 0 -1
    outer loop
      vertex 56.0718 24.3066 4
      vertex 42.7682 24.3066 4
      vertex 55.5309 24.7809 4
    endloop
  endfacet
  facet normal 0 -0 -1
    outer loop
      vertex 43.3091 24.7809 4
      vertex 55.5309 24.7809 4
      vertex 42.7682 24.3066 4
    endloop
  endfacet
  facet normal 0 0 -1
    outer loop
      vertex 53.9671 27.9521 4
      vertex 44.92 28.67 4
      vertex 53.92 28.67 4
    endloop
  endfacet
  facet normal 0 0 -1
    outer loop
      vertex 44.8729 27.9521 4
      vertex 53.9671 27.9521 4
      vertex 54.1074 27.2465 4
    endloop
  endfacet
  facet normal 0 0 -1
    outer loop
      vertex 44.7326 27.2465 4
      vertex 54.1074 27.2465 4
      vertex 54.3387 26.5652 4
    endloop
  endfacet
  facet normal 0 -0 -1
    outer loop
      vertex 43.7834 25.3218 4
      vertex 55.0566 25.3218 4
      vertex 43.3091 24.7809 4
    endloop
  endfacet
  facet normal 0 0 -1
    outer loop
      vertex 53.9671 27.9521 4
      vertex 44.8729 27.9521 4
      vertex 44.92 28.67 4
    endloop
  endfacet
  facet normal 0 0 -1
    outer loop
      vertex 54.1074 27.2465 4
      vertex 44.7326 27.2465 4
      vertex 44.8729 27.9521 4
    endloop
  endfacet
  facet normal 0 0 -1
    outer loop
      vertex 54.3387 26.5652 4
      vertex 44.5013 26.5652 4
      vertex 44.7326 27.2465 4
    endloop
  endfacet
  facet normal -0 0 -1
    outer loop
      vertex 54.3387 26.5652 4
      vertex 44.1831 25.92 4
      vertex 44.5013 26.5652 4
    endloop
  endfacet
  facet normal 0 0 -1
    outer loop
      vertex 54.6569 25.92 4
      vertex 44.1831 25.92 4
      vertex 54.3387 26.5652 4
    endloop
  endfacet
  facet normal 0 -0 -1
    outer loop
      vertex 44.1831 25.92 4
      vertex 54.6569 25.92 4
      vertex 43.7834 25.3218 4
    endloop
  endfacet
  facet normal 0 0 -1
    outer loop
      vertex 55.0566 25.3218 4
      vertex 43.7834 25.3218 4
      vertex 54.6569 25.92 4
    endloop
  endfacet
  facet normal 0 0 -1
    outer loop
      vertex 55.5309 24.7809 4
      vertex 43.3091 24.7809 4
      vertex 55.0566 25.3218 4
    endloop
  endfacet
  facet normal 0 0 -1
    outer loop
      vertex 64.32 10 4
      vertex 41.5248 23.5887 4
      vertex 42.17 23.9069 4
    endloop
  endfacet
  facet normal 0 0 -1
    outer loop
      vertex 64.32 10 4
      vertex 40.8435 23.3574 4
      vertex 41.5248 23.5887 4
    endloop
  endfacet
  facet normal 0 0 -1
    outer loop
      vertex 64.32 0 4
      vertex 40.1379 23.2171 4
      vertex 40.8435 23.3574 4
    endloop
  endfacet
  facet normal 0 0 -1
    outer loop
      vertex 64.32 0 4
      vertex 39.42 23.17 4
      vertex 40.1379 23.2171 4
    endloop
  endfacet
  facet normal 0 0 -1
    outer loop
      vertex 14.52 0 4
      vertex 39.42 23.17 4
      vertex 64.32 0 4
    endloop
  endfacet
  facet normal -0 0 -1
    outer loop
      vertex 39.42 23.17 4
      vertex 14.52 0 4
      vertex 38.7021 23.2171 4
    endloop
  endfacet
  facet normal -0 0 -1
    outer loop
      vertex 38.7021 23.2171 4
      vertex 14.52 0 4
      vertex 37.9965 23.3574 4
    endloop
  endfacet
  facet normal 0 0 -1
    outer loop
      vertex 14.52 10 4
      vertex 37.9965 23.3574 4
      vertex 14.52 0 4
    endloop
  endfacet
  facet normal -0 0 -1
    outer loop
      vertex 37.9965 23.3574 4
      vertex 14.52 10 4
      vertex 37.3152 23.5887 4
    endloop
  endfacet
  facet normal 0 0 -1
    outer loop
      vertex 33.9671 27.9521 4
      vertex 24.92 28.67 4
      vertex 33.92 28.67 4
    endloop
  endfacet
  facet normal 0 0 -1
    outer loop
      vertex 24.8729 27.9521 4
      vertex 33.9671 27.9521 4
      vertex 34.1074 27.2465 4
    endloop
  endfacet
  facet normal 0 0 -1
    outer loop
      vertex 24.7326 27.2465 4
      vertex 34.1074 27.2465 4
      vertex 34.3387 26.5652 4
    endloop
  endfacet
  facet normal 0 0 -1
    outer loop
      vertex 24.5013 26.5652 4
      vertex 34.3387 26.5652 4
      vertex 34.6569 25.92 4
    endloop
  endfacet
  facet normal 0 0 -1
    outer loop
      vertex 24.1831 25.92 4
      vertex 34.6569 25.92 4
      vertex 35.0566 25.3218 4
    endloop
  endfacet
  facet normal 0 0 -1
    outer loop
      vertex 23.7834 25.3218 4
      vertex 35.0566 25.3218 4
      vertex 35.5309 24.7809 4
    endloop
  endfacet
  facet normal 0 0 -1
    outer loop
      vertex 23.3091 24.7809 4
      vertex 35.5309 24.7809 4
      vertex 36.0718 24.3066 4
    endloop
  endfacet
  facet normal -0 0 -1
    outer loop
      vertex 37.3152 23.5887 4
      vertex 14.52 10 4
      vertex 36.67 23.9069 4
    endloop
  endfacet
  facet normal 0 0 -1
    outer loop
      vertex 33.9671 27.9521 4
      vertex 24.8729 27.9521 4
      vertex 24.92 28.67 4
    endloop
  endfacet
  facet normal 0 0 -1
    outer loop
      vertex 34.1074 27.2465 4
      vertex 24.7326 27.2465 4
      vertex 24.8729 27.9521 4
    endloop
  endfacet
  facet normal 0 0 -1
    outer loop
      vertex 34.3387 26.5652 4
      vertex 24.5013 26.5652 4
      vertex 24.7326 27.2465 4
    endloop
  endfacet
  facet normal 0 0 -1
    outer loop
      vertex 34.6569 25.92 4
      vertex 24.1831 25.92 4
      vertex 24.5013 26.5652 4
    endloop
  endfacet
  facet normal 0 0 -1
    outer loop
      vertex 35.0566 25.3218 4
      vertex 23.7834 25.3218 4
      vertex 24.1831 25.92 4
    endloop
  endfacet
  facet normal 0 0 -1
    outer loop
      vertex 35.5309 24.7809 4
      vertex 23.3091 24.7809 4
      vertex 23.7834 25.3218 4
    endloop
  endfacet
  facet normal 0 0 -1
    outer loop
      vertex 36.0718 24.3066 4
      vertex 22.7682 24.3066 4
      vertex 23.3091 24.7809 4
    endloop
  endfacet
  facet normal 0 0 -1
    outer loop
      vertex 36.67 23.9069 4
      vertex 22.17 23.9069 4
      vertex 36.0718 24.3066 4
    endloop
  endfacet
  facet normal -0 0 -1
    outer loop
      vertex 36.0718 24.3066 4
      vertex 22.17 23.9069 4
      vertex 22.7682 24.3066 4
    endloop
  endfacet
  facet normal 0 0 -1
    outer loop
      vertex 22.17 23.9069 4
      vertex 14.52 10 4
      vertex 21.5248 23.5887 4
    endloop
  endfacet
  facet normal 0 0 -1
    outer loop
      vertex 21.5248 23.5887 4
      vertex 14.52 10 4
      vertex 20.8435 23.3574 4
    endloop
  endfacet
  facet normal 0 0 -1
    outer loop
      vertex 20.8435 23.3574 4
      vertex 14.52 10 4
      vertex 20.1379 23.2171 4
    endloop
  endfacet
  facet normal 0 0 -1
    outer loop
      vertex 20.1379 23.2171 4
      vertex 14.52 10 4
      vertex 19.42 23.17 4
    endloop
  endfacet
  facet normal -0 0 -1
    outer loop
      vertex 19.42 23.17 4
      vertex 14.52 10 4
      vertex 18.7021 23.2171 4
    endloop
  endfacet
  facet normal -0 0 -1
    outer loop
      vertex 18.7021 23.2171 4
      vertex 14.52 10 4
      vertex 17.9965 23.3574 4
    endloop
  endfacet
  facet normal -0 0 -1
    outer loop
      vertex 17.9965 23.3574 4
      vertex 14.52 10 4
      vertex 17.3152 23.5887 4
    endloop
  endfacet
  facet normal 0 -0 -1
    outer loop
      vertex 22.17 23.9069 4
      vertex 36.67 23.9069 4
      vertex 14.52 10 4
    endloop
  endfacet
  facet normal -0 0 -1
    outer loop
      vertex 17.3152 23.5887 4
      vertex 14.52 10 4
      vertex 16.67 23.9069 4
    endloop
  endfacet
  facet normal 0 0 -1
    outer loop
      vertex 11.32 10 4
      vertex 16.67 23.9069 4
      vertex 14.52 10 4
    endloop
  endfacet
  facet normal -0 0 -1
    outer loop
      vertex 16.67 23.9069 4
      vertex 11.32 10 4
      vertex 16.0718 24.3066 4
    endloop
  endfacet
  facet normal -0 0 -1
    outer loop
      vertex 16.0718 24.3066 4
      vertex 11.32 10 4
      vertex 15.5309 24.7809 4
    endloop
  endfacet
  facet normal -0 0 -1
    outer loop
      vertex 15.5309 24.7809 4
      vertex 11.32 10 4
      vertex 15.0566 25.3218 4
    endloop
  endfacet
  facet normal -0 0 -1
    outer loop
      vertex 15.0566 25.3218 4
      vertex 11.32 10 4
      vertex 14.6569 25.92 4
    endloop
  endfacet
  facet normal 0 0 -1
    outer loop
      vertex 10.22 30.67 4
      vertex 14.6569 25.92 4
      vertex 11.32 10 4
    endloop
  endfacet
  facet normal 0 0 -1
    outer loop
      vertex 14.6569 25.92 4
      vertex 10.22 30.67 4
      vertex 14.3387 26.5652 4
    endloop
  endfacet
  facet normal 0 0 -1
    outer loop
      vertex 14.3387 26.5652 4
      vertex 10.22 30.67 4
      vertex 14.1074 27.2465 4
    endloop
  endfacet
  facet normal 0 0 -1
    outer loop
      vertex 14.1074 27.2465 4
      vertex 10.22 30.67 4
      vertex 13.9671 27.9521 4
    endloop
  endfacet
  facet normal 0 0 -1
    outer loop
      vertex 68.62 30.67 4
      vertex 64.8729 27.9521 4
      vertex 64.92 28.67 4
    endloop
  endfacet
  facet normal 0 0 -1
    outer loop
      vertex 68.62 30.67 4
      vertex 64.7326 27.2465 4
      vertex 64.8729 27.9521 4
    endloop
  endfacet
  facet normal 0 0 -1
    outer loop
      vertex 68.62 30.67 4
      vertex 64.5013 26.5652 4
      vertex 64.7326 27.2465 4
    endloop
  endfacet
  facet normal 0 0 -1
    outer loop
      vertex 64.1831 25.92 4
      vertex 67.52 10 4
      vertex 64.32 10 4
    endloop
  endfacet
  facet normal 0 0 -1
    outer loop
      vertex 68.62 30.67 4
      vertex 64.1831 25.92 4
      vertex 64.5013 26.5652 4
    endloop
  endfacet
  facet normal 0 0 -1
    outer loop
      vertex 64.8729 77.3879 4
      vertex 68.62 74.67 4
      vertex 64.92 76.67 4
    endloop
  endfacet
  facet normal 0 0 -1
    outer loop
      vertex 68.62 74.67 4
      vertex 64.8729 75.9521 4
      vertex 64.92 76.67 4
    endloop
  endfacet
  facet normal 0 0 -1
    outer loop
      vertex 68.62 74.67 4
      vertex 64.7326 75.2465 4
      vertex 64.8729 75.9521 4
    endloop
  endfacet
  facet normal 0 -0 -1
    outer loop
      vertex 64.7326 75.2465 4
      vertex 68.62 74.67 4
      vertex 64.5369 74.67 4
    endloop
  endfacet
  facet normal 0 0 -1
    outer loop
      vertex 75.84 0 4
      vertex 78.84 3 4
      vertex 78.8143 2.60842 4
    endloop
  endfacet
  facet normal 0 0 -1
    outer loop
      vertex 78.84 3 4
      vertex 68.62 30.67 4
      vertex 78.84 102.34 4
    endloop
  endfacet
  facet normal 0 0 -1
    outer loop
      vertex 75.84 0 4
      vertex 78.8143 2.60842 4
      vertex 78.7378 2.22354 4
    endloop
  endfacet
  facet normal 0 0 -1
    outer loop
      vertex 68.62 74.67 4
      vertex 78.84 102.34 4
      vertex 68.62 30.67 4
    endloop
  endfacet
  facet normal 0 0 -1
    outer loop
      vertex 75.84 0 4
      vertex 78.7378 2.22354 4
      vertex 78.6116 1.85195 4
    endloop
  endfacet
  facet normal 0 0 -1
    outer loop
      vertex 67.52 95.34 4
      vertex 78.84 102.34 4
      vertex 68.62 74.67 4
    endloop
  endfacet
  facet normal 0 0 -1
    outer loop
      vertex 75.84 0 4
      vertex 78.6116 1.85195 4
      vertex 78.4381 1.5 4
    endloop
  endfacet
  facet normal 0 -0 -1
    outer loop
      vertex 75.84 105.34 4
      vertex 78.84 102.34 4
      vertex 67.52 95.34 4
    endloop
  endfacet
  facet normal 0 0 -1
    outer loop
      vertex 75.84 0 4
      vertex 78.4381 1.5 4
      vertex 78.2201 1.17372 4
    endloop
  endfacet
  facet normal 0 0 -1
    outer loop
      vertex 78.84 102.34 4
      vertex 75.84 105.34 4
      vertex 78.8143 102.732 4
    endloop
  endfacet
  facet normal 0 0 -1
    outer loop
      vertex 75.84 0 4
      vertex 78.2201 1.17372 4
      vertex 77.9613 0.878679 4
    endloop
  endfacet
  facet normal 0 0 -1
    outer loop
      vertex 78.8143 102.732 4
      vertex 75.84 105.34 4
      vertex 78.7378 103.116 4
    endloop
  endfacet
  facet normal 0 0 -1
    outer loop
      vertex 75.84 0 4
      vertex 77.9613 0.878679 4
      vertex 77.6663 0.61994 4
    endloop
  endfacet
  facet normal 0 0 -1
    outer loop
      vertex 78.7378 103.116 4
      vertex 75.84 105.34 4
      vertex 78.6116 103.488 4
    endloop
  endfacet
  facet normal 0 0 -1
    outer loop
      vertex 75.84 0 4
      vertex 77.6663 0.61994 4
      vertex 77.34 0.401923 4
    endloop
  endfacet
  facet normal 0 0 -1
    outer loop
      vertex 78.6116 103.488 4
      vertex 75.84 105.34 4
      vertex 78.4381 103.84 4
    endloop
  endfacet
  facet normal 0 0 -1
    outer loop
      vertex 75.84 0 4
      vertex 77.34 0.401923 4
      vertex 76.9881 0.228361 4
    endloop
  endfacet
  facet normal 0 0 -1
    outer loop
      vertex 78.4381 103.84 4
      vertex 75.84 105.34 4
      vertex 78.2201 104.166 4
    endloop
  endfacet
  facet normal 0 0 -1
    outer loop
      vertex 75.84 0 4
      vertex 76.9881 0.228361 4
      vertex 76.6165 0.102222 4
    endloop
  endfacet
  facet normal 0 0 -1
    outer loop
      vertex 78.2201 104.166 4
      vertex 75.84 105.34 4
      vertex 77.9613 104.461 4
    endloop
  endfacet
  facet normal 0 0 -1
    outer loop
      vertex 75.84 0 4
      vertex 76.6165 0.102222 4
      vertex 76.2316 0.0256653 4
    endloop
  endfacet
  facet normal 0 0 -1
    outer loop
      vertex 77.9613 104.461 4
      vertex 75.84 105.34 4
      vertex 77.6663 104.72 4
    endloop
  endfacet
  facet normal -0 0 -1
    outer loop
      vertex 78.84 3 4
      vertex 75.84 0 4
      vertex 67.52 10 4
    endloop
  endfacet
  facet normal 0 0 -1
    outer loop
      vertex 77.6663 104.72 4
      vertex 75.84 105.34 4
      vertex 77.34 104.938 4
    endloop
  endfacet
  facet normal 0 0 -1
    outer loop
      vertex 77.34 104.938 4
      vertex 75.84 105.34 4
      vertex 76.9881 105.112 4
    endloop
  endfacet
  facet normal 0 0 -1
    outer loop
      vertex 67.52 10 4
      vertex 75.84 0 4
      vertex 67.52 0 4
    endloop
  endfacet
  facet normal 0 0 -1
    outer loop
      vertex 78.84 3 4
      vertex 67.52 10 4
      vertex 68.62 30.67 4
    endloop
  endfacet
  facet normal 0 0 -1
    outer loop
      vertex 64.1831 25.92 4
      vertex 68.62 30.67 4
      vertex 67.52 10 4
    endloop
  endfacet
  facet normal 0 0 -1
    outer loop
      vertex 64.8729 29.3879 4
      vertex 68.62 30.67 4
      vertex 64.92 28.67 4
    endloop
  endfacet
  facet normal 0 0 -1
    outer loop
      vertex 64.7326 30.0935 4
      vertex 68.62 30.67 4
      vertex 64.8729 29.3879 4
    endloop
  endfacet
  facet normal -0 0 -1
    outer loop
      vertex 68.62 30.67 4
      vertex 64.7326 30.0935 4
      vertex 64.5369 30.67 4
    endloop
  endfacet
  facet normal 0 0 -1
    outer loop
      vertex 76.9881 105.112 4
      vertex 75.84 105.34 4
      vertex 76.6165 105.238 4
    endloop
  endfacet
  facet normal 0 0 -1
    outer loop
      vertex 76.6165 105.238 4
      vertex 75.84 105.34 4
      vertex 76.2316 105.314 4
    endloop
  endfacet
  facet normal -0 0 -1
    outer loop
      vertex 75.84 105.34 4
      vertex 67.52 95.34 4
      vertex 67.52 105.34 4
    endloop
  endfacet
  facet normal 0 0 -1
    outer loop
      vertex 64.7326 78.0935 4
      vertex 68.62 74.67 4
      vertex 64.8729 77.3879 4
    endloop
  endfacet
  facet normal 0 0 -1
    outer loop
      vertex 64.5013 78.7748 4
      vertex 68.62 74.67 4
      vertex 64.7326 78.0935 4
    endloop
  endfacet
  facet normal 0 0 -1
    outer loop
      vertex 64.1831 79.42 4
      vertex 68.62 74.67 4
      vertex 64.5013 78.7748 4
    endloop
  endfacet
  facet normal 0 0 -1
    outer loop
      vertex 68.62 74.67 4
      vertex 64.1831 79.42 4
      vertex 67.52 95.34 4
    endloop
  endfacet
  facet normal 0 0 -1
    outer loop
      vertex 63.7834 80.0182 4
      vertex 67.52 95.34 4
      vertex 64.1831 79.42 4
    endloop
  endfacet
  facet normal 0 0 -1
    outer loop
      vertex 63.3091 80.5591 4
      vertex 67.52 95.34 4
      vertex 63.7834 80.0182 4
    endloop
  endfacet
  facet normal 0 0 -1
    outer loop
      vertex 62.7682 81.0334 4
      vertex 67.52 95.34 4
      vertex 63.3091 80.5591 4
    endloop
  endfacet
  facet normal 0 0 -1
    outer loop
      vertex 62.17 81.4331 4
      vertex 67.52 95.34 4
      vertex 62.7682 81.0334 4
    endloop
  endfacet
  facet normal -0 0 -1
    outer loop
      vertex 67.52 95.34 4
      vertex 62.17 81.4331 4
      vertex 64.32 95.34 4
    endloop
  endfacet
  facet normal 0 0 -1
    outer loop
      vertex 61.5248 81.7513 4
      vertex 64.32 95.34 4
      vertex 62.17 81.4331 4
    endloop
  endfacet
  facet normal 0 0 -1
    outer loop
      vertex 60.8435 81.9826 4
      vertex 64.32 95.34 4
      vertex 61.5248 81.7513 4
    endloop
  endfacet
  facet normal 0 0 -1
    outer loop
      vertex 60.1379 82.1229 4
      vertex 64.32 95.34 4
      vertex 60.8435 81.9826 4
    endloop
  endfacet
  facet normal 0 0 -1
    outer loop
      vertex 59.42 82.17 4
      vertex 64.32 95.34 4
      vertex 60.1379 82.1229 4
    endloop
  endfacet
  facet normal 0 0 -1
    outer loop
      vertex 58.7021 82.1229 4
      vertex 64.32 95.34 4
      vertex 59.42 82.17 4
    endloop
  endfacet
  facet normal 0 0 -1
    outer loop
      vertex 57.9965 81.9826 4
      vertex 64.32 95.34 4
      vertex 58.7021 82.1229 4
    endloop
  endfacet
  facet normal 0 0 -1
    outer loop
      vertex 57.3152 81.7513 4
      vertex 64.32 95.34 4
      vertex 57.9965 81.9826 4
    endloop
  endfacet
  facet normal 0 0 -1
    outer loop
      vertex 56.67 81.4331 4
      vertex 64.32 95.34 4
      vertex 57.3152 81.7513 4
    endloop
  endfacet
  facet normal 0 0 -1
    outer loop
      vertex 42.17 81.4331 4
      vertex 64.32 95.34 4
      vertex 56.67 81.4331 4
    endloop
  endfacet
  facet normal 0 0 -1
    outer loop
      vertex 42.17 81.4331 4
      vertex 56.67 81.4331 4
      vertex 56.0718 81.0334 4
    endloop
  endfacet
  facet normal 0 0 -1
    outer loop
      vertex 42.7682 81.0334 4
      vertex 56.0718 81.0334 4
      vertex 55.5309 80.5591 4
    endloop
  endfacet
  facet normal 0 0 -1
    outer loop
      vertex 43.3091 80.5591 4
      vertex 55.5309 80.5591 4
      vertex 55.0566 80.0182 4
    endloop
  endfacet
  facet normal 0 0 -1
    outer loop
      vertex 43.7834 80.0182 4
      vertex 55.0566 80.0182 4
      vertex 54.6569 79.42 4
    endloop
  endfacet
  facet normal 0 0 -1
    outer loop
      vertex 44.1831 79.42 4
      vertex 54.6569 79.42 4
      vertex 54.3387 78.7748 4
    endloop
  endfacet
  facet normal 0 0 -1
    outer loop
      vertex 44.92 76.67 4
      vertex 53.9671 77.3879 4
      vertex 53.92 76.67 4
    endloop
  endfacet
  facet normal 0 0 -1
    outer loop
      vertex 44.8729 77.3879 4
      vertex 53.9671 77.3879 4
      vertex 44.92 76.67 4
    endloop
  endfacet
  facet normal 0 0 -1
    outer loop
      vertex 53.9671 77.3879 4
      vertex 44.8729 77.3879 4
      vertex 54.1074 78.0935 4
    endloop
  endfacet
  facet normal 0 0 -1
    outer loop
      vertex 44.7326 78.0935 4
      vertex 54.1074 78.0935 4
      vertex 44.8729 77.3879 4
    endloop
  endfacet
  facet normal 0 0 -1
    outer loop
      vertex 54.1074 78.0935 4
      vertex 44.7326 78.0935 4
      vertex 54.3387 78.7748 4
    endloop
  endfacet
  facet normal 0 0 -1
    outer loop
      vertex 44.5013 78.7748 4
      vertex 54.3387 78.7748 4
      vertex 44.7326 78.0935 4
    endloop
  endfacet
  facet normal 0 0 -1
    outer loop
      vertex 44.1831 79.42 4
      vertex 54.3387 78.7748 4
      vertex 44.5013 78.7748 4
    endloop
  endfacet
  facet normal 0 0 -1
    outer loop
      vertex 54.6569 79.42 4
      vertex 44.1831 79.42 4
      vertex 43.7834 80.0182 4
    endloop
  endfacet
  facet normal 0 0 -1
    outer loop
      vertex 55.0566 80.0182 4
      vertex 43.7834 80.0182 4
      vertex 43.3091 80.5591 4
    endloop
  endfacet
  facet normal 0 0 -1
    outer loop
      vertex 55.5309 80.5591 4
      vertex 43.3091 80.5591 4
      vertex 42.7682 81.0334 4
    endloop
  endfacet
  facet normal 0 0 -1
    outer loop
      vertex 56.0718 81.0334 4
      vertex 42.7682 81.0334 4
      vertex 42.17 81.4331 4
    endloop
  endfacet
  facet normal 0 0 -1
    outer loop
      vertex 41.5248 81.7513 4
      vertex 64.32 95.34 4
      vertex 42.17 81.4331 4
    endloop
  endfacet
  facet normal 0 0 -1
    outer loop
      vertex 40.8435 81.9826 4
      vertex 64.32 95.34 4
      vertex 41.5248 81.7513 4
    endloop
  endfacet
  facet normal -0 0 -1
    outer loop
      vertex 64.32 95.34 4
      vertex 40.8435 81.9826 4
      vertex 64.32 105.34 4
    endloop
  endfacet
  facet normal 0 0 -1
    outer loop
      vertex 40.1379 82.1229 4
      vertex 64.32 105.34 4
      vertex 40.8435 81.9826 4
    endloop
  endfacet
  facet normal 0 0 -1
    outer loop
      vertex 39.42 82.17 4
      vertex 64.32 105.34 4
      vertex 40.1379 82.1229 4
    endloop
  endfacet
  facet normal 0 0 -1
    outer loop
      vertex 14.52 105.34 4
      vertex 39.42 82.17 4
      vertex 38.7021 82.1229 4
    endloop
  endfacet
  facet normal 0 0 -1
    outer loop
      vertex 14.52 105.34 4
      vertex 38.7021 82.1229 4
      vertex 37.9965 81.9826 4
    endloop
  endfacet
  facet normal 0 0 -1
    outer loop
      vertex 14.52 95.34 4
      vertex 37.9965 81.9826 4
      vertex 37.3152 81.7513 4
    endloop
  endfacet
  facet normal 0 0 -1
    outer loop
      vertex 14.52 95.34 4
      vertex 37.3152 81.7513 4
      vertex 36.67 81.4331 4
    endloop
  endfacet
  facet normal 0 0 -1
    outer loop
      vertex 22.17 81.4331 4
      vertex 36.67 81.4331 4
      vertex 36.0718 81.0334 4
    endloop
  endfacet
  facet normal 0 0 -1
    outer loop
      vertex 24.92 76.67 4
      vertex 33.9671 77.3879 4
      vertex 33.92 76.67 4
    endloop
  endfacet
  facet normal 0 0 -1
    outer loop
      vertex 24.8729 77.3879 4
      vertex 33.9671 77.3879 4
      vertex 24.92 76.67 4
    endloop
  endfacet
  facet normal 0 0 -1
    outer loop
      vertex 33.9671 77.3879 4
      vertex 24.8729 77.3879 4
      vertex 34.1074 78.0935 4
    endloop
  endfacet
  facet normal 0 0 -1
    outer loop
      vertex 24.7326 78.0935 4
      vertex 34.1074 78.0935 4
      vertex 24.8729 77.3879 4
    endloop
  endfacet
  facet normal 0 0 -1
    outer loop
      vertex 34.1074 78.0935 4
      vertex 24.7326 78.0935 4
      vertex 34.3387 78.7748 4
    endloop
  endfacet
  facet normal 0 0 -1
    outer loop
      vertex 24.5013 78.7748 4
      vertex 34.3387 78.7748 4
      vertex 24.7326 78.0935 4
    endloop
  endfacet
  facet normal 0 0 -1
    outer loop
      vertex 34.3387 78.7748 4
      vertex 24.5013 78.7748 4
      vertex 34.6569 79.42 4
    endloop
  endfacet
  facet normal 0 0 -1
    outer loop
      vertex 24.1831 79.42 4
      vertex 34.6569 79.42 4
      vertex 24.5013 78.7748 4
    endloop
  endfacet
  facet normal 0 0 -1
    outer loop
      vertex 34.6569 79.42 4
      vertex 24.1831 79.42 4
      vertex 35.0566 80.0182 4
    endloop
  endfacet
  facet normal 0 0 -1
    outer loop
      vertex 23.7834 80.0182 4
      vertex 35.0566 80.0182 4
      vertex 24.1831 79.42 4
    endloop
  endfacet
  facet normal 0 0 -1
    outer loop
      vertex 35.0566 80.0182 4
      vertex 23.7834 80.0182 4
      vertex 35.5309 80.5591 4
    endloop
  endfacet
  facet normal 0 0 -1
    outer loop
      vertex 23.3091 80.5591 4
      vertex 35.5309 80.5591 4
      vertex 23.7834 80.0182 4
    endloop
  endfacet
  facet normal 0 0 -1
    outer loop
      vertex 35.5309 80.5591 4
      vertex 23.3091 80.5591 4
      vertex 36.0718 81.0334 4
    endloop
  endfacet
  facet normal 0 0 -1
    outer loop
      vertex 22.7682 81.0334 4
      vertex 36.0718 81.0334 4
      vertex 23.3091 80.5591 4
    endloop
  endfacet
  facet normal 0 0 -1
    outer loop
      vertex 22.17 81.4331 4
      vertex 36.0718 81.0334 4
      vertex 22.7682 81.0334 4
    endloop
  endfacet
  facet normal 0 0 -1
    outer loop
      vertex 36.67 81.4331 4
      vertex 22.17 81.4331 4
      vertex 14.52 95.34 4
    endloop
  endfacet
  facet normal 0 0 -1
    outer loop
      vertex 14.52 95.34 4
      vertex 22.17 81.4331 4
      vertex 21.5248 81.7513 4
    endloop
  endfacet
  facet normal 0 0 -1
    outer loop
      vertex 14.52 95.34 4
      vertex 21.5248 81.7513 4
      vertex 20.8435 81.9826 4
    endloop
  endfacet
  facet normal 0 0 -1
    outer loop
      vertex 14.52 95.34 4
      vertex 20.8435 81.9826 4
      vertex 20.1379 82.1229 4
    endloop
  endfacet
  facet normal 0 0 -1
    outer loop
      vertex 14.52 95.34 4
      vertex 20.1379 82.1229 4
      vertex 19.42 82.17 4
    endloop
  endfacet
  facet normal 0 0 -1
    outer loop
      vertex 14.52 95.34 4
      vertex 19.42 82.17 4
      vertex 18.7021 82.1229 4
    endloop
  endfacet
  facet normal 0 0 -1
    outer loop
      vertex 14.52 95.34 4
      vertex 18.7021 82.1229 4
      vertex 17.9965 81.9826 4
    endloop
  endfacet
  facet normal 0 0 -1
    outer loop
      vertex 14.52 95.34 4
      vertex 17.9965 81.9826 4
      vertex 17.3152 81.7513 4
    endloop
  endfacet
  facet normal 0 0 -1
    outer loop
      vertex 14.52 95.34 4
      vertex 17.3152 81.7513 4
      vertex 16.67 81.4331 4
    endloop
  endfacet
  facet normal 0 0 -1
    outer loop
      vertex 14.52 95.34 4
      vertex 15.0566 80.0182 4
      vertex 14.6569 79.42 4
    endloop
  endfacet
  facet normal 0 0 -1
    outer loop
      vertex 14.52 95.34 4
      vertex 15.5309 80.5591 4
      vertex 15.0566 80.0182 4
    endloop
  endfacet
  facet normal 0 0 -1
    outer loop
      vertex 14.52 95.34 4
      vertex 16.0718 81.0334 4
      vertex 15.5309 80.5591 4
    endloop
  endfacet
  facet normal 0 0 -1
    outer loop
      vertex 14.52 95.34 4
      vertex 16.67 81.4331 4
      vertex 16.0718 81.0334 4
    endloop
  endfacet
  facet normal 0 0 -1
    outer loop
      vertex 37.9965 81.9826 4
      vertex 14.52 95.34 4
      vertex 14.52 105.34 4
    endloop
  endfacet
  facet normal 0 0 -1
    outer loop
      vertex 39.42 82.17 4
      vertex 14.52 105.34 4
      vertex 64.32 105.34 4
    endloop
  endfacet
  facet normal 0 0 -1
    outer loop
      vertex 44.92 28.67 4
      vertex 53.9671 29.3879 4
      vertex 53.92 28.67 4
    endloop
  endfacet
  facet normal 0 0 -1
    outer loop
      vertex 44.8729 29.3879 4
      vertex 53.9671 29.3879 4
      vertex 44.92 28.67 4
    endloop
  endfacet
  facet normal 0 0 -1
    outer loop
      vertex 53.9671 29.3879 4
      vertex 44.8729 29.3879 4
      vertex 54.1074 30.0935 4
    endloop
  endfacet
  facet normal 0 0 -1
    outer loop
      vertex 44.7326 30.0935 4
      vertex 54.1074 30.0935 4
      vertex 44.8729 29.3879 4
    endloop
  endfacet
  facet normal 0 0 -1
    outer loop
      vertex 54.1074 30.0935 4
      vertex 44.7326 30.0935 4
      vertex 54.3031 30.67 4
    endloop
  endfacet
  facet normal -0 0 -1
    outer loop
      vertex 54.3031 30.67 4
      vertex 44.7326 30.0935 4
      vertex 44.5369 30.67 4
    endloop
  endfacet
  facet normal 0 0 -1
    outer loop
      vertex 24.92 28.67 4
      vertex 33.9671 29.3879 4
      vertex 33.92 28.67 4
    endloop
  endfacet
  facet normal 0 0 -1
    outer loop
      vertex 24.8729 29.3879 4
      vertex 33.9671 29.3879 4
      vertex 24.92 28.67 4
    endloop
  endfacet
  facet normal 0 0 -1
    outer loop
      vertex 33.9671 29.3879 4
      vertex 24.8729 29.3879 4
      vertex 34.1074 30.0935 4
    endloop
  endfacet
  facet normal 0 0 -1
    outer loop
      vertex 24.7326 30.0935 4
      vertex 34.1074 30.0935 4
      vertex 24.8729 29.3879 4
    endloop
  endfacet
  facet normal 0 0 -1
    outer loop
      vertex 34.1074 30.0935 4
      vertex 24.7326 30.0935 4
      vertex 34.3031 30.67 4
    endloop
  endfacet
  facet normal -0 0 -1
    outer loop
      vertex 34.3031 30.67 4
      vertex 24.7326 30.0935 4
      vertex 24.5369 30.67 4
    endloop
  endfacet
  facet normal 0 0 -1
    outer loop
      vertex 13.9671 27.9521 4
      vertex 10.22 30.67 4
      vertex 13.92 28.67 4
    endloop
  endfacet
  facet normal 0 0 -1
    outer loop
      vertex 14.1074 30.0935 4
      vertex 10.22 30.67 4
      vertex 14.3031 30.67 4
    endloop
  endfacet
  facet normal 0 0 -1
    outer loop
      vertex 13.9671 29.3879 4
      vertex 10.22 30.67 4
      vertex 14.1074 30.0935 4
    endloop
  endfacet
  facet normal 0 0 -1
    outer loop
      vertex 13.92 28.67 4
      vertex 10.22 30.67 4
      vertex 13.9671 29.3879 4
    endloop
  endfacet
  facet normal 0 0 -1
    outer loop
      vertex 3 0 4
      vertex 11.32 10 4
      vertex 11.32 0 4
    endloop
  endfacet
  facet normal -0 0 -1
    outer loop
      vertex 11.32 10 4
      vertex 0 3 4
      vertex 10.22 30.67 4
    endloop
  endfacet
  facet normal 0 0 -1
    outer loop
      vertex 11.32 10 4
      vertex 3 0 4
      vertex 0 3 4
    endloop
  endfacet
  facet normal 0 0 -1
    outer loop
      vertex 10.22 74.67 4
      vertex 13.92 76.67 4
      vertex 13.9671 75.9521 4
    endloop
  endfacet
  facet normal 0 0 -1
    outer loop
      vertex 10.22 74.67 4
      vertex 14.1074 75.2465 4
      vertex 14.3031 74.67 4
    endloop
  endfacet
  facet normal 0 0 -1
    outer loop
      vertex 10.22 74.67 4
      vertex 13.9671 75.9521 4
      vertex 14.1074 75.2465 4
    endloop
  endfacet
  facet normal -0 0 -1
    outer loop
      vertex 14.6569 79.42 4
      vertex 10.22 74.67 4
      vertex 11.32 95.34 4
    endloop
  endfacet
  facet normal 0 0 -1
    outer loop
      vertex 0 102.34 4
      vertex 11.32 95.34 4
      vertex 10.22 74.67 4
    endloop
  endfacet
  facet normal -0 0 -1
    outer loop
      vertex 10.22 30.67 4
      vertex 0 3 4
      vertex 10.22 74.67 4
    endloop
  endfacet
  facet normal 0 0 -1
    outer loop
      vertex 0 102.34 4
      vertex 10.22 74.67 4
      vertex 0 3 4
    endloop
  endfacet
  facet normal 0 0 -1
    outer loop
      vertex 0 3 4
      vertex 3 0 4
      vertex 2.60842 0.0256653 4
    endloop
  endfacet
  facet normal 0 -0 -1
    outer loop
      vertex 3 105.34 4
      vertex 11.32 95.34 4
      vertex 0 102.34 4
    endloop
  endfacet
  facet normal 0 0 -1
    outer loop
      vertex 0 3 4
      vertex 2.60842 0.0256653 4
      vertex 2.22354 0.102222 4
    endloop
  endfacet
  facet normal 0 0 -1
    outer loop
      vertex 11.32 95.34 4
      vertex 3 105.34 4
      vertex 11.32 105.34 4
    endloop
  endfacet
  facet normal 0 0 -1
    outer loop
      vertex 0 3 4
      vertex 2.22354 0.102222 4
      vertex 1.85195 0.228361 4
    endloop
  endfacet
  facet normal 0 0 -1
    outer loop
      vertex 3 105.34 4
      vertex 0 102.34 4
      vertex 2.60842 105.314 4
    endloop
  endfacet
  facet normal 0 0 -1
    outer loop
      vertex 0 3 4
      vertex 1.85195 0.228361 4
      vertex 1.5 0.401923 4
    endloop
  endfacet
  facet normal 0 0 -1
    outer loop
      vertex 2.60842 105.314 4
      vertex 0 102.34 4
      vertex 2.22354 105.238 4
    endloop
  endfacet
  facet normal 0 0 -1
    outer loop
      vertex 0 3 4
      vertex 1.5 0.401923 4
      vertex 1.17372 0.61994 4
    endloop
  endfacet
  facet normal 0 0 -1
    outer loop
      vertex 2.22354 105.238 4
      vertex 0 102.34 4
      vertex 1.85195 105.112 4
    endloop
  endfacet
  facet normal 0 0 -1
    outer loop
      vertex 0 3 4
      vertex 1.17372 0.61994 4
      vertex 0.878679 0.878679 4
    endloop
  endfacet
  facet normal 0 0 -1
    outer loop
      vertex 1.85195 105.112 4
      vertex 0 102.34 4
      vertex 1.5 104.938 4
    endloop
  endfacet
  facet normal 0 0 -1
    outer loop
      vertex 0 3 4
      vertex 0.878679 0.878679 4
      vertex 0.61994 1.17372 4
    endloop
  endfacet
  facet normal 0 0 -1
    outer loop
      vertex 1.5 104.938 4
      vertex 0 102.34 4
      vertex 1.17372 104.72 4
    endloop
  endfacet
  facet normal 0 0 -1
    outer loop
      vertex 0 3 4
      vertex 0.61994 1.17372 4
      vertex 0.401923 1.5 4
    endloop
  endfacet
  facet normal 0 0 -1
    outer loop
      vertex 1.17372 104.72 4
      vertex 0 102.34 4
      vertex 0.878679 104.461 4
    endloop
  endfacet
  facet normal 0 0 -1
    outer loop
      vertex 0 3 4
      vertex 0.401923 1.5 4
      vertex 0.228361 1.85195 4
    endloop
  endfacet
  facet normal 0 0 -1
    outer loop
      vertex 0.878679 104.461 4
      vertex 0 102.34 4
      vertex 0.61994 104.166 4
    endloop
  endfacet
  facet normal 0 0 -1
    outer loop
      vertex 0 3 4
      vertex 0.228361 1.85195 4
      vertex 0.102222 2.22354 4
    endloop
  endfacet
  facet normal 0 0 -1
    outer loop
      vertex 0.61994 104.166 4
      vertex 0 102.34 4
      vertex 0.401923 103.84 4
    endloop
  endfacet
  facet normal 0 0 -1
    outer loop
      vertex 0 3 4
      vertex 0.102222 2.22354 4
      vertex 0.0256653 2.60842 4
    endloop
  endfacet
  facet normal 0 0 -1
    outer loop
      vertex 0.401923 103.84 4
      vertex 0 102.34 4
      vertex 0.228361 103.488 4
    endloop
  endfacet
  facet normal 0 0 -1
    outer loop
      vertex 0.228361 103.488 4
      vertex 0 102.34 4
      vertex 0.102222 103.116 4
    endloop
  endfacet
  facet normal 0 0 -1
    outer loop
      vertex 0.102222 103.116 4
      vertex 0 102.34 4
      vertex 0.0256653 102.732 4
    endloop
  endfacet
  facet normal -1 0 0
    outer loop
      vertex 14.52 10 4
      vertex 14.52 6.52 8.5
      vertex 14.52 10 8.5
    endloop
  endfacet
  facet normal -1 0 0
    outer loop
      vertex 14.52 6.52 8.5
      vertex 14.52 4 8.5
      vertex 14.52 6.52 9.5
    endloop
  endfacet
  facet normal -1 0 0
    outer loop
      vertex 14.52 10 4
      vertex 14.52 4 8.5
      vertex 14.52 6.52 8.5
    endloop
  endfacet
  facet normal -1 0 0
    outer loop
      vertex 14.52 0 4
      vertex 14.52 4 8.5
      vertex 14.52 10 4
    endloop
  endfacet
  facet normal -1 -0 0
    outer loop
      vertex 14.52 4 8.5
      vertex 14.52 0 4
      vertex 14.52 0 8.5
    endloop
  endfacet
  facet normal -1 -0 0
    outer loop
      vertex 14.52 6.52 9.5
      vertex 14.52 4 8.5
      vertex 14.52 4 9.5
    endloop
  endfacet
  facet normal 0 0 -1
    outer loop
      vertex 11.32 4 9.5
      vertex 14.52 6.52 9.5
      vertex 14.52 4 9.5
    endloop
  endfacet
  facet normal -0 0 -1
    outer loop
      vertex 14.52 6.52 9.5
      vertex 11.32 4 9.5
      vertex 11.32 6.52 9.5
    endloop
  endfacet
  facet normal 1 0 0
    outer loop
      vertex 11.32 6.52 9.5
      vertex 11.32 4 9.5
      vertex 11.32 6.52 8.5
    endloop
  endfacet
  facet normal 1 -0 0
    outer loop
      vertex 11.32 6.52 8.5
      vertex 11.32 10 4
      vertex 11.32 10 8.5
    endloop
  endfacet
  facet normal 1 0 0
    outer loop
      vertex 11.32 4 8.5
      vertex 11.32 6.52 8.5
      vertex 11.32 4 9.5
    endloop
  endfacet
  facet normal 1 0 0
    outer loop
      vertex 11.32 6.52 8.5
      vertex 11.32 4 8.5
      vertex 11.32 10 4
    endloop
  endfacet
  facet normal 1 0 0
    outer loop
      vertex 11.32 0 4
      vertex 11.32 4 8.5
      vertex 11.32 0 8.5
    endloop
  endfacet
  facet normal 1 0 0
    outer loop
      vertex 11.32 4 8.5
      vertex 11.32 0 4
      vertex 11.32 10 4
    endloop
  endfacet
  facet normal 0 -1 0
    outer loop
      vertex 11.32 10 4
      vertex 14.52 10 8.5
      vertex 11.32 10 8.5
    endloop
  endfacet
  facet normal 0 -1 -0
    outer loop
      vertex 14.52 10 8.5
      vertex 11.32 10 4
      vertex 14.52 10 4
    endloop
  endfacet
  facet normal -1 0 0
    outer loop
      vertex 67.52 10 4
      vertex 67.52 6.52 8.5
      vertex 67.52 10 8.5
    endloop
  endfacet
  facet normal -1 0 0
    outer loop
      vertex 67.52 6.52 8.5
      vertex 67.52 4 8.5
      vertex 67.52 6.52 9.5
    endloop
  endfacet
  facet normal -1 0 0
    outer loop
      vertex 67.52 10 4
      vertex 67.52 4 8.5
      vertex 67.52 6.52 8.5
    endloop
  endfacet
  facet normal -1 0 0
    outer loop
      vertex 67.52 0 4
      vertex 67.52 4 8.5
      vertex 67.52 10 4
    endloop
  endfacet
  facet normal -1 -0 0
    outer loop
      vertex 67.52 4 8.5
      vertex 67.52 0 4
      vertex 67.52 0 8.5
    endloop
  endfacet
  facet normal -1 -0 0
    outer loop
      vertex 67.52 6.52 9.5
      vertex 67.52 4 8.5
      vertex 67.52 4 9.5
    endloop
  endfacet
  facet normal 0 0 -1
    outer loop
      vertex 64.32 4 9.5
      vertex 67.52 6.52 9.5
      vertex 67.52 4 9.5
    endloop
  endfacet
  facet normal -0 0 -1
    outer loop
      vertex 67.52 6.52 9.5
      vertex 64.32 4 9.5
      vertex 64.32 6.52 9.5
    endloop
  endfacet
  facet normal 1 0 0
    outer loop
      vertex 64.32 6.52 9.5
      vertex 64.32 4 9.5
      vertex 64.32 6.52 8.5
    endloop
  endfacet
  facet normal 1 -0 0
    outer loop
      vertex 64.32 6.52 8.5
      vertex 64.32 10 4
      vertex 64.32 10 8.5
    endloop
  endfacet
  facet normal 1 0 0
    outer loop
      vertex 64.32 4 8.5
      vertex 64.32 6.52 8.5
      vertex 64.32 4 9.5
    endloop
  endfacet
  facet normal 1 0 0
    outer loop
      vertex 64.32 6.52 8.5
      vertex 64.32 4 8.5
      vertex 64.32 10 4
    endloop
  endfacet
  facet normal 1 0 0
    outer loop
      vertex 64.32 0 4
      vertex 64.32 4 8.5
      vertex 64.32 0 8.5
    endloop
  endfacet
  facet normal 1 0 0
    outer loop
      vertex 64.32 4 8.5
      vertex 64.32 0 4
      vertex 64.32 10 4
    endloop
  endfacet
  facet normal 0 -1 0
    outer loop
      vertex 64.32 10 4
      vertex 67.52 10 8.5
      vertex 64.32 10 8.5
    endloop
  endfacet
  facet normal 0 -1 -0
    outer loop
      vertex 67.52 10 8.5
      vertex 64.32 10 4
      vertex 67.52 10 4
    endloop
  endfacet
  facet normal -1 0 0
    outer loop
      vertex 14.52 105.34 4
      vertex 14.52 101.34 8.5
      vertex 14.52 105.34 8.5
    endloop
  endfacet
  facet normal -1 0 0
    outer loop
      vertex 14.52 101.34 8.5
      vertex 14.52 98.82 8.5
      vertex 14.52 101.34 9.5
    endloop
  endfacet
  facet normal -1 0 0
    outer loop
      vertex 14.52 95.34 4
      vertex 14.52 101.34 8.5
      vertex 14.52 105.34 4
    endloop
  endfacet
  facet normal -1 -0 0
    outer loop
      vertex 14.52 101.34 8.5
      vertex 14.52 95.34 4
      vertex 14.52 98.82 8.5
    endloop
  endfacet
  facet normal -1 -0 0
    outer loop
      vertex 14.52 98.82 8.5
      vertex 14.52 95.34 4
      vertex 14.52 95.34 8.5
    endloop
  endfacet
  facet normal -1 -0 0
    outer loop
      vertex 14.52 101.34 9.5
      vertex 14.52 98.82 8.5
      vertex 14.52 98.82 9.5
    endloop
  endfacet
  facet normal 0 0 -1
    outer loop
      vertex 11.32 98.82 9.5
      vertex 14.52 101.34 9.5
      vertex 14.52 98.82 9.5
    endloop
  endfacet
  facet normal -0 0 -1
    outer loop
      vertex 14.52 101.34 9.5
      vertex 11.32 98.82 9.5
      vertex 11.32 101.34 9.5
    endloop
  endfacet
  facet normal 1 0 0
    outer loop
      vertex 11.32 101.34 9.5
      vertex 11.32 98.82 9.5
      vertex 11.32 101.34 8.5
    endloop
  endfacet
  facet normal 1 -0 0
    outer loop
      vertex 11.32 101.34 8.5
      vertex 11.32 105.34 4
      vertex 11.32 105.34 8.5
    endloop
  endfacet
  facet normal 1 0 0
    outer loop
      vertex 11.32 98.82 8.5
      vertex 11.32 101.34 8.5
      vertex 11.32 98.82 9.5
    endloop
  endfacet
  facet normal 1 0 0
    outer loop
      vertex 11.32 95.34 4
      vertex 11.32 101.34 8.5
      vertex 11.32 98.82 8.5
    endloop
  endfacet
  facet normal 1 0 0
    outer loop
      vertex 11.32 95.34 4
      vertex 11.32 98.82 8.5
      vertex 11.32 95.34 8.5
    endloop
  endfacet
  facet normal 1 0 0
    outer loop
      vertex 11.32 101.34 8.5
      vertex 11.32 95.34 4
      vertex 11.32 105.34 4
    endloop
  endfacet
  facet normal 0 1 -0
    outer loop
      vertex 14.52 95.34 4
      vertex 11.32 95.34 8.5
      vertex 14.52 95.34 8.5
    endloop
  endfacet
  facet normal 0 1 0
    outer loop
      vertex 11.32 95.34 8.5
      vertex 14.52 95.34 4
      vertex 11.32 95.34 4
    endloop
  endfacet
  facet normal -1 0 0
    outer loop
      vertex 67.52 105.34 4
      vertex 67.52 101.34 8.5
      vertex 67.52 105.34 8.5
    endloop
  endfacet
  facet normal -1 0 0
    outer loop
      vertex 67.52 101.34 8.5
      vertex 67.52 98.82 8.5
      vertex 67.52 101.34 9.5
    endloop
  endfacet
  facet normal -1 0 0
    outer loop
      vertex 67.52 95.34 4
      vertex 67.52 101.34 8.5
      vertex 67.52 105.34 4
    endloop
  endfacet
  facet normal -1 -0 0
    outer loop
      vertex 67.52 101.34 8.5
      vertex 67.52 95.34 4
      vertex 67.52 98.82 8.5
    endloop
  endfacet
  facet normal -1 -0 0
    outer loop
      vertex 67.52 98.82 8.5
      vertex 67.52 95.34 4
      vertex 67.52 95.34 8.5
    endloop
  endfacet
  facet normal -1 -0 0
    outer loop
      vertex 67.52 101.34 9.5
      vertex 67.52 98.82 8.5
      vertex 67.52 98.82 9.5
    endloop
  endfacet
  facet normal 0 0 -1
    outer loop
      vertex 64.32 98.82 9.5
      vertex 67.52 101.34 9.5
      vertex 67.52 98.82 9.5
    endloop
  endfacet
  facet normal -0 0 -1
    outer loop
      vertex 67.52 101.34 9.5
      vertex 64.32 98.82 9.5
      vertex 64.32 101.34 9.5
    endloop
  endfacet
  facet normal 1 0 0
    outer loop
      vertex 64.32 101.34 9.5
      vertex 64.32 98.82 9.5
      vertex 64.32 101.34 8.5
    endloop
  endfacet
  facet normal 1 -0 0
    outer loop
      vertex 64.32 101.34 8.5
      vertex 64.32 105.34 4
      vertex 64.32 105.34 8.5
    endloop
  endfacet
  facet normal 1 0 0
    outer loop
      vertex 64.32 98.82 8.5
      vertex 64.32 101.34 8.5
      vertex 64.32 98.82 9.5
    endloop
  endfacet
  facet normal 1 0 0
    outer loop
      vertex 64.32 95.34 4
      vertex 64.32 101.34 8.5
      vertex 64.32 98.82 8.5
    endloop
  endfacet
  facet normal 1 0 0
    outer loop
      vertex 64.32 95.34 4
      vertex 64.32 98.82 8.5
      vertex 64.32 95.34 8.5
    endloop
  endfacet
  facet normal 1 0 0
    outer loop
      vertex 64.32 101.34 8.5
      vertex 64.32 95.34 4
      vertex 64.32 105.34 4
    endloop
  endfacet
  facet normal 0 1 -0
    outer loop
      vertex 67.52 95.34 4
      vertex 64.32 95.34 8.5
      vertex 67.52 95.34 8.5
    endloop
  endfacet
  facet normal 0 1 0
    outer loop
      vertex 64.32 95.34 8.5
      vertex 67.52 95.34 4
      vertex 64.32 95.34 4
    endloop
  endfacet
  facet normal -0.0654673 0.997855 0
    outer loop
      vertex 20.1379 23.2171 4
      vertex 19.42 23.17 8.5
      vertex 20.1379 23.2171 8.5
    endloop
  endfacet
  facet normal -0.0654673 0.997855 0
    outer loop
      vertex 19.42 23.17 8.5
      vertex 20.1379 23.2171 4
      vertex 19.42 23.17 4
    endloop
  endfacet
  facet normal -0.980799 -0.19502 0
    outer loop
      vertex 24.8729 29.3879 4
      vertex 24.7326 30.0935 8.5
      vertex 24.7326 30.0935 4
    endloop
  endfacet
  facet normal -0.980799 -0.19502 0
    outer loop
      vertex 24.7326 30.0935 8.5
      vertex 24.8729 29.3879 4
      vertex 24.8729 29.3879 8.5
    endloop
  endfacet
  facet normal -0.997855 -0.0654673 0
    outer loop
      vertex 24.92 28.67 4
      vertex 24.8729 29.3879 8.5
      vertex 24.8729 29.3879 4
    endloop
  endfacet
  facet normal -0.997855 -0.0654673 0
    outer loop
      vertex 24.8729 29.3879 8.5
      vertex 24.92 28.67 4
      vertex 24.92 28.67 8.5
    endloop
  endfacet
  facet normal -0.946861 -0.321644 -0
    outer loop
      vertex 24.5369 30.67 4
      vertex 24.5013 30.7748 3
      vertex 24.5369 30.67 3
    endloop
  endfacet
  facet normal -0.946861 -0.321644 0
    outer loop
      vertex 24.5013 30.7748 3
      vertex 24.5369 30.67 4
      vertex 24.5013 30.7748 8.5
    endloop
  endfacet
  facet normal -0.946928 -0.321446 -0
    outer loop
      vertex 24.7326 30.0935 8.5
      vertex 24.5369 30.67 4
      vertex 24.7326 30.0935 4
    endloop
  endfacet
  facet normal -0.946918 -0.321477 -4.33639e-06
    outer loop
      vertex 24.5369 30.67 4
      vertex 24.7326 30.0935 8.5
      vertex 24.5013 30.7748 8.5
    endloop
  endfacet
  facet normal -0.831472 0.555566 0
    outer loop
      vertex 23.7834 25.3218 4
      vertex 24.1831 25.92 8.5
      vertex 24.1831 25.92 4
    endloop
  endfacet
  facet normal -0.831472 0.555566 0
    outer loop
      vertex 24.1831 25.92 8.5
      vertex 23.7834 25.3218 4
      vertex 23.7834 25.3218 8.5
    endloop
  endfacet
  facet normal 0.19502 -0.980799 0
    outer loop
      vertex 17.9965 33.9826 3
      vertex 18.7021 34.1229 8.5
      vertex 17.9965 33.9826 8.5
    endloop
  endfacet
  facet normal 0.19502 -0.980799 0
    outer loop
      vertex 18.7021 34.1229 8.5
      vertex 17.9965 33.9826 3
      vertex 18.7021 34.1229 3
    endloop
  endfacet
  facet normal 0.997855 -0.0654673 0
    outer loop
      vertex 13.92 28.67 8.5
      vertex 13.9671 29.3879 4
      vertex 13.9671 29.3879 8.5
    endloop
  endfacet
  facet normal 0.997855 -0.0654673 0
    outer loop
      vertex 13.9671 29.3879 4
      vertex 13.92 28.67 8.5
      vertex 13.92 28.67 4
    endloop
  endfacet
  facet normal -0.321477 0.946918 0
    outer loop
      vertex 21.5248 23.5887 4
      vertex 20.8435 23.3574 8.5
      vertex 21.5248 23.5887 8.5
    endloop
  endfacet
  facet normal -0.321477 0.946918 0
    outer loop
      vertex 20.8435 23.3574 8.5
      vertex 21.5248 23.5887 4
      vertex 20.8435 23.3574 4
    endloop
  endfacet
  facet normal -0.751879 -0.659301 0
    outer loop
      vertex 23.7834 32.0182 3
      vertex 23.3091 32.5591 8.5
      vertex 23.3091 32.5591 3
    endloop
  endfacet
  facet normal -0.751879 -0.659301 0
    outer loop
      vertex 23.3091 32.5591 8.5
      vertex 23.7834 32.0182 3
      vertex 23.7834 32.0182 8.5
    endloop
  endfacet
  facet normal -0.831472 -0.555566 0
    outer loop
      vertex 24.1831 31.42 3
      vertex 23.7834 32.0182 8.5
      vertex 23.7834 32.0182 3
    endloop
  endfacet
  facet normal -0.831472 -0.555566 0
    outer loop
      vertex 23.7834 32.0182 8.5
      vertex 24.1831 31.42 3
      vertex 24.1831 31.42 8.5
    endloop
  endfacet
  facet normal -0.89686 0.442314 0
    outer loop
      vertex 24.1831 25.92 4
      vertex 24.5013 26.5652 8.5
      vertex 24.5013 26.5652 4
    endloop
  endfacet
  facet normal -0.89686 0.442314 0
    outer loop
      vertex 24.5013 26.5652 8.5
      vertex 24.1831 25.92 4
      vertex 24.1831 25.92 8.5
    endloop
  endfacet
  facet normal -0.89686 -0.442314 0
    outer loop
      vertex 24.5013 30.7748 3
      vertex 24.1831 31.42 8.5
      vertex 24.1831 31.42 3
    endloop
  endfacet
  facet normal -0.89686 -0.442314 0
    outer loop
      vertex 24.1831 31.42 8.5
      vertex 24.5013 30.7748 3
      vertex 24.5013 30.7748 8.5
    endloop
  endfacet
  facet normal 0.659301 -0.751879 0
    outer loop
      vertex 15.5309 32.5591 3
      vertex 16.0718 33.0334 8.5
      vertex 15.5309 32.5591 8.5
    endloop
  endfacet
  facet normal 0.659301 -0.751879 0
    outer loop
      vertex 16.0718 33.0334 8.5
      vertex 15.5309 32.5591 3
      vertex 16.0718 33.0334 3
    endloop
  endfacet
  facet normal 0.321477 -0.946918 0
    outer loop
      vertex 17.3152 33.7513 3
      vertex 17.9965 33.9826 8.5
      vertex 17.3152 33.7513 8.5
    endloop
  endfacet
  facet normal 0.321477 -0.946918 0
    outer loop
      vertex 17.9965 33.9826 8.5
      vertex 17.3152 33.7513 3
      vertex 17.9965 33.9826 3
    endloop
  endfacet
  facet normal 0.442314 0.89686 -0
    outer loop
      vertex 17.3152 23.5887 4
      vertex 16.67 23.9069 8.5
      vertex 17.3152 23.5887 8.5
    endloop
  endfacet
  facet normal 0.442314 0.89686 0
    outer loop
      vertex 16.67 23.9069 8.5
      vertex 17.3152 23.5887 4
      vertex 16.67 23.9069 4
    endloop
  endfacet
  facet normal 0.555566 -0.831472 0
    outer loop
      vertex 16.0718 33.0334 3
      vertex 16.67 33.4331 8.5
      vertex 16.0718 33.0334 8.5
    endloop
  endfacet
  facet normal 0.555566 -0.831472 0
    outer loop
      vertex 16.67 33.4331 8.5
      vertex 16.0718 33.0334 3
      vertex 16.67 33.4331 3
    endloop
  endfacet
  facet normal 0.946861 -0.321644 0
    outer loop
      vertex 14.3387 30.7748 8.5
      vertex 14.3031 30.67 4
      vertex 14.3387 30.7748 3
    endloop
  endfacet
  facet normal 0.946918 -0.321477 -4.33639e-06
    outer loop
      vertex 14.1074 30.0935 8.5
      vertex 14.3031 30.67 4
      vertex 14.3387 30.7748 8.5
    endloop
  endfacet
  facet normal 0.946928 -0.321446 0
    outer loop
      vertex 14.3031 30.67 4
      vertex 14.1074 30.0935 8.5
      vertex 14.1074 30.0935 4
    endloop
  endfacet
  facet normal 0.946861 -0.321644 0
    outer loop
      vertex 14.3387 30.7748 3
      vertex 14.3031 30.67 4
      vertex 14.3031 30.67 3
    endloop
  endfacet
  facet normal 0.751879 -0.659301 0
    outer loop
      vertex 15.0566 32.0182 8.5
      vertex 15.5309 32.5591 3
      vertex 15.5309 32.5591 8.5
    endloop
  endfacet
  facet normal 0.751879 -0.659301 0
    outer loop
      vertex 15.5309 32.5591 3
      vertex 15.0566 32.0182 8.5
      vertex 15.0566 32.0182 3
    endloop
  endfacet
  facet normal 0.831472 0.555566 0
    outer loop
      vertex 15.0566 25.3218 8.5
      vertex 14.6569 25.92 4
      vertex 14.6569 25.92 8.5
    endloop
  endfacet
  facet normal 0.831472 0.555566 0
    outer loop
      vertex 14.6569 25.92 4
      vertex 15.0566 25.3218 8.5
      vertex 15.0566 25.3218 4
    endloop
  endfacet
  facet normal -0.997855 0.0654673 0
    outer loop
      vertex 24.8729 27.9521 4
      vertex 24.92 28.67 8.5
      vertex 24.92 28.67 4
    endloop
  endfacet
  facet normal -0.997855 0.0654673 0
    outer loop
      vertex 24.92 28.67 8.5
      vertex 24.8729 27.9521 4
      vertex 24.8729 27.9521 8.5
    endloop
  endfacet
  facet normal 0.946918 0.321477 0
    outer loop
      vertex 14.3387 26.5652 8.5
      vertex 14.1074 27.2465 4
      vertex 14.1074 27.2465 8.5
    endloop
  endfacet
  facet normal 0.946918 0.321477 0
    outer loop
      vertex 14.1074 27.2465 4
      vertex 14.3387 26.5652 8.5
      vertex 14.3387 26.5652 4
    endloop
  endfacet
  facet normal -0.19502 0.980799 0
    outer loop
      vertex 20.8435 23.3574 4
      vertex 20.1379 23.2171 8.5
      vertex 20.8435 23.3574 8.5
    endloop
  endfacet
  facet normal -0.19502 0.980799 0
    outer loop
      vertex 20.1379 23.2171 8.5
      vertex 20.8435 23.3574 4
      vertex 20.1379 23.2171 4
    endloop
  endfacet
  facet normal -0.980799 0.19502 0
    outer loop
      vertex 24.7326 27.2465 4
      vertex 24.8729 27.9521 8.5
      vertex 24.8729 27.9521 4
    endloop
  endfacet
  facet normal -0.980799 0.19502 0
    outer loop
      vertex 24.8729 27.9521 8.5
      vertex 24.7326 27.2465 4
      vertex 24.7326 27.2465 8.5
    endloop
  endfacet
  facet normal -0.555566 -0.831472 0
    outer loop
      vertex 22.17 33.4331 3
      vertex 22.7682 33.0334 8.5
      vertex 22.17 33.4331 8.5
    endloop
  endfacet
  facet normal -0.555566 -0.831472 -0
    outer loop
      vertex 22.7682 33.0334 8.5
      vertex 22.17 33.4331 3
      vertex 22.7682 33.0334 3
    endloop
  endfacet
  facet normal 0.19502 0.980799 -0
    outer loop
      vertex 18.7021 23.2171 4
      vertex 17.9965 23.3574 8.5
      vertex 18.7021 23.2171 8.5
    endloop
  endfacet
  facet normal 0.19502 0.980799 0
    outer loop
      vertex 17.9965 23.3574 8.5
      vertex 18.7021 23.2171 4
      vertex 17.9965 23.3574 4
    endloop
  endfacet
  facet normal 0.442314 -0.89686 0
    outer loop
      vertex 16.67 33.4331 3
      vertex 17.3152 33.7513 8.5
      vertex 16.67 33.4331 8.5
    endloop
  endfacet
  facet normal 0.442314 -0.89686 0
    outer loop
      vertex 17.3152 33.7513 8.5
      vertex 16.67 33.4331 3
      vertex 17.3152 33.7513 3
    endloop
  endfacet
  facet normal -0.321477 -0.946918 0
    outer loop
      vertex 20.8435 33.9826 3
      vertex 21.5248 33.7513 8.5
      vertex 20.8435 33.9826 8.5
    endloop
  endfacet
  facet normal -0.321477 -0.946918 -0
    outer loop
      vertex 21.5248 33.7513 8.5
      vertex 20.8435 33.9826 3
      vertex 21.5248 33.7513 3
    endloop
  endfacet
  facet normal -0.751879 0.659301 0
    outer loop
      vertex 23.3091 24.7809 4
      vertex 23.7834 25.3218 8.5
      vertex 23.7834 25.3218 4
    endloop
  endfacet
  facet normal -0.751879 0.659301 0
    outer loop
      vertex 23.7834 25.3218 8.5
      vertex 23.3091 24.7809 4
      vertex 23.3091 24.7809 8.5
    endloop
  endfacet
  facet normal -0.442314 -0.89686 0
    outer loop
      vertex 21.5248 33.7513 3
      vertex 22.17 33.4331 8.5
      vertex 21.5248 33.7513 8.5
    endloop
  endfacet
  facet normal -0.442314 -0.89686 -0
    outer loop
      vertex 22.17 33.4331 8.5
      vertex 21.5248 33.7513 3
      vertex 22.17 33.4331 3
    endloop
  endfacet
  facet normal -0.659301 -0.751879 0
    outer loop
      vertex 22.7682 33.0334 3
      vertex 23.3091 32.5591 8.5
      vertex 22.7682 33.0334 8.5
    endloop
  endfacet
  facet normal -0.659301 -0.751879 -0
    outer loop
      vertex 23.3091 32.5591 8.5
      vertex 22.7682 33.0334 3
      vertex 23.3091 32.5591 3
    endloop
  endfacet
  facet normal -0.0654673 -0.997855 0
    outer loop
      vertex 19.42 34.17 3
      vertex 20.1379 34.1229 8.5
      vertex 19.42 34.17 8.5
    endloop
  endfacet
  facet normal -0.0654673 -0.997855 -0
    outer loop
      vertex 20.1379 34.1229 8.5
      vertex 19.42 34.17 3
      vertex 20.1379 34.1229 3
    endloop
  endfacet
  facet normal -0.659301 0.751879 0
    outer loop
      vertex 23.3091 24.7809 4
      vertex 22.7682 24.3066 8.5
      vertex 23.3091 24.7809 8.5
    endloop
  endfacet
  facet normal -0.659301 0.751879 0
    outer loop
      vertex 22.7682 24.3066 8.5
      vertex 23.3091 24.7809 4
      vertex 22.7682 24.3066 4
    endloop
  endfacet
  facet normal -0.555566 0.831472 0
    outer loop
      vertex 22.7682 24.3066 4
      vertex 22.17 23.9069 8.5
      vertex 22.7682 24.3066 8.5
    endloop
  endfacet
  facet normal -0.555566 0.831472 0
    outer loop
      vertex 22.17 23.9069 8.5
      vertex 22.7682 24.3066 4
      vertex 22.17 23.9069 4
    endloop
  endfacet
  facet normal 0.89686 0.442314 0
    outer loop
      vertex 14.6569 25.92 8.5
      vertex 14.3387 26.5652 4
      vertex 14.3387 26.5652 8.5
    endloop
  endfacet
  facet normal 0.89686 0.442314 0
    outer loop
      vertex 14.3387 26.5652 4
      vertex 14.6569 25.92 8.5
      vertex 14.6569 25.92 4
    endloop
  endfacet
  facet normal -0.442314 0.89686 0
    outer loop
      vertex 22.17 23.9069 4
      vertex 21.5248 23.5887 8.5
      vertex 22.17 23.9069 8.5
    endloop
  endfacet
  facet normal -0.442314 0.89686 0
    outer loop
      vertex 21.5248 23.5887 8.5
      vertex 22.17 23.9069 4
      vertex 21.5248 23.5887 4
    endloop
  endfacet
  facet normal 0.659301 0.751879 -0
    outer loop
      vertex 16.0718 24.3066 4
      vertex 15.5309 24.7809 8.5
      vertex 16.0718 24.3066 8.5
    endloop
  endfacet
  facet normal 0.659301 0.751879 0
    outer loop
      vertex 15.5309 24.7809 8.5
      vertex 16.0718 24.3066 4
      vertex 15.5309 24.7809 4
    endloop
  endfacet
  facet normal 0.997855 0.0654673 0
    outer loop
      vertex 13.9671 27.9521 8.5
      vertex 13.92 28.67 4
      vertex 13.92 28.67 8.5
    endloop
  endfacet
  facet normal 0.997855 0.0654673 0
    outer loop
      vertex 13.92 28.67 4
      vertex 13.9671 27.9521 8.5
      vertex 13.9671 27.9521 4
    endloop
  endfacet
  facet normal -0.946918 0.321477 0
    outer loop
      vertex 24.5013 26.5652 4
      vertex 24.7326 27.2465 8.5
      vertex 24.7326 27.2465 4
    endloop
  endfacet
  facet normal -0.946918 0.321477 0
    outer loop
      vertex 24.7326 27.2465 8.5
      vertex 24.5013 26.5652 4
      vertex 24.5013 26.5652 8.5
    endloop
  endfacet
  facet normal 0.980799 -0.19502 0
    outer loop
      vertex 13.9671 29.3879 8.5
      vertex 14.1074 30.0935 4
      vertex 14.1074 30.0935 8.5
    endloop
  endfacet
  facet normal 0.980799 -0.19502 0
    outer loop
      vertex 14.1074 30.0935 4
      vertex 13.9671 29.3879 8.5
      vertex 13.9671 29.3879 4
    endloop
  endfacet
  facet normal 0.321477 0.946918 -0
    outer loop
      vertex 17.9965 23.3574 4
      vertex 17.3152 23.5887 8.5
      vertex 17.9965 23.3574 8.5
    endloop
  endfacet
  facet normal 0.321477 0.946918 0
    outer loop
      vertex 17.3152 23.5887 8.5
      vertex 17.9965 23.3574 4
      vertex 17.3152 23.5887 4
    endloop
  endfacet
  facet normal 0.831472 -0.555566 0
    outer loop
      vertex 14.6569 31.42 8.5
      vertex 15.0566 32.0182 3
      vertex 15.0566 32.0182 8.5
    endloop
  endfacet
  facet normal 0.831472 -0.555566 0
    outer loop
      vertex 15.0566 32.0182 3
      vertex 14.6569 31.42 8.5
      vertex 14.6569 31.42 3
    endloop
  endfacet
  facet normal 0.0654673 -0.997855 0
    outer loop
      vertex 18.7021 34.1229 3
      vertex 19.42 34.17 8.5
      vertex 18.7021 34.1229 8.5
    endloop
  endfacet
  facet normal 0.0654673 -0.997855 0
    outer loop
      vertex 19.42 34.17 8.5
      vertex 18.7021 34.1229 3
      vertex 19.42 34.17 3
    endloop
  endfacet
  facet normal 0.0654673 0.997855 -0
    outer loop
      vertex 19.42 23.17 4
      vertex 18.7021 23.2171 8.5
      vertex 19.42 23.17 8.5
    endloop
  endfacet
  facet normal 0.0654673 0.997855 0
    outer loop
      vertex 18.7021 23.2171 8.5
      vertex 19.42 23.17 4
      vertex 18.7021 23.2171 4
    endloop
  endfacet
  facet normal 0.555566 0.831472 -0
    outer loop
      vertex 16.67 23.9069 4
      vertex 16.0718 24.3066 8.5
      vertex 16.67 23.9069 8.5
    endloop
  endfacet
  facet normal 0.555566 0.831472 0
    outer loop
      vertex 16.0718 24.3066 8.5
      vertex 16.67 23.9069 4
      vertex 16.0718 24.3066 4
    endloop
  endfacet
  facet normal -0.19502 -0.980799 0
    outer loop
      vertex 20.1379 34.1229 3
      vertex 20.8435 33.9826 8.5
      vertex 20.1379 34.1229 8.5
    endloop
  endfacet
  facet normal -0.19502 -0.980799 -0
    outer loop
      vertex 20.8435 33.9826 8.5
      vertex 20.1379 34.1229 3
      vertex 20.8435 33.9826 3
    endloop
  endfacet
  facet normal 0.980799 0.19502 0
    outer loop
      vertex 14.1074 27.2465 8.5
      vertex 13.9671 27.9521 4
      vertex 13.9671 27.9521 8.5
    endloop
  endfacet
  facet normal 0.980799 0.19502 0
    outer loop
      vertex 13.9671 27.9521 4
      vertex 14.1074 27.2465 8.5
      vertex 14.1074 27.2465 4
    endloop
  endfacet
  facet normal 0.751879 0.659301 0
    outer loop
      vertex 15.5309 24.7809 8.5
      vertex 15.0566 25.3218 4
      vertex 15.0566 25.3218 8.5
    endloop
  endfacet
  facet normal 0.751879 0.659301 0
    outer loop
      vertex 15.0566 25.3218 4
      vertex 15.5309 24.7809 8.5
      vertex 15.5309 24.7809 4
    endloop
  endfacet
  facet normal 0.89686 -0.442314 0
    outer loop
      vertex 14.3387 30.7748 8.5
      vertex 14.6569 31.42 3
      vertex 14.6569 31.42 8.5
    endloop
  endfacet
  facet normal 0.89686 -0.442314 0
    outer loop
      vertex 14.6569 31.42 3
      vertex 14.3387 30.7748 8.5
      vertex 14.3387 30.7748 3
    endloop
  endfacet
  facet normal 0 0 1
    outer loop
      vertex 24.1831 31.42 3
      vertex 24.5369 30.67 3
      vertex 24.5013 30.7748 3
    endloop
  endfacet
  facet normal 0 0 1
    outer loop
      vertex 23.7834 32.0182 3
      vertex 24.5369 30.67 3
      vertex 24.1831 31.42 3
    endloop
  endfacet
  facet normal 0 0 1
    outer loop
      vertex 23.3091 32.5591 3
      vertex 24.5369 30.67 3
      vertex 23.7834 32.0182 3
    endloop
  endfacet
  facet normal 0 0 1
    outer loop
      vertex 22.7682 33.0334 3
      vertex 24.5369 30.67 3
      vertex 23.3091 32.5591 3
    endloop
  endfacet
  facet normal 0 0 1
    outer loop
      vertex 22.17 33.4331 3
      vertex 24.5369 30.67 3
      vertex 22.7682 33.0334 3
    endloop
  endfacet
  facet normal 0 0 1
    outer loop
      vertex 21.5248 33.7513 3
      vertex 24.5369 30.67 3
      vertex 22.17 33.4331 3
    endloop
  endfacet
  facet normal 0 0 1
    outer loop
      vertex 20.8435 33.9826 3
      vertex 24.5369 30.67 3
      vertex 21.5248 33.7513 3
    endloop
  endfacet
  facet normal 0 0 1
    outer loop
      vertex 20.1379 34.1229 3
      vertex 24.5369 30.67 3
      vertex 20.8435 33.9826 3
    endloop
  endfacet
  facet normal 0 0 1
    outer loop
      vertex 19.42 34.17 3
      vertex 24.5369 30.67 3
      vertex 20.1379 34.1229 3
    endloop
  endfacet
  facet normal -0 0 1
    outer loop
      vertex 18.7021 34.1229 3
      vertex 24.5369 30.67 3
      vertex 19.42 34.17 3
    endloop
  endfacet
  facet normal -0 0 1
    outer loop
      vertex 17.9965 33.9826 3
      vertex 24.5369 30.67 3
      vertex 18.7021 34.1229 3
    endloop
  endfacet
  facet normal -0 0 1
    outer loop
      vertex 17.3152 33.7513 3
      vertex 24.5369 30.67 3
      vertex 17.9965 33.9826 3
    endloop
  endfacet
  facet normal -0 0 1
    outer loop
      vertex 16.67 33.4331 3
      vertex 24.5369 30.67 3
      vertex 17.3152 33.7513 3
    endloop
  endfacet
  facet normal -0 0 1
    outer loop
      vertex 16.0718 33.0334 3
      vertex 24.5369 30.67 3
      vertex 16.67 33.4331 3
    endloop
  endfacet
  facet normal -0 0 1
    outer loop
      vertex 15.5309 32.5591 3
      vertex 24.5369 30.67 3
      vertex 16.0718 33.0334 3
    endloop
  endfacet
  facet normal -0 0 1
    outer loop
      vertex 15.0566 32.0182 3
      vertex 24.5369 30.67 3
      vertex 15.5309 32.5591 3
    endloop
  endfacet
  facet normal -0 0 1
    outer loop
      vertex 14.6569 31.42 3
      vertex 24.5369 30.67 3
      vertex 15.0566 32.0182 3
    endloop
  endfacet
  facet normal 0 0 1
    outer loop
      vertex 14.3031 30.67 3
      vertex 14.6569 31.42 3
      vertex 14.3387 30.7748 3
    endloop
  endfacet
  facet normal 0 0 1
    outer loop
      vertex 14.6569 31.42 3
      vertex 14.3031 30.67 3
      vertex 24.5369 30.67 3
    endloop
  endfacet
  facet normal -0.0654673 0.997855 0
    outer loop
      vertex 40.1379 23.2171 4
      vertex 39.42 23.17 8.5
      vertex 40.1379 23.2171 8.5
    endloop
  endfacet
  facet normal -0.0654673 0.997855 0
    outer loop
      vertex 39.42 23.17 8.5
      vertex 40.1379 23.2171 4
      vertex 39.42 23.17 4
    endloop
  endfacet
  facet normal -0.980799 -0.19502 0
    outer loop
      vertex 44.8729 29.3879 4
      vertex 44.7326 30.0935 8.5
      vertex 44.7326 30.0935 4
    endloop
  endfacet
  facet normal -0.980799 -0.19502 0
    outer loop
      vertex 44.7326 30.0935 8.5
      vertex 44.8729 29.3879 4
      vertex 44.8729 29.3879 8.5
    endloop
  endfacet
  facet normal -0.997855 -0.0654673 0
    outer loop
      vertex 44.92 28.67 4
      vertex 44.8729 29.3879 8.5
      vertex 44.8729 29.3879 4
    endloop
  endfacet
  facet normal -0.997855 -0.0654673 0
    outer loop
      vertex 44.8729 29.3879 8.5
      vertex 44.92 28.67 4
      vertex 44.92 28.67 8.5
    endloop
  endfacet
  facet normal -0.946861 -0.321644 -0
    outer loop
      vertex 44.5369 30.67 4
      vertex 44.5013 30.7748 3
      vertex 44.5369 30.67 3
    endloop
  endfacet
  facet normal -0.946861 -0.321644 0
    outer loop
      vertex 44.5013 30.7748 3
      vertex 44.5369 30.67 4
      vertex 44.5013 30.7748 8.5
    endloop
  endfacet
  facet normal -0.946928 -0.321446 -0
    outer loop
      vertex 44.7326 30.0935 8.5
      vertex 44.5369 30.67 4
      vertex 44.7326 30.0935 4
    endloop
  endfacet
  facet normal -0.946918 -0.321477 -4.33639e-06
    outer loop
      vertex 44.5369 30.67 4
      vertex 44.7326 30.0935 8.5
      vertex 44.5013 30.7748 8.5
    endloop
  endfacet
  facet normal -0.831472 0.555566 0
    outer loop
      vertex 43.7834 25.3218 4
      vertex 44.1831 25.92 8.5
      vertex 44.1831 25.92 4
    endloop
  endfacet
  facet normal -0.831472 0.555566 0
    outer loop
      vertex 44.1831 25.92 8.5
      vertex 43.7834 25.3218 4
      vertex 43.7834 25.3218 8.5
    endloop
  endfacet
  facet normal 0.19502 -0.980799 0
    outer loop
      vertex 37.9965 33.9826 3
      vertex 38.7021 34.1229 8.5
      vertex 37.9965 33.9826 8.5
    endloop
  endfacet
  facet normal 0.19502 -0.980799 0
    outer loop
      vertex 38.7021 34.1229 8.5
      vertex 37.9965 33.9826 3
      vertex 38.7021 34.1229 3
    endloop
  endfacet
  facet normal 0.997855 -0.0654673 0
    outer loop
      vertex 33.92 28.67 8.5
      vertex 33.9671 29.3879 4
      vertex 33.9671 29.3879 8.5
    endloop
  endfacet
  facet normal 0.997855 -0.0654673 0
    outer loop
      vertex 33.9671 29.3879 4
      vertex 33.92 28.67 8.5
      vertex 33.92 28.67 4
    endloop
  endfacet
  facet normal -0.321477 0.946918 0
    outer loop
      vertex 41.5248 23.5887 4
      vertex 40.8435 23.3574 8.5
      vertex 41.5248 23.5887 8.5
    endloop
  endfacet
  facet normal -0.321477 0.946918 0
    outer loop
      vertex 40.8435 23.3574 8.5
      vertex 41.5248 23.5887 4
      vertex 40.8435 23.3574 4
    endloop
  endfacet
  facet normal -0.751879 -0.659301 0
    outer loop
      vertex 43.7834 32.0182 3
      vertex 43.3091 32.5591 8.5
      vertex 43.3091 32.5591 3
    endloop
  endfacet
  facet normal -0.751879 -0.659301 0
    outer loop
      vertex 43.3091 32.5591 8.5
      vertex 43.7834 32.0182 3
      vertex 43.7834 32.0182 8.5
    endloop
  endfacet
  facet normal -0.831472 -0.555566 0
    outer loop
      vertex 44.1831 31.42 3
      vertex 43.7834 32.0182 8.5
      vertex 43.7834 32.0182 3
    endloop
  endfacet
  facet normal -0.831472 -0.555566 0
    outer loop
      vertex 43.7834 32.0182 8.5
      vertex 44.1831 31.42 3
      vertex 44.1831 31.42 8.5
    endloop
  endfacet
  facet normal -0.89686 0.442314 0
    outer loop
      vertex 44.1831 25.92 4
      vertex 44.5013 26.5652 8.5
      vertex 44.5013 26.5652 4
    endloop
  endfacet
  facet normal -0.89686 0.442314 0
    outer loop
      vertex 44.5013 26.5652 8.5
      vertex 44.1831 25.92 4
      vertex 44.1831 25.92 8.5
    endloop
  endfacet
  facet normal -0.89686 -0.442314 0
    outer loop
      vertex 44.5013 30.7748 3
      vertex 44.1831 31.42 8.5
      vertex 44.1831 31.42 3
    endloop
  endfacet
  facet normal -0.89686 -0.442314 0
    outer loop
      vertex 44.1831 31.42 8.5
      vertex 44.5013 30.7748 3
      vertex 44.5013 30.7748 8.5
    endloop
  endfacet
  facet normal 0.659301 -0.751879 0
    outer loop
      vertex 35.5309 32.5591 3
      vertex 36.0718 33.0334 8.5
      vertex 35.5309 32.5591 8.5
    endloop
  endfacet
  facet normal 0.659301 -0.751879 0
    outer loop
      vertex 36.0718 33.0334 8.5
      vertex 35.5309 32.5591 3
      vertex 36.0718 33.0334 3
    endloop
  endfacet
  facet normal 0.321477 -0.946918 0
    outer loop
      vertex 37.3152 33.7513 3
      vertex 37.9965 33.9826 8.5
      vertex 37.3152 33.7513 8.5
    endloop
  endfacet
  facet normal 0.321477 -0.946918 0
    outer loop
      vertex 37.9965 33.9826 8.5
      vertex 37.3152 33.7513 3
      vertex 37.9965 33.9826 3
    endloop
  endfacet
  facet normal 0.442314 0.89686 -0
    outer loop
      vertex 37.3152 23.5887 4
      vertex 36.67 23.9069 8.5
      vertex 37.3152 23.5887 8.5
    endloop
  endfacet
  facet normal 0.442314 0.89686 0
    outer loop
      vertex 36.67 23.9069 8.5
      vertex 37.3152 23.5887 4
      vertex 36.67 23.9069 4
    endloop
  endfacet
  facet normal 0.555566 -0.831472 0
    outer loop
      vertex 36.0718 33.0334 3
      vertex 36.67 33.4331 8.5
      vertex 36.0718 33.0334 8.5
    endloop
  endfacet
  facet normal 0.555566 -0.831472 0
    outer loop
      vertex 36.67 33.4331 8.5
      vertex 36.0718 33.0334 3
      vertex 36.67 33.4331 3
    endloop
  endfacet
  facet normal 0.946861 -0.321644 0
    outer loop
      vertex 34.3387 30.7748 8.5
      vertex 34.3031 30.67 4
      vertex 34.3387 30.7748 3
    endloop
  endfacet
  facet normal 0.946918 -0.321477 -4.33639e-06
    outer loop
      vertex 34.1074 30.0935 8.5
      vertex 34.3031 30.67 4
      vertex 34.3387 30.7748 8.5
    endloop
  endfacet
  facet normal 0.946928 -0.321446 0
    outer loop
      vertex 34.3031 30.67 4
      vertex 34.1074 30.0935 8.5
      vertex 34.1074 30.0935 4
    endloop
  endfacet
  facet normal 0.946861 -0.321644 0
    outer loop
      vertex 34.3387 30.7748 3
      vertex 34.3031 30.67 4
      vertex 34.3031 30.67 3
    endloop
  endfacet
  facet normal 0.751879 -0.659301 0
    outer loop
      vertex 35.0566 32.0182 8.5
      vertex 35.5309 32.5591 3
      vertex 35.5309 32.5591 8.5
    endloop
  endfacet
  facet normal 0.751879 -0.659301 0
    outer loop
      vertex 35.5309 32.5591 3
      vertex 35.0566 32.0182 8.5
      vertex 35.0566 32.0182 3
    endloop
  endfacet
  facet normal 0.831472 0.555566 0
    outer loop
      vertex 35.0566 25.3218 8.5
      vertex 34.6569 25.92 4
      vertex 34.6569 25.92 8.5
    endloop
  endfacet
  facet normal 0.831472 0.555566 0
    outer loop
      vertex 34.6569 25.92 4
      vertex 35.0566 25.3218 8.5
      vertex 35.0566 25.3218 4
    endloop
  endfacet
  facet normal -0.997855 0.0654673 0
    outer loop
      vertex 44.8729 27.9521 4
      vertex 44.92 28.67 8.5
      vertex 44.92 28.67 4
    endloop
  endfacet
  facet normal -0.997855 0.0654673 0
    outer loop
      vertex 44.92 28.67 8.5
      vertex 44.8729 27.9521 4
      vertex 44.8729 27.9521 8.5
    endloop
  endfacet
  facet normal 0.946918 0.321477 0
    outer loop
      vertex 34.3387 26.5652 8.5
      vertex 34.1074 27.2465 4
      vertex 34.1074 27.2465 8.5
    endloop
  endfacet
  facet normal 0.946918 0.321477 0
    outer loop
      vertex 34.1074 27.2465 4
      vertex 34.3387 26.5652 8.5
      vertex 34.3387 26.5652 4
    endloop
  endfacet
  facet normal -0.19502 0.980799 0
    outer loop
      vertex 40.8435 23.3574 4
      vertex 40.1379 23.2171 8.5
      vertex 40.8435 23.3574 8.5
    endloop
  endfacet
  facet normal -0.19502 0.980799 0
    outer loop
      vertex 40.1379 23.2171 8.5
      vertex 40.8435 23.3574 4
      vertex 40.1379 23.2171 4
    endloop
  endfacet
  facet normal -0.980799 0.19502 0
    outer loop
      vertex 44.7326 27.2465 4
      vertex 44.8729 27.9521 8.5
      vertex 44.8729 27.9521 4
    endloop
  endfacet
  facet normal -0.980799 0.19502 0
    outer loop
      vertex 44.8729 27.9521 8.5
      vertex 44.7326 27.2465 4
      vertex 44.7326 27.2465 8.5
    endloop
  endfacet
  facet normal -0.555566 -0.831472 0
    outer loop
      vertex 42.17 33.4331 3
      vertex 42.7682 33.0334 8.5
      vertex 42.17 33.4331 8.5
    endloop
  endfacet
  facet normal -0.555566 -0.831472 -0
    outer loop
      vertex 42.7682 33.0334 8.5
      vertex 42.17 33.4331 3
      vertex 42.7682 33.0334 3
    endloop
  endfacet
  facet normal 0.19502 0.980799 -0
    outer loop
      vertex 38.7021 23.2171 4
      vertex 37.9965 23.3574 8.5
      vertex 38.7021 23.2171 8.5
    endloop
  endfacet
  facet normal 0.19502 0.980799 0
    outer loop
      vertex 37.9965 23.3574 8.5
      vertex 38.7021 23.2171 4
      vertex 37.9965 23.3574 4
    endloop
  endfacet
  facet normal 0.442314 -0.89686 0
    outer loop
      vertex 36.67 33.4331 3
      vertex 37.3152 33.7513 8.5
      vertex 36.67 33.4331 8.5
    endloop
  endfacet
  facet normal 0.442314 -0.89686 0
    outer loop
      vertex 37.3152 33.7513 8.5
      vertex 36.67 33.4331 3
      vertex 37.3152 33.7513 3
    endloop
  endfacet
  facet normal -0.321477 -0.946918 0
    outer loop
      vertex 40.8435 33.9826 3
      vertex 41.5248 33.7513 8.5
      vertex 40.8435 33.9826 8.5
    endloop
  endfacet
  facet normal -0.321477 -0.946918 -0
    outer loop
      vertex 41.5248 33.7513 8.5
      vertex 40.8435 33.9826 3
      vertex 41.5248 33.7513 3
    endloop
  endfacet
  facet normal -0.751879 0.659301 0
    outer loop
      vertex 43.3091 24.7809 4
      vertex 43.7834 25.3218 8.5
      vertex 43.7834 25.3218 4
    endloop
  endfacet
  facet normal -0.751879 0.659301 0
    outer loop
      vertex 43.7834 25.3218 8.5
      vertex 43.3091 24.7809 4
      vertex 43.3091 24.7809 8.5
    endloop
  endfacet
  facet normal -0.442314 -0.89686 0
    outer loop
      vertex 41.5248 33.7513 3
      vertex 42.17 33.4331 8.5
      vertex 41.5248 33.7513 8.5
    endloop
  endfacet
  facet normal -0.442314 -0.89686 -0
    outer loop
      vertex 42.17 33.4331 8.5
      vertex 41.5248 33.7513 3
      vertex 42.17 33.4331 3
    endloop
  endfacet
  facet normal -0.659301 -0.751879 0
    outer loop
      vertex 42.7682 33.0334 3
      vertex 43.3091 32.5591 8.5
      vertex 42.7682 33.0334 8.5
    endloop
  endfacet
  facet normal -0.659301 -0.751879 -0
    outer loop
      vertex 43.3091 32.5591 8.5
      vertex 42.7682 33.0334 3
      vertex 43.3091 32.5591 3
    endloop
  endfacet
  facet normal -0.0654673 -0.997855 0
    outer loop
      vertex 39.42 34.17 3
      vertex 40.1379 34.1229 8.5
      vertex 39.42 34.17 8.5
    endloop
  endfacet
  facet normal -0.0654673 -0.997855 -0
    outer loop
      vertex 40.1379 34.1229 8.5
      vertex 39.42 34.17 3
      vertex 40.1379 34.1229 3
    endloop
  endfacet
  facet normal -0.659301 0.751879 0
    outer loop
      vertex 43.3091 24.7809 4
      vertex 42.7682 24.3066 8.5
      vertex 43.3091 24.7809 8.5
    endloop
  endfacet
  facet normal -0.659301 0.751879 0
    outer loop
      vertex 42.7682 24.3066 8.5
      vertex 43.3091 24.7809 4
      vertex 42.7682 24.3066 4
    endloop
  endfacet
  facet normal -0.555566 0.831472 0
    outer loop
      vertex 42.7682 24.3066 4
      vertex 42.17 23.9069 8.5
      vertex 42.7682 24.3066 8.5
    endloop
  endfacet
  facet normal -0.555566 0.831472 0
    outer loop
      vertex 42.17 23.9069 8.5
      vertex 42.7682 24.3066 4
      vertex 42.17 23.9069 4
    endloop
  endfacet
  facet normal 0.89686 0.442314 0
    outer loop
      vertex 34.6569 25.92 8.5
      vertex 34.3387 26.5652 4
      vertex 34.3387 26.5652 8.5
    endloop
  endfacet
  facet normal 0.89686 0.442314 0
    outer loop
      vertex 34.3387 26.5652 4
      vertex 34.6569 25.92 8.5
      vertex 34.6569 25.92 4
    endloop
  endfacet
  facet normal -0.442314 0.89686 0
    outer loop
      vertex 42.17 23.9069 4
      vertex 41.5248 23.5887 8.5
      vertex 42.17 23.9069 8.5
    endloop
  endfacet
  facet normal -0.442314 0.89686 0
    outer loop
      vertex 41.5248 23.5887 8.5
      vertex 42.17 23.9069 4
      vertex 41.5248 23.5887 4
    endloop
  endfacet
  facet normal 0.659301 0.751879 -0
    outer loop
      vertex 36.0718 24.3066 4
      vertex 35.5309 24.7809 8.5
      vertex 36.0718 24.3066 8.5
    endloop
  endfacet
  facet normal 0.659301 0.751879 0
    outer loop
      vertex 35.5309 24.7809 8.5
      vertex 36.0718 24.3066 4
      vertex 35.5309 24.7809 4
    endloop
  endfacet
  facet normal 0.997855 0.0654673 0
    outer loop
      vertex 33.9671 27.9521 8.5
      vertex 33.92 28.67 4
      vertex 33.92 28.67 8.5
    endloop
  endfacet
  facet normal 0.997855 0.0654673 0
    outer loop
      vertex 33.92 28.67 4
      vertex 33.9671 27.9521 8.5
      vertex 33.9671 27.9521 4
    endloop
  endfacet
  facet normal -0.946918 0.321477 0
    outer loop
      vertex 44.5013 26.5652 4
      vertex 44.7326 27.2465 8.5
      vertex 44.7326 27.2465 4
    endloop
  endfacet
  facet normal -0.946918 0.321477 0
    outer loop
      vertex 44.7326 27.2465 8.5
      vertex 44.5013 26.5652 4
      vertex 44.5013 26.5652 8.5
    endloop
  endfacet
  facet normal 0.980799 -0.19502 0
    outer loop
      vertex 33.9671 29.3879 8.5
      vertex 34.1074 30.0935 4
      vertex 34.1074 30.0935 8.5
    endloop
  endfacet
  facet normal 0.980799 -0.19502 0
    outer loop
      vertex 34.1074 30.0935 4
      vertex 33.9671 29.3879 8.5
      vertex 33.9671 29.3879 4
    endloop
  endfacet
  facet normal 0.321477 0.946918 -0
    outer loop
      vertex 37.9965 23.3574 4
      vertex 37.3152 23.5887 8.5
      vertex 37.9965 23.3574 8.5
    endloop
  endfacet
  facet normal 0.321477 0.946918 0
    outer loop
      vertex 37.3152 23.5887 8.5
      vertex 37.9965 23.3574 4
      vertex 37.3152 23.5887 4
    endloop
  endfacet
  facet normal 0.555566 0.831472 -0
    outer loop
      vertex 36.67 23.9069 4
      vertex 36.0718 24.3066 8.5
      vertex 36.67 23.9069 8.5
    endloop
  endfacet
  facet normal 0.555566 0.831472 0
    outer loop
      vertex 36.0718 24.3066 8.5
      vertex 36.67 23.9069 4
      vertex 36.0718 24.3066 4
    endloop
  endfacet
  facet normal 0.831472 -0.555566 0
    outer loop
      vertex 34.6569 31.42 8.5
      vertex 35.0566 32.0182 3
      vertex 35.0566 32.0182 8.5
    endloop
  endfacet
  facet normal 0.831472 -0.555566 0
    outer loop
      vertex 35.0566 32.0182 3
      vertex 34.6569 31.42 8.5
      vertex 34.6569 31.42 3
    endloop
  endfacet
  facet normal 0.0654673 -0.997855 0
    outer loop
      vertex 38.7021 34.1229 3
      vertex 39.42 34.17 8.5
      vertex 38.7021 34.1229 8.5
    endloop
  endfacet
  facet normal 0.0654673 -0.997855 0
    outer loop
      vertex 39.42 34.17 8.5
      vertex 38.7021 34.1229 3
      vertex 39.42 34.17 3
    endloop
  endfacet
  facet normal 0.0654673 0.997855 -0
    outer loop
      vertex 39.42 23.17 4
      vertex 38.7021 23.2171 8.5
      vertex 39.42 23.17 8.5
    endloop
  endfacet
  facet normal 0.0654673 0.997855 0
    outer loop
      vertex 38.7021 23.2171 8.5
      vertex 39.42 23.17 4
      vertex 38.7021 23.2171 4
    endloop
  endfacet
  facet normal -0.19502 -0.980799 0
    outer loop
      vertex 40.1379 34.1229 3
      vertex 40.8435 33.9826 8.5
      vertex 40.1379 34.1229 8.5
    endloop
  endfacet
  facet normal -0.19502 -0.980799 -0
    outer loop
      vertex 40.8435 33.9826 8.5
      vertex 40.1379 34.1229 3
      vertex 40.8435 33.9826 3
    endloop
  endfacet
  facet normal 0.980799 0.19502 0
    outer loop
      vertex 34.1074 27.2465 8.5
      vertex 33.9671 27.9521 4
      vertex 33.9671 27.9521 8.5
    endloop
  endfacet
  facet normal 0.980799 0.19502 0
    outer loop
      vertex 33.9671 27.9521 4
      vertex 34.1074 27.2465 8.5
      vertex 34.1074 27.2465 4
    endloop
  endfacet
  facet normal 0.751879 0.659301 0
    outer loop
      vertex 35.5309 24.7809 8.5
      vertex 35.0566 25.3218 4
      vertex 35.0566 25.3218 8.5
    endloop
  endfacet
  facet normal 0.751879 0.659301 0
    outer loop
      vertex 35.0566 25.3218 4
      vertex 35.5309 24.7809 8.5
      vertex 35.5309 24.7809 4
    endloop
  endfacet
  facet normal 0.89686 -0.442314 0
    outer loop
      vertex 34.3387 30.7748 8.5
      vertex 34.6569 31.42 3
      vertex 34.6569 31.42 8.5
    endloop
  endfacet
  facet normal 0.89686 -0.442314 0
    outer loop
      vertex 34.6569 31.42 3
      vertex 34.3387 30.7748 8.5
      vertex 34.3387 30.7748 3
    endloop
  endfacet
  facet normal 0 0 1
    outer loop
      vertex 44.1831 31.42 3
      vertex 44.5369 30.67 3
      vertex 44.5013 30.7748 3
    endloop
  endfacet
  facet normal 0 0 1
    outer loop
      vertex 43.7834 32.0182 3
      vertex 44.5369 30.67 3
      vertex 44.1831 31.42 3
    endloop
  endfacet
  facet normal 0 0 1
    outer loop
      vertex 43.3091 32.5591 3
      vertex 44.5369 30.67 3
      vertex 43.7834 32.0182 3
    endloop
  endfacet
  facet normal 0 0 1
    outer loop
      vertex 42.7682 33.0334 3
      vertex 44.5369 30.67 3
      vertex 43.3091 32.5591 3
    endloop
  endfacet
  facet normal 0 0 1
    outer loop
      vertex 42.17 33.4331 3
      vertex 44.5369 30.67 3
      vertex 42.7682 33.0334 3
    endloop
  endfacet
  facet normal 0 0 1
    outer loop
      vertex 41.5248 33.7513 3
      vertex 44.5369 30.67 3
      vertex 42.17 33.4331 3
    endloop
  endfacet
  facet normal 0 0 1
    outer loop
      vertex 40.8435 33.9826 3
      vertex 44.5369 30.67 3
      vertex 41.5248 33.7513 3
    endloop
  endfacet
  facet normal 0 0 1
    outer loop
      vertex 40.1379 34.1229 3
      vertex 44.5369 30.67 3
      vertex 40.8435 33.9826 3
    endloop
  endfacet
  facet normal 0 0 1
    outer loop
      vertex 39.42 34.17 3
      vertex 44.5369 30.67 3
      vertex 40.1379 34.1229 3
    endloop
  endfacet
  facet normal -0 0 1
    outer loop
      vertex 38.7021 34.1229 3
      vertex 44.5369 30.67 3
      vertex 39.42 34.17 3
    endloop
  endfacet
  facet normal -0 0 1
    outer loop
      vertex 37.9965 33.9826 3
      vertex 44.5369 30.67 3
      vertex 38.7021 34.1229 3
    endloop
  endfacet
  facet normal -0 0 1
    outer loop
      vertex 37.3152 33.7513 3
      vertex 44.5369 30.67 3
      vertex 37.9965 33.9826 3
    endloop
  endfacet
  facet normal -0 0 1
    outer loop
      vertex 36.67 33.4331 3
      vertex 44.5369 30.67 3
      vertex 37.3152 33.7513 3
    endloop
  endfacet
  facet normal -0 0 1
    outer loop
      vertex 36.0718 33.0334 3
      vertex 44.5369 30.67 3
      vertex 36.67 33.4331 3
    endloop
  endfacet
  facet normal -0 0 1
    outer loop
      vertex 35.5309 32.5591 3
      vertex 44.5369 30.67 3
      vertex 36.0718 33.0334 3
    endloop
  endfacet
  facet normal -0 0 1
    outer loop
      vertex 35.0566 32.0182 3
      vertex 44.5369 30.67 3
      vertex 35.5309 32.5591 3
    endloop
  endfacet
  facet normal -0 0 1
    outer loop
      vertex 34.6569 31.42 3
      vertex 44.5369 30.67 3
      vertex 35.0566 32.0182 3
    endloop
  endfacet
  facet normal 0 0 1
    outer loop
      vertex 34.3031 30.67 3
      vertex 34.6569 31.42 3
      vertex 34.3387 30.7748 3
    endloop
  endfacet
  facet normal 0 0 1
    outer loop
      vertex 34.6569 31.42 3
      vertex 34.3031 30.67 3
      vertex 44.5369 30.67 3
    endloop
  endfacet
  facet normal -0.0654673 0.997855 0
    outer loop
      vertex 60.1379 23.2171 4
      vertex 59.42 23.17 8.5
      vertex 60.1379 23.2171 8.5
    endloop
  endfacet
  facet normal -0.0654673 0.997855 0
    outer loop
      vertex 59.42 23.17 8.5
      vertex 60.1379 23.2171 4
      vertex 59.42 23.17 4
    endloop
  endfacet
  facet normal -0.980799 -0.19502 0
    outer loop
      vertex 64.8729 29.3879 4
      vertex 64.7326 30.0935 8.5
      vertex 64.7326 30.0935 4
    endloop
  endfacet
  facet normal -0.980799 -0.19502 0
    outer loop
      vertex 64.7326 30.0935 8.5
      vertex 64.8729 29.3879 4
      vertex 64.8729 29.3879 8.5
    endloop
  endfacet
  facet normal -0.997855 -0.0654673 0
    outer loop
      vertex 64.92 28.67 4
      vertex 64.8729 29.3879 8.5
      vertex 64.8729 29.3879 4
    endloop
  endfacet
  facet normal -0.997855 -0.0654673 0
    outer loop
      vertex 64.8729 29.3879 8.5
      vertex 64.92 28.67 4
      vertex 64.92 28.67 8.5
    endloop
  endfacet
  facet normal -0.946861 -0.321644 -0
    outer loop
      vertex 64.5369 30.67 4
      vertex 64.5013 30.7748 3
      vertex 64.5369 30.67 3
    endloop
  endfacet
  facet normal -0.946861 -0.321644 0
    outer loop
      vertex 64.5013 30.7748 3
      vertex 64.5369 30.67 4
      vertex 64.5013 30.7748 8.5
    endloop
  endfacet
  facet normal -0.946928 -0.321446 -0
    outer loop
      vertex 64.7326 30.0935 8.5
      vertex 64.5369 30.67 4
      vertex 64.7326 30.0935 4
    endloop
  endfacet
  facet normal -0.946918 -0.321477 -4.33639e-06
    outer loop
      vertex 64.5369 30.67 4
      vertex 64.7326 30.0935 8.5
      vertex 64.5013 30.7748 8.5
    endloop
  endfacet
  facet normal -0.831472 0.555566 0
    outer loop
      vertex 63.7834 25.3218 4
      vertex 64.1831 25.92 8.5
      vertex 64.1831 25.92 4
    endloop
  endfacet
  facet normal -0.831472 0.555566 0
    outer loop
      vertex 64.1831 25.92 8.5
      vertex 63.7834 25.3218 4
      vertex 63.7834 25.3218 8.5
    endloop
  endfacet
  facet normal 0.19502 -0.980799 0
    outer loop
      vertex 57.9965 33.9826 3
      vertex 58.7021 34.1229 8.5
      vertex 57.9965 33.9826 8.5
    endloop
  endfacet
  facet normal 0.19502 -0.980799 0
    outer loop
      vertex 58.7021 34.1229 8.5
      vertex 57.9965 33.9826 3
      vertex 58.7021 34.1229 3
    endloop
  endfacet
  facet normal 0.997855 -0.0654673 0
    outer loop
      vertex 53.92 28.67 8.5
      vertex 53.9671 29.3879 4
      vertex 53.9671 29.3879 8.5
    endloop
  endfacet
  facet normal 0.997855 -0.0654673 0
    outer loop
      vertex 53.9671 29.3879 4
      vertex 53.92 28.67 8.5
      vertex 53.92 28.67 4
    endloop
  endfacet
  facet normal -0.321477 0.946918 0
    outer loop
      vertex 61.5248 23.5887 4
      vertex 60.8435 23.3574 8.5
      vertex 61.5248 23.5887 8.5
    endloop
  endfacet
  facet normal -0.321477 0.946918 0
    outer loop
      vertex 60.8435 23.3574 8.5
      vertex 61.5248 23.5887 4
      vertex 60.8435 23.3574 4
    endloop
  endfacet
  facet normal -0.751879 -0.659301 0
    outer loop
      vertex 63.7834 32.0182 3
      vertex 63.3091 32.5591 8.5
      vertex 63.3091 32.5591 3
    endloop
  endfacet
  facet normal -0.751879 -0.659301 0
    outer loop
      vertex 63.3091 32.5591 8.5
      vertex 63.7834 32.0182 3
      vertex 63.7834 32.0182 8.5
    endloop
  endfacet
  facet normal -0.831472 -0.555566 0
    outer loop
      vertex 64.1831 31.42 3
      vertex 63.7834 32.0182 8.5
      vertex 63.7834 32.0182 3
    endloop
  endfacet
  facet normal -0.831472 -0.555566 0
    outer loop
      vertex 63.7834 32.0182 8.5
      vertex 64.1831 31.42 3
      vertex 64.1831 31.42 8.5
    endloop
  endfacet
  facet normal -0.89686 0.442314 0
    outer loop
      vertex 64.1831 25.92 4
      vertex 64.5013 26.5652 8.5
      vertex 64.5013 26.5652 4
    endloop
  endfacet
  facet normal -0.89686 0.442314 0
    outer loop
      vertex 64.5013 26.5652 8.5
      vertex 64.1831 25.92 4
      vertex 64.1831 25.92 8.5
    endloop
  endfacet
  facet normal -0.89686 -0.442314 0
    outer loop
      vertex 64.5013 30.7748 3
      vertex 64.1831 31.42 8.5
      vertex 64.1831 31.42 3
    endloop
  endfacet
  facet normal -0.89686 -0.442314 0
    outer loop
      vertex 64.1831 31.42 8.5
      vertex 64.5013 30.7748 3
      vertex 64.5013 30.7748 8.5
    endloop
  endfacet
  facet normal 0.659301 -0.751879 0
    outer loop
      vertex 55.5309 32.5591 3
      vertex 56.0718 33.0334 8.5
      vertex 55.5309 32.5591 8.5
    endloop
  endfacet
  facet normal 0.659301 -0.751879 0
    outer loop
      vertex 56.0718 33.0334 8.5
      vertex 55.5309 32.5591 3
      vertex 56.0718 33.0334 3
    endloop
  endfacet
  facet normal 0.321477 -0.946918 0
    outer loop
      vertex 57.3152 33.7513 3
      vertex 57.9965 33.9826 8.5
      vertex 57.3152 33.7513 8.5
    endloop
  endfacet
  facet normal 0.321477 -0.946918 0
    outer loop
      vertex 57.9965 33.9826 8.5
      vertex 57.3152 33.7513 3
      vertex 57.9965 33.9826 3
    endloop
  endfacet
  facet normal 0.442314 0.89686 -0
    outer loop
      vertex 57.3152 23.5887 4
      vertex 56.67 23.9069 8.5
      vertex 57.3152 23.5887 8.5
    endloop
  endfacet
  facet normal 0.442314 0.89686 0
    outer loop
      vertex 56.67 23.9069 8.5
      vertex 57.3152 23.5887 4
      vertex 56.67 23.9069 4
    endloop
  endfacet
  facet normal 0.555566 -0.831472 0
    outer loop
      vertex 56.0718 33.0334 3
      vertex 56.67 33.4331 8.5
      vertex 56.0718 33.0334 8.5
    endloop
  endfacet
  facet normal 0.555566 -0.831472 0
    outer loop
      vertex 56.67 33.4331 8.5
      vertex 56.0718 33.0334 3
      vertex 56.67 33.4331 3
    endloop
  endfacet
  facet normal 0.946861 -0.321644 0
    outer loop
      vertex 54.3387 30.7748 8.5
      vertex 54.3031 30.67 4
      vertex 54.3387 30.7748 3
    endloop
  endfacet
  facet normal 0.946918 -0.321477 -4.33639e-06
    outer loop
      vertex 54.1074 30.0935 8.5
      vertex 54.3031 30.67 4
      vertex 54.3387 30.7748 8.5
    endloop
  endfacet
  facet normal 0.946928 -0.321446 0
    outer loop
      vertex 54.3031 30.67 4
      vertex 54.1074 30.0935 8.5
      vertex 54.1074 30.0935 4
    endloop
  endfacet
  facet normal 0.946861 -0.321644 0
    outer loop
      vertex 54.3387 30.7748 3
      vertex 54.3031 30.67 4
      vertex 54.3031 30.67 3
    endloop
  endfacet
  facet normal 0.751879 -0.659301 0
    outer loop
      vertex 55.0566 32.0182 8.5
      vertex 55.5309 32.5591 3
      vertex 55.5309 32.5591 8.5
    endloop
  endfacet
  facet normal 0.751879 -0.659301 0
    outer loop
      vertex 55.5309 32.5591 3
      vertex 55.0566 32.0182 8.5
      vertex 55.0566 32.0182 3
    endloop
  endfacet
  facet normal 0.831472 0.555566 0
    outer loop
      vertex 55.0566 25.3218 8.5
      vertex 54.6569 25.92 4
      vertex 54.6569 25.92 8.5
    endloop
  endfacet
  facet normal 0.831472 0.555566 0
    outer loop
      vertex 54.6569 25.92 4
      vertex 55.0566 25.3218 8.5
      vertex 55.0566 25.3218 4
    endloop
  endfacet
  facet normal -0.997855 0.0654673 0
    outer loop
      vertex 64.8729 27.9521 4
      vertex 64.92 28.67 8.5
      vertex 64.92 28.67 4
    endloop
  endfacet
  facet normal -0.997855 0.0654673 0
    outer loop
      vertex 64.92 28.67 8.5
      vertex 64.8729 27.9521 4
      vertex 64.8729 27.9521 8.5
    endloop
  endfacet
  facet normal 0.946918 0.321477 0
    outer loop
      vertex 54.3387 26.5652 8.5
      vertex 54.1074 27.2465 4
      vertex 54.1074 27.2465 8.5
    endloop
  endfacet
  facet normal 0.946918 0.321477 0
    outer loop
      vertex 54.1074 27.2465 4
      vertex 54.3387 26.5652 8.5
      vertex 54.3387 26.5652 4
    endloop
  endfacet
  facet normal -0.19502 0.980799 0
    outer loop
      vertex 60.8435 23.3574 4
      vertex 60.1379 23.2171 8.5
      vertex 60.8435 23.3574 8.5
    endloop
  endfacet
  facet normal -0.19502 0.980799 0
    outer loop
      vertex 60.1379 23.2171 8.5
      vertex 60.8435 23.3574 4
      vertex 60.1379 23.2171 4
    endloop
  endfacet
  facet normal -0.980799 0.19502 0
    outer loop
      vertex 64.7326 27.2465 4
      vertex 64.8729 27.9521 8.5
      vertex 64.8729 27.9521 4
    endloop
  endfacet
  facet normal -0.980799 0.19502 0
    outer loop
      vertex 64.8729 27.9521 8.5
      vertex 64.7326 27.2465 4
      vertex 64.7326 27.2465 8.5
    endloop
  endfacet
  facet normal -0.555566 -0.831472 0
    outer loop
      vertex 62.17 33.4331 3
      vertex 62.7682 33.0334 8.5
      vertex 62.17 33.4331 8.5
    endloop
  endfacet
  facet normal -0.555566 -0.831472 -0
    outer loop
      vertex 62.7682 33.0334 8.5
      vertex 62.17 33.4331 3
      vertex 62.7682 33.0334 3
    endloop
  endfacet
  facet normal 0.19502 0.980799 -0
    outer loop
      vertex 58.7021 23.2171 4
      vertex 57.9965 23.3574 8.5
      vertex 58.7021 23.2171 8.5
    endloop
  endfacet
  facet normal 0.19502 0.980799 0
    outer loop
      vertex 57.9965 23.3574 8.5
      vertex 58.7021 23.2171 4
      vertex 57.9965 23.3574 4
    endloop
  endfacet
  facet normal 0.442314 -0.89686 0
    outer loop
      vertex 56.67 33.4331 3
      vertex 57.3152 33.7513 8.5
      vertex 56.67 33.4331 8.5
    endloop
  endfacet
  facet normal 0.442314 -0.89686 0
    outer loop
      vertex 57.3152 33.7513 8.5
      vertex 56.67 33.4331 3
      vertex 57.3152 33.7513 3
    endloop
  endfacet
  facet normal -0.321477 -0.946918 0
    outer loop
      vertex 60.8435 33.9826 3
      vertex 61.5248 33.7513 8.5
      vertex 60.8435 33.9826 8.5
    endloop
  endfacet
  facet normal -0.321477 -0.946918 -0
    outer loop
      vertex 61.5248 33.7513 8.5
      vertex 60.8435 33.9826 3
      vertex 61.5248 33.7513 3
    endloop
  endfacet
  facet normal -0.751879 0.659301 0
    outer loop
      vertex 63.3091 24.7809 4
      vertex 63.7834 25.3218 8.5
      vertex 63.7834 25.3218 4
    endloop
  endfacet
  facet normal -0.751879 0.659301 0
    outer loop
      vertex 63.7834 25.3218 8.5
      vertex 63.3091 24.7809 4
      vertex 63.3091 24.7809 8.5
    endloop
  endfacet
  facet normal -0.442314 -0.89686 0
    outer loop
      vertex 61.5248 33.7513 3
      vertex 62.17 33.4331 8.5
      vertex 61.5248 33.7513 8.5
    endloop
  endfacet
  facet normal -0.442314 -0.89686 -0
    outer loop
      vertex 62.17 33.4331 8.5
      vertex 61.5248 33.7513 3
      vertex 62.17 33.4331 3
    endloop
  endfacet
  facet normal -0.659301 -0.751879 0
    outer loop
      vertex 62.7682 33.0334 3
      vertex 63.3091 32.5591 8.5
      vertex 62.7682 33.0334 8.5
    endloop
  endfacet
  facet normal -0.659301 -0.751879 -0
    outer loop
      vertex 63.3091 32.5591 8.5
      vertex 62.7682 33.0334 3
      vertex 63.3091 32.5591 3
    endloop
  endfacet
  facet normal -0.0654673 -0.997855 0
    outer loop
      vertex 59.42 34.17 3
      vertex 60.1379 34.1229 8.5
      vertex 59.42 34.17 8.5
    endloop
  endfacet
  facet normal -0.0654673 -0.997855 -0
    outer loop
      vertex 60.1379 34.1229 8.5
      vertex 59.42 34.17 3
      vertex 60.1379 34.1229 3
    endloop
  endfacet
  facet normal -0.659301 0.751879 0
    outer loop
      vertex 63.3091 24.7809 4
      vertex 62.7682 24.3066 8.5
      vertex 63.3091 24.7809 8.5
    endloop
  endfacet
  facet normal -0.659301 0.751879 0
    outer loop
      vertex 62.7682 24.3066 8.5
      vertex 63.3091 24.7809 4
      vertex 62.7682 24.3066 4
    endloop
  endfacet
  facet normal -0.555566 0.831472 0
    outer loop
      vertex 62.7682 24.3066 4
      vertex 62.17 23.9069 8.5
      vertex 62.7682 24.3066 8.5
    endloop
  endfacet
  facet normal -0.555566 0.831472 0
    outer loop
      vertex 62.17 23.9069 8.5
      vertex 62.7682 24.3066 4
      vertex 62.17 23.9069 4
    endloop
  endfacet
  facet normal 0.89686 0.442314 0
    outer loop
      vertex 54.6569 25.92 8.5
      vertex 54.3387 26.5652 4
      vertex 54.3387 26.5652 8.5
    endloop
  endfacet
  facet normal 0.89686 0.442314 0
    outer loop
      vertex 54.3387 26.5652 4
      vertex 54.6569 25.92 8.5
      vertex 54.6569 25.92 4
    endloop
  endfacet
  facet normal -0.442314 0.89686 0
    outer loop
      vertex 62.17 23.9069 4
      vertex 61.5248 23.5887 8.5
      vertex 62.17 23.9069 8.5
    endloop
  endfacet
  facet normal -0.442314 0.89686 0
    outer loop
      vertex 61.5248 23.5887 8.5
      vertex 62.17 23.9069 4
      vertex 61.5248 23.5887 4
    endloop
  endfacet
  facet normal 0.659301 0.751879 -0
    outer loop
      vertex 56.0718 24.3066 4
      vertex 55.5309 24.7809 8.5
      vertex 56.0718 24.3066 8.5
    endloop
  endfacet
  facet normal 0.659301 0.751879 0
    outer loop
      vertex 55.5309 24.7809 8.5
      vertex 56.0718 24.3066 4
      vertex 55.5309 24.7809 4
    endloop
  endfacet
  facet normal 0.997855 0.0654673 0
    outer loop
      vertex 53.9671 27.9521 8.5
      vertex 53.92 28.67 4
      vertex 53.92 28.67 8.5
    endloop
  endfacet
  facet normal 0.997855 0.0654673 0
    outer loop
      vertex 53.92 28.67 4
      vertex 53.9671 27.9521 8.5
      vertex 53.9671 27.9521 4
    endloop
  endfacet
  facet normal -0.946918 0.321477 0
    outer loop
      vertex 64.5013 26.5652 4
      vertex 64.7326 27.2465 8.5
      vertex 64.7326 27.2465 4
    endloop
  endfacet
  facet normal -0.946918 0.321477 0
    outer loop
      vertex 64.7326 27.2465 8.5
      vertex 64.5013 26.5652 4
      vertex 64.5013 26.5652 8.5
    endloop
  endfacet
  facet normal 0.980799 -0.19502 0
    outer loop
      vertex 53.9671 29.3879 8.5
      vertex 54.1074 30.0935 4
      vertex 54.1074 30.0935 8.5
    endloop
  endfacet
  facet normal 0.980799 -0.19502 0
    outer loop
      vertex 54.1074 30.0935 4
      vertex 53.9671 29.3879 8.5
      vertex 53.9671 29.3879 4
    endloop
  endfacet
  facet normal 0.321477 0.946918 -0
    outer loop
      vertex 57.9965 23.3574 4
      vertex 57.3152 23.5887 8.5
      vertex 57.9965 23.3574 8.5
    endloop
  endfacet
  facet normal 0.321477 0.946918 0
    outer loop
      vertex 57.3152 23.5887 8.5
      vertex 57.9965 23.3574 4
      vertex 57.3152 23.5887 4
    endloop
  endfacet
  facet normal 0.831472 -0.555566 0
    outer loop
      vertex 54.6569 31.42 8.5
      vertex 55.0566 32.0182 3
      vertex 55.0566 32.0182 8.5
    endloop
  endfacet
  facet normal 0.831472 -0.555566 0
    outer loop
      vertex 55.0566 32.0182 3
      vertex 54.6569 31.42 8.5
      vertex 54.6569 31.42 3
    endloop
  endfacet
  facet normal 0.0654673 -0.997855 0
    outer loop
      vertex 58.7021 34.1229 3
      vertex 59.42 34.17 8.5
      vertex 58.7021 34.1229 8.5
    endloop
  endfacet
  facet normal 0.0654673 -0.997855 0
    outer loop
      vertex 59.42 34.17 8.5
      vertex 58.7021 34.1229 3
      vertex 59.42 34.17 3
    endloop
  endfacet
  facet normal 0.0654673 0.997855 -0
    outer loop
      vertex 59.42 23.17 4
      vertex 58.7021 23.2171 8.5
      vertex 59.42 23.17 8.5
    endloop
  endfacet
  facet normal 0.0654673 0.997855 0
    outer loop
      vertex 58.7021 23.2171 8.5
      vertex 59.42 23.17 4
      vertex 58.7021 23.2171 4
    endloop
  endfacet
  facet normal 0.555566 0.831472 -0
    outer loop
      vertex 56.67 23.9069 4
      vertex 56.0718 24.3066 8.5
      vertex 56.67 23.9069 8.5
    endloop
  endfacet
  facet normal 0.555566 0.831472 0
    outer loop
      vertex 56.0718 24.3066 8.5
      vertex 56.67 23.9069 4
      vertex 56.0718 24.3066 4
    endloop
  endfacet
  facet normal -0.19502 -0.980799 0
    outer loop
      vertex 60.1379 34.1229 3
      vertex 60.8435 33.9826 8.5
      vertex 60.1379 34.1229 8.5
    endloop
  endfacet
  facet normal -0.19502 -0.980799 -0
    outer loop
      vertex 60.8435 33.9826 8.5
      vertex 60.1379 34.1229 3
      vertex 60.8435 33.9826 3
    endloop
  endfacet
  facet normal 0.980799 0.19502 0
    outer loop
      vertex 54.1074 27.2465 8.5
      vertex 53.9671 27.9521 4
      vertex 53.9671 27.9521 8.5
    endloop
  endfacet
  facet normal 0.980799 0.19502 0
    outer loop
      vertex 53.9671 27.9521 4
      vertex 54.1074 27.2465 8.5
      vertex 54.1074 27.2465 4
    endloop
  endfacet
  facet normal 0.751879 0.659301 0
    outer loop
      vertex 55.5309 24.7809 8.5
      vertex 55.0566 25.3218 4
      vertex 55.0566 25.3218 8.5
    endloop
  endfacet
  facet normal 0.751879 0.659301 0
    outer loop
      vertex 55.0566 25.3218 4
      vertex 55.5309 24.7809 8.5
      vertex 55.5309 24.7809 4
    endloop
  endfacet
  facet normal 0.89686 -0.442314 0
    outer loop
      vertex 54.3387 30.7748 8.5
      vertex 54.6569 31.42 3
      vertex 54.6569 31.42 8.5
    endloop
  endfacet
  facet normal 0.89686 -0.442314 0
    outer loop
      vertex 54.6569 31.42 3
      vertex 54.3387 30.7748 8.5
      vertex 54.3387 30.7748 3
    endloop
  endfacet
  facet normal 0 0 1
    outer loop
      vertex 64.1831 31.42 3
      vertex 64.5369 30.67 3
      vertex 64.5013 30.7748 3
    endloop
  endfacet
  facet normal 0 0 1
    outer loop
      vertex 63.7834 32.0182 3
      vertex 64.5369 30.67 3
      vertex 64.1831 31.42 3
    endloop
  endfacet
  facet normal 0 0 1
    outer loop
      vertex 63.3091 32.5591 3
      vertex 64.5369 30.67 3
      vertex 63.7834 32.0182 3
    endloop
  endfacet
  facet normal 0 0 1
    outer loop
      vertex 62.7682 33.0334 3
      vertex 64.5369 30.67 3
      vertex 63.3091 32.5591 3
    endloop
  endfacet
  facet normal 0 0 1
    outer loop
      vertex 62.17 33.4331 3
      vertex 64.5369 30.67 3
      vertex 62.7682 33.0334 3
    endloop
  endfacet
  facet normal 0 0 1
    outer loop
      vertex 61.5248 33.7513 3
      vertex 64.5369 30.67 3
      vertex 62.17 33.4331 3
    endloop
  endfacet
  facet normal 0 0 1
    outer loop
      vertex 60.8435 33.9826 3
      vertex 64.5369 30.67 3
      vertex 61.5248 33.7513 3
    endloop
  endfacet
  facet normal 0 0 1
    outer loop
      vertex 60.1379 34.1229 3
      vertex 64.5369 30.67 3
      vertex 60.8435 33.9826 3
    endloop
  endfacet
  facet normal 0 0 1
    outer loop
      vertex 59.42 34.17 3
      vertex 64.5369 30.67 3
      vertex 60.1379 34.1229 3
    endloop
  endfacet
  facet normal -0 0 1
    outer loop
      vertex 58.7021 34.1229 3
      vertex 64.5369 30.67 3
      vertex 59.42 34.17 3
    endloop
  endfacet
  facet normal -0 0 1
    outer loop
      vertex 57.9965 33.9826 3
      vertex 64.5369 30.67 3
      vertex 58.7021 34.1229 3
    endloop
  endfacet
  facet normal -0 0 1
    outer loop
      vertex 57.3152 33.7513 3
      vertex 64.5369 30.67 3
      vertex 57.9965 33.9826 3
    endloop
  endfacet
  facet normal -0 0 1
    outer loop
      vertex 56.67 33.4331 3
      vertex 64.5369 30.67 3
      vertex 57.3152 33.7513 3
    endloop
  endfacet
  facet normal -0 0 1
    outer loop
      vertex 56.0718 33.0334 3
      vertex 64.5369 30.67 3
      vertex 56.67 33.4331 3
    endloop
  endfacet
  facet normal -0 0 1
    outer loop
      vertex 55.5309 32.5591 3
      vertex 64.5369 30.67 3
      vertex 56.0718 33.0334 3
    endloop
  endfacet
  facet normal -0 0 1
    outer loop
      vertex 55.0566 32.0182 3
      vertex 64.5369 30.67 3
      vertex 55.5309 32.5591 3
    endloop
  endfacet
  facet normal -0 0 1
    outer loop
      vertex 54.6569 31.42 3
      vertex 64.5369 30.67 3
      vertex 55.0566 32.0182 3
    endloop
  endfacet
  facet normal 0 0 1
    outer loop
      vertex 54.3031 30.67 3
      vertex 54.6569 31.42 3
      vertex 54.3387 30.7748 3
    endloop
  endfacet
  facet normal 0 0 1
    outer loop
      vertex 54.6569 31.42 3
      vertex 54.3031 30.67 3
      vertex 64.5369 30.67 3
    endloop
  endfacet
  facet normal 0.946918 0.321477 0
    outer loop
      vertex 14.3387 50.5652 8.5
      vertex 14.1074 51.2465 3
      vertex 14.1074 51.2465 8.5
    endloop
  endfacet
  facet normal 0.946918 0.321477 0
    outer loop
      vertex 14.1074 51.2465 3
      vertex 14.3387 50.5652 8.5
      vertex 14.3387 50.5652 3
    endloop
  endfacet
  facet normal -0.980799 -0.19502 0
    outer loop
      vertex 24.8729 53.3879 3
      vertex 24.7326 54.0935 8.5
      vertex 24.7326 54.0935 3
    endloop
  endfacet
  facet normal -0.980799 -0.19502 0
    outer loop
      vertex 24.7326 54.0935 8.5
      vertex 24.8729 53.3879 3
      vertex 24.8729 53.3879 8.5
    endloop
  endfacet
  facet normal -0.831472 0.555566 0
    outer loop
      vertex 23.7834 49.3218 3
      vertex 24.1831 49.92 8.5
      vertex 24.1831 49.92 3
    endloop
  endfacet
  facet normal -0.831472 0.555566 0
    outer loop
      vertex 24.1831 49.92 8.5
      vertex 23.7834 49.3218 3
      vertex 23.7834 49.3218 8.5
    endloop
  endfacet
  facet normal 0.997855 0.0654673 0
    outer loop
      vertex 13.9671 51.9521 8.5
      vertex 13.92 52.67 3
      vertex 13.92 52.67 8.5
    endloop
  endfacet
  facet normal 0.997855 0.0654673 0
    outer loop
      vertex 13.92 52.67 3
      vertex 13.9671 51.9521 8.5
      vertex 13.9671 51.9521 3
    endloop
  endfacet
  facet normal -0.659301 0.751879 0
    outer loop
      vertex 23.3091 48.7809 3
      vertex 22.7682 48.3066 8.5
      vertex 23.3091 48.7809 8.5
    endloop
  endfacet
  facet normal -0.659301 0.751879 0
    outer loop
      vertex 22.7682 48.3066 8.5
      vertex 23.3091 48.7809 3
      vertex 22.7682 48.3066 3
    endloop
  endfacet
  facet normal 0.980799 0.19502 0
    outer loop
      vertex 14.1074 51.2465 8.5
      vertex 13.9671 51.9521 3
      vertex 13.9671 51.9521 8.5
    endloop
  endfacet
  facet normal 0.980799 0.19502 0
    outer loop
      vertex 13.9671 51.9521 3
      vertex 14.1074 51.2465 8.5
      vertex 14.1074 51.2465 3
    endloop
  endfacet
  facet normal -0.0654673 0.997855 0
    outer loop
      vertex 20.1379 47.2171 3
      vertex 19.42 47.17 8.5
      vertex 20.1379 47.2171 8.5
    endloop
  endfacet
  facet normal -0.0654673 0.997855 0
    outer loop
      vertex 19.42 47.17 8.5
      vertex 20.1379 47.2171 3
      vertex 19.42 47.17 3
    endloop
  endfacet
  facet normal -0.659301 -0.751879 0
    outer loop
      vertex 22.7682 57.0334 3
      vertex 23.3091 56.5591 8.5
      vertex 22.7682 57.0334 8.5
    endloop
  endfacet
  facet normal -0.659301 -0.751879 -0
    outer loop
      vertex 23.3091 56.5591 8.5
      vertex 22.7682 57.0334 3
      vertex 23.3091 56.5591 3
    endloop
  endfacet
  facet normal 0.19502 -0.980799 0
    outer loop
      vertex 17.9965 57.9826 3
      vertex 18.7021 58.1229 8.5
      vertex 17.9965 57.9826 8.5
    endloop
  endfacet
  facet normal 0.19502 -0.980799 0
    outer loop
      vertex 18.7021 58.1229 8.5
      vertex 17.9965 57.9826 3
      vertex 18.7021 58.1229 3
    endloop
  endfacet
  facet normal -0.19502 0.980799 0
    outer loop
      vertex 20.8435 47.3574 3
      vertex 20.1379 47.2171 8.5
      vertex 20.8435 47.3574 8.5
    endloop
  endfacet
  facet normal -0.19502 0.980799 0
    outer loop
      vertex 20.1379 47.2171 8.5
      vertex 20.8435 47.3574 3
      vertex 20.1379 47.2171 3
    endloop
  endfacet
  facet normal 0.442314 0.89686 -0
    outer loop
      vertex 17.3152 47.5887 3
      vertex 16.67 47.9069 8.5
      vertex 17.3152 47.5887 8.5
    endloop
  endfacet
  facet normal 0.442314 0.89686 0
    outer loop
      vertex 16.67 47.9069 8.5
      vertex 17.3152 47.5887 3
      vertex 16.67 47.9069 3
    endloop
  endfacet
  facet normal -0.946918 -0.321477 0
    outer loop
      vertex 24.7326 54.0935 3
      vertex 24.5013 54.7748 8.5
      vertex 24.5013 54.7748 3
    endloop
  endfacet
  facet normal -0.946918 -0.321477 0
    outer loop
      vertex 24.5013 54.7748 8.5
      vertex 24.7326 54.0935 3
      vertex 24.7326 54.0935 8.5
    endloop
  endfacet
  facet normal 0.0654673 -0.997855 0
    outer loop
      vertex 18.7021 58.1229 3
      vertex 19.42 58.17 8.5
      vertex 18.7021 58.1229 8.5
    endloop
  endfacet
  facet normal 0.0654673 -0.997855 0
    outer loop
      vertex 19.42 58.17 8.5
      vertex 18.7021 58.1229 3
      vertex 19.42 58.17 3
    endloop
  endfacet
  facet normal -0.997855 -0.0654673 0
    outer loop
      vertex 24.92 52.67 3
      vertex 24.8729 53.3879 8.5
      vertex 24.8729 53.3879 3
    endloop
  endfacet
  facet normal -0.997855 -0.0654673 0
    outer loop
      vertex 24.8729 53.3879 8.5
      vertex 24.92 52.67 3
      vertex 24.92 52.67 8.5
    endloop
  endfacet
  facet normal 0.321477 0.946918 -0
    outer loop
      vertex 17.9965 47.3574 3
      vertex 17.3152 47.5887 8.5
      vertex 17.9965 47.3574 8.5
    endloop
  endfacet
  facet normal 0.321477 0.946918 0
    outer loop
      vertex 17.3152 47.5887 8.5
      vertex 17.9965 47.3574 3
      vertex 17.3152 47.5887 3
    endloop
  endfacet
  facet normal 0.831472 -0.555566 0
    outer loop
      vertex 14.6569 55.42 8.5
      vertex 15.0566 56.0182 3
      vertex 15.0566 56.0182 8.5
    endloop
  endfacet
  facet normal 0.831472 -0.555566 0
    outer loop
      vertex 15.0566 56.0182 3
      vertex 14.6569 55.42 8.5
      vertex 14.6569 55.42 3
    endloop
  endfacet
  facet normal -0.89686 0.442314 0
    outer loop
      vertex 24.1831 49.92 3
      vertex 24.5013 50.5652 8.5
      vertex 24.5013 50.5652 3
    endloop
  endfacet
  facet normal -0.89686 0.442314 0
    outer loop
      vertex 24.5013 50.5652 8.5
      vertex 24.1831 49.92 3
      vertex 24.1831 49.92 8.5
    endloop
  endfacet
  facet normal 0.89686 -0.442314 0
    outer loop
      vertex 14.3387 54.7748 8.5
      vertex 14.6569 55.42 3
      vertex 14.6569 55.42 8.5
    endloop
  endfacet
  facet normal 0.89686 -0.442314 0
    outer loop
      vertex 14.6569 55.42 3
      vertex 14.3387 54.7748 8.5
      vertex 14.3387 54.7748 3
    endloop
  endfacet
  facet normal 0.442314 -0.89686 0
    outer loop
      vertex 16.67 57.4331 3
      vertex 17.3152 57.7513 8.5
      vertex 16.67 57.4331 8.5
    endloop
  endfacet
  facet normal 0.442314 -0.89686 0
    outer loop
      vertex 17.3152 57.7513 8.5
      vertex 16.67 57.4331 3
      vertex 17.3152 57.7513 3
    endloop
  endfacet
  facet normal 0.19502 0.980799 -0
    outer loop
      vertex 18.7021 47.2171 3
      vertex 17.9965 47.3574 8.5
      vertex 18.7021 47.2171 8.5
    endloop
  endfacet
  facet normal 0.19502 0.980799 0
    outer loop
      vertex 17.9965 47.3574 8.5
      vertex 18.7021 47.2171 3
      vertex 17.9965 47.3574 3
    endloop
  endfacet
  facet normal 0.946918 -0.321477 0
    outer loop
      vertex 14.1074 54.0935 8.5
      vertex 14.3387 54.7748 3
      vertex 14.3387 54.7748 8.5
    endloop
  endfacet
  facet normal 0.946918 -0.321477 0
    outer loop
      vertex 14.3387 54.7748 3
      vertex 14.1074 54.0935 8.5
      vertex 14.1074 54.0935 3
    endloop
  endfacet
  facet normal -0.751879 -0.659301 0
    outer loop
      vertex 23.7834 56.0182 3
      vertex 23.3091 56.5591 8.5
      vertex 23.3091 56.5591 3
    endloop
  endfacet
  facet normal -0.751879 -0.659301 0
    outer loop
      vertex 23.3091 56.5591 8.5
      vertex 23.7834 56.0182 3
      vertex 23.7834 56.0182 8.5
    endloop
  endfacet
  facet normal -0.89686 -0.442314 0
    outer loop
      vertex 24.5013 54.7748 3
      vertex 24.1831 55.42 8.5
      vertex 24.1831 55.42 3
    endloop
  endfacet
  facet normal -0.89686 -0.442314 0
    outer loop
      vertex 24.1831 55.42 8.5
      vertex 24.5013 54.7748 3
      vertex 24.5013 54.7748 8.5
    endloop
  endfacet
  facet normal 0.980799 -0.19502 0
    outer loop
      vertex 13.9671 53.3879 8.5
      vertex 14.1074 54.0935 3
      vertex 14.1074 54.0935 8.5
    endloop
  endfacet
  facet normal 0.980799 -0.19502 0
    outer loop
      vertex 14.1074 54.0935 3
      vertex 13.9671 53.3879 8.5
      vertex 13.9671 53.3879 3
    endloop
  endfacet
  facet normal -0.555566 0.831472 0
    outer loop
      vertex 22.7682 48.3066 3
      vertex 22.17 47.9069 8.5
      vertex 22.7682 48.3066 8.5
    endloop
  endfacet
  facet normal -0.555566 0.831472 0
    outer loop
      vertex 22.17 47.9069 8.5
      vertex 22.7682 48.3066 3
      vertex 22.17 47.9069 3
    endloop
  endfacet
  facet normal 0.321477 -0.946918 0
    outer loop
      vertex 17.3152 57.7513 3
      vertex 17.9965 57.9826 8.5
      vertex 17.3152 57.7513 8.5
    endloop
  endfacet
  facet normal 0.321477 -0.946918 0
    outer loop
      vertex 17.9965 57.9826 8.5
      vertex 17.3152 57.7513 3
      vertex 17.9965 57.9826 3
    endloop
  endfacet
  facet normal -0.997855 0.0654673 0
    outer loop
      vertex 24.8729 51.9521 3
      vertex 24.92 52.67 8.5
      vertex 24.92 52.67 3
    endloop
  endfacet
  facet normal -0.997855 0.0654673 0
    outer loop
      vertex 24.92 52.67 8.5
      vertex 24.8729 51.9521 3
      vertex 24.8729 51.9521 8.5
    endloop
  endfacet
  facet normal -0.19502 -0.980799 0
    outer loop
      vertex 20.1379 58.1229 3
      vertex 20.8435 57.9826 8.5
      vertex 20.1379 58.1229 8.5
    endloop
  endfacet
  facet normal -0.19502 -0.980799 -0
    outer loop
      vertex 20.8435 57.9826 8.5
      vertex 20.1379 58.1229 3
      vertex 20.8435 57.9826 3
    endloop
  endfacet
  facet normal -0.831472 -0.555566 0
    outer loop
      vertex 24.1831 55.42 3
      vertex 23.7834 56.0182 8.5
      vertex 23.7834 56.0182 3
    endloop
  endfacet
  facet normal -0.831472 -0.555566 0
    outer loop
      vertex 23.7834 56.0182 8.5
      vertex 24.1831 55.42 3
      vertex 24.1831 55.42 8.5
    endloop
  endfacet
  facet normal -0.751879 0.659301 0
    outer loop
      vertex 23.3091 48.7809 3
      vertex 23.7834 49.3218 8.5
      vertex 23.7834 49.3218 3
    endloop
  endfacet
  facet normal -0.751879 0.659301 0
    outer loop
      vertex 23.7834 49.3218 8.5
      vertex 23.3091 48.7809 3
      vertex 23.3091 48.7809 8.5
    endloop
  endfacet
  facet normal -0.980799 0.19502 0
    outer loop
      vertex 24.7326 51.2465 3
      vertex 24.8729 51.9521 8.5
      vertex 24.8729 51.9521 3
    endloop
  endfacet
  facet normal -0.980799 0.19502 0
    outer loop
      vertex 24.8729 51.9521 8.5
      vertex 24.7326 51.2465 3
      vertex 24.7326 51.2465 8.5
    endloop
  endfacet
  facet normal -0.321477 -0.946918 0
    outer loop
      vertex 20.8435 57.9826 3
      vertex 21.5248 57.7513 8.5
      vertex 20.8435 57.9826 8.5
    endloop
  endfacet
  facet normal -0.321477 -0.946918 -0
    outer loop
      vertex 21.5248 57.7513 8.5
      vertex 20.8435 57.9826 3
      vertex 21.5248 57.7513 3
    endloop
  endfacet
  facet normal 0.89686 0.442314 0
    outer loop
      vertex 14.6569 49.92 8.5
      vertex 14.3387 50.5652 3
      vertex 14.3387 50.5652 8.5
    endloop
  endfacet
  facet normal 0.89686 0.442314 0
    outer loop
      vertex 14.3387 50.5652 3
      vertex 14.6569 49.92 8.5
      vertex 14.6569 49.92 3
    endloop
  endfacet
  facet normal 0.751879 -0.659301 0
    outer loop
      vertex 15.0566 56.0182 8.5
      vertex 15.5309 56.5591 3
      vertex 15.5309 56.5591 8.5
    endloop
  endfacet
  facet normal 0.751879 -0.659301 0
    outer loop
      vertex 15.5309 56.5591 3
      vertex 15.0566 56.0182 8.5
      vertex 15.0566 56.0182 3
    endloop
  endfacet
  facet normal -0.442314 -0.89686 0
    outer loop
      vertex 21.5248 57.7513 3
      vertex 22.17 57.4331 8.5
      vertex 21.5248 57.7513 8.5
    endloop
  endfacet
  facet normal -0.442314 -0.89686 -0
    outer loop
      vertex 22.17 57.4331 8.5
      vertex 21.5248 57.7513 3
      vertex 22.17 57.4331 3
    endloop
  endfacet
  facet normal 0.997855 -0.0654673 0
    outer loop
      vertex 13.92 52.67 8.5
      vertex 13.9671 53.3879 3
      vertex 13.9671 53.3879 8.5
    endloop
  endfacet
  facet normal 0.997855 -0.0654673 0
    outer loop
      vertex 13.9671 53.3879 3
      vertex 13.92 52.67 8.5
      vertex 13.92 52.67 3
    endloop
  endfacet
  facet normal -0.442314 0.89686 0
    outer loop
      vertex 22.17 47.9069 3
      vertex 21.5248 47.5887 8.5
      vertex 22.17 47.9069 8.5
    endloop
  endfacet
  facet normal -0.442314 0.89686 0
    outer loop
      vertex 21.5248 47.5887 8.5
      vertex 22.17 47.9069 3
      vertex 21.5248 47.5887 3
    endloop
  endfacet
  facet normal -0.946918 0.321477 0
    outer loop
      vertex 24.5013 50.5652 3
      vertex 24.7326 51.2465 8.5
      vertex 24.7326 51.2465 3
    endloop
  endfacet
  facet normal -0.946918 0.321477 0
    outer loop
      vertex 24.7326 51.2465 8.5
      vertex 24.5013 50.5652 3
      vertex 24.5013 50.5652 8.5
    endloop
  endfacet
  facet normal 0.555566 0.831472 -0
    outer loop
      vertex 16.67 47.9069 3
      vertex 16.0718 48.3066 8.5
      vertex 16.67 47.9069 8.5
    endloop
  endfacet
  facet normal 0.555566 0.831472 0
    outer loop
      vertex 16.0718 48.3066 8.5
      vertex 16.67 47.9069 3
      vertex 16.0718 48.3066 3
    endloop
  endfacet
  facet normal 0.659301 -0.751879 0
    outer loop
      vertex 15.5309 56.5591 3
      vertex 16.0718 57.0334 8.5
      vertex 15.5309 56.5591 8.5
    endloop
  endfacet
  facet normal 0.659301 -0.751879 0
    outer loop
      vertex 16.0718 57.0334 8.5
      vertex 15.5309 56.5591 3
      vertex 16.0718 57.0334 3
    endloop
  endfacet
  facet normal 0.555566 -0.831472 0
    outer loop
      vertex 16.0718 57.0334 3
      vertex 16.67 57.4331 8.5
      vertex 16.0718 57.0334 8.5
    endloop
  endfacet
  facet normal 0.555566 -0.831472 0
    outer loop
      vertex 16.67 57.4331 8.5
      vertex 16.0718 57.0334 3
      vertex 16.67 57.4331 3
    endloop
  endfacet
  facet normal -0.555566 -0.831472 0
    outer loop
      vertex 22.17 57.4331 3
      vertex 22.7682 57.0334 8.5
      vertex 22.17 57.4331 8.5
    endloop
  endfacet
  facet normal -0.555566 -0.831472 -0
    outer loop
      vertex 22.7682 57.0334 8.5
      vertex 22.17 57.4331 3
      vertex 22.7682 57.0334 3
    endloop
  endfacet
  facet normal 0.0654673 0.997855 -0
    outer loop
      vertex 19.42 47.17 3
      vertex 18.7021 47.2171 8.5
      vertex 19.42 47.17 8.5
    endloop
  endfacet
  facet normal 0.0654673 0.997855 0
    outer loop
      vertex 18.7021 47.2171 8.5
      vertex 19.42 47.17 3
      vertex 18.7021 47.2171 3
    endloop
  endfacet
  facet normal 0.831472 0.555566 0
    outer loop
      vertex 15.0566 49.3218 8.5
      vertex 14.6569 49.92 3
      vertex 14.6569 49.92 8.5
    endloop
  endfacet
  facet normal 0.831472 0.555566 0
    outer loop
      vertex 14.6569 49.92 3
      vertex 15.0566 49.3218 8.5
      vertex 15.0566 49.3218 3
    endloop
  endfacet
  facet normal 0.751879 0.659301 0
    outer loop
      vertex 15.5309 48.7809 8.5
      vertex 15.0566 49.3218 3
      vertex 15.0566 49.3218 8.5
    endloop
  endfacet
  facet normal 0.751879 0.659301 0
    outer loop
      vertex 15.0566 49.3218 3
      vertex 15.5309 48.7809 8.5
      vertex 15.5309 48.7809 3
    endloop
  endfacet
  facet normal 0.659301 0.751879 -0
    outer loop
      vertex 16.0718 48.3066 3
      vertex 15.5309 48.7809 8.5
      vertex 16.0718 48.3066 8.5
    endloop
  endfacet
  facet normal 0.659301 0.751879 0
    outer loop
      vertex 15.5309 48.7809 8.5
      vertex 16.0718 48.3066 3
      vertex 15.5309 48.7809 3
    endloop
  endfacet
  facet normal -0.321477 0.946918 0
    outer loop
      vertex 21.5248 47.5887 3
      vertex 20.8435 47.3574 8.5
      vertex 21.5248 47.5887 8.5
    endloop
  endfacet
  facet normal -0.321477 0.946918 0
    outer loop
      vertex 20.8435 47.3574 8.5
      vertex 21.5248 47.5887 3
      vertex 20.8435 47.3574 3
    endloop
  endfacet
  facet normal -0.0654673 -0.997855 0
    outer loop
      vertex 19.42 58.17 3
      vertex 20.1379 58.1229 8.5
      vertex 19.42 58.17 8.5
    endloop
  endfacet
  facet normal -0.0654673 -0.997855 -0
    outer loop
      vertex 20.1379 58.1229 8.5
      vertex 19.42 58.17 3
      vertex 20.1379 58.1229 3
    endloop
  endfacet
  facet normal 0 0 1
    outer loop
      vertex 24.8729 53.3879 3
      vertex 24.8729 51.9521 3
      vertex 24.92 52.67 3
    endloop
  endfacet
  facet normal 0 0 1
    outer loop
      vertex 24.7326 54.0935 3
      vertex 24.8729 51.9521 3
      vertex 24.8729 53.3879 3
    endloop
  endfacet
  facet normal 0 0 1
    outer loop
      vertex 24.7326 54.0935 3
      vertex 24.7326 51.2465 3
      vertex 24.8729 51.9521 3
    endloop
  endfacet
  facet normal 0 0 1
    outer loop
      vertex 24.5013 54.7748 3
      vertex 24.7326 51.2465 3
      vertex 24.7326 54.0935 3
    endloop
  endfacet
  facet normal 0 0 1
    outer loop
      vertex 24.5013 54.7748 3
      vertex 24.5013 50.5652 3
      vertex 24.7326 51.2465 3
    endloop
  endfacet
  facet normal 0 0 1
    outer loop
      vertex 24.1831 55.42 3
      vertex 24.5013 50.5652 3
      vertex 24.5013 54.7748 3
    endloop
  endfacet
  facet normal 0 0 1
    outer loop
      vertex 24.1831 55.42 3
      vertex 24.1831 49.92 3
      vertex 24.5013 50.5652 3
    endloop
  endfacet
  facet normal 0 0 1
    outer loop
      vertex 23.7834 56.0182 3
      vertex 24.1831 49.92 3
      vertex 24.1831 55.42 3
    endloop
  endfacet
  facet normal 0 0 1
    outer loop
      vertex 23.7834 56.0182 3
      vertex 23.7834 49.3218 3
      vertex 24.1831 49.92 3
    endloop
  endfacet
  facet normal 0 0 1
    outer loop
      vertex 23.3091 56.5591 3
      vertex 23.7834 49.3218 3
      vertex 23.7834 56.0182 3
    endloop
  endfacet
  facet normal 0 0 1
    outer loop
      vertex 23.3091 56.5591 3
      vertex 23.3091 48.7809 3
      vertex 23.7834 49.3218 3
    endloop
  endfacet
  facet normal 0 0 1
    outer loop
      vertex 22.7682 57.0334 3
      vertex 23.3091 48.7809 3
      vertex 23.3091 56.5591 3
    endloop
  endfacet
  facet normal 0 0 1
    outer loop
      vertex 22.7682 57.0334 3
      vertex 22.7682 48.3066 3
      vertex 23.3091 48.7809 3
    endloop
  endfacet
  facet normal 0 0 1
    outer loop
      vertex 22.17 57.4331 3
      vertex 22.7682 48.3066 3
      vertex 22.7682 57.0334 3
    endloop
  endfacet
  facet normal 0 0 1
    outer loop
      vertex 22.17 57.4331 3
      vertex 22.17 47.9069 3
      vertex 22.7682 48.3066 3
    endloop
  endfacet
  facet normal 0 0 1
    outer loop
      vertex 21.5248 57.7513 3
      vertex 22.17 47.9069 3
      vertex 22.17 57.4331 3
    endloop
  endfacet
  facet normal 0 0 1
    outer loop
      vertex 21.5248 57.7513 3
      vertex 21.5248 47.5887 3
      vertex 22.17 47.9069 3
    endloop
  endfacet
  facet normal 0 0 1
    outer loop
      vertex 20.8435 57.9826 3
      vertex 21.5248 47.5887 3
      vertex 21.5248 57.7513 3
    endloop
  endfacet
  facet normal 0 0 1
    outer loop
      vertex 20.8435 57.9826 3
      vertex 20.8435 47.3574 3
      vertex 21.5248 47.5887 3
    endloop
  endfacet
  facet normal 0 0 1
    outer loop
      vertex 20.1379 58.1229 3
      vertex 20.8435 47.3574 3
      vertex 20.8435 57.9826 3
    endloop
  endfacet
  facet normal 0 0 1
    outer loop
      vertex 20.1379 58.1229 3
      vertex 20.1379 47.2171 3
      vertex 20.8435 47.3574 3
    endloop
  endfacet
  facet normal 0 0 1
    outer loop
      vertex 19.42 58.17 3
      vertex 20.1379 47.2171 3
      vertex 20.1379 58.1229 3
    endloop
  endfacet
  facet normal 0 0 1
    outer loop
      vertex 19.42 58.17 3
      vertex 19.42 47.17 3
      vertex 20.1379 47.2171 3
    endloop
  endfacet
  facet normal -0 0 1
    outer loop
      vertex 18.7021 58.1229 3
      vertex 19.42 47.17 3
      vertex 19.42 58.17 3
    endloop
  endfacet
  facet normal 0 0 1
    outer loop
      vertex 18.7021 58.1229 3
      vertex 18.7021 47.2171 3
      vertex 19.42 47.17 3
    endloop
  endfacet
  facet normal -0 0 1
    outer loop
      vertex 17.9965 57.9826 3
      vertex 18.7021 47.2171 3
      vertex 18.7021 58.1229 3
    endloop
  endfacet
  facet normal 0 0 1
    outer loop
      vertex 17.9965 57.9826 3
      vertex 17.9965 47.3574 3
      vertex 18.7021 47.2171 3
    endloop
  endfacet
  facet normal -0 0 1
    outer loop
      vertex 17.3152 57.7513 3
      vertex 17.9965 47.3574 3
      vertex 17.9965 57.9826 3
    endloop
  endfacet
  facet normal 0 0 1
    outer loop
      vertex 17.3152 57.7513 3
      vertex 17.3152 47.5887 3
      vertex 17.9965 47.3574 3
    endloop
  endfacet
  facet normal -0 0 1
    outer loop
      vertex 16.67 57.4331 3
      vertex 17.3152 47.5887 3
      vertex 17.3152 57.7513 3
    endloop
  endfacet
  facet normal 0 0 1
    outer loop
      vertex 16.67 57.4331 3
      vertex 16.67 47.9069 3
      vertex 17.3152 47.5887 3
    endloop
  endfacet
  facet normal -0 0 1
    outer loop
      vertex 16.0718 57.0334 3
      vertex 16.67 47.9069 3
      vertex 16.67 57.4331 3
    endloop
  endfacet
  facet normal 0 0 1
    outer loop
      vertex 16.0718 57.0334 3
      vertex 16.0718 48.3066 3
      vertex 16.67 47.9069 3
    endloop
  endfacet
  facet normal -0 0 1
    outer loop
      vertex 15.5309 56.5591 3
      vertex 16.0718 48.3066 3
      vertex 16.0718 57.0334 3
    endloop
  endfacet
  facet normal 0 0 1
    outer loop
      vertex 15.5309 56.5591 3
      vertex 15.5309 48.7809 3
      vertex 16.0718 48.3066 3
    endloop
  endfacet
  facet normal -0 0 1
    outer loop
      vertex 15.0566 56.0182 3
      vertex 15.5309 48.7809 3
      vertex 15.5309 56.5591 3
    endloop
  endfacet
  facet normal 0 0 1
    outer loop
      vertex 15.0566 56.0182 3
      vertex 15.0566 49.3218 3
      vertex 15.5309 48.7809 3
    endloop
  endfacet
  facet normal -0 0 1
    outer loop
      vertex 14.6569 55.42 3
      vertex 15.0566 49.3218 3
      vertex 15.0566 56.0182 3
    endloop
  endfacet
  facet normal 0 0 1
    outer loop
      vertex 14.6569 55.42 3
      vertex 14.6569 49.92 3
      vertex 15.0566 49.3218 3
    endloop
  endfacet
  facet normal -0 0 1
    outer loop
      vertex 14.3387 54.7748 3
      vertex 14.6569 49.92 3
      vertex 14.6569 55.42 3
    endloop
  endfacet
  facet normal 0 0 1
    outer loop
      vertex 14.3387 54.7748 3
      vertex 14.3387 50.5652 3
      vertex 14.6569 49.92 3
    endloop
  endfacet
  facet normal -0 0 1
    outer loop
      vertex 14.1074 54.0935 3
      vertex 14.3387 50.5652 3
      vertex 14.3387 54.7748 3
    endloop
  endfacet
  facet normal 0 0 1
    outer loop
      vertex 14.1074 54.0935 3
      vertex 14.1074 51.2465 3
      vertex 14.3387 50.5652 3
    endloop
  endfacet
  facet normal -0 0 1
    outer loop
      vertex 13.9671 53.3879 3
      vertex 14.1074 51.2465 3
      vertex 14.1074 54.0935 3
    endloop
  endfacet
  facet normal 0 0 1
    outer loop
      vertex 13.9671 53.3879 3
      vertex 13.9671 51.9521 3
      vertex 14.1074 51.2465 3
    endloop
  endfacet
  facet normal 0 -0 1
    outer loop
      vertex 13.9671 51.9521 3
      vertex 13.9671 53.3879 3
      vertex 13.92 52.67 3
    endloop
  endfacet
  facet normal -0.0654673 0.997855 0
    outer loop
      vertex 40.1379 47.2171 3
      vertex 39.42 47.17 8.5
      vertex 40.1379 47.2171 8.5
    endloop
  endfacet
  facet normal -0.0654673 0.997855 0
    outer loop
      vertex 39.42 47.17 8.5
      vertex 40.1379 47.2171 3
      vertex 39.42 47.17 3
    endloop
  endfacet
  facet normal -0.980799 -0.19502 0
    outer loop
      vertex 44.8729 53.3879 3
      vertex 44.7326 54.0935 8.5
      vertex 44.7326 54.0935 3
    endloop
  endfacet
  facet normal -0.980799 -0.19502 0
    outer loop
      vertex 44.7326 54.0935 8.5
      vertex 44.8729 53.3879 3
      vertex 44.8729 53.3879 8.5
    endloop
  endfacet
  facet normal -0.997855 -0.0654673 0
    outer loop
      vertex 44.92 52.67 3
      vertex 44.8729 53.3879 8.5
      vertex 44.8729 53.3879 3
    endloop
  endfacet
  facet normal -0.997855 -0.0654673 0
    outer loop
      vertex 44.8729 53.3879 8.5
      vertex 44.92 52.67 3
      vertex 44.92 52.67 8.5
    endloop
  endfacet
  facet normal -0.946918 -0.321477 0
    outer loop
      vertex 44.7326 54.0935 3
      vertex 44.5013 54.7748 8.5
      vertex 44.5013 54.7748 3
    endloop
  endfacet
  facet normal -0.946918 -0.321477 0
    outer loop
      vertex 44.5013 54.7748 8.5
      vertex 44.7326 54.0935 3
      vertex 44.7326 54.0935 8.5
    endloop
  endfacet
  facet normal -0.831472 0.555566 0
    outer loop
      vertex 43.7834 49.3218 3
      vertex 44.1831 49.92 8.5
      vertex 44.1831 49.92 3
    endloop
  endfacet
  facet normal -0.831472 0.555566 0
    outer loop
      vertex 44.1831 49.92 8.5
      vertex 43.7834 49.3218 3
      vertex 43.7834 49.3218 8.5
    endloop
  endfacet
  facet normal 0.19502 -0.980799 0
    outer loop
      vertex 37.9965 57.9826 3
      vertex 38.7021 58.1229 8.5
      vertex 37.9965 57.9826 8.5
    endloop
  endfacet
  facet normal 0.19502 -0.980799 0
    outer loop
      vertex 38.7021 58.1229 8.5
      vertex 37.9965 57.9826 3
      vertex 38.7021 58.1229 3
    endloop
  endfacet
  facet normal 0.997855 -0.0654673 0
    outer loop
      vertex 33.92 52.67 8.5
      vertex 33.9671 53.3879 3
      vertex 33.9671 53.3879 8.5
    endloop
  endfacet
  facet normal 0.997855 -0.0654673 0
    outer loop
      vertex 33.9671 53.3879 3
      vertex 33.92 52.67 8.5
      vertex 33.92 52.67 3
    endloop
  endfacet
  facet normal -0.321477 0.946918 0
    outer loop
      vertex 41.5248 47.5887 3
      vertex 40.8435 47.3574 8.5
      vertex 41.5248 47.5887 8.5
    endloop
  endfacet
  facet normal -0.321477 0.946918 0
    outer loop
      vertex 40.8435 47.3574 8.5
      vertex 41.5248 47.5887 3
      vertex 40.8435 47.3574 3
    endloop
  endfacet
  facet normal -0.751879 -0.659301 0
    outer loop
      vertex 43.7834 56.0182 3
      vertex 43.3091 56.5591 8.5
      vertex 43.3091 56.5591 3
    endloop
  endfacet
  facet normal -0.751879 -0.659301 0
    outer loop
      vertex 43.3091 56.5591 8.5
      vertex 43.7834 56.0182 3
      vertex 43.7834 56.0182 8.5
    endloop
  endfacet
  facet normal -0.831472 -0.555566 0
    outer loop
      vertex 44.1831 55.42 3
      vertex 43.7834 56.0182 8.5
      vertex 43.7834 56.0182 3
    endloop
  endfacet
  facet normal -0.831472 -0.555566 0
    outer loop
      vertex 43.7834 56.0182 8.5
      vertex 44.1831 55.42 3
      vertex 44.1831 55.42 8.5
    endloop
  endfacet
  facet normal -0.89686 0.442314 0
    outer loop
      vertex 44.1831 49.92 3
      vertex 44.5013 50.5652 8.5
      vertex 44.5013 50.5652 3
    endloop
  endfacet
  facet normal -0.89686 0.442314 0
    outer loop
      vertex 44.5013 50.5652 8.5
      vertex 44.1831 49.92 3
      vertex 44.1831 49.92 8.5
    endloop
  endfacet
  facet normal -0.89686 -0.442314 0
    outer loop
      vertex 44.5013 54.7748 3
      vertex 44.1831 55.42 8.5
      vertex 44.1831 55.42 3
    endloop
  endfacet
  facet normal -0.89686 -0.442314 0
    outer loop
      vertex 44.1831 55.42 8.5
      vertex 44.5013 54.7748 3
      vertex 44.5013 54.7748 8.5
    endloop
  endfacet
  facet normal 0.659301 -0.751879 0
    outer loop
      vertex 35.5309 56.5591 3
      vertex 36.0718 57.0334 8.5
      vertex 35.5309 56.5591 8.5
    endloop
  endfacet
  facet normal 0.659301 -0.751879 0
    outer loop
      vertex 36.0718 57.0334 8.5
      vertex 35.5309 56.5591 3
      vertex 36.0718 57.0334 3
    endloop
  endfacet
  facet normal 0.321477 -0.946918 0
    outer loop
      vertex 37.3152 57.7513 3
      vertex 37.9965 57.9826 8.5
      vertex 37.3152 57.7513 8.5
    endloop
  endfacet
  facet normal 0.321477 -0.946918 0
    outer loop
      vertex 37.9965 57.9826 8.5
      vertex 37.3152 57.7513 3
      vertex 37.9965 57.9826 3
    endloop
  endfacet
  facet normal 0.442314 0.89686 -0
    outer loop
      vertex 37.3152 47.5887 3
      vertex 36.67 47.9069 8.5
      vertex 37.3152 47.5887 8.5
    endloop
  endfacet
  facet normal 0.442314 0.89686 0
    outer loop
      vertex 36.67 47.9069 8.5
      vertex 37.3152 47.5887 3
      vertex 36.67 47.9069 3
    endloop
  endfacet
  facet normal 0.555566 -0.831472 0
    outer loop
      vertex 36.0718 57.0334 3
      vertex 36.67 57.4331 8.5
      vertex 36.0718 57.0334 8.5
    endloop
  endfacet
  facet normal 0.555566 -0.831472 0
    outer loop
      vertex 36.67 57.4331 8.5
      vertex 36.0718 57.0334 3
      vertex 36.67 57.4331 3
    endloop
  endfacet
  facet normal 0.946918 -0.321477 0
    outer loop
      vertex 34.1074 54.0935 8.5
      vertex 34.3387 54.7748 3
      vertex 34.3387 54.7748 8.5
    endloop
  endfacet
  facet normal 0.946918 -0.321477 0
    outer loop
      vertex 34.3387 54.7748 3
      vertex 34.1074 54.0935 8.5
      vertex 34.1074 54.0935 3
    endloop
  endfacet
  facet normal 0.751879 -0.659301 0
    outer loop
      vertex 35.0566 56.0182 8.5
      vertex 35.5309 56.5591 3
      vertex 35.5309 56.5591 8.5
    endloop
  endfacet
  facet normal 0.751879 -0.659301 0
    outer loop
      vertex 35.5309 56.5591 3
      vertex 35.0566 56.0182 8.5
      vertex 35.0566 56.0182 3
    endloop
  endfacet
  facet normal 0.831472 0.555566 0
    outer loop
      vertex 35.0566 49.3218 8.5
      vertex 34.6569 49.92 3
      vertex 34.6569 49.92 8.5
    endloop
  endfacet
  facet normal 0.831472 0.555566 0
    outer loop
      vertex 34.6569 49.92 3
      vertex 35.0566 49.3218 8.5
      vertex 35.0566 49.3218 3
    endloop
  endfacet
  facet normal -0.997855 0.0654673 0
    outer loop
      vertex 44.8729 51.9521 3
      vertex 44.92 52.67 8.5
      vertex 44.92 52.67 3
    endloop
  endfacet
  facet normal -0.997855 0.0654673 0
    outer loop
      vertex 44.92 52.67 8.5
      vertex 44.8729 51.9521 3
      vertex 44.8729 51.9521 8.5
    endloop
  endfacet
  facet normal -0.19502 0.980799 0
    outer loop
      vertex 40.8435 47.3574 3
      vertex 40.1379 47.2171 8.5
      vertex 40.8435 47.3574 8.5
    endloop
  endfacet
  facet normal -0.19502 0.980799 0
    outer loop
      vertex 40.1379 47.2171 8.5
      vertex 40.8435 47.3574 3
      vertex 40.1379 47.2171 3
    endloop
  endfacet
  facet normal -0.980799 0.19502 0
    outer loop
      vertex 44.7326 51.2465 3
      vertex 44.8729 51.9521 8.5
      vertex 44.8729 51.9521 3
    endloop
  endfacet
  facet normal -0.980799 0.19502 0
    outer loop
      vertex 44.8729 51.9521 8.5
      vertex 44.7326 51.2465 3
      vertex 44.7326 51.2465 8.5
    endloop
  endfacet
  facet normal -0.555566 -0.831472 0
    outer loop
      vertex 42.17 57.4331 3
      vertex 42.7682 57.0334 8.5
      vertex 42.17 57.4331 8.5
    endloop
  endfacet
  facet normal -0.555566 -0.831472 -0
    outer loop
      vertex 42.7682 57.0334 8.5
      vertex 42.17 57.4331 3
      vertex 42.7682 57.0334 3
    endloop
  endfacet
  facet normal 0.19502 0.980799 -0
    outer loop
      vertex 38.7021 47.2171 3
      vertex 37.9965 47.3574 8.5
      vertex 38.7021 47.2171 8.5
    endloop
  endfacet
  facet normal 0.19502 0.980799 0
    outer loop
      vertex 37.9965 47.3574 8.5
      vertex 38.7021 47.2171 3
      vertex 37.9965 47.3574 3
    endloop
  endfacet
  facet normal 0.442314 -0.89686 0
    outer loop
      vertex 36.67 57.4331 3
      vertex 37.3152 57.7513 8.5
      vertex 36.67 57.4331 8.5
    endloop
  endfacet
  facet normal 0.442314 -0.89686 0
    outer loop
      vertex 37.3152 57.7513 8.5
      vertex 36.67 57.4331 3
      vertex 37.3152 57.7513 3
    endloop
  endfacet
  facet normal -0.321477 -0.946918 0
    outer loop
      vertex 40.8435 57.9826 3
      vertex 41.5248 57.7513 8.5
      vertex 40.8435 57.9826 8.5
    endloop
  endfacet
  facet normal -0.321477 -0.946918 -0
    outer loop
      vertex 41.5248 57.7513 8.5
      vertex 40.8435 57.9826 3
      vertex 41.5248 57.7513 3
    endloop
  endfacet
  facet normal -0.751879 0.659301 0
    outer loop
      vertex 43.3091 48.7809 3
      vertex 43.7834 49.3218 8.5
      vertex 43.7834 49.3218 3
    endloop
  endfacet
  facet normal -0.751879 0.659301 0
    outer loop
      vertex 43.7834 49.3218 8.5
      vertex 43.3091 48.7809 3
      vertex 43.3091 48.7809 8.5
    endloop
  endfacet
  facet normal -0.442314 -0.89686 0
    outer loop
      vertex 41.5248 57.7513 3
      vertex 42.17 57.4331 8.5
      vertex 41.5248 57.7513 8.5
    endloop
  endfacet
  facet normal -0.442314 -0.89686 -0
    outer loop
      vertex 42.17 57.4331 8.5
      vertex 41.5248 57.7513 3
      vertex 42.17 57.4331 3
    endloop
  endfacet
  facet normal -0.659301 -0.751879 0
    outer loop
      vertex 42.7682 57.0334 3
      vertex 43.3091 56.5591 8.5
      vertex 42.7682 57.0334 8.5
    endloop
  endfacet
  facet normal -0.659301 -0.751879 -0
    outer loop
      vertex 43.3091 56.5591 8.5
      vertex 42.7682 57.0334 3
      vertex 43.3091 56.5591 3
    endloop
  endfacet
  facet normal -0.0654673 -0.997855 0
    outer loop
      vertex 39.42 58.17 3
      vertex 40.1379 58.1229 8.5
      vertex 39.42 58.17 8.5
    endloop
  endfacet
  facet normal -0.0654673 -0.997855 -0
    outer loop
      vertex 40.1379 58.1229 8.5
      vertex 39.42 58.17 3
      vertex 40.1379 58.1229 3
    endloop
  endfacet
  facet normal -0.659301 0.751879 0
    outer loop
      vertex 43.3091 48.7809 3
      vertex 42.7682 48.3066 8.5
      vertex 43.3091 48.7809 8.5
    endloop
  endfacet
  facet normal -0.659301 0.751879 0
    outer loop
      vertex 42.7682 48.3066 8.5
      vertex 43.3091 48.7809 3
      vertex 42.7682 48.3066 3
    endloop
  endfacet
  facet normal -0.555566 0.831472 0
    outer loop
      vertex 42.7682 48.3066 3
      vertex 42.17 47.9069 8.5
      vertex 42.7682 48.3066 8.5
    endloop
  endfacet
  facet normal -0.555566 0.831472 0
    outer loop
      vertex 42.17 47.9069 8.5
      vertex 42.7682 48.3066 3
      vertex 42.17 47.9069 3
    endloop
  endfacet
  facet normal 0.89686 0.442314 0
    outer loop
      vertex 34.6569 49.92 8.5
      vertex 34.3387 50.5652 3
      vertex 34.3387 50.5652 8.5
    endloop
  endfacet
  facet normal 0.89686 0.442314 0
    outer loop
      vertex 34.3387 50.5652 3
      vertex 34.6569 49.92 8.5
      vertex 34.6569 49.92 3
    endloop
  endfacet
  facet normal -0.442314 0.89686 0
    outer loop
      vertex 42.17 47.9069 3
      vertex 41.5248 47.5887 8.5
      vertex 42.17 47.9069 8.5
    endloop
  endfacet
  facet normal -0.442314 0.89686 0
    outer loop
      vertex 41.5248 47.5887 8.5
      vertex 42.17 47.9069 3
      vertex 41.5248 47.5887 3
    endloop
  endfacet
  facet normal 0.659301 0.751879 -0
    outer loop
      vertex 36.0718 48.3066 3
      vertex 35.5309 48.7809 8.5
      vertex 36.0718 48.3066 8.5
    endloop
  endfacet
  facet normal 0.659301 0.751879 0
    outer loop
      vertex 35.5309 48.7809 8.5
      vertex 36.0718 48.3066 3
      vertex 35.5309 48.7809 3
    endloop
  endfacet
  facet normal 0.997855 0.0654673 0
    outer loop
      vertex 33.9671 51.9521 8.5
      vertex 33.92 52.67 3
      vertex 33.92 52.67 8.5
    endloop
  endfacet
  facet normal 0.997855 0.0654673 0
    outer loop
      vertex 33.92 52.67 3
      vertex 33.9671 51.9521 8.5
      vertex 33.9671 51.9521 3
    endloop
  endfacet
  facet normal -0.946918 0.321477 0
    outer loop
      vertex 44.5013 50.5652 3
      vertex 44.7326 51.2465 8.5
      vertex 44.7326 51.2465 3
    endloop
  endfacet
  facet normal -0.946918 0.321477 0
    outer loop
      vertex 44.7326 51.2465 8.5
      vertex 44.5013 50.5652 3
      vertex 44.5013 50.5652 8.5
    endloop
  endfacet
  facet normal 0.980799 -0.19502 0
    outer loop
      vertex 33.9671 53.3879 8.5
      vertex 34.1074 54.0935 3
      vertex 34.1074 54.0935 8.5
    endloop
  endfacet
  facet normal 0.980799 -0.19502 0
    outer loop
      vertex 34.1074 54.0935 3
      vertex 33.9671 53.3879 8.5
      vertex 33.9671 53.3879 3
    endloop
  endfacet
  facet normal 0.321477 0.946918 -0
    outer loop
      vertex 37.9965 47.3574 3
      vertex 37.3152 47.5887 8.5
      vertex 37.9965 47.3574 8.5
    endloop
  endfacet
  facet normal 0.321477 0.946918 0
    outer loop
      vertex 37.3152 47.5887 8.5
      vertex 37.9965 47.3574 3
      vertex 37.3152 47.5887 3
    endloop
  endfacet
  facet normal 0.831472 -0.555566 0
    outer loop
      vertex 34.6569 55.42 8.5
      vertex 35.0566 56.0182 3
      vertex 35.0566 56.0182 8.5
    endloop
  endfacet
  facet normal 0.831472 -0.555566 0
    outer loop
      vertex 35.0566 56.0182 3
      vertex 34.6569 55.42 8.5
      vertex 34.6569 55.42 3
    endloop
  endfacet
  facet normal 0.0654673 -0.997855 0
    outer loop
      vertex 38.7021 58.1229 3
      vertex 39.42 58.17 8.5
      vertex 38.7021 58.1229 8.5
    endloop
  endfacet
  facet normal 0.0654673 -0.997855 0
    outer loop
      vertex 39.42 58.17 8.5
      vertex 38.7021 58.1229 3
      vertex 39.42 58.17 3
    endloop
  endfacet
  facet normal 0.0654673 0.997855 -0
    outer loop
      vertex 39.42 47.17 3
      vertex 38.7021 47.2171 8.5
      vertex 39.42 47.17 8.5
    endloop
  endfacet
  facet normal 0.0654673 0.997855 0
    outer loop
      vertex 38.7021 47.2171 8.5
      vertex 39.42 47.17 3
      vertex 38.7021 47.2171 3
    endloop
  endfacet
  facet normal 0.555566 0.831472 -0
    outer loop
      vertex 36.67 47.9069 3
      vertex 36.0718 48.3066 8.5
      vertex 36.67 47.9069 8.5
    endloop
  endfacet
  facet normal 0.555566 0.831472 0
    outer loop
      vertex 36.0718 48.3066 8.5
      vertex 36.67 47.9069 3
      vertex 36.0718 48.3066 3
    endloop
  endfacet
  facet normal -0.19502 -0.980799 0
    outer loop
      vertex 40.1379 58.1229 3
      vertex 40.8435 57.9826 8.5
      vertex 40.1379 58.1229 8.5
    endloop
  endfacet
  facet normal -0.19502 -0.980799 -0
    outer loop
      vertex 40.8435 57.9826 8.5
      vertex 40.1379 58.1229 3
      vertex 40.8435 57.9826 3
    endloop
  endfacet
  facet normal 0.946918 0.321477 0
    outer loop
      vertex 34.3387 50.5652 8.5
      vertex 34.1074 51.2465 3
      vertex 34.1074 51.2465 8.5
    endloop
  endfacet
  facet normal 0.946918 0.321477 0
    outer loop
      vertex 34.1074 51.2465 3
      vertex 34.3387 50.5652 8.5
      vertex 34.3387 50.5652 3
    endloop
  endfacet
  facet normal 0.980799 0.19502 0
    outer loop
      vertex 34.1074 51.2465 8.5
      vertex 33.9671 51.9521 3
      vertex 33.9671 51.9521 8.5
    endloop
  endfacet
  facet normal 0.980799 0.19502 0
    outer loop
      vertex 33.9671 51.9521 3
      vertex 34.1074 51.2465 8.5
      vertex 34.1074 51.2465 3
    endloop
  endfacet
  facet normal 0.751879 0.659301 0
    outer loop
      vertex 35.5309 48.7809 8.5
      vertex 35.0566 49.3218 3
      vertex 35.0566 49.3218 8.5
    endloop
  endfacet
  facet normal 0.751879 0.659301 0
    outer loop
      vertex 35.0566 49.3218 3
      vertex 35.5309 48.7809 8.5
      vertex 35.5309 48.7809 3
    endloop
  endfacet
  facet normal 0.89686 -0.442314 0
    outer loop
      vertex 34.3387 54.7748 8.5
      vertex 34.6569 55.42 3
      vertex 34.6569 55.42 8.5
    endloop
  endfacet
  facet normal 0.89686 -0.442314 0
    outer loop
      vertex 34.6569 55.42 3
      vertex 34.3387 54.7748 8.5
      vertex 34.3387 54.7748 3
    endloop
  endfacet
  facet normal 0 0 1
    outer loop
      vertex 44.8729 53.3879 3
      vertex 44.8729 51.9521 3
      vertex 44.92 52.67 3
    endloop
  endfacet
  facet normal 0 0 1
    outer loop
      vertex 44.7326 54.0935 3
      vertex 44.8729 51.9521 3
      vertex 44.8729 53.3879 3
    endloop
  endfacet
  facet normal 0 0 1
    outer loop
      vertex 44.7326 54.0935 3
      vertex 44.7326 51.2465 3
      vertex 44.8729 51.9521 3
    endloop
  endfacet
  facet normal 0 0 1
    outer loop
      vertex 44.5013 54.7748 3
      vertex 44.7326 51.2465 3
      vertex 44.7326 54.0935 3
    endloop
  endfacet
  facet normal 0 0 1
    outer loop
      vertex 44.5013 54.7748 3
      vertex 44.5013 50.5652 3
      vertex 44.7326 51.2465 3
    endloop
  endfacet
  facet normal 0 0 1
    outer loop
      vertex 44.1831 55.42 3
      vertex 44.5013 50.5652 3
      vertex 44.5013 54.7748 3
    endloop
  endfacet
  facet normal 0 0 1
    outer loop
      vertex 44.1831 55.42 3
      vertex 44.1831 49.92 3
      vertex 44.5013 50.5652 3
    endloop
  endfacet
  facet normal 0 0 1
    outer loop
      vertex 43.7834 56.0182 3
      vertex 44.1831 49.92 3
      vertex 44.1831 55.42 3
    endloop
  endfacet
  facet normal 0 0 1
    outer loop
      vertex 43.7834 56.0182 3
      vertex 43.7834 49.3218 3
      vertex 44.1831 49.92 3
    endloop
  endfacet
  facet normal 0 0 1
    outer loop
      vertex 43.3091 56.5591 3
      vertex 43.7834 49.3218 3
      vertex 43.7834 56.0182 3
    endloop
  endfacet
  facet normal 0 0 1
    outer loop
      vertex 43.3091 56.5591 3
      vertex 43.3091 48.7809 3
      vertex 43.7834 49.3218 3
    endloop
  endfacet
  facet normal 0 0 1
    outer loop
      vertex 42.7682 57.0334 3
      vertex 43.3091 48.7809 3
      vertex 43.3091 56.5591 3
    endloop
  endfacet
  facet normal 0 0 1
    outer loop
      vertex 42.7682 57.0334 3
      vertex 42.7682 48.3066 3
      vertex 43.3091 48.7809 3
    endloop
  endfacet
  facet normal 0 0 1
    outer loop
      vertex 42.17 57.4331 3
      vertex 42.7682 48.3066 3
      vertex 42.7682 57.0334 3
    endloop
  endfacet
  facet normal 0 0 1
    outer loop
      vertex 42.17 57.4331 3
      vertex 42.17 47.9069 3
      vertex 42.7682 48.3066 3
    endloop
  endfacet
  facet normal 0 0 1
    outer loop
      vertex 41.5248 57.7513 3
      vertex 42.17 47.9069 3
      vertex 42.17 57.4331 3
    endloop
  endfacet
  facet normal 0 0 1
    outer loop
      vertex 41.5248 57.7513 3
      vertex 41.5248 47.5887 3
      vertex 42.17 47.9069 3
    endloop
  endfacet
  facet normal 0 0 1
    outer loop
      vertex 40.8435 57.9826 3
      vertex 41.5248 47.5887 3
      vertex 41.5248 57.7513 3
    endloop
  endfacet
  facet normal 0 0 1
    outer loop
      vertex 40.8435 57.9826 3
      vertex 40.8435 47.3574 3
      vertex 41.5248 47.5887 3
    endloop
  endfacet
  facet normal 0 0 1
    outer loop
      vertex 40.1379 58.1229 3
      vertex 40.8435 47.3574 3
      vertex 40.8435 57.9826 3
    endloop
  endfacet
  facet normal 0 0 1
    outer loop
      vertex 40.1379 58.1229 3
      vertex 40.1379 47.2171 3
      vertex 40.8435 47.3574 3
    endloop
  endfacet
  facet normal 0 0 1
    outer loop
      vertex 39.42 58.17 3
      vertex 40.1379 47.2171 3
      vertex 40.1379 58.1229 3
    endloop
  endfacet
  facet normal 0 0 1
    outer loop
      vertex 39.42 58.17 3
      vertex 39.42 47.17 3
      vertex 40.1379 47.2171 3
    endloop
  endfacet
  facet normal -0 0 1
    outer loop
      vertex 38.7021 58.1229 3
      vertex 39.42 47.17 3
      vertex 39.42 58.17 3
    endloop
  endfacet
  facet normal 0 0 1
    outer loop
      vertex 38.7021 58.1229 3
      vertex 38.7021 47.2171 3
      vertex 39.42 47.17 3
    endloop
  endfacet
  facet normal -0 0 1
    outer loop
      vertex 37.9965 57.9826 3
      vertex 38.7021 47.2171 3
      vertex 38.7021 58.1229 3
    endloop
  endfacet
  facet normal 0 0 1
    outer loop
      vertex 37.9965 57.9826 3
      vertex 37.9965 47.3574 3
      vertex 38.7021 47.2171 3
    endloop
  endfacet
  facet normal -0 0 1
    outer loop
      vertex 37.3152 57.7513 3
      vertex 37.9965 47.3574 3
      vertex 37.9965 57.9826 3
    endloop
  endfacet
  facet normal 0 0 1
    outer loop
      vertex 37.3152 57.7513 3
      vertex 37.3152 47.5887 3
      vertex 37.9965 47.3574 3
    endloop
  endfacet
  facet normal -0 0 1
    outer loop
      vertex 36.67 57.4331 3
      vertex 37.3152 47.5887 3
      vertex 37.3152 57.7513 3
    endloop
  endfacet
  facet normal 0 0 1
    outer loop
      vertex 36.67 57.4331 3
      vertex 36.67 47.9069 3
      vertex 37.3152 47.5887 3
    endloop
  endfacet
  facet normal -0 0 1
    outer loop
      vertex 36.0718 57.0334 3
      vertex 36.67 47.9069 3
      vertex 36.67 57.4331 3
    endloop
  endfacet
  facet normal 0 0 1
    outer loop
      vertex 36.0718 57.0334 3
      vertex 36.0718 48.3066 3
      vertex 36.67 47.9069 3
    endloop
  endfacet
  facet normal -0 0 1
    outer loop
      vertex 35.5309 56.5591 3
      vertex 36.0718 48.3066 3
      vertex 36.0718 57.0334 3
    endloop
  endfacet
  facet normal 0 0 1
    outer loop
      vertex 35.5309 56.5591 3
      vertex 35.5309 48.7809 3
      vertex 36.0718 48.3066 3
    endloop
  endfacet
  facet normal -0 0 1
    outer loop
      vertex 35.0566 56.0182 3
      vertex 35.5309 48.7809 3
      vertex 35.5309 56.5591 3
    endloop
  endfacet
  facet normal 0 0 1
    outer loop
      vertex 35.0566 56.0182 3
      vertex 35.0566 49.3218 3
      vertex 35.5309 48.7809 3
    endloop
  endfacet
  facet normal -0 0 1
    outer loop
      vertex 34.6569 55.42 3
      vertex 35.0566 49.3218 3
      vertex 35.0566 56.0182 3
    endloop
  endfacet
  facet normal 0 0 1
    outer loop
      vertex 34.6569 55.42 3
      vertex 34.6569 49.92 3
      vertex 35.0566 49.3218 3
    endloop
  endfacet
  facet normal -0 0 1
    outer loop
      vertex 34.3387 54.7748 3
      vertex 34.6569 49.92 3
      vertex 34.6569 55.42 3
    endloop
  endfacet
  facet normal 0 0 1
    outer loop
      vertex 34.3387 54.7748 3
      vertex 34.3387 50.5652 3
      vertex 34.6569 49.92 3
    endloop
  endfacet
  facet normal -0 0 1
    outer loop
      vertex 34.1074 54.0935 3
      vertex 34.3387 50.5652 3
      vertex 34.3387 54.7748 3
    endloop
  endfacet
  facet normal 0 0 1
    outer loop
      vertex 34.1074 54.0935 3
      vertex 34.1074 51.2465 3
      vertex 34.3387 50.5652 3
    endloop
  endfacet
  facet normal -0 0 1
    outer loop
      vertex 33.9671 53.3879 3
      vertex 34.1074 51.2465 3
      vertex 34.1074 54.0935 3
    endloop
  endfacet
  facet normal 0 0 1
    outer loop
      vertex 33.9671 53.3879 3
      vertex 33.9671 51.9521 3
      vertex 34.1074 51.2465 3
    endloop
  endfacet
  facet normal 0 -0 1
    outer loop
      vertex 33.9671 51.9521 3
      vertex 33.9671 53.3879 3
      vertex 33.92 52.67 3
    endloop
  endfacet
  facet normal -0.0654673 0.997855 0
    outer loop
      vertex 60.1379 47.2171 3
      vertex 59.42 47.17 8.5
      vertex 60.1379 47.2171 8.5
    endloop
  endfacet
  facet normal -0.0654673 0.997855 0
    outer loop
      vertex 59.42 47.17 8.5
      vertex 60.1379 47.2171 3
      vertex 59.42 47.17 3
    endloop
  endfacet
  facet normal -0.980799 -0.19502 0
    outer loop
      vertex 64.8729 53.3879 3
      vertex 64.7326 54.0935 8.5
      vertex 64.7326 54.0935 3
    endloop
  endfacet
  facet normal -0.980799 -0.19502 0
    outer loop
      vertex 64.7326 54.0935 8.5
      vertex 64.8729 53.3879 3
      vertex 64.8729 53.3879 8.5
    endloop
  endfacet
  facet normal -0.997855 -0.0654673 0
    outer loop
      vertex 64.92 52.67 3
      vertex 64.8729 53.3879 8.5
      vertex 64.8729 53.3879 3
    endloop
  endfacet
  facet normal -0.997855 -0.0654673 0
    outer loop
      vertex 64.8729 53.3879 8.5
      vertex 64.92 52.67 3
      vertex 64.92 52.67 8.5
    endloop
  endfacet
  facet normal -0.946918 -0.321477 0
    outer loop
      vertex 64.7326 54.0935 3
      vertex 64.5013 54.7748 8.5
      vertex 64.5013 54.7748 3
    endloop
  endfacet
  facet normal -0.946918 -0.321477 0
    outer loop
      vertex 64.5013 54.7748 8.5
      vertex 64.7326 54.0935 3
      vertex 64.7326 54.0935 8.5
    endloop
  endfacet
  facet normal -0.831472 0.555566 0
    outer loop
      vertex 63.7834 49.3218 3
      vertex 64.1831 49.92 8.5
      vertex 64.1831 49.92 3
    endloop
  endfacet
  facet normal -0.831472 0.555566 0
    outer loop
      vertex 64.1831 49.92 8.5
      vertex 63.7834 49.3218 3
      vertex 63.7834 49.3218 8.5
    endloop
  endfacet
  facet normal 0.19502 -0.980799 0
    outer loop
      vertex 57.9965 57.9826 3
      vertex 58.7021 58.1229 8.5
      vertex 57.9965 57.9826 8.5
    endloop
  endfacet
  facet normal 0.19502 -0.980799 0
    outer loop
      vertex 58.7021 58.1229 8.5
      vertex 57.9965 57.9826 3
      vertex 58.7021 58.1229 3
    endloop
  endfacet
  facet normal 0.997855 -0.0654673 0
    outer loop
      vertex 53.92 52.67 8.5
      vertex 53.9671 53.3879 3
      vertex 53.9671 53.3879 8.5
    endloop
  endfacet
  facet normal 0.997855 -0.0654673 0
    outer loop
      vertex 53.9671 53.3879 3
      vertex 53.92 52.67 8.5
      vertex 53.92 52.67 3
    endloop
  endfacet
  facet normal -0.321477 0.946918 0
    outer loop
      vertex 61.5248 47.5887 3
      vertex 60.8435 47.3574 8.5
      vertex 61.5248 47.5887 8.5
    endloop
  endfacet
  facet normal -0.321477 0.946918 0
    outer loop
      vertex 60.8435 47.3574 8.5
      vertex 61.5248 47.5887 3
      vertex 60.8435 47.3574 3
    endloop
  endfacet
  facet normal -0.751879 -0.659301 0
    outer loop
      vertex 63.7834 56.0182 3
      vertex 63.3091 56.5591 8.5
      vertex 63.3091 56.5591 3
    endloop
  endfacet
  facet normal -0.751879 -0.659301 0
    outer loop
      vertex 63.3091 56.5591 8.5
      vertex 63.7834 56.0182 3
      vertex 63.7834 56.0182 8.5
    endloop
  endfacet
  facet normal -0.831472 -0.555566 0
    outer loop
      vertex 64.1831 55.42 3
      vertex 63.7834 56.0182 8.5
      vertex 63.7834 56.0182 3
    endloop
  endfacet
  facet normal -0.831472 -0.555566 0
    outer loop
      vertex 63.7834 56.0182 8.5
      vertex 64.1831 55.42 3
      vertex 64.1831 55.42 8.5
    endloop
  endfacet
  facet normal -0.89686 0.442314 0
    outer loop
      vertex 64.1831 49.92 3
      vertex 64.5013 50.5652 8.5
      vertex 64.5013 50.5652 3
    endloop
  endfacet
  facet normal -0.89686 0.442314 0
    outer loop
      vertex 64.5013 50.5652 8.5
      vertex 64.1831 49.92 3
      vertex 64.1831 49.92 8.5
    endloop
  endfacet
  facet normal -0.89686 -0.442314 0
    outer loop
      vertex 64.5013 54.7748 3
      vertex 64.1831 55.42 8.5
      vertex 64.1831 55.42 3
    endloop
  endfacet
  facet normal -0.89686 -0.442314 0
    outer loop
      vertex 64.1831 55.42 8.5
      vertex 64.5013 54.7748 3
      vertex 64.5013 54.7748 8.5
    endloop
  endfacet
  facet normal 0.659301 -0.751879 0
    outer loop
      vertex 55.5309 56.5591 3
      vertex 56.0718 57.0334 8.5
      vertex 55.5309 56.5591 8.5
    endloop
  endfacet
  facet normal 0.659301 -0.751879 0
    outer loop
      vertex 56.0718 57.0334 8.5
      vertex 55.5309 56.5591 3
      vertex 56.0718 57.0334 3
    endloop
  endfacet
  facet normal 0.321477 -0.946918 0
    outer loop
      vertex 57.3152 57.7513 3
      vertex 57.9965 57.9826 8.5
      vertex 57.3152 57.7513 8.5
    endloop
  endfacet
  facet normal 0.321477 -0.946918 0
    outer loop
      vertex 57.9965 57.9826 8.5
      vertex 57.3152 57.7513 3
      vertex 57.9965 57.9826 3
    endloop
  endfacet
  facet normal 0.442314 0.89686 -0
    outer loop
      vertex 57.3152 47.5887 3
      vertex 56.67 47.9069 8.5
      vertex 57.3152 47.5887 8.5
    endloop
  endfacet
  facet normal 0.442314 0.89686 0
    outer loop
      vertex 56.67 47.9069 8.5
      vertex 57.3152 47.5887 3
      vertex 56.67 47.9069 3
    endloop
  endfacet
  facet normal 0.555566 -0.831472 0
    outer loop
      vertex 56.0718 57.0334 3
      vertex 56.67 57.4331 8.5
      vertex 56.0718 57.0334 8.5
    endloop
  endfacet
  facet normal 0.555566 -0.831472 0
    outer loop
      vertex 56.67 57.4331 8.5
      vertex 56.0718 57.0334 3
      vertex 56.67 57.4331 3
    endloop
  endfacet
  facet normal 0.946918 -0.321477 0
    outer loop
      vertex 54.1074 54.0935 8.5
      vertex 54.3387 54.7748 3
      vertex 54.3387 54.7748 8.5
    endloop
  endfacet
  facet normal 0.946918 -0.321477 0
    outer loop
      vertex 54.3387 54.7748 3
      vertex 54.1074 54.0935 8.5
      vertex 54.1074 54.0935 3
    endloop
  endfacet
  facet normal 0.751879 -0.659301 0
    outer loop
      vertex 55.0566 56.0182 8.5
      vertex 55.5309 56.5591 3
      vertex 55.5309 56.5591 8.5
    endloop
  endfacet
  facet normal 0.751879 -0.659301 0
    outer loop
      vertex 55.5309 56.5591 3
      vertex 55.0566 56.0182 8.5
      vertex 55.0566 56.0182 3
    endloop
  endfacet
  facet normal 0.831472 0.555566 0
    outer loop
      vertex 55.0566 49.3218 8.5
      vertex 54.6569 49.92 3
      vertex 54.6569 49.92 8.5
    endloop
  endfacet
  facet normal 0.831472 0.555566 0
    outer loop
      vertex 54.6569 49.92 3
      vertex 55.0566 49.3218 8.5
      vertex 55.0566 49.3218 3
    endloop
  endfacet
  facet normal -0.997855 0.0654673 0
    outer loop
      vertex 64.8729 51.9521 3
      vertex 64.92 52.67 8.5
      vertex 64.92 52.67 3
    endloop
  endfacet
  facet normal -0.997855 0.0654673 0
    outer loop
      vertex 64.92 52.67 8.5
      vertex 64.8729 51.9521 3
      vertex 64.8729 51.9521 8.5
    endloop
  endfacet
  facet normal -0.19502 0.980799 0
    outer loop
      vertex 60.8435 47.3574 3
      vertex 60.1379 47.2171 8.5
      vertex 60.8435 47.3574 8.5
    endloop
  endfacet
  facet normal -0.19502 0.980799 0
    outer loop
      vertex 60.1379 47.2171 8.5
      vertex 60.8435 47.3574 3
      vertex 60.1379 47.2171 3
    endloop
  endfacet
  facet normal -0.980799 0.19502 0
    outer loop
      vertex 64.7326 51.2465 3
      vertex 64.8729 51.9521 8.5
      vertex 64.8729 51.9521 3
    endloop
  endfacet
  facet normal -0.980799 0.19502 0
    outer loop
      vertex 64.8729 51.9521 8.5
      vertex 64.7326 51.2465 3
      vertex 64.7326 51.2465 8.5
    endloop
  endfacet
  facet normal -0.555566 -0.831472 0
    outer loop
      vertex 62.17 57.4331 3
      vertex 62.7682 57.0334 8.5
      vertex 62.17 57.4331 8.5
    endloop
  endfacet
  facet normal -0.555566 -0.831472 -0
    outer loop
      vertex 62.7682 57.0334 8.5
      vertex 62.17 57.4331 3
      vertex 62.7682 57.0334 3
    endloop
  endfacet
  facet normal 0.19502 0.980799 -0
    outer loop
      vertex 58.7021 47.2171 3
      vertex 57.9965 47.3574 8.5
      vertex 58.7021 47.2171 8.5
    endloop
  endfacet
  facet normal 0.19502 0.980799 0
    outer loop
      vertex 57.9965 47.3574 8.5
      vertex 58.7021 47.2171 3
      vertex 57.9965 47.3574 3
    endloop
  endfacet
  facet normal 0.442314 -0.89686 0
    outer loop
      vertex 56.67 57.4331 3
      vertex 57.3152 57.7513 8.5
      vertex 56.67 57.4331 8.5
    endloop
  endfacet
  facet normal 0.442314 -0.89686 0
    outer loop
      vertex 57.3152 57.7513 8.5
      vertex 56.67 57.4331 3
      vertex 57.3152 57.7513 3
    endloop
  endfacet
  facet normal -0.321477 -0.946918 0
    outer loop
      vertex 60.8435 57.9826 3
      vertex 61.5248 57.7513 8.5
      vertex 60.8435 57.9826 8.5
    endloop
  endfacet
  facet normal -0.321477 -0.946918 -0
    outer loop
      vertex 61.5248 57.7513 8.5
      vertex 60.8435 57.9826 3
      vertex 61.5248 57.7513 3
    endloop
  endfacet
  facet normal -0.751879 0.659301 0
    outer loop
      vertex 63.3091 48.7809 3
      vertex 63.7834 49.3218 8.5
      vertex 63.7834 49.3218 3
    endloop
  endfacet
  facet normal -0.751879 0.659301 0
    outer loop
      vertex 63.7834 49.3218 8.5
      vertex 63.3091 48.7809 3
      vertex 63.3091 48.7809 8.5
    endloop
  endfacet
  facet normal -0.442314 -0.89686 0
    outer loop
      vertex 61.5248 57.7513 3
      vertex 62.17 57.4331 8.5
      vertex 61.5248 57.7513 8.5
    endloop
  endfacet
  facet normal -0.442314 -0.89686 -0
    outer loop
      vertex 62.17 57.4331 8.5
      vertex 61.5248 57.7513 3
      vertex 62.17 57.4331 3
    endloop
  endfacet
  facet normal -0.659301 -0.751879 0
    outer loop
      vertex 62.7682 57.0334 3
      vertex 63.3091 56.5591 8.5
      vertex 62.7682 57.0334 8.5
    endloop
  endfacet
  facet normal -0.659301 -0.751879 -0
    outer loop
      vertex 63.3091 56.5591 8.5
      vertex 62.7682 57.0334 3
      vertex 63.3091 56.5591 3
    endloop
  endfacet
  facet normal -0.0654673 -0.997855 0
    outer loop
      vertex 59.42 58.17 3
      vertex 60.1379 58.1229 8.5
      vertex 59.42 58.17 8.5
    endloop
  endfacet
  facet normal -0.0654673 -0.997855 -0
    outer loop
      vertex 60.1379 58.1229 8.5
      vertex 59.42 58.17 3
      vertex 60.1379 58.1229 3
    endloop
  endfacet
  facet normal -0.659301 0.751879 0
    outer loop
      vertex 63.3091 48.7809 3
      vertex 62.7682 48.3066 8.5
      vertex 63.3091 48.7809 8.5
    endloop
  endfacet
  facet normal -0.659301 0.751879 0
    outer loop
      vertex 62.7682 48.3066 8.5
      vertex 63.3091 48.7809 3
      vertex 62.7682 48.3066 3
    endloop
  endfacet
  facet normal -0.555566 0.831472 0
    outer loop
      vertex 62.7682 48.3066 3
      vertex 62.17 47.9069 8.5
      vertex 62.7682 48.3066 8.5
    endloop
  endfacet
  facet normal -0.555566 0.831472 0
    outer loop
      vertex 62.17 47.9069 8.5
      vertex 62.7682 48.3066 3
      vertex 62.17 47.9069 3
    endloop
  endfacet
  facet normal 0.89686 0.442314 0
    outer loop
      vertex 54.6569 49.92 8.5
      vertex 54.3387 50.5652 3
      vertex 54.3387 50.5652 8.5
    endloop
  endfacet
  facet normal 0.89686 0.442314 0
    outer loop
      vertex 54.3387 50.5652 3
      vertex 54.6569 49.92 8.5
      vertex 54.6569 49.92 3
    endloop
  endfacet
  facet normal -0.442314 0.89686 0
    outer loop
      vertex 62.17 47.9069 3
      vertex 61.5248 47.5887 8.5
      vertex 62.17 47.9069 8.5
    endloop
  endfacet
  facet normal -0.442314 0.89686 0
    outer loop
      vertex 61.5248 47.5887 8.5
      vertex 62.17 47.9069 3
      vertex 61.5248 47.5887 3
    endloop
  endfacet
  facet normal 0.659301 0.751879 -0
    outer loop
      vertex 56.0718 48.3066 3
      vertex 55.5309 48.7809 8.5
      vertex 56.0718 48.3066 8.5
    endloop
  endfacet
  facet normal 0.659301 0.751879 0
    outer loop
      vertex 55.5309 48.7809 8.5
      vertex 56.0718 48.3066 3
      vertex 55.5309 48.7809 3
    endloop
  endfacet
  facet normal 0.997855 0.0654673 0
    outer loop
      vertex 53.9671 51.9521 8.5
      vertex 53.92 52.67 3
      vertex 53.92 52.67 8.5
    endloop
  endfacet
  facet normal 0.997855 0.0654673 0
    outer loop
      vertex 53.92 52.67 3
      vertex 53.9671 51.9521 8.5
      vertex 53.9671 51.9521 3
    endloop
  endfacet
  facet normal -0.946918 0.321477 0
    outer loop
      vertex 64.5013 50.5652 3
      vertex 64.7326 51.2465 8.5
      vertex 64.7326 51.2465 3
    endloop
  endfacet
  facet normal -0.946918 0.321477 0
    outer loop
      vertex 64.7326 51.2465 8.5
      vertex 64.5013 50.5652 3
      vertex 64.5013 50.5652 8.5
    endloop
  endfacet
  facet normal 0.980799 -0.19502 0
    outer loop
      vertex 53.9671 53.3879 8.5
      vertex 54.1074 54.0935 3
      vertex 54.1074 54.0935 8.5
    endloop
  endfacet
  facet normal 0.980799 -0.19502 0
    outer loop
      vertex 54.1074 54.0935 3
      vertex 53.9671 53.3879 8.5
      vertex 53.9671 53.3879 3
    endloop
  endfacet
  facet normal 0.321477 0.946918 -0
    outer loop
      vertex 57.9965 47.3574 3
      vertex 57.3152 47.5887 8.5
      vertex 57.9965 47.3574 8.5
    endloop
  endfacet
  facet normal 0.321477 0.946918 0
    outer loop
      vertex 57.3152 47.5887 8.5
      vertex 57.9965 47.3574 3
      vertex 57.3152 47.5887 3
    endloop
  endfacet
  facet normal 0.555566 0.831472 -0
    outer loop
      vertex 56.67 47.9069 3
      vertex 56.0718 48.3066 8.5
      vertex 56.67 47.9069 8.5
    endloop
  endfacet
  facet normal 0.555566 0.831472 0
    outer loop
      vertex 56.0718 48.3066 8.5
      vertex 56.67 47.9069 3
      vertex 56.0718 48.3066 3
    endloop
  endfacet
  facet normal 0.831472 -0.555566 0
    outer loop
      vertex 54.6569 55.42 8.5
      vertex 55.0566 56.0182 3
      vertex 55.0566 56.0182 8.5
    endloop
  endfacet
  facet normal 0.831472 -0.555566 0
    outer loop
      vertex 55.0566 56.0182 3
      vertex 54.6569 55.42 8.5
      vertex 54.6569 55.42 3
    endloop
  endfacet
  facet normal 0.0654673 -0.997855 0
    outer loop
      vertex 58.7021 58.1229 3
      vertex 59.42 58.17 8.5
      vertex 58.7021 58.1229 8.5
    endloop
  endfacet
  facet normal 0.0654673 -0.997855 0
    outer loop
      vertex 59.42 58.17 8.5
      vertex 58.7021 58.1229 3
      vertex 59.42 58.17 3
    endloop
  endfacet
  facet normal 0.0654673 0.997855 -0
    outer loop
      vertex 59.42 47.17 3
      vertex 58.7021 47.2171 8.5
      vertex 59.42 47.17 8.5
    endloop
  endfacet
  facet normal 0.0654673 0.997855 0
    outer loop
      vertex 58.7021 47.2171 8.5
      vertex 59.42 47.17 3
      vertex 58.7021 47.2171 3
    endloop
  endfacet
  facet normal -0.19502 -0.980799 0
    outer loop
      vertex 60.1379 58.1229 3
      vertex 60.8435 57.9826 8.5
      vertex 60.1379 58.1229 8.5
    endloop
  endfacet
  facet normal -0.19502 -0.980799 -0
    outer loop
      vertex 60.8435 57.9826 8.5
      vertex 60.1379 58.1229 3
      vertex 60.8435 57.9826 3
    endloop
  endfacet
  facet normal 0.946918 0.321477 0
    outer loop
      vertex 54.3387 50.5652 8.5
      vertex 54.1074 51.2465 3
      vertex 54.1074 51.2465 8.5
    endloop
  endfacet
  facet normal 0.946918 0.321477 0
    outer loop
      vertex 54.1074 51.2465 3
      vertex 54.3387 50.5652 8.5
      vertex 54.3387 50.5652 3
    endloop
  endfacet
  facet normal 0.980799 0.19502 0
    outer loop
      vertex 54.1074 51.2465 8.5
      vertex 53.9671 51.9521 3
      vertex 53.9671 51.9521 8.5
    endloop
  endfacet
  facet normal 0.980799 0.19502 0
    outer loop
      vertex 53.9671 51.9521 3
      vertex 54.1074 51.2465 8.5
      vertex 54.1074 51.2465 3
    endloop
  endfacet
  facet normal 0.751879 0.659301 0
    outer loop
      vertex 55.5309 48.7809 8.5
      vertex 55.0566 49.3218 3
      vertex 55.0566 49.3218 8.5
    endloop
  endfacet
  facet normal 0.751879 0.659301 0
    outer loop
      vertex 55.0566 49.3218 3
      vertex 55.5309 48.7809 8.5
      vertex 55.5309 48.7809 3
    endloop
  endfacet
  facet normal 0.89686 -0.442314 0
    outer loop
      vertex 54.3387 54.7748 8.5
      vertex 54.6569 55.42 3
      vertex 54.6569 55.42 8.5
    endloop
  endfacet
  facet normal 0.89686 -0.442314 0
    outer loop
      vertex 54.6569 55.42 3
      vertex 54.3387 54.7748 8.5
      vertex 54.3387 54.7748 3
    endloop
  endfacet
  facet normal 0 0 1
    outer loop
      vertex 64.8729 53.3879 3
      vertex 64.8729 51.9521 3
      vertex 64.92 52.67 3
    endloop
  endfacet
  facet normal 0 0 1
    outer loop
      vertex 64.7326 54.0935 3
      vertex 64.8729 51.9521 3
      vertex 64.8729 53.3879 3
    endloop
  endfacet
  facet normal 0 0 1
    outer loop
      vertex 64.7326 54.0935 3
      vertex 64.7326 51.2465 3
      vertex 64.8729 51.9521 3
    endloop
  endfacet
  facet normal 0 0 1
    outer loop
      vertex 64.5013 54.7748 3
      vertex 64.7326 51.2465 3
      vertex 64.7326 54.0935 3
    endloop
  endfacet
  facet normal 0 0 1
    outer loop
      vertex 64.5013 54.7748 3
      vertex 64.5013 50.5652 3
      vertex 64.7326 51.2465 3
    endloop
  endfacet
  facet normal 0 0 1
    outer loop
      vertex 64.1831 55.42 3
      vertex 64.5013 50.5652 3
      vertex 64.5013 54.7748 3
    endloop
  endfacet
  facet normal 0 0 1
    outer loop
      vertex 64.1831 55.42 3
      vertex 64.1831 49.92 3
      vertex 64.5013 50.5652 3
    endloop
  endfacet
  facet normal 0 0 1
    outer loop
      vertex 63.7834 56.0182 3
      vertex 64.1831 49.92 3
      vertex 64.1831 55.42 3
    endloop
  endfacet
  facet normal 0 0 1
    outer loop
      vertex 63.7834 56.0182 3
      vertex 63.7834 49.3218 3
      vertex 64.1831 49.92 3
    endloop
  endfacet
  facet normal 0 0 1
    outer loop
      vertex 63.3091 56.5591 3
      vertex 63.7834 49.3218 3
      vertex 63.7834 56.0182 3
    endloop
  endfacet
  facet normal 0 0 1
    outer loop
      vertex 63.3091 56.5591 3
      vertex 63.3091 48.7809 3
      vertex 63.7834 49.3218 3
    endloop
  endfacet
  facet normal 0 0 1
    outer loop
      vertex 62.7682 57.0334 3
      vertex 63.3091 48.7809 3
      vertex 63.3091 56.5591 3
    endloop
  endfacet
  facet normal 0 0 1
    outer loop
      vertex 62.7682 57.0334 3
      vertex 62.7682 48.3066 3
      vertex 63.3091 48.7809 3
    endloop
  endfacet
  facet normal 0 0 1
    outer loop
      vertex 62.17 57.4331 3
      vertex 62.7682 48.3066 3
      vertex 62.7682 57.0334 3
    endloop
  endfacet
  facet normal 0 0 1
    outer loop
      vertex 62.17 57.4331 3
      vertex 62.17 47.9069 3
      vertex 62.7682 48.3066 3
    endloop
  endfacet
  facet normal 0 0 1
    outer loop
      vertex 61.5248 57.7513 3
      vertex 62.17 47.9069 3
      vertex 62.17 57.4331 3
    endloop
  endfacet
  facet normal 0 0 1
    outer loop
      vertex 61.5248 57.7513 3
      vertex 61.5248 47.5887 3
      vertex 62.17 47.9069 3
    endloop
  endfacet
  facet normal 0 0 1
    outer loop
      vertex 60.8435 57.9826 3
      vertex 61.5248 47.5887 3
      vertex 61.5248 57.7513 3
    endloop
  endfacet
  facet normal 0 0 1
    outer loop
      vertex 60.8435 57.9826 3
      vertex 60.8435 47.3574 3
      vertex 61.5248 47.5887 3
    endloop
  endfacet
  facet normal 0 0 1
    outer loop
      vertex 60.1379 58.1229 3
      vertex 60.8435 47.3574 3
      vertex 60.8435 57.9826 3
    endloop
  endfacet
  facet normal 0 0 1
    outer loop
      vertex 60.1379 58.1229 3
      vertex 60.1379 47.2171 3
      vertex 60.8435 47.3574 3
    endloop
  endfacet
  facet normal 0 0 1
    outer loop
      vertex 59.42 58.17 3
      vertex 60.1379 47.2171 3
      vertex 60.1379 58.1229 3
    endloop
  endfacet
  facet normal 0 0 1
    outer loop
      vertex 59.42 58.17 3
      vertex 59.42 47.17 3
      vertex 60.1379 47.2171 3
    endloop
  endfacet
  facet normal -0 0 1
    outer loop
      vertex 58.7021 58.1229 3
      vertex 59.42 47.17 3
      vertex 59.42 58.17 3
    endloop
  endfacet
  facet normal 0 0 1
    outer loop
      vertex 58.7021 58.1229 3
      vertex 58.7021 47.2171 3
      vertex 59.42 47.17 3
    endloop
  endfacet
  facet normal -0 0 1
    outer loop
      vertex 57.9965 57.9826 3
      vertex 58.7021 47.2171 3
      vertex 58.7021 58.1229 3
    endloop
  endfacet
  facet normal 0 0 1
    outer loop
      vertex 57.9965 57.9826 3
      vertex 57.9965 47.3574 3
      vertex 58.7021 47.2171 3
    endloop
  endfacet
  facet normal -0 0 1
    outer loop
      vertex 57.3152 57.7513 3
      vertex 57.9965 47.3574 3
      vertex 57.9965 57.9826 3
    endloop
  endfacet
  facet normal 0 0 1
    outer loop
      vertex 57.3152 57.7513 3
      vertex 57.3152 47.5887 3
      vertex 57.9965 47.3574 3
    endloop
  endfacet
  facet normal -0 0 1
    outer loop
      vertex 56.67 57.4331 3
      vertex 57.3152 47.5887 3
      vertex 57.3152 57.7513 3
    endloop
  endfacet
  facet normal 0 0 1
    outer loop
      vertex 56.67 57.4331 3
      vertex 56.67 47.9069 3
      vertex 57.3152 47.5887 3
    endloop
  endfacet
  facet normal -0 0 1
    outer loop
      vertex 56.0718 57.0334 3
      vertex 56.67 47.9069 3
      vertex 56.67 57.4331 3
    endloop
  endfacet
  facet normal 0 0 1
    outer loop
      vertex 56.0718 57.0334 3
      vertex 56.0718 48.3066 3
      vertex 56.67 47.9069 3
    endloop
  endfacet
  facet normal -0 0 1
    outer loop
      vertex 55.5309 56.5591 3
      vertex 56.0718 48.3066 3
      vertex 56.0718 57.0334 3
    endloop
  endfacet
  facet normal 0 0 1
    outer loop
      vertex 55.5309 56.5591 3
      vertex 55.5309 48.7809 3
      vertex 56.0718 48.3066 3
    endloop
  endfacet
  facet normal -0 0 1
    outer loop
      vertex 55.0566 56.0182 3
      vertex 55.5309 48.7809 3
      vertex 55.5309 56.5591 3
    endloop
  endfacet
  facet normal 0 0 1
    outer loop
      vertex 55.0566 56.0182 3
      vertex 55.0566 49.3218 3
      vertex 55.5309 48.7809 3
    endloop
  endfacet
  facet normal -0 0 1
    outer loop
      vertex 54.6569 55.42 3
      vertex 55.0566 49.3218 3
      vertex 55.0566 56.0182 3
    endloop
  endfacet
  facet normal 0 0 1
    outer loop
      vertex 54.6569 55.42 3
      vertex 54.6569 49.92 3
      vertex 55.0566 49.3218 3
    endloop
  endfacet
  facet normal -0 0 1
    outer loop
      vertex 54.3387 54.7748 3
      vertex 54.6569 49.92 3
      vertex 54.6569 55.42 3
    endloop
  endfacet
  facet normal 0 0 1
    outer loop
      vertex 54.3387 54.7748 3
      vertex 54.3387 50.5652 3
      vertex 54.6569 49.92 3
    endloop
  endfacet
  facet normal -0 0 1
    outer loop
      vertex 54.1074 54.0935 3
      vertex 54.3387 50.5652 3
      vertex 54.3387 54.7748 3
    endloop
  endfacet
  facet normal 0 0 1
    outer loop
      vertex 54.1074 54.0935 3
      vertex 54.1074 51.2465 3
      vertex 54.3387 50.5652 3
    endloop
  endfacet
  facet normal -0 0 1
    outer loop
      vertex 53.9671 53.3879 3
      vertex 54.1074 51.2465 3
      vertex 54.1074 54.0935 3
    endloop
  endfacet
  facet normal 0 0 1
    outer loop
      vertex 53.9671 53.3879 3
      vertex 53.9671 51.9521 3
      vertex 54.1074 51.2465 3
    endloop
  endfacet
  facet normal 0 -0 1
    outer loop
      vertex 53.9671 51.9521 3
      vertex 53.9671 53.3879 3
      vertex 53.92 52.67 3
    endloop
  endfacet
  facet normal 0.946928 0.321446 0
    outer loop
      vertex 14.1074 75.2465 8.5
      vertex 14.3031 74.67 4
      vertex 14.1074 75.2465 4
    endloop
  endfacet
  facet normal 0.946918 0.321477 -4.33639e-06
    outer loop
      vertex 14.3387 74.5652 8.5
      vertex 14.3031 74.67 4
      vertex 14.1074 75.2465 8.5
    endloop
  endfacet
  facet normal 0.946861 0.321644 -0
    outer loop
      vertex 14.3387 74.5652 3
      vertex 14.3031 74.67 4
      vertex 14.3387 74.5652 8.5
    endloop
  endfacet
  facet normal 0.946861 0.321644 0
    outer loop
      vertex 14.3031 74.67 4
      vertex 14.3387 74.5652 3
      vertex 14.3031 74.67 3
    endloop
  endfacet
  facet normal -0.980799 -0.19502 0
    outer loop
      vertex 24.8729 77.3879 4
      vertex 24.7326 78.0935 8.5
      vertex 24.7326 78.0935 4
    endloop
  endfacet
  facet normal -0.980799 -0.19502 0
    outer loop
      vertex 24.7326 78.0935 8.5
      vertex 24.8729 77.3879 4
      vertex 24.8729 77.3879 8.5
    endloop
  endfacet
  facet normal -0.831472 0.555566 0
    outer loop
      vertex 23.7834 73.3218 3
      vertex 24.1831 73.92 8.5
      vertex 24.1831 73.92 3
    endloop
  endfacet
  facet normal -0.831472 0.555566 0
    outer loop
      vertex 24.1831 73.92 8.5
      vertex 23.7834 73.3218 3
      vertex 23.7834 73.3218 8.5
    endloop
  endfacet
  facet normal 0.997855 0.0654673 0
    outer loop
      vertex 13.9671 75.9521 8.5
      vertex 13.92 76.67 4
      vertex 13.92 76.67 8.5
    endloop
  endfacet
  facet normal 0.997855 0.0654673 0
    outer loop
      vertex 13.92 76.67 4
      vertex 13.9671 75.9521 8.5
      vertex 13.9671 75.9521 4
    endloop
  endfacet
  facet normal -0.659301 0.751879 0
    outer loop
      vertex 23.3091 72.7809 3
      vertex 22.7682 72.3066 8.5
      vertex 23.3091 72.7809 8.5
    endloop
  endfacet
  facet normal -0.659301 0.751879 0
    outer loop
      vertex 22.7682 72.3066 8.5
      vertex 23.3091 72.7809 3
      vertex 22.7682 72.3066 3
    endloop
  endfacet
  facet normal 0.980799 0.19502 0
    outer loop
      vertex 14.1074 75.2465 8.5
      vertex 13.9671 75.9521 4
      vertex 13.9671 75.9521 8.5
    endloop
  endfacet
  facet normal 0.980799 0.19502 0
    outer loop
      vertex 13.9671 75.9521 4
      vertex 14.1074 75.2465 8.5
      vertex 14.1074 75.2465 4
    endloop
  endfacet
  facet normal -0.0654673 0.997855 0
    outer loop
      vertex 20.1379 71.2171 3
      vertex 19.42 71.17 8.5
      vertex 20.1379 71.2171 8.5
    endloop
  endfacet
  facet normal -0.0654673 0.997855 0
    outer loop
      vertex 19.42 71.17 8.5
      vertex 20.1379 71.2171 3
      vertex 19.42 71.17 3
    endloop
  endfacet
  facet normal -0.659301 -0.751879 0
    outer loop
      vertex 22.7682 81.0334 4
      vertex 23.3091 80.5591 8.5
      vertex 22.7682 81.0334 8.5
    endloop
  endfacet
  facet normal -0.659301 -0.751879 -0
    outer loop
      vertex 23.3091 80.5591 8.5
      vertex 22.7682 81.0334 4
      vertex 23.3091 80.5591 4
    endloop
  endfacet
  facet normal 0.19502 -0.980799 0
    outer loop
      vertex 17.9965 81.9826 4
      vertex 18.7021 82.1229 8.5
      vertex 17.9965 81.9826 8.5
    endloop
  endfacet
  facet normal 0.19502 -0.980799 0
    outer loop
      vertex 18.7021 82.1229 8.5
      vertex 17.9965 81.9826 4
      vertex 18.7021 82.1229 4
    endloop
  endfacet
  facet normal -0.19502 0.980799 0
    outer loop
      vertex 20.8435 71.3574 3
      vertex 20.1379 71.2171 8.5
      vertex 20.8435 71.3574 8.5
    endloop
  endfacet
  facet normal -0.19502 0.980799 0
    outer loop
      vertex 20.1379 71.2171 8.5
      vertex 20.8435 71.3574 3
      vertex 20.1379 71.2171 3
    endloop
  endfacet
  facet normal -0.946918 -0.321477 0
    outer loop
      vertex 24.7326 78.0935 4
      vertex 24.5013 78.7748 8.5
      vertex 24.5013 78.7748 4
    endloop
  endfacet
  facet normal -0.946918 -0.321477 0
    outer loop
      vertex 24.5013 78.7748 8.5
      vertex 24.7326 78.0935 4
      vertex 24.7326 78.0935 8.5
    endloop
  endfacet
  facet normal 0.0654673 -0.997855 0
    outer loop
      vertex 18.7021 82.1229 4
      vertex 19.42 82.17 8.5
      vertex 18.7021 82.1229 8.5
    endloop
  endfacet
  facet normal 0.0654673 -0.997855 0
    outer loop
      vertex 19.42 82.17 8.5
      vertex 18.7021 82.1229 4
      vertex 19.42 82.17 4
    endloop
  endfacet
  facet normal -0.997855 -0.0654673 0
    outer loop
      vertex 24.92 76.67 4
      vertex 24.8729 77.3879 8.5
      vertex 24.8729 77.3879 4
    endloop
  endfacet
  facet normal -0.997855 -0.0654673 0
    outer loop
      vertex 24.8729 77.3879 8.5
      vertex 24.92 76.67 4
      vertex 24.92 76.67 8.5
    endloop
  endfacet
  facet normal 0.321477 0.946918 -0
    outer loop
      vertex 17.9965 71.3574 3
      vertex 17.3152 71.5887 8.5
      vertex 17.9965 71.3574 8.5
    endloop
  endfacet
  facet normal 0.321477 0.946918 0
    outer loop
      vertex 17.3152 71.5887 8.5
      vertex 17.9965 71.3574 3
      vertex 17.3152 71.5887 3
    endloop
  endfacet
  facet normal 0.831472 -0.555566 0
    outer loop
      vertex 14.6569 79.42 8.5
      vertex 15.0566 80.0182 4
      vertex 15.0566 80.0182 8.5
    endloop
  endfacet
  facet normal 0.831472 -0.555566 0
    outer loop
      vertex 15.0566 80.0182 4
      vertex 14.6569 79.42 8.5
      vertex 14.6569 79.42 4
    endloop
  endfacet
  facet normal -0.89686 0.442314 0
    outer loop
      vertex 24.1831 73.92 3
      vertex 24.5013 74.5652 8.5
      vertex 24.5013 74.5652 3
    endloop
  endfacet
  facet normal -0.89686 0.442314 0
    outer loop
      vertex 24.5013 74.5652 8.5
      vertex 24.1831 73.92 3
      vertex 24.1831 73.92 8.5
    endloop
  endfacet
  facet normal 0.89686 -0.442314 0
    outer loop
      vertex 14.3387 78.7748 8.5
      vertex 14.6569 79.42 4
      vertex 14.6569 79.42 8.5
    endloop
  endfacet
  facet normal 0.89686 -0.442314 0
    outer loop
      vertex 14.6569 79.42 4
      vertex 14.3387 78.7748 8.5
      vertex 14.3387 78.7748 4
    endloop
  endfacet
  facet normal 0.442314 -0.89686 0
    outer loop
      vertex 16.67 81.4331 4
      vertex 17.3152 81.7513 8.5
      vertex 16.67 81.4331 8.5
    endloop
  endfacet
  facet normal 0.442314 -0.89686 0
    outer loop
      vertex 17.3152 81.7513 8.5
      vertex 16.67 81.4331 4
      vertex 17.3152 81.7513 4
    endloop
  endfacet
  facet normal 0.19502 0.980799 -0
    outer loop
      vertex 18.7021 71.2171 3
      vertex 17.9965 71.3574 8.5
      vertex 18.7021 71.2171 8.5
    endloop
  endfacet
  facet normal 0.19502 0.980799 0
    outer loop
      vertex 17.9965 71.3574 8.5
      vertex 18.7021 71.2171 3
      vertex 17.9965 71.3574 3
    endloop
  endfacet
  facet normal 0.946918 -0.321477 0
    outer loop
      vertex 14.1074 78.0935 8.5
      vertex 14.3387 78.7748 4
      vertex 14.3387 78.7748 8.5
    endloop
  endfacet
  facet normal 0.946918 -0.321477 0
    outer loop
      vertex 14.3387 78.7748 4
      vertex 14.1074 78.0935 8.5
      vertex 14.1074 78.0935 4
    endloop
  endfacet
  facet normal -0.751879 -0.659301 0
    outer loop
      vertex 23.7834 80.0182 4
      vertex 23.3091 80.5591 8.5
      vertex 23.3091 80.5591 4
    endloop
  endfacet
  facet normal -0.751879 -0.659301 0
    outer loop
      vertex 23.3091 80.5591 8.5
      vertex 23.7834 80.0182 4
      vertex 23.7834 80.0182 8.5
    endloop
  endfacet
  facet normal -0.89686 -0.442314 0
    outer loop
      vertex 24.5013 78.7748 4
      vertex 24.1831 79.42 8.5
      vertex 24.1831 79.42 4
    endloop
  endfacet
  facet normal -0.89686 -0.442314 0
    outer loop
      vertex 24.1831 79.42 8.5
      vertex 24.5013 78.7748 4
      vertex 24.5013 78.7748 8.5
    endloop
  endfacet
  facet normal 0.980799 -0.19502 0
    outer loop
      vertex 13.9671 77.3879 8.5
      vertex 14.1074 78.0935 4
      vertex 14.1074 78.0935 8.5
    endloop
  endfacet
  facet normal 0.980799 -0.19502 0
    outer loop
      vertex 14.1074 78.0935 4
      vertex 13.9671 77.3879 8.5
      vertex 13.9671 77.3879 4
    endloop
  endfacet
  facet normal -0.555566 0.831472 0
    outer loop
      vertex 22.7682 72.3066 3
      vertex 22.17 71.9069 8.5
      vertex 22.7682 72.3066 8.5
    endloop
  endfacet
  facet normal -0.555566 0.831472 0
    outer loop
      vertex 22.17 71.9069 8.5
      vertex 22.7682 72.3066 3
      vertex 22.17 71.9069 3
    endloop
  endfacet
  facet normal 0.321477 -0.946918 0
    outer loop
      vertex 17.3152 81.7513 4
      vertex 17.9965 81.9826 8.5
      vertex 17.3152 81.7513 8.5
    endloop
  endfacet
  facet normal 0.321477 -0.946918 0
    outer loop
      vertex 17.9965 81.9826 8.5
      vertex 17.3152 81.7513 4
      vertex 17.9965 81.9826 4
    endloop
  endfacet
  facet normal -0.997855 0.0654673 0
    outer loop
      vertex 24.8729 75.9521 4
      vertex 24.92 76.67 8.5
      vertex 24.92 76.67 4
    endloop
  endfacet
  facet normal -0.997855 0.0654673 0
    outer loop
      vertex 24.92 76.67 8.5
      vertex 24.8729 75.9521 4
      vertex 24.8729 75.9521 8.5
    endloop
  endfacet
  facet normal -0.19502 -0.980799 0
    outer loop
      vertex 20.1379 82.1229 4
      vertex 20.8435 81.9826 8.5
      vertex 20.1379 82.1229 8.5
    endloop
  endfacet
  facet normal -0.19502 -0.980799 -0
    outer loop
      vertex 20.8435 81.9826 8.5
      vertex 20.1379 82.1229 4
      vertex 20.8435 81.9826 4
    endloop
  endfacet
  facet normal -0.831472 -0.555566 0
    outer loop
      vertex 24.1831 79.42 4
      vertex 23.7834 80.0182 8.5
      vertex 23.7834 80.0182 4
    endloop
  endfacet
  facet normal -0.831472 -0.555566 0
    outer loop
      vertex 23.7834 80.0182 8.5
      vertex 24.1831 79.42 4
      vertex 24.1831 79.42 8.5
    endloop
  endfacet
  facet normal -0.751879 0.659301 0
    outer loop
      vertex 23.3091 72.7809 3
      vertex 23.7834 73.3218 8.5
      vertex 23.7834 73.3218 3
    endloop
  endfacet
  facet normal -0.751879 0.659301 0
    outer loop
      vertex 23.7834 73.3218 8.5
      vertex 23.3091 72.7809 3
      vertex 23.3091 72.7809 8.5
    endloop
  endfacet
  facet normal -0.980799 0.19502 0
    outer loop
      vertex 24.7326 75.2465 4
      vertex 24.8729 75.9521 8.5
      vertex 24.8729 75.9521 4
    endloop
  endfacet
  facet normal -0.980799 0.19502 0
    outer loop
      vertex 24.8729 75.9521 8.5
      vertex 24.7326 75.2465 4
      vertex 24.7326 75.2465 8.5
    endloop
  endfacet
  facet normal -0.321477 -0.946918 0
    outer loop
      vertex 20.8435 81.9826 4
      vertex 21.5248 81.7513 8.5
      vertex 20.8435 81.9826 8.5
    endloop
  endfacet
  facet normal -0.321477 -0.946918 -0
    outer loop
      vertex 21.5248 81.7513 8.5
      vertex 20.8435 81.9826 4
      vertex 21.5248 81.7513 4
    endloop
  endfacet
  facet normal 0.89686 0.442314 0
    outer loop
      vertex 14.6569 73.92 8.5
      vertex 14.3387 74.5652 3
      vertex 14.3387 74.5652 8.5
    endloop
  endfacet
  facet normal 0.89686 0.442314 0
    outer loop
      vertex 14.3387 74.5652 3
      vertex 14.6569 73.92 8.5
      vertex 14.6569 73.92 3
    endloop
  endfacet
  facet normal 0.751879 -0.659301 0
    outer loop
      vertex 15.0566 80.0182 8.5
      vertex 15.5309 80.5591 4
      vertex 15.5309 80.5591 8.5
    endloop
  endfacet
  facet normal 0.751879 -0.659301 0
    outer loop
      vertex 15.5309 80.5591 4
      vertex 15.0566 80.0182 8.5
      vertex 15.0566 80.0182 4
    endloop
  endfacet
  facet normal -0.442314 -0.89686 0
    outer loop
      vertex 21.5248 81.7513 4
      vertex 22.17 81.4331 8.5
      vertex 21.5248 81.7513 8.5
    endloop
  endfacet
  facet normal -0.442314 -0.89686 -0
    outer loop
      vertex 22.17 81.4331 8.5
      vertex 21.5248 81.7513 4
      vertex 22.17 81.4331 4
    endloop
  endfacet
  facet normal -0.555566 -0.831472 0
    outer loop
      vertex 22.17 81.4331 4
      vertex 22.7682 81.0334 8.5
      vertex 22.17 81.4331 8.5
    endloop
  endfacet
  facet normal -0.555566 -0.831472 -0
    outer loop
      vertex 22.7682 81.0334 8.5
      vertex 22.17 81.4331 4
      vertex 22.7682 81.0334 4
    endloop
  endfacet
  facet normal 0.997855 -0.0654673 0
    outer loop
      vertex 13.92 76.67 8.5
      vertex 13.9671 77.3879 4
      vertex 13.9671 77.3879 8.5
    endloop
  endfacet
  facet normal 0.997855 -0.0654673 0
    outer loop
      vertex 13.9671 77.3879 4
      vertex 13.92 76.67 8.5
      vertex 13.92 76.67 4
    endloop
  endfacet
  facet normal -0.442314 0.89686 0
    outer loop
      vertex 22.17 71.9069 3
      vertex 21.5248 71.5887 8.5
      vertex 22.17 71.9069 8.5
    endloop
  endfacet
  facet normal -0.442314 0.89686 0
    outer loop
      vertex 21.5248 71.5887 8.5
      vertex 22.17 71.9069 3
      vertex 21.5248 71.5887 3
    endloop
  endfacet
  facet normal -0.946861 0.321644 0
    outer loop
      vertex 24.5369 74.67 3
      vertex 24.5013 74.5652 3
      vertex 24.5369 74.67 4
    endloop
  endfacet
  facet normal -0.946928 0.321446 0
    outer loop
      vertex 24.5369 74.67 4
      vertex 24.7326 75.2465 8.5
      vertex 24.7326 75.2465 4
    endloop
  endfacet
  facet normal -0.946918 0.321477 -4.33639e-06
    outer loop
      vertex 24.5369 74.67 4
      vertex 24.5013 74.5652 8.5
      vertex 24.7326 75.2465 8.5
    endloop
  endfacet
  facet normal -0.946861 0.321644 0
    outer loop
      vertex 24.5013 74.5652 8.5
      vertex 24.5369 74.67 4
      vertex 24.5013 74.5652 3
    endloop
  endfacet
  facet normal 0.555566 0.831472 -0
    outer loop
      vertex 16.67 71.9069 3
      vertex 16.0718 72.3066 8.5
      vertex 16.67 71.9069 8.5
    endloop
  endfacet
  facet normal 0.555566 0.831472 0
    outer loop
      vertex 16.0718 72.3066 8.5
      vertex 16.67 71.9069 3
      vertex 16.0718 72.3066 3
    endloop
  endfacet
  facet normal 0.659301 -0.751879 0
    outer loop
      vertex 15.5309 80.5591 4
      vertex 16.0718 81.0334 8.5
      vertex 15.5309 80.5591 8.5
    endloop
  endfacet
  facet normal 0.659301 -0.751879 0
    outer loop
      vertex 16.0718 81.0334 8.5
      vertex 15.5309 80.5591 4
      vertex 16.0718 81.0334 4
    endloop
  endfacet
  facet normal 0.555566 -0.831472 0
    outer loop
      vertex 16.0718 81.0334 4
      vertex 16.67 81.4331 8.5
      vertex 16.0718 81.0334 8.5
    endloop
  endfacet
  facet normal 0.555566 -0.831472 0
    outer loop
      vertex 16.67 81.4331 8.5
      vertex 16.0718 81.0334 4
      vertex 16.67 81.4331 4
    endloop
  endfacet
  facet normal 0.0654673 0.997855 -0
    outer loop
      vertex 19.42 71.17 3
      vertex 18.7021 71.2171 8.5
      vertex 19.42 71.17 8.5
    endloop
  endfacet
  facet normal 0.0654673 0.997855 0
    outer loop
      vertex 18.7021 71.2171 8.5
      vertex 19.42 71.17 3
      vertex 18.7021 71.2171 3
    endloop
  endfacet
  facet normal 0.831472 0.555566 0
    outer loop
      vertex 15.0566 73.3218 8.5
      vertex 14.6569 73.92 3
      vertex 14.6569 73.92 8.5
    endloop
  endfacet
  facet normal 0.831472 0.555566 0
    outer loop
      vertex 14.6569 73.92 3
      vertex 15.0566 73.3218 8.5
      vertex 15.0566 73.3218 3
    endloop
  endfacet
  facet normal 0.751879 0.659301 0
    outer loop
      vertex 15.5309 72.7809 8.5
      vertex 15.0566 73.3218 3
      vertex 15.0566 73.3218 8.5
    endloop
  endfacet
  facet normal 0.751879 0.659301 0
    outer loop
      vertex 15.0566 73.3218 3
      vertex 15.5309 72.7809 8.5
      vertex 15.5309 72.7809 3
    endloop
  endfacet
  facet normal 0.659301 0.751879 -0
    outer loop
      vertex 16.0718 72.3066 3
      vertex 15.5309 72.7809 8.5
      vertex 16.0718 72.3066 8.5
    endloop
  endfacet
  facet normal 0.659301 0.751879 0
    outer loop
      vertex 15.5309 72.7809 8.5
      vertex 16.0718 72.3066 3
      vertex 15.5309 72.7809 3
    endloop
  endfacet
  facet normal 0.442314 0.89686 -0
    outer loop
      vertex 17.3152 71.5887 3
      vertex 16.67 71.9069 8.5
      vertex 17.3152 71.5887 8.5
    endloop
  endfacet
  facet normal 0.442314 0.89686 0
    outer loop
      vertex 16.67 71.9069 8.5
      vertex 17.3152 71.5887 3
      vertex 16.67 71.9069 3
    endloop
  endfacet
  facet normal -0.321477 0.946918 0
    outer loop
      vertex 21.5248 71.5887 3
      vertex 20.8435 71.3574 8.5
      vertex 21.5248 71.5887 8.5
    endloop
  endfacet
  facet normal -0.321477 0.946918 0
    outer loop
      vertex 20.8435 71.3574 8.5
      vertex 21.5248 71.5887 3
      vertex 20.8435 71.3574 3
    endloop
  endfacet
  facet normal -0.0654673 -0.997855 0
    outer loop
      vertex 19.42 82.17 4
      vertex 20.1379 82.1229 8.5
      vertex 19.42 82.17 8.5
    endloop
  endfacet
  facet normal -0.0654673 -0.997855 -0
    outer loop
      vertex 20.1379 82.1229 8.5
      vertex 19.42 82.17 4
      vertex 20.1379 82.1229 4
    endloop
  endfacet
  facet normal 0 0 1
    outer loop
      vertex 24.5369 74.67 3
      vertex 24.1831 73.92 3
      vertex 24.5013 74.5652 3
    endloop
  endfacet
  facet normal 0 0 1
    outer loop
      vertex 24.5369 74.67 3
      vertex 23.7834 73.3218 3
      vertex 24.1831 73.92 3
    endloop
  endfacet
  facet normal 0 0 1
    outer loop
      vertex 24.5369 74.67 3
      vertex 23.3091 72.7809 3
      vertex 23.7834 73.3218 3
    endloop
  endfacet
  facet normal 0 0 1
    outer loop
      vertex 24.5369 74.67 3
      vertex 22.7682 72.3066 3
      vertex 23.3091 72.7809 3
    endloop
  endfacet
  facet normal 0 0 1
    outer loop
      vertex 24.5369 74.67 3
      vertex 22.17 71.9069 3
      vertex 22.7682 72.3066 3
    endloop
  endfacet
  facet normal 0 0 1
    outer loop
      vertex 24.5369 74.67 3
      vertex 21.5248 71.5887 3
      vertex 22.17 71.9069 3
    endloop
  endfacet
  facet normal 0 0 1
    outer loop
      vertex 24.5369 74.67 3
      vertex 20.8435 71.3574 3
      vertex 21.5248 71.5887 3
    endloop
  endfacet
  facet normal 0 0 1
    outer loop
      vertex 24.5369 74.67 3
      vertex 20.1379 71.2171 3
      vertex 20.8435 71.3574 3
    endloop
  endfacet
  facet normal 0 0 1
    outer loop
      vertex 24.5369 74.67 3
      vertex 19.42 71.17 3
      vertex 20.1379 71.2171 3
    endloop
  endfacet
  facet normal 0 0 1
    outer loop
      vertex 24.5369 74.67 3
      vertex 18.7021 71.2171 3
      vertex 19.42 71.17 3
    endloop
  endfacet
  facet normal 0 0 1
    outer loop
      vertex 24.5369 74.67 3
      vertex 17.9965 71.3574 3
      vertex 18.7021 71.2171 3
    endloop
  endfacet
  facet normal 0 0 1
    outer loop
      vertex 24.5369 74.67 3
      vertex 17.3152 71.5887 3
      vertex 17.9965 71.3574 3
    endloop
  endfacet
  facet normal 0 0 1
    outer loop
      vertex 24.5369 74.67 3
      vertex 16.67 71.9069 3
      vertex 17.3152 71.5887 3
    endloop
  endfacet
  facet normal 0 0 1
    outer loop
      vertex 24.5369 74.67 3
      vertex 16.0718 72.3066 3
      vertex 16.67 71.9069 3
    endloop
  endfacet
  facet normal 0 0 1
    outer loop
      vertex 24.5369 74.67 3
      vertex 15.5309 72.7809 3
      vertex 16.0718 72.3066 3
    endloop
  endfacet
  facet normal 0 0 1
    outer loop
      vertex 24.5369 74.67 3
      vertex 15.0566 73.3218 3
      vertex 15.5309 72.7809 3
    endloop
  endfacet
  facet normal 0 0 1
    outer loop
      vertex 24.5369 74.67 3
      vertex 14.6569 73.92 3
      vertex 15.0566 73.3218 3
    endloop
  endfacet
  facet normal -0 0 1
    outer loop
      vertex 14.3031 74.67 3
      vertex 14.6569 73.92 3
      vertex 24.5369 74.67 3
    endloop
  endfacet
  facet normal 0 0 1
    outer loop
      vertex 14.6569 73.92 3
      vertex 14.3031 74.67 3
      vertex 14.3387 74.5652 3
    endloop
  endfacet
  facet normal -0.0654673 0.997855 0
    outer loop
      vertex 40.1379 71.2171 3
      vertex 39.42 71.17 8.5
      vertex 40.1379 71.2171 8.5
    endloop
  endfacet
  facet normal -0.0654673 0.997855 0
    outer loop
      vertex 39.42 71.17 8.5
      vertex 40.1379 71.2171 3
      vertex 39.42 71.17 3
    endloop
  endfacet
  facet normal -0.980799 -0.19502 0
    outer loop
      vertex 44.8729 77.3879 4
      vertex 44.7326 78.0935 8.5
      vertex 44.7326 78.0935 4
    endloop
  endfacet
  facet normal -0.980799 -0.19502 0
    outer loop
      vertex 44.7326 78.0935 8.5
      vertex 44.8729 77.3879 4
      vertex 44.8729 77.3879 8.5
    endloop
  endfacet
  facet normal -0.997855 -0.0654673 0
    outer loop
      vertex 44.92 76.67 4
      vertex 44.8729 77.3879 8.5
      vertex 44.8729 77.3879 4
    endloop
  endfacet
  facet normal -0.997855 -0.0654673 0
    outer loop
      vertex 44.8729 77.3879 8.5
      vertex 44.92 76.67 4
      vertex 44.92 76.67 8.5
    endloop
  endfacet
  facet normal -0.946918 -0.321477 0
    outer loop
      vertex 44.7326 78.0935 4
      vertex 44.5013 78.7748 8.5
      vertex 44.5013 78.7748 4
    endloop
  endfacet
  facet normal -0.946918 -0.321477 0
    outer loop
      vertex 44.5013 78.7748 8.5
      vertex 44.7326 78.0935 4
      vertex 44.7326 78.0935 8.5
    endloop
  endfacet
  facet normal -0.831472 0.555566 0
    outer loop
      vertex 43.7834 73.3218 3
      vertex 44.1831 73.92 8.5
      vertex 44.1831 73.92 3
    endloop
  endfacet
  facet normal -0.831472 0.555566 0
    outer loop
      vertex 44.1831 73.92 8.5
      vertex 43.7834 73.3218 3
      vertex 43.7834 73.3218 8.5
    endloop
  endfacet
  facet normal 0.19502 -0.980799 0
    outer loop
      vertex 37.9965 81.9826 4
      vertex 38.7021 82.1229 8.5
      vertex 37.9965 81.9826 8.5
    endloop
  endfacet
  facet normal 0.19502 -0.980799 0
    outer loop
      vertex 38.7021 82.1229 8.5
      vertex 37.9965 81.9826 4
      vertex 38.7021 82.1229 4
    endloop
  endfacet
  facet normal 0.997855 -0.0654673 0
    outer loop
      vertex 33.92 76.67 8.5
      vertex 33.9671 77.3879 4
      vertex 33.9671 77.3879 8.5
    endloop
  endfacet
  facet normal 0.997855 -0.0654673 0
    outer loop
      vertex 33.9671 77.3879 4
      vertex 33.92 76.67 8.5
      vertex 33.92 76.67 4
    endloop
  endfacet
  facet normal 0.442314 0.89686 -0
    outer loop
      vertex 37.3152 71.5887 3
      vertex 36.67 71.9069 8.5
      vertex 37.3152 71.5887 8.5
    endloop
  endfacet
  facet normal 0.442314 0.89686 0
    outer loop
      vertex 36.67 71.9069 8.5
      vertex 37.3152 71.5887 3
      vertex 36.67 71.9069 3
    endloop
  endfacet
  facet normal -0.751879 -0.659301 0
    outer loop
      vertex 43.7834 80.0182 4
      vertex 43.3091 80.5591 8.5
      vertex 43.3091 80.5591 4
    endloop
  endfacet
  facet normal -0.751879 -0.659301 0
    outer loop
      vertex 43.3091 80.5591 8.5
      vertex 43.7834 80.0182 4
      vertex 43.7834 80.0182 8.5
    endloop
  endfacet
  facet normal -0.831472 -0.555566 0
    outer loop
      vertex 44.1831 79.42 4
      vertex 43.7834 80.0182 8.5
      vertex 43.7834 80.0182 4
    endloop
  endfacet
  facet normal -0.831472 -0.555566 0
    outer loop
      vertex 43.7834 80.0182 8.5
      vertex 44.1831 79.42 4
      vertex 44.1831 79.42 8.5
    endloop
  endfacet
  facet normal -0.89686 0.442314 0
    outer loop
      vertex 44.1831 73.92 3
      vertex 44.5013 74.5652 8.5
      vertex 44.5013 74.5652 3
    endloop
  endfacet
  facet normal -0.89686 0.442314 0
    outer loop
      vertex 44.5013 74.5652 8.5
      vertex 44.1831 73.92 3
      vertex 44.1831 73.92 8.5
    endloop
  endfacet
  facet normal -0.89686 -0.442314 0
    outer loop
      vertex 44.5013 78.7748 4
      vertex 44.1831 79.42 8.5
      vertex 44.1831 79.42 4
    endloop
  endfacet
  facet normal -0.89686 -0.442314 0
    outer loop
      vertex 44.1831 79.42 8.5
      vertex 44.5013 78.7748 4
      vertex 44.5013 78.7748 8.5
    endloop
  endfacet
  facet normal 0.831472 -0.555566 0
    outer loop
      vertex 34.6569 79.42 8.5
      vertex 35.0566 80.0182 4
      vertex 35.0566 80.0182 8.5
    endloop
  endfacet
  facet normal 0.831472 -0.555566 0
    outer loop
      vertex 35.0566 80.0182 4
      vertex 34.6569 79.42 8.5
      vertex 34.6569 79.42 4
    endloop
  endfacet
  facet normal 0.659301 -0.751879 0
    outer loop
      vertex 35.5309 80.5591 4
      vertex 36.0718 81.0334 8.5
      vertex 35.5309 80.5591 8.5
    endloop
  endfacet
  facet normal 0.659301 -0.751879 0
    outer loop
      vertex 36.0718 81.0334 8.5
      vertex 35.5309 80.5591 4
      vertex 36.0718 81.0334 4
    endloop
  endfacet
  facet normal 0.321477 -0.946918 0
    outer loop
      vertex 37.3152 81.7513 4
      vertex 37.9965 81.9826 8.5
      vertex 37.3152 81.7513 8.5
    endloop
  endfacet
  facet normal 0.321477 -0.946918 0
    outer loop
      vertex 37.9965 81.9826 8.5
      vertex 37.3152 81.7513 4
      vertex 37.9965 81.9826 4
    endloop
  endfacet
  facet normal 0.555566 -0.831472 0
    outer loop
      vertex 36.0718 81.0334 4
      vertex 36.67 81.4331 8.5
      vertex 36.0718 81.0334 8.5
    endloop
  endfacet
  facet normal 0.555566 -0.831472 0
    outer loop
      vertex 36.67 81.4331 8.5
      vertex 36.0718 81.0334 4
      vertex 36.67 81.4331 4
    endloop
  endfacet
  facet normal 0.946918 -0.321477 0
    outer loop
      vertex 34.1074 78.0935 8.5
      vertex 34.3387 78.7748 4
      vertex 34.3387 78.7748 8.5
    endloop
  endfacet
  facet normal 0.946918 -0.321477 0
    outer loop
      vertex 34.3387 78.7748 4
      vertex 34.1074 78.0935 8.5
      vertex 34.1074 78.0935 4
    endloop
  endfacet
  facet normal 0.751879 -0.659301 0
    outer loop
      vertex 35.0566 80.0182 8.5
      vertex 35.5309 80.5591 4
      vertex 35.5309 80.5591 8.5
    endloop
  endfacet
  facet normal 0.751879 -0.659301 0
    outer loop
      vertex 35.5309 80.5591 4
      vertex 35.0566 80.0182 8.5
      vertex 35.0566 80.0182 4
    endloop
  endfacet
  facet normal 0.831472 0.555566 0
    outer loop
      vertex 35.0566 73.3218 8.5
      vertex 34.6569 73.92 3
      vertex 34.6569 73.92 8.5
    endloop
  endfacet
  facet normal 0.831472 0.555566 0
    outer loop
      vertex 34.6569 73.92 3
      vertex 35.0566 73.3218 8.5
      vertex 35.0566 73.3218 3
    endloop
  endfacet
  facet normal -0.997855 0.0654673 0
    outer loop
      vertex 44.8729 75.9521 4
      vertex 44.92 76.67 8.5
      vertex 44.92 76.67 4
    endloop
  endfacet
  facet normal -0.997855 0.0654673 0
    outer loop
      vertex 44.92 76.67 8.5
      vertex 44.8729 75.9521 4
      vertex 44.8729 75.9521 8.5
    endloop
  endfacet
  facet normal -0.19502 0.980799 0
    outer loop
      vertex 40.8435 71.3574 3
      vertex 40.1379 71.2171 8.5
      vertex 40.8435 71.3574 8.5
    endloop
  endfacet
  facet normal -0.19502 0.980799 0
    outer loop
      vertex 40.1379 71.2171 8.5
      vertex 40.8435 71.3574 3
      vertex 40.1379 71.2171 3
    endloop
  endfacet
  facet normal -0.980799 0.19502 0
    outer loop
      vertex 44.7326 75.2465 4
      vertex 44.8729 75.9521 8.5
      vertex 44.8729 75.9521 4
    endloop
  endfacet
  facet normal -0.980799 0.19502 0
    outer loop
      vertex 44.8729 75.9521 8.5
      vertex 44.7326 75.2465 4
      vertex 44.7326 75.2465 8.5
    endloop
  endfacet
  facet normal 0.442314 -0.89686 0
    outer loop
      vertex 36.67 81.4331 4
      vertex 37.3152 81.7513 8.5
      vertex 36.67 81.4331 8.5
    endloop
  endfacet
  facet normal 0.442314 -0.89686 0
    outer loop
      vertex 37.3152 81.7513 8.5
      vertex 36.67 81.4331 4
      vertex 37.3152 81.7513 4
    endloop
  endfacet
  facet normal -0.321477 -0.946918 0
    outer loop
      vertex 40.8435 81.9826 4
      vertex 41.5248 81.7513 8.5
      vertex 40.8435 81.9826 8.5
    endloop
  endfacet
  facet normal -0.321477 -0.946918 -0
    outer loop
      vertex 41.5248 81.7513 8.5
      vertex 40.8435 81.9826 4
      vertex 41.5248 81.7513 4
    endloop
  endfacet
  facet normal -0.751879 0.659301 0
    outer loop
      vertex 43.3091 72.7809 3
      vertex 43.7834 73.3218 8.5
      vertex 43.7834 73.3218 3
    endloop
  endfacet
  facet normal -0.751879 0.659301 0
    outer loop
      vertex 43.7834 73.3218 8.5
      vertex 43.3091 72.7809 3
      vertex 43.3091 72.7809 8.5
    endloop
  endfacet
  facet normal -0.442314 -0.89686 0
    outer loop
      vertex 41.5248 81.7513 4
      vertex 42.17 81.4331 8.5
      vertex 41.5248 81.7513 8.5
    endloop
  endfacet
  facet normal -0.442314 -0.89686 -0
    outer loop
      vertex 42.17 81.4331 8.5
      vertex 41.5248 81.7513 4
      vertex 42.17 81.4331 4
    endloop
  endfacet
  facet normal -0.659301 -0.751879 0
    outer loop
      vertex 42.7682 81.0334 4
      vertex 43.3091 80.5591 8.5
      vertex 42.7682 81.0334 8.5
    endloop
  endfacet
  facet normal -0.659301 -0.751879 -0
    outer loop
      vertex 43.3091 80.5591 8.5
      vertex 42.7682 81.0334 4
      vertex 43.3091 80.5591 4
    endloop
  endfacet
  facet normal -0.555566 -0.831472 0
    outer loop
      vertex 42.17 81.4331 4
      vertex 42.7682 81.0334 8.5
      vertex 42.17 81.4331 8.5
    endloop
  endfacet
  facet normal -0.555566 -0.831472 -0
    outer loop
      vertex 42.7682 81.0334 8.5
      vertex 42.17 81.4331 4
      vertex 42.7682 81.0334 4
    endloop
  endfacet
  facet normal -0.0654673 -0.997855 0
    outer loop
      vertex 39.42 82.17 4
      vertex 40.1379 82.1229 8.5
      vertex 39.42 82.17 8.5
    endloop
  endfacet
  facet normal -0.0654673 -0.997855 -0
    outer loop
      vertex 40.1379 82.1229 8.5
      vertex 39.42 82.17 4
      vertex 40.1379 82.1229 4
    endloop
  endfacet
  facet normal -0.659301 0.751879 0
    outer loop
      vertex 43.3091 72.7809 3
      vertex 42.7682 72.3066 8.5
      vertex 43.3091 72.7809 8.5
    endloop
  endfacet
  facet normal -0.659301 0.751879 0
    outer loop
      vertex 42.7682 72.3066 8.5
      vertex 43.3091 72.7809 3
      vertex 42.7682 72.3066 3
    endloop
  endfacet
  facet normal -0.555566 0.831472 0
    outer loop
      vertex 42.7682 72.3066 3
      vertex 42.17 71.9069 8.5
      vertex 42.7682 72.3066 8.5
    endloop
  endfacet
  facet normal -0.555566 0.831472 0
    outer loop
      vertex 42.17 71.9069 8.5
      vertex 42.7682 72.3066 3
      vertex 42.17 71.9069 3
    endloop
  endfacet
  facet normal 0.89686 0.442314 0
    outer loop
      vertex 34.6569 73.92 8.5
      vertex 34.3387 74.5652 3
      vertex 34.3387 74.5652 8.5
    endloop
  endfacet
  facet normal 0.89686 0.442314 0
    outer loop
      vertex 34.3387 74.5652 3
      vertex 34.6569 73.92 8.5
      vertex 34.6569 73.92 3
    endloop
  endfacet
  facet normal -0.442314 0.89686 0
    outer loop
      vertex 42.17 71.9069 3
      vertex 41.5248 71.5887 8.5
      vertex 42.17 71.9069 8.5
    endloop
  endfacet
  facet normal -0.442314 0.89686 0
    outer loop
      vertex 41.5248 71.5887 8.5
      vertex 42.17 71.9069 3
      vertex 41.5248 71.5887 3
    endloop
  endfacet
  facet normal 0.997855 0.0654673 0
    outer loop
      vertex 33.9671 75.9521 8.5
      vertex 33.92 76.67 4
      vertex 33.92 76.67 8.5
    endloop
  endfacet
  facet normal 0.997855 0.0654673 0
    outer loop
      vertex 33.92 76.67 4
      vertex 33.9671 75.9521 8.5
      vertex 33.9671 75.9521 4
    endloop
  endfacet
  facet normal -0.946861 0.321644 0
    outer loop
      vertex 44.5369 74.67 3
      vertex 44.5013 74.5652 3
      vertex 44.5369 74.67 4
    endloop
  endfacet
  facet normal -0.946928 0.321446 0
    outer loop
      vertex 44.5369 74.67 4
      vertex 44.7326 75.2465 8.5
      vertex 44.7326 75.2465 4
    endloop
  endfacet
  facet normal -0.946918 0.321477 -4.33639e-06
    outer loop
      vertex 44.5369 74.67 4
      vertex 44.5013 74.5652 8.5
      vertex 44.7326 75.2465 8.5
    endloop
  endfacet
  facet normal -0.946861 0.321644 0
    outer loop
      vertex 44.5013 74.5652 8.5
      vertex 44.5369 74.67 4
      vertex 44.5013 74.5652 3
    endloop
  endfacet
  facet normal 0.659301 0.751879 -0
    outer loop
      vertex 36.0718 72.3066 3
      vertex 35.5309 72.7809 8.5
      vertex 36.0718 72.3066 8.5
    endloop
  endfacet
  facet normal 0.659301 0.751879 0
    outer loop
      vertex 35.5309 72.7809 8.5
      vertex 36.0718 72.3066 3
      vertex 35.5309 72.7809 3
    endloop
  endfacet
  facet normal 0.980799 -0.19502 0
    outer loop
      vertex 33.9671 77.3879 8.5
      vertex 34.1074 78.0935 4
      vertex 34.1074 78.0935 8.5
    endloop
  endfacet
  facet normal 0.980799 -0.19502 0
    outer loop
      vertex 34.1074 78.0935 4
      vertex 33.9671 77.3879 8.5
      vertex 33.9671 77.3879 4
    endloop
  endfacet
  facet normal 0.0654673 -0.997855 0
    outer loop
      vertex 38.7021 82.1229 4
      vertex 39.42 82.17 8.5
      vertex 38.7021 82.1229 8.5
    endloop
  endfacet
  facet normal 0.0654673 -0.997855 0
    outer loop
      vertex 39.42 82.17 8.5
      vertex 38.7021 82.1229 4
      vertex 39.42 82.17 4
    endloop
  endfacet
  facet normal 0.0654673 0.997855 -0
    outer loop
      vertex 39.42 71.17 3
      vertex 38.7021 71.2171 8.5
      vertex 39.42 71.17 8.5
    endloop
  endfacet
  facet normal 0.0654673 0.997855 0
    outer loop
      vertex 38.7021 71.2171 8.5
      vertex 39.42 71.17 3
      vertex 38.7021 71.2171 3
    endloop
  endfacet
  facet normal -0.321477 0.946918 0
    outer loop
      vertex 41.5248 71.5887 3
      vertex 40.8435 71.3574 8.5
      vertex 41.5248 71.5887 8.5
    endloop
  endfacet
  facet normal -0.321477 0.946918 0
    outer loop
      vertex 40.8435 71.3574 8.5
      vertex 41.5248 71.5887 3
      vertex 40.8435 71.3574 3
    endloop
  endfacet
  facet normal 0.89686 -0.442314 0
    outer loop
      vertex 34.3387 78.7748 8.5
      vertex 34.6569 79.42 4
      vertex 34.6569 79.42 8.5
    endloop
  endfacet
  facet normal 0.89686 -0.442314 0
    outer loop
      vertex 34.6569 79.42 4
      vertex 34.3387 78.7748 8.5
      vertex 34.3387 78.7748 4
    endloop
  endfacet
  facet normal -0.19502 -0.980799 0
    outer loop
      vertex 40.1379 82.1229 4
      vertex 40.8435 81.9826 8.5
      vertex 40.1379 82.1229 8.5
    endloop
  endfacet
  facet normal -0.19502 -0.980799 -0
    outer loop
      vertex 40.8435 81.9826 8.5
      vertex 40.1379 82.1229 4
      vertex 40.8435 81.9826 4
    endloop
  endfacet
  facet normal 0.946928 0.321446 0
    outer loop
      vertex 34.1074 75.2465 8.5
      vertex 34.3031 74.67 4
      vertex 34.1074 75.2465 4
    endloop
  endfacet
  facet normal 0.946918 0.321477 -4.33639e-06
    outer loop
      vertex 34.3387 74.5652 8.5
      vertex 34.3031 74.67 4
      vertex 34.1074 75.2465 8.5
    endloop
  endfacet
  facet normal 0.946861 0.321644 -0
    outer loop
      vertex 34.3387 74.5652 3
      vertex 34.3031 74.67 4
      vertex 34.3387 74.5652 8.5
    endloop
  endfacet
  facet normal 0.946861 0.321644 0
    outer loop
      vertex 34.3031 74.67 4
      vertex 34.3387 74.5652 3
      vertex 34.3031 74.67 3
    endloop
  endfacet
  facet normal 0.980799 0.19502 0
    outer loop
      vertex 34.1074 75.2465 8.5
      vertex 33.9671 75.9521 4
      vertex 33.9671 75.9521 8.5
    endloop
  endfacet
  facet normal 0.980799 0.19502 0
    outer loop
      vertex 33.9671 75.9521 4
      vertex 34.1074 75.2465 8.5
      vertex 34.1074 75.2465 4
    endloop
  endfacet
  facet normal 0.751879 0.659301 0
    outer loop
      vertex 35.5309 72.7809 8.5
      vertex 35.0566 73.3218 3
      vertex 35.0566 73.3218 8.5
    endloop
  endfacet
  facet normal 0.751879 0.659301 0
    outer loop
      vertex 35.0566 73.3218 3
      vertex 35.5309 72.7809 8.5
      vertex 35.5309 72.7809 3
    endloop
  endfacet
  facet normal 0.19502 0.980799 -0
    outer loop
      vertex 38.7021 71.2171 3
      vertex 37.9965 71.3574 8.5
      vertex 38.7021 71.2171 8.5
    endloop
  endfacet
  facet normal 0.19502 0.980799 0
    outer loop
      vertex 37.9965 71.3574 8.5
      vertex 38.7021 71.2171 3
      vertex 37.9965 71.3574 3
    endloop
  endfacet
  facet normal 0.321477 0.946918 -0
    outer loop
      vertex 37.9965 71.3574 3
      vertex 37.3152 71.5887 8.5
      vertex 37.9965 71.3574 8.5
    endloop
  endfacet
  facet normal 0.321477 0.946918 0
    outer loop
      vertex 37.3152 71.5887 8.5
      vertex 37.9965 71.3574 3
      vertex 37.3152 71.5887 3
    endloop
  endfacet
  facet normal 0 0 1
    outer loop
      vertex 44.5369 74.67 3
      vertex 44.1831 73.92 3
      vertex 44.5013 74.5652 3
    endloop
  endfacet
  facet normal 0 0 1
    outer loop
      vertex 44.5369 74.67 3
      vertex 43.7834 73.3218 3
      vertex 44.1831 73.92 3
    endloop
  endfacet
  facet normal 0 0 1
    outer loop
      vertex 44.5369 74.67 3
      vertex 43.3091 72.7809 3
      vertex 43.7834 73.3218 3
    endloop
  endfacet
  facet normal 0 0 1
    outer loop
      vertex 44.5369 74.67 3
      vertex 42.7682 72.3066 3
      vertex 43.3091 72.7809 3
    endloop
  endfacet
  facet normal 0 0 1
    outer loop
      vertex 44.5369 74.67 3
      vertex 42.17 71.9069 3
      vertex 42.7682 72.3066 3
    endloop
  endfacet
  facet normal 0 0 1
    outer loop
      vertex 44.5369 74.67 3
      vertex 41.5248 71.5887 3
      vertex 42.17 71.9069 3
    endloop
  endfacet
  facet normal 0 0 1
    outer loop
      vertex 44.5369 74.67 3
      vertex 40.8435 71.3574 3
      vertex 41.5248 71.5887 3
    endloop
  endfacet
  facet normal 0 0 1
    outer loop
      vertex 44.5369 74.67 3
      vertex 40.1379 71.2171 3
      vertex 40.8435 71.3574 3
    endloop
  endfacet
  facet normal 0 0 1
    outer loop
      vertex 44.5369 74.67 3
      vertex 39.42 71.17 3
      vertex 40.1379 71.2171 3
    endloop
  endfacet
  facet normal 0 0 1
    outer loop
      vertex 44.5369 74.67 3
      vertex 38.7021 71.2171 3
      vertex 39.42 71.17 3
    endloop
  endfacet
  facet normal 0 0 1
    outer loop
      vertex 44.5369 74.67 3
      vertex 37.9965 71.3574 3
      vertex 38.7021 71.2171 3
    endloop
  endfacet
  facet normal 0 0 1
    outer loop
      vertex 44.5369 74.67 3
      vertex 37.3152 71.5887 3
      vertex 37.9965 71.3574 3
    endloop
  endfacet
  facet normal 0 0 1
    outer loop
      vertex 44.5369 74.67 3
      vertex 36.67 71.9069 3
      vertex 37.3152 71.5887 3
    endloop
  endfacet
  facet normal 0 0 1
    outer loop
      vertex 44.5369 74.67 3
      vertex 36.0718 72.3066 3
      vertex 36.67 71.9069 3
    endloop
  endfacet
  facet normal 0 0 1
    outer loop
      vertex 44.5369 74.67 3
      vertex 35.5309 72.7809 3
      vertex 36.0718 72.3066 3
    endloop
  endfacet
  facet normal 0 0 1
    outer loop
      vertex 44.5369 74.67 3
      vertex 35.0566 73.3218 3
      vertex 35.5309 72.7809 3
    endloop
  endfacet
  facet normal 0 0 1
    outer loop
      vertex 44.5369 74.67 3
      vertex 34.6569 73.92 3
      vertex 35.0566 73.3218 3
    endloop
  endfacet
  facet normal -0 0 1
    outer loop
      vertex 34.3031 74.67 3
      vertex 34.6569 73.92 3
      vertex 44.5369 74.67 3
    endloop
  endfacet
  facet normal 0 0 1
    outer loop
      vertex 34.6569 73.92 3
      vertex 34.3031 74.67 3
      vertex 34.3387 74.5652 3
    endloop
  endfacet
  facet normal 0.555566 0.831472 -0
    outer loop
      vertex 36.67 71.9069 3
      vertex 36.0718 72.3066 8.5
      vertex 36.67 71.9069 8.5
    endloop
  endfacet
  facet normal 0.555566 0.831472 0
    outer loop
      vertex 36.0718 72.3066 8.5
      vertex 36.67 71.9069 3
      vertex 36.0718 72.3066 3
    endloop
  endfacet
  facet normal -0.0654673 0.997855 0
    outer loop
      vertex 60.1379 71.2171 3
      vertex 59.42 71.17 8.5
      vertex 60.1379 71.2171 8.5
    endloop
  endfacet
  facet normal -0.0654673 0.997855 0
    outer loop
      vertex 59.42 71.17 8.5
      vertex 60.1379 71.2171 3
      vertex 59.42 71.17 3
    endloop
  endfacet
  facet normal -0.980799 -0.19502 0
    outer loop
      vertex 64.8729 77.3879 4
      vertex 64.7326 78.0935 8.5
      vertex 64.7326 78.0935 4
    endloop
  endfacet
  facet normal -0.980799 -0.19502 0
    outer loop
      vertex 64.7326 78.0935 8.5
      vertex 64.8729 77.3879 4
      vertex 64.8729 77.3879 8.5
    endloop
  endfacet
  facet normal -0.997855 -0.0654673 0
    outer loop
      vertex 64.92 76.67 4
      vertex 64.8729 77.3879 8.5
      vertex 64.8729 77.3879 4
    endloop
  endfacet
  facet normal -0.997855 -0.0654673 0
    outer loop
      vertex 64.8729 77.3879 8.5
      vertex 64.92 76.67 4
      vertex 64.92 76.67 8.5
    endloop
  endfacet
  facet normal -0.946918 -0.321477 0
    outer loop
      vertex 64.7326 78.0935 4
      vertex 64.5013 78.7748 8.5
      vertex 64.5013 78.7748 4
    endloop
  endfacet
  facet normal -0.946918 -0.321477 0
    outer loop
      vertex 64.5013 78.7748 8.5
      vertex 64.7326 78.0935 4
      vertex 64.7326 78.0935 8.5
    endloop
  endfacet
  facet normal -0.831472 0.555566 0
    outer loop
      vertex 63.7834 73.3218 3
      vertex 64.1831 73.92 8.5
      vertex 64.1831 73.92 3
    endloop
  endfacet
  facet normal -0.831472 0.555566 0
    outer loop
      vertex 64.1831 73.92 8.5
      vertex 63.7834 73.3218 3
      vertex 63.7834 73.3218 8.5
    endloop
  endfacet
  facet normal 0.19502 -0.980799 0
    outer loop
      vertex 57.9965 81.9826 4
      vertex 58.7021 82.1229 8.5
      vertex 57.9965 81.9826 8.5
    endloop
  endfacet
  facet normal 0.19502 -0.980799 0
    outer loop
      vertex 58.7021 82.1229 8.5
      vertex 57.9965 81.9826 4
      vertex 58.7021 82.1229 4
    endloop
  endfacet
  facet normal 0.997855 -0.0654673 0
    outer loop
      vertex 53.92 76.67 8.5
      vertex 53.9671 77.3879 4
      vertex 53.9671 77.3879 8.5
    endloop
  endfacet
  facet normal 0.997855 -0.0654673 0
    outer loop
      vertex 53.9671 77.3879 4
      vertex 53.92 76.67 8.5
      vertex 53.92 76.67 4
    endloop
  endfacet
  facet normal -0.321477 0.946918 0
    outer loop
      vertex 61.5248 71.5887 3
      vertex 60.8435 71.3574 8.5
      vertex 61.5248 71.5887 8.5
    endloop
  endfacet
  facet normal -0.321477 0.946918 0
    outer loop
      vertex 60.8435 71.3574 8.5
      vertex 61.5248 71.5887 3
      vertex 60.8435 71.3574 3
    endloop
  endfacet
  facet normal -0.751879 -0.659301 0
    outer loop
      vertex 63.7834 80.0182 4
      vertex 63.3091 80.5591 8.5
      vertex 63.3091 80.5591 4
    endloop
  endfacet
  facet normal -0.751879 -0.659301 0
    outer loop
      vertex 63.3091 80.5591 8.5
      vertex 63.7834 80.0182 4
      vertex 63.7834 80.0182 8.5
    endloop
  endfacet
  facet normal -0.831472 -0.555566 0
    outer loop
      vertex 64.1831 79.42 4
      vertex 63.7834 80.0182 8.5
      vertex 63.7834 80.0182 4
    endloop
  endfacet
  facet normal -0.831472 -0.555566 0
    outer loop
      vertex 63.7834 80.0182 8.5
      vertex 64.1831 79.42 4
      vertex 64.1831 79.42 8.5
    endloop
  endfacet
  facet normal -0.89686 0.442314 0
    outer loop
      vertex 64.1831 73.92 3
      vertex 64.5013 74.5652 8.5
      vertex 64.5013 74.5652 3
    endloop
  endfacet
  facet normal -0.89686 0.442314 0
    outer loop
      vertex 64.5013 74.5652 8.5
      vertex 64.1831 73.92 3
      vertex 64.1831 73.92 8.5
    endloop
  endfacet
  facet normal -0.89686 -0.442314 0
    outer loop
      vertex 64.5013 78.7748 4
      vertex 64.1831 79.42 8.5
      vertex 64.1831 79.42 4
    endloop
  endfacet
  facet normal -0.89686 -0.442314 0
    outer loop
      vertex 64.1831 79.42 8.5
      vertex 64.5013 78.7748 4
      vertex 64.5013 78.7748 8.5
    endloop
  endfacet
  facet normal 0.659301 -0.751879 0
    outer loop
      vertex 55.5309 80.5591 4
      vertex 56.0718 81.0334 8.5
      vertex 55.5309 80.5591 8.5
    endloop
  endfacet
  facet normal 0.659301 -0.751879 0
    outer loop
      vertex 56.0718 81.0334 8.5
      vertex 55.5309 80.5591 4
      vertex 56.0718 81.0334 4
    endloop
  endfacet
  facet normal 0.321477 -0.946918 0
    outer loop
      vertex 57.3152 81.7513 4
      vertex 57.9965 81.9826 8.5
      vertex 57.3152 81.7513 8.5
    endloop
  endfacet
  facet normal 0.321477 -0.946918 0
    outer loop
      vertex 57.9965 81.9826 8.5
      vertex 57.3152 81.7513 4
      vertex 57.9965 81.9826 4
    endloop
  endfacet
  facet normal 0.442314 0.89686 -0
    outer loop
      vertex 57.3152 71.5887 3
      vertex 56.67 71.9069 8.5
      vertex 57.3152 71.5887 8.5
    endloop
  endfacet
  facet normal 0.442314 0.89686 0
    outer loop
      vertex 56.67 71.9069 8.5
      vertex 57.3152 71.5887 3
      vertex 56.67 71.9069 3
    endloop
  endfacet
  facet normal 0.555566 -0.831472 0
    outer loop
      vertex 56.0718 81.0334 4
      vertex 56.67 81.4331 8.5
      vertex 56.0718 81.0334 8.5
    endloop
  endfacet
  facet normal 0.555566 -0.831472 0
    outer loop
      vertex 56.67 81.4331 8.5
      vertex 56.0718 81.0334 4
      vertex 56.67 81.4331 4
    endloop
  endfacet
  facet normal 0.946918 -0.321477 0
    outer loop
      vertex 54.1074 78.0935 8.5
      vertex 54.3387 78.7748 4
      vertex 54.3387 78.7748 8.5
    endloop
  endfacet
  facet normal 0.946918 -0.321477 0
    outer loop
      vertex 54.3387 78.7748 4
      vertex 54.1074 78.0935 8.5
      vertex 54.1074 78.0935 4
    endloop
  endfacet
  facet normal 0.751879 -0.659301 0
    outer loop
      vertex 55.0566 80.0182 8.5
      vertex 55.5309 80.5591 4
      vertex 55.5309 80.5591 8.5
    endloop
  endfacet
  facet normal 0.751879 -0.659301 0
    outer loop
      vertex 55.5309 80.5591 4
      vertex 55.0566 80.0182 8.5
      vertex 55.0566 80.0182 4
    endloop
  endfacet
  facet normal 0.831472 0.555566 0
    outer loop
      vertex 55.0566 73.3218 8.5
      vertex 54.6569 73.92 3
      vertex 54.6569 73.92 8.5
    endloop
  endfacet
  facet normal 0.831472 0.555566 0
    outer loop
      vertex 54.6569 73.92 3
      vertex 55.0566 73.3218 8.5
      vertex 55.0566 73.3218 3
    endloop
  endfacet
  facet normal -0.997855 0.0654673 0
    outer loop
      vertex 64.8729 75.9521 4
      vertex 64.92 76.67 8.5
      vertex 64.92 76.67 4
    endloop
  endfacet
  facet normal -0.997855 0.0654673 0
    outer loop
      vertex 64.92 76.67 8.5
      vertex 64.8729 75.9521 4
      vertex 64.8729 75.9521 8.5
    endloop
  endfacet
  facet normal 0.946928 0.321446 0
    outer loop
      vertex 54.1074 75.2465 8.5
      vertex 54.3031 74.67 4
      vertex 54.1074 75.2465 4
    endloop
  endfacet
  facet normal 0.946918 0.321477 -4.33639e-06
    outer loop
      vertex 54.3387 74.5652 8.5
      vertex 54.3031 74.67 4
      vertex 54.1074 75.2465 8.5
    endloop
  endfacet
  facet normal 0.946861 0.321644 -0
    outer loop
      vertex 54.3387 74.5652 3
      vertex 54.3031 74.67 4
      vertex 54.3387 74.5652 8.5
    endloop
  endfacet
  facet normal 0.946861 0.321644 0
    outer loop
      vertex 54.3031 74.67 4
      vertex 54.3387 74.5652 3
      vertex 54.3031 74.67 3
    endloop
  endfacet
  facet normal -0.19502 0.980799 0
    outer loop
      vertex 60.8435 71.3574 3
      vertex 60.1379 71.2171 8.5
      vertex 60.8435 71.3574 8.5
    endloop
  endfacet
  facet normal -0.19502 0.980799 0
    outer loop
      vertex 60.1379 71.2171 8.5
      vertex 60.8435 71.3574 3
      vertex 60.1379 71.2171 3
    endloop
  endfacet
  facet normal -0.980799 0.19502 0
    outer loop
      vertex 64.7326 75.2465 4
      vertex 64.8729 75.9521 8.5
      vertex 64.8729 75.9521 4
    endloop
  endfacet
  facet normal -0.980799 0.19502 0
    outer loop
      vertex 64.8729 75.9521 8.5
      vertex 64.7326 75.2465 4
      vertex 64.7326 75.2465 8.5
    endloop
  endfacet
  facet normal -0.555566 -0.831472 0
    outer loop
      vertex 62.17 81.4331 4
      vertex 62.7682 81.0334 8.5
      vertex 62.17 81.4331 8.5
    endloop
  endfacet
  facet normal -0.555566 -0.831472 -0
    outer loop
      vertex 62.7682 81.0334 8.5
      vertex 62.17 81.4331 4
      vertex 62.7682 81.0334 4
    endloop
  endfacet
  facet normal 0.19502 0.980799 -0
    outer loop
      vertex 58.7021 71.2171 3
      vertex 57.9965 71.3574 8.5
      vertex 58.7021 71.2171 8.5
    endloop
  endfacet
  facet normal 0.19502 0.980799 0
    outer loop
      vertex 57.9965 71.3574 8.5
      vertex 58.7021 71.2171 3
      vertex 57.9965 71.3574 3
    endloop
  endfacet
  facet normal 0.442314 -0.89686 0
    outer loop
      vertex 56.67 81.4331 4
      vertex 57.3152 81.7513 8.5
      vertex 56.67 81.4331 8.5
    endloop
  endfacet
  facet normal 0.442314 -0.89686 0
    outer loop
      vertex 57.3152 81.7513 8.5
      vertex 56.67 81.4331 4
      vertex 57.3152 81.7513 4
    endloop
  endfacet
  facet normal -0.321477 -0.946918 0
    outer loop
      vertex 60.8435 81.9826 4
      vertex 61.5248 81.7513 8.5
      vertex 60.8435 81.9826 8.5
    endloop
  endfacet
  facet normal -0.321477 -0.946918 -0
    outer loop
      vertex 61.5248 81.7513 8.5
      vertex 60.8435 81.9826 4
      vertex 61.5248 81.7513 4
    endloop
  endfacet
  facet normal -0.751879 0.659301 0
    outer loop
      vertex 63.3091 72.7809 3
      vertex 63.7834 73.3218 8.5
      vertex 63.7834 73.3218 3
    endloop
  endfacet
  facet normal -0.751879 0.659301 0
    outer loop
      vertex 63.7834 73.3218 8.5
      vertex 63.3091 72.7809 3
      vertex 63.3091 72.7809 8.5
    endloop
  endfacet
  facet normal -0.442314 -0.89686 0
    outer loop
      vertex 61.5248 81.7513 4
      vertex 62.17 81.4331 8.5
      vertex 61.5248 81.7513 8.5
    endloop
  endfacet
  facet normal -0.442314 -0.89686 -0
    outer loop
      vertex 62.17 81.4331 8.5
      vertex 61.5248 81.7513 4
      vertex 62.17 81.4331 4
    endloop
  endfacet
  facet normal -0.659301 -0.751879 0
    outer loop
      vertex 62.7682 81.0334 4
      vertex 63.3091 80.5591 8.5
      vertex 62.7682 81.0334 8.5
    endloop
  endfacet
  facet normal -0.659301 -0.751879 -0
    outer loop
      vertex 63.3091 80.5591 8.5
      vertex 62.7682 81.0334 4
      vertex 63.3091 80.5591 4
    endloop
  endfacet
  facet normal -0.0654673 -0.997855 0
    outer loop
      vertex 59.42 82.17 4
      vertex 60.1379 82.1229 8.5
      vertex 59.42 82.17 8.5
    endloop
  endfacet
  facet normal -0.0654673 -0.997855 -0
    outer loop
      vertex 60.1379 82.1229 8.5
      vertex 59.42 82.17 4
      vertex 60.1379 82.1229 4
    endloop
  endfacet
  facet normal -0.659301 0.751879 0
    outer loop
      vertex 63.3091 72.7809 3
      vertex 62.7682 72.3066 8.5
      vertex 63.3091 72.7809 8.5
    endloop
  endfacet
  facet normal -0.659301 0.751879 0
    outer loop
      vertex 62.7682 72.3066 8.5
      vertex 63.3091 72.7809 3
      vertex 62.7682 72.3066 3
    endloop
  endfacet
  facet normal -0.555566 0.831472 0
    outer loop
      vertex 62.7682 72.3066 3
      vertex 62.17 71.9069 8.5
      vertex 62.7682 72.3066 8.5
    endloop
  endfacet
  facet normal -0.555566 0.831472 0
    outer loop
      vertex 62.17 71.9069 8.5
      vertex 62.7682 72.3066 3
      vertex 62.17 71.9069 3
    endloop
  endfacet
  facet normal 0.89686 0.442314 0
    outer loop
      vertex 54.6569 73.92 8.5
      vertex 54.3387 74.5652 3
      vertex 54.3387 74.5652 8.5
    endloop
  endfacet
  facet normal 0.89686 0.442314 0
    outer loop
      vertex 54.3387 74.5652 3
      vertex 54.6569 73.92 8.5
      vertex 54.6569 73.92 3
    endloop
  endfacet
  facet normal -0.442314 0.89686 0
    outer loop
      vertex 62.17 71.9069 3
      vertex 61.5248 71.5887 8.5
      vertex 62.17 71.9069 8.5
    endloop
  endfacet
  facet normal -0.442314 0.89686 0
    outer loop
      vertex 61.5248 71.5887 8.5
      vertex 62.17 71.9069 3
      vertex 61.5248 71.5887 3
    endloop
  endfacet
  facet normal 0.659301 0.751879 -0
    outer loop
      vertex 56.0718 72.3066 3
      vertex 55.5309 72.7809 8.5
      vertex 56.0718 72.3066 8.5
    endloop
  endfacet
  facet normal 0.659301 0.751879 0
    outer loop
      vertex 55.5309 72.7809 8.5
      vertex 56.0718 72.3066 3
      vertex 55.5309 72.7809 3
    endloop
  endfacet
  facet normal 0.997855 0.0654673 0
    outer loop
      vertex 53.9671 75.9521 8.5
      vertex 53.92 76.67 4
      vertex 53.92 76.67 8.5
    endloop
  endfacet
  facet normal 0.997855 0.0654673 0
    outer loop
      vertex 53.92 76.67 4
      vertex 53.9671 75.9521 8.5
      vertex 53.9671 75.9521 4
    endloop
  endfacet
  facet normal -0.946861 0.321644 0
    outer loop
      vertex 64.5369 74.67 3
      vertex 64.5013 74.5652 3
      vertex 64.5369 74.67 4
    endloop
  endfacet
  facet normal -0.946928 0.321446 0
    outer loop
      vertex 64.5369 74.67 4
      vertex 64.7326 75.2465 8.5
      vertex 64.7326 75.2465 4
    endloop
  endfacet
  facet normal -0.946918 0.321477 -4.33639e-06
    outer loop
      vertex 64.5369 74.67 4
      vertex 64.5013 74.5652 8.5
      vertex 64.7326 75.2465 8.5
    endloop
  endfacet
  facet normal -0.946861 0.321644 0
    outer loop
      vertex 64.5013 74.5652 8.5
      vertex 64.5369 74.67 4
      vertex 64.5013 74.5652 3
    endloop
  endfacet
  facet normal 0.980799 -0.19502 0
    outer loop
      vertex 53.9671 77.3879 8.5
      vertex 54.1074 78.0935 4
      vertex 54.1074 78.0935 8.5
    endloop
  endfacet
  facet normal 0.980799 -0.19502 0
    outer loop
      vertex 54.1074 78.0935 4
      vertex 53.9671 77.3879 8.5
      vertex 53.9671 77.3879 4
    endloop
  endfacet
  facet normal 0.321477 0.946918 -0
    outer loop
      vertex 57.9965 71.3574 3
      vertex 57.3152 71.5887 8.5
      vertex 57.9965 71.3574 8.5
    endloop
  endfacet
  facet normal 0.321477 0.946918 0
    outer loop
      vertex 57.3152 71.5887 8.5
      vertex 57.9965 71.3574 3
      vertex 57.3152 71.5887 3
    endloop
  endfacet
  facet normal 0.831472 -0.555566 0
    outer loop
      vertex 54.6569 79.42 8.5
      vertex 55.0566 80.0182 4
      vertex 55.0566 80.0182 8.5
    endloop
  endfacet
  facet normal 0.831472 -0.555566 0
    outer loop
      vertex 55.0566 80.0182 4
      vertex 54.6569 79.42 8.5
      vertex 54.6569 79.42 4
    endloop
  endfacet
  facet normal 0.0654673 -0.997855 0
    outer loop
      vertex 58.7021 82.1229 4
      vertex 59.42 82.17 8.5
      vertex 58.7021 82.1229 8.5
    endloop
  endfacet
  facet normal 0.0654673 -0.997855 0
    outer loop
      vertex 59.42 82.17 8.5
      vertex 58.7021 82.1229 4
      vertex 59.42 82.17 4
    endloop
  endfacet
  facet normal 0.0654673 0.997855 -0
    outer loop
      vertex 59.42 71.17 3
      vertex 58.7021 71.2171 8.5
      vertex 59.42 71.17 8.5
    endloop
  endfacet
  facet normal 0.0654673 0.997855 0
    outer loop
      vertex 58.7021 71.2171 8.5
      vertex 59.42 71.17 3
      vertex 58.7021 71.2171 3
    endloop
  endfacet
  facet normal 0.555566 0.831472 -0
    outer loop
      vertex 56.67 71.9069 3
      vertex 56.0718 72.3066 8.5
      vertex 56.67 71.9069 8.5
    endloop
  endfacet
  facet normal 0.555566 0.831472 0
    outer loop
      vertex 56.0718 72.3066 8.5
      vertex 56.67 71.9069 3
      vertex 56.0718 72.3066 3
    endloop
  endfacet
  facet normal -0.19502 -0.980799 0
    outer loop
      vertex 60.1379 82.1229 4
      vertex 60.8435 81.9826 8.5
      vertex 60.1379 82.1229 8.5
    endloop
  endfacet
  facet normal -0.19502 -0.980799 -0
    outer loop
      vertex 60.8435 81.9826 8.5
      vertex 60.1379 82.1229 4
      vertex 60.8435 81.9826 4
    endloop
  endfacet
  facet normal 0.980799 0.19502 0
    outer loop
      vertex 54.1074 75.2465 8.5
      vertex 53.9671 75.9521 4
      vertex 53.9671 75.9521 8.5
    endloop
  endfacet
  facet normal 0.980799 0.19502 0
    outer loop
      vertex 53.9671 75.9521 4
      vertex 54.1074 75.2465 8.5
      vertex 54.1074 75.2465 4
    endloop
  endfacet
  facet normal 0.751879 0.659301 0
    outer loop
      vertex 55.5309 72.7809 8.5
      vertex 55.0566 73.3218 3
      vertex 55.0566 73.3218 8.5
    endloop
  endfacet
  facet normal 0.751879 0.659301 0
    outer loop
      vertex 55.0566 73.3218 3
      vertex 55.5309 72.7809 8.5
      vertex 55.5309 72.7809 3
    endloop
  endfacet
  facet normal 0.89686 -0.442314 0
    outer loop
      vertex 54.3387 78.7748 8.5
      vertex 54.6569 79.42 4
      vertex 54.6569 79.42 8.5
    endloop
  endfacet
  facet normal 0.89686 -0.442314 0
    outer loop
      vertex 54.6569 79.42 4
      vertex 54.3387 78.7748 8.5
      vertex 54.3387 78.7748 4
    endloop
  endfacet
  facet normal 0 0 1
    outer loop
      vertex 64.5369 74.67 3
      vertex 64.1831 73.92 3
      vertex 64.5013 74.5652 3
    endloop
  endfacet
  facet normal 0 0 1
    outer loop
      vertex 64.5369 74.67 3
      vertex 63.7834 73.3218 3
      vertex 64.1831 73.92 3
    endloop
  endfacet
  facet normal 0 0 1
    outer loop
      vertex 64.5369 74.67 3
      vertex 63.3091 72.7809 3
      vertex 63.7834 73.3218 3
    endloop
  endfacet
  facet normal 0 0 1
    outer loop
      vertex 64.5369 74.67 3
      vertex 62.7682 72.3066 3
      vertex 63.3091 72.7809 3
    endloop
  endfacet
  facet normal 0 0 1
    outer loop
      vertex 64.5369 74.67 3
      vertex 62.17 71.9069 3
      vertex 62.7682 72.3066 3
    endloop
  endfacet
  facet normal 0 0 1
    outer loop
      vertex 64.5369 74.67 3
      vertex 61.5248 71.5887 3
      vertex 62.17 71.9069 3
    endloop
  endfacet
  facet normal 0 0 1
    outer loop
      vertex 64.5369 74.67 3
      vertex 60.8435 71.3574 3
      vertex 61.5248 71.5887 3
    endloop
  endfacet
  facet normal 0 0 1
    outer loop
      vertex 64.5369 74.67 3
      vertex 60.1379 71.2171 3
      vertex 60.8435 71.3574 3
    endloop
  endfacet
  facet normal 0 0 1
    outer loop
      vertex 64.5369 74.67 3
      vertex 59.42 71.17 3
      vertex 60.1379 71.2171 3
    endloop
  endfacet
  facet normal 0 0 1
    outer loop
      vertex 64.5369 74.67 3
      vertex 58.7021 71.2171 3
      vertex 59.42 71.17 3
    endloop
  endfacet
  facet normal 0 0 1
    outer loop
      vertex 64.5369 74.67 3
      vertex 57.9965 71.3574 3
      vertex 58.7021 71.2171 3
    endloop
  endfacet
  facet normal 0 0 1
    outer loop
      vertex 64.5369 74.67 3
      vertex 57.3152 71.5887 3
      vertex 57.9965 71.3574 3
    endloop
  endfacet
  facet normal 0 0 1
    outer loop
      vertex 64.5369 74.67 3
      vertex 56.67 71.9069 3
      vertex 57.3152 71.5887 3
    endloop
  endfacet
  facet normal 0 0 1
    outer loop
      vertex 64.5369 74.67 3
      vertex 56.0718 72.3066 3
      vertex 56.67 71.9069 3
    endloop
  endfacet
  facet normal 0 0 1
    outer loop
      vertex 64.5369 74.67 3
      vertex 55.5309 72.7809 3
      vertex 56.0718 72.3066 3
    endloop
  endfacet
  facet normal 0 0 1
    outer loop
      vertex 64.5369 74.67 3
      vertex 55.0566 73.3218 3
      vertex 55.5309 72.7809 3
    endloop
  endfacet
  facet normal 0 0 1
    outer loop
      vertex 64.5369 74.67 3
      vertex 54.6569 73.92 3
      vertex 55.0566 73.3218 3
    endloop
  endfacet
  facet normal -0 0 1
    outer loop
      vertex 54.3031 74.67 3
      vertex 54.6569 73.92 3
      vertex 64.5369 74.67 3
    endloop
  endfacet
  facet normal 0 0 1
    outer loop
      vertex 54.6569 73.92 3
      vertex 54.3031 74.67 3
      vertex 54.3387 74.5652 3
    endloop
  endfacet
endsolid OpenSCAD_Model
