solid OpenSCAD_Model
  facet normal 0 1 -0
    outer loop
      vertex 67.2 68.5 3.995
      vertex 8.8 68.5 4
      vertex 67.2 68.5 4
    endloop
  endfacet
  facet normal 0 1 0
    outer loop
      vertex 67.2 68.5 3.995
      vertex 8.8 68.5 3.995
      vertex 8.8 68.5 4
    endloop
  endfacet
  facet normal 0 1 -0
    outer loop
      vertex 67.0953 68.5 -0.00499916
      vertex 8.8 68.5 3.995
      vertex 67.2 68.5 3.995
    endloop
  endfacet
  facet normal 0 1 0
    outer loop
      vertex 8.8 68.5 3.995
      vertex 67.0953 68.5 -0.00499916
      vertex 8.90474 68.5 -0.00499916
    endloop
  endfacet
  facet normal 0 -1 0
    outer loop
      vertex 8.8 24.5 3.995
      vertex 67.2 24.5 4
      vertex 8.8 24.5 4
    endloop
  endfacet
  facet normal 0 -1 0
    outer loop
      vertex 8.8 24.5 3.995
      vertex 67.2 24.5 3.995
      vertex 67.2 24.5 4
    endloop
  endfacet
  facet normal 0 -1 0
    outer loop
      vertex 8.90474 24.5 -0.00499916
      vertex 67.2 24.5 3.995
      vertex 8.8 24.5 3.995
    endloop
  endfacet
  facet normal 0 -1 0
    outer loop
      vertex 67.2 24.5 3.995
      vertex 8.90474 24.5 -0.00499916
      vertex 67.0953 24.5 -0.00499916
    endloop
  endfacet
  facet normal 0 0 -1
    outer loop
      vertex 8.90474 24.5 -0.00499916
      vertex 67.0953 68.5 -0.00499916
      vertex 67.0953 24.5 -0.00499916
    endloop
  endfacet
  facet normal -0 0 -1
    outer loop
      vertex 67.0953 68.5 -0.00499916
      vertex 8.90474 24.5 -0.00499916
      vertex 8.90474 68.5 -0.00499916
    endloop
  endfacet
  facet normal 1 -0 0
    outer loop
      vertex 67.2 24.5 4
      vertex 67.2 68.5 3.995
      vertex 67.2 68.5 4
    endloop
  endfacet
  facet normal 1 0 0
    outer loop
      vertex 67.2 68.5 3.995
      vertex 67.2 24.5 4
      vertex 67.2 24.5 3.995
    endloop
  endfacet
  facet normal -0.999657 0 -0.026176
    outer loop
      vertex 8.90474 24.5 -0.00499916
      vertex 8.8 68.5 3.995
      vertex 8.90474 68.5 -0.00499916
    endloop
  endfacet
  facet normal -0.999657 -0 -0.026176
    outer loop
      vertex 8.8 68.5 3.995
      vertex 8.90474 24.5 -0.00499916
      vertex 8.8 24.5 3.995
    endloop
  endfacet
  facet normal 0.999658 0 -0.026166
    outer loop
      vertex 67.2 24.5 3.995
      vertex 67.0953 68.5 -0.00499916
      vertex 67.2 68.5 3.995
    endloop
  endfacet
  facet normal 0.999658 0 -0.026166
    outer loop
      vertex 67.0953 68.5 -0.00499916
      vertex 67.2 24.5 3.995
      vertex 67.0953 24.5 -0.00499916
    endloop
  endfacet
  facet normal -1 0 0
    outer loop
      vertex 8.8 24.5 3.995
      vertex 8.8 68.5 4
      vertex 8.8 68.5 3.995
    endloop
  endfacet
  facet normal -1 -0 0
    outer loop
      vertex 8.8 68.5 4
      vertex 8.8 24.5 3.995
      vertex 8.8 24.5 4
    endloop
  endfacet
  facet normal -1 0 0
    outer loop
      vertex 0 3 4
      vertex 0 90 8.5
      vertex 0 90 4
    endloop
  endfacet
  facet normal -1 -0 0
    outer loop
      vertex 0 90 8.5
      vertex 0 3 4
      vertex 0 3 8.5
    endloop
  endfacet
  facet normal -0.442288 -0.896873 0
    outer loop
      vertex 1.5 0.401923 4
      vertex 1.85195 0.228361 8.5
      vertex 1.5 0.401923 8.5
    endloop
  endfacet
  facet normal -0.442288 -0.896873 -0
    outer loop
      vertex 1.85195 0.228361 8.5
      vertex 1.5 0.401923 4
      vertex 1.85195 0.228361 4
    endloop
  endfacet
  facet normal -0.44216 0.896936 0
    outer loop
      vertex 1.85195 92.7716 4
      vertex 1.5 92.5981 8.5
      vertex 1.85195 92.7716 8.5
    endloop
  endfacet
  facet normal -0.44216 0.896936 0
    outer loop
      vertex 1.5 92.5981 8.5
      vertex 1.85195 92.7716 4
      vertex 1.5 92.5981 4
    endloop
  endfacet
  facet normal -0.997859 -0.0654026 0
    outer loop
      vertex 0.0256653 2.60842 4
      vertex 0 3 8.5
      vertex 0 3 4
    endloop
  endfacet
  facet normal -0.997859 -0.0654026 0
    outer loop
      vertex 0 3 8.5
      vertex 0.0256653 2.60842 4
      vertex 0.0256653 2.60842 8.5
    endloop
  endfacet
  facet normal 0.321651 0.946858 -0
    outer loop
      vertex 74.148 92.7716 4
      vertex 73.7765 92.8978 8.5
      vertex 74.148 92.7716 8.5
    endloop
  endfacet
  facet normal 0.321651 0.946858 0
    outer loop
      vertex 73.7765 92.8978 8.5
      vertex 74.148 92.7716 4
      vertex 73.7765 92.8978 4
    endloop
  endfacet
  facet normal 0.659478 0.751724 -0
    outer loop
      vertex 75.1213 92.1213 4
      vertex 74.8263 92.3801 8.5
      vertex 75.1213 92.1213 8.5
    endloop
  endfacet
  facet normal 0.659478 0.751724 0
    outer loop
      vertex 74.8263 92.3801 8.5
      vertex 75.1213 92.1213 4
      vertex 74.8263 92.3801 4
    endloop
  endfacet
  facet normal 0.751769 -0.659426 0
    outer loop
      vertex 75.1213 0.878679 8.5
      vertex 75.3801 1.17372 4
      vertex 75.3801 1.17372 8.5
    endloop
  endfacet
  facet normal 0.751769 -0.659426 0
    outer loop
      vertex 75.3801 1.17372 4
      vertex 75.1213 0.878679 8.5
      vertex 75.1213 0.878679 4
    endloop
  endfacet
  facet normal 1 -0 0
    outer loop
      vertex 76 3 8.5
      vertex 76 90 4
      vertex 76 90 8.5
    endloop
  endfacet
  facet normal 1 0 0
    outer loop
      vertex 76 90 4
      vertex 76 3 8.5
      vertex 76 3 4
    endloop
  endfacet
  facet normal -0.946905 0.321512 0
    outer loop
      vertex 0.102222 90.7765 4
      vertex 0.228361 91.148 8.5
      vertex 0.228361 91.148 4
    endloop
  endfacet
  facet normal -0.946905 0.321512 0
    outer loop
      vertex 0.228361 91.148 8.5
      vertex 0.102222 90.7765 4
      vertex 0.102222 90.7765 8.5
    endloop
  endfacet
  facet normal 0.555523 0.831501 -0
    outer loop
      vertex 74.8263 92.3801 4
      vertex 74.5 92.5981 8.5
      vertex 74.8263 92.3801 8.5
    endloop
  endfacet
  facet normal 0.555523 0.831501 0
    outer loop
      vertex 74.5 92.5981 8.5
      vertex 74.8263 92.3801 4
      vertex 74.5 92.5981 4
    endloop
  endfacet
  facet normal 0.44211 0.896961 -0
    outer loop
      vertex 74.5 92.5981 4
      vertex 74.148 92.7716 8.5
      vertex 74.5 92.5981 8.5
    endloop
  endfacet
  facet normal 0.44211 0.896961 0
    outer loop
      vertex 74.148 92.7716 8.5
      vertex 74.5 92.5981 4
      vertex 74.148 92.7716 4
    endloop
  endfacet
  facet normal 0.442237 -0.896898 0
    outer loop
      vertex 74.148 0.228361 4
      vertex 74.5 0.401923 8.5
      vertex 74.148 0.228361 8.5
    endloop
  endfacet
  facet normal 0.442237 -0.896898 0
    outer loop
      vertex 74.5 0.401923 8.5
      vertex 74.148 0.228361 4
      vertex 74.5 0.401923 4
    endloop
  endfacet
  facet normal 0 -1 0
    outer loop
      vertex 3 0 4
      vertex 73 0 8.5
      vertex 3 0 8.5
    endloop
  endfacet
  facet normal 0 -1 -0
    outer loop
      vertex 73 0 8.5
      vertex 3 0 4
      vertex 73 0 4
    endloop
  endfacet
  facet normal 0.997853 -0.0654906 0
    outer loop
      vertex 75.9743 2.60842 8.5
      vertex 76 3 4
      vertex 76 3 8.5
    endloop
  endfacet
  facet normal 0.997853 -0.0654906 0
    outer loop
      vertex 76 3 4
      vertex 75.9743 2.60842 8.5
      vertex 75.9743 2.60842 4
    endloop
  endfacet
  facet normal -0.195089 -0.980786 0
    outer loop
      vertex 2.22354 0.102222 4
      vertex 2.60842 0.0256653 8.5
      vertex 2.22354 0.102222 8.5
    endloop
  endfacet
  facet normal -0.195089 -0.980786 -0
    outer loop
      vertex 2.60842 0.0256653 8.5
      vertex 2.22354 0.102222 4
      vertex 2.60842 0.0256653 4
    endloop
  endfacet
  facet normal 0 1 -0
    outer loop
      vertex 73 93 4
      vertex 3 93 8.5
      vertex 73 93 8.5
    endloop
  endfacet
  facet normal 0 1 0
    outer loop
      vertex 3 93 8.5
      vertex 73 93 4
      vertex 3 93 4
    endloop
  endfacet
  facet normal 0.555553 -0.831481 0
    outer loop
      vertex 74.5 0.401923 4
      vertex 74.8263 0.61994 8.5
      vertex 74.5 0.401923 8.5
    endloop
  endfacet
  facet normal 0.555553 -0.831481 0
    outer loop
      vertex 74.8263 0.61994 8.5
      vertex 74.5 0.401923 4
      vertex 74.8263 0.61994 4
    endloop
  endfacet
  facet normal -0.321582 0.946882 0
    outer loop
      vertex 2.22354 92.8978 4
      vertex 1.85195 92.7716 8.5
      vertex 2.22354 92.8978 8.5
    endloop
  endfacet
  facet normal -0.321582 0.946882 0
    outer loop
      vertex 1.85195 92.7716 8.5
      vertex 2.22354 92.8978 4
      vertex 1.85195 92.7716 4
    endloop
  endfacet
  facet normal -0.946929 -0.321442 0
    outer loop
      vertex 0.228361 1.85195 4
      vertex 0.102222 2.22354 8.5
      vertex 0.102222 2.22354 4
    endloop
  endfacet
  facet normal -0.946929 -0.321442 0
    outer loop
      vertex 0.102222 2.22354 8.5
      vertex 0.228361 1.85195 4
      vertex 0.228361 1.85195 8.5
    endloop
  endfacet
  facet normal 0 0 -1
    outer loop
      vertex 73 0 4
      vertex 76 3 4
      vertex 75.9743 2.60842 4
    endloop
  endfacet
  facet normal 0 0 -1
    outer loop
      vertex 76 3 4
      vertex 67.2 24.5 4
      vertex 76 90 4
    endloop
  endfacet
  facet normal 0 0 -1
    outer loop
      vertex 73 0 4
      vertex 75.9743 2.60842 4
      vertex 75.8978 2.22354 4
    endloop
  endfacet
  facet normal 0 0 -1
    outer loop
      vertex 67.2 68.5 4
      vertex 76 90 4
      vertex 67.2 24.5 4
    endloop
  endfacet
  facet normal 0 0 -1
    outer loop
      vertex 73 0 4
      vertex 75.8978 2.22354 4
      vertex 75.7716 1.85195 4
    endloop
  endfacet
  facet normal 0 -0 -1
    outer loop
      vertex 73 93 4
      vertex 76 90 4
      vertex 67.2 68.5 4
    endloop
  endfacet
  facet normal 0 0 -1
    outer loop
      vertex 73 0 4
      vertex 75.7716 1.85195 4
      vertex 75.5981 1.5 4
    endloop
  endfacet
  facet normal 0 0 -1
    outer loop
      vertex 76 90 4
      vertex 73 93 4
      vertex 75.9743 90.3916 4
    endloop
  endfacet
  facet normal 0 0 -1
    outer loop
      vertex 73 0 4
      vertex 75.5981 1.5 4
      vertex 75.3801 1.17372 4
    endloop
  endfacet
  facet normal 0 0 -1
    outer loop
      vertex 75.9743 90.3916 4
      vertex 73 93 4
      vertex 75.8978 90.7765 4
    endloop
  endfacet
  facet normal 0 0 -1
    outer loop
      vertex 73 0 4
      vertex 75.3801 1.17372 4
      vertex 75.1213 0.878679 4
    endloop
  endfacet
  facet normal 0 0 -1
    outer loop
      vertex 75.8978 90.7765 4
      vertex 73 93 4
      vertex 75.7716 91.148 4
    endloop
  endfacet
  facet normal 0 0 -1
    outer loop
      vertex 73 0 4
      vertex 75.1213 0.878679 4
      vertex 74.8263 0.61994 4
    endloop
  endfacet
  facet normal 0 0 -1
    outer loop
      vertex 75.7716 91.148 4
      vertex 73 93 4
      vertex 75.5981 91.5 4
    endloop
  endfacet
  facet normal 0 0 -1
    outer loop
      vertex 73 0 4
      vertex 74.8263 0.61994 4
      vertex 74.5 0.401923 4
    endloop
  endfacet
  facet normal 0 0 -1
    outer loop
      vertex 75.5981 91.5 4
      vertex 73 93 4
      vertex 75.3801 91.8263 4
    endloop
  endfacet
  facet normal 0 0 -1
    outer loop
      vertex 73 0 4
      vertex 74.5 0.401923 4
      vertex 74.148 0.228361 4
    endloop
  endfacet
  facet normal 0 0 -1
    outer loop
      vertex 75.3801 91.8263 4
      vertex 73 93 4
      vertex 75.1213 92.1213 4
    endloop
  endfacet
  facet normal 0 0 -1
    outer loop
      vertex 73 0 4
      vertex 74.148 0.228361 4
      vertex 73.7765 0.102222 4
    endloop
  endfacet
  facet normal 0 0 -1
    outer loop
      vertex 75.1213 92.1213 4
      vertex 73 93 4
      vertex 74.8263 92.3801 4
    endloop
  endfacet
  facet normal 0 0 -1
    outer loop
      vertex 73 0 4
      vertex 73.7765 0.102222 4
      vertex 73.3916 0.0256653 4
    endloop
  endfacet
  facet normal 0 0 -1
    outer loop
      vertex 74.8263 92.3801 4
      vertex 73 93 4
      vertex 74.5 92.5981 4
    endloop
  endfacet
  facet normal -0 0 -1
    outer loop
      vertex 76 3 4
      vertex 73 0 4
      vertex 67.2 24.5 4
    endloop
  endfacet
  facet normal 0 0 -1
    outer loop
      vertex 74.5 92.5981 4
      vertex 73 93 4
      vertex 74.148 92.7716 4
    endloop
  endfacet
  facet normal 0 0 -1
    outer loop
      vertex 74.148 92.7716 4
      vertex 73 93 4
      vertex 73.7765 92.8978 4
    endloop
  endfacet
  facet normal 0 0 -1
    outer loop
      vertex 73 0 4
      vertex 8.8 24.5 4
      vertex 67.2 24.5 4
    endloop
  endfacet
  facet normal 0 0 -1
    outer loop
      vertex 0 3 4
      vertex 8.8 24.5 4
      vertex 3 0 4
    endloop
  endfacet
  facet normal 0 0 -1
    outer loop
      vertex 3 0 4
      vertex 8.8 24.5 4
      vertex 73 0 4
    endloop
  endfacet
  facet normal 0 0 -1
    outer loop
      vertex 73.7765 92.8978 4
      vertex 73 93 4
      vertex 73.3916 92.9743 4
    endloop
  endfacet
  facet normal 0 0 -1
    outer loop
      vertex 8.8 68.5 4
      vertex 73 93 4
      vertex 67.2 68.5 4
    endloop
  endfacet
  facet normal 0 0 -1
    outer loop
      vertex 8.8 68.5 4
      vertex 3 93 4
      vertex 73 93 4
    endloop
  endfacet
  facet normal -0 0 -1
    outer loop
      vertex 8.8 24.5 4
      vertex 0 3 4
      vertex 8.8 68.5 4
    endloop
  endfacet
  facet normal 0 0 -1
    outer loop
      vertex 0 3 4
      vertex 3 0 4
      vertex 2.60842 0.0256653 4
    endloop
  endfacet
  facet normal 0 0 -1
    outer loop
      vertex 0 90 4
      vertex 8.8 68.5 4
      vertex 0 3 4
    endloop
  endfacet
  facet normal 0 0 -1
    outer loop
      vertex 0 3 4
      vertex 2.60842 0.0256653 4
      vertex 2.22354 0.102222 4
    endloop
  endfacet
  facet normal 0 0 -1
    outer loop
      vertex 8.8 68.5 4
      vertex 0 90 4
      vertex 3 93 4
    endloop
  endfacet
  facet normal 0 0 -1
    outer loop
      vertex 0 3 4
      vertex 2.22354 0.102222 4
      vertex 1.85195 0.228361 4
    endloop
  endfacet
  facet normal 0 0 -1
    outer loop
      vertex 3 93 4
      vertex 0 90 4
      vertex 2.60842 92.9743 4
    endloop
  endfacet
  facet normal 0 0 -1
    outer loop
      vertex 0 3 4
      vertex 1.85195 0.228361 4
      vertex 1.5 0.401923 4
    endloop
  endfacet
  facet normal 0 0 -1
    outer loop
      vertex 2.60842 92.9743 4
      vertex 0 90 4
      vertex 2.22354 92.8978 4
    endloop
  endfacet
  facet normal 0 0 -1
    outer loop
      vertex 0 3 4
      vertex 1.5 0.401923 4
      vertex 1.17372 0.61994 4
    endloop
  endfacet
  facet normal 0 0 -1
    outer loop
      vertex 2.22354 92.8978 4
      vertex 0 90 4
      vertex 1.85195 92.7716 4
    endloop
  endfacet
  facet normal 0 0 -1
    outer loop
      vertex 0 3 4
      vertex 1.17372 0.61994 4
      vertex 0.878679 0.878679 4
    endloop
  endfacet
  facet normal 0 0 -1
    outer loop
      vertex 1.85195 92.7716 4
      vertex 0 90 4
      vertex 1.5 92.5981 4
    endloop
  endfacet
  facet normal 0 0 -1
    outer loop
      vertex 0 3 4
      vertex 0.878679 0.878679 4
      vertex 0.61994 1.17372 4
    endloop
  endfacet
  facet normal 0 0 -1
    outer loop
      vertex 1.5 92.5981 4
      vertex 0 90 4
      vertex 1.17372 92.3801 4
    endloop
  endfacet
  facet normal 0 0 -1
    outer loop
      vertex 0 3 4
      vertex 0.61994 1.17372 4
      vertex 0.401923 1.5 4
    endloop
  endfacet
  facet normal 0 0 -1
    outer loop
      vertex 1.17372 92.3801 4
      vertex 0 90 4
      vertex 0.878679 92.1213 4
    endloop
  endfacet
  facet normal 0 0 -1
    outer loop
      vertex 0 3 4
      vertex 0.401923 1.5 4
      vertex 0.228361 1.85195 4
    endloop
  endfacet
  facet normal 0 0 -1
    outer loop
      vertex 0.878679 92.1213 4
      vertex 0 90 4
      vertex 0.61994 91.8263 4
    endloop
  endfacet
  facet normal 0 0 -1
    outer loop
      vertex 0 3 4
      vertex 0.228361 1.85195 4
      vertex 0.102222 2.22354 4
    endloop
  endfacet
  facet normal 0 0 -1
    outer loop
      vertex 0.61994 91.8263 4
      vertex 0 90 4
      vertex 0.401923 91.5 4
    endloop
  endfacet
  facet normal 0 0 -1
    outer loop
      vertex 0 3 4
      vertex 0.102222 2.22354 4
      vertex 0.0256653 2.60842 4
    endloop
  endfacet
  facet normal 0 0 -1
    outer loop
      vertex 0.401923 91.5 4
      vertex 0 90 4
      vertex 0.228361 91.148 4
    endloop
  endfacet
  facet normal 0 0 -1
    outer loop
      vertex 0.228361 91.148 4
      vertex 0 90 4
      vertex 0.102222 90.7765 4
    endloop
  endfacet
  facet normal 0 0 -1
    outer loop
      vertex 0.102222 90.7765 4
      vertex 0 90 4
      vertex 0.0256653 90.3916 4
    endloop
  endfacet
  facet normal -0.555577 -0.831465 0
    outer loop
      vertex 1.17372 0.61994 4
      vertex 1.5 0.401923 8.5
      vertex 1.17372 0.61994 8.5
    endloop
  endfacet
  facet normal -0.555577 -0.831465 -0
    outer loop
      vertex 1.5 0.401923 8.5
      vertex 1.17372 0.61994 4
      vertex 1.5 0.401923 4
    endloop
  endfacet
  facet normal 0.751724 0.659478 0
    outer loop
      vertex 75.3801 91.8263 8.5
      vertex 75.1213 92.1213 4
      vertex 75.1213 92.1213 8.5
    endloop
  endfacet
  facet normal 0.751724 0.659478 0
    outer loop
      vertex 75.1213 92.1213 4
      vertex 75.3801 91.8263 8.5
      vertex 75.3801 91.8263 4
    endloop
  endfacet
  facet normal -0.896898 0.442237 0
    outer loop
      vertex 0.228361 91.148 4
      vertex 0.401923 91.5 8.5
      vertex 0.401923 91.5 4
    endloop
  endfacet
  facet normal -0.896898 0.442237 0
    outer loop
      vertex 0.401923 91.5 8.5
      vertex 0.228361 91.148 4
      vertex 0.228361 91.148 8.5
    endloop
  endfacet
  facet normal -0.980788 0.195079 0
    outer loop
      vertex 0.0256653 90.3916 4
      vertex 0.102222 90.7765 8.5
      vertex 0.102222 90.7765 4
    endloop
  endfacet
  facet normal -0.980788 0.195079 0
    outer loop
      vertex 0.102222 90.7765 8.5
      vertex 0.0256653 90.3916 4
      vertex 0.0256653 90.3916 8.5
    endloop
  endfacet
  facet normal -0.997859 0.0653993 0
    outer loop
      vertex 0 90 4
      vertex 0.0256653 90.3916 8.5
      vertex 0.0256653 90.3916 4
    endloop
  endfacet
  facet normal -0.997859 0.0653993 0
    outer loop
      vertex 0.0256653 90.3916 8.5
      vertex 0 90 4
      vertex 0 90 8.5
    endloop
  endfacet
  facet normal 0.321512 -0.946905 0
    outer loop
      vertex 73.7765 0.102222 4
      vertex 74.148 0.228361 8.5
      vertex 73.7765 0.102222 8.5
    endloop
  endfacet
  facet normal 0.321512 -0.946905 0
    outer loop
      vertex 74.148 0.228361 8.5
      vertex 73.7765 0.102222 4
      vertex 74.148 0.228361 4
    endloop
  endfacet
  facet normal 0.19494 0.980815 -0
    outer loop
      vertex 73.7765 92.8978 4
      vertex 73.3916 92.9743 8.5
      vertex 73.7765 92.8978 8.5
    endloop
  endfacet
  facet normal 0.19494 0.980815 0
    outer loop
      vertex 73.3916 92.9743 8.5
      vertex 73.7765 92.8978 4
      vertex 73.3916 92.9743 4
    endloop
  endfacet
  facet normal 0.896936 -0.44216 0
    outer loop
      vertex 75.5981 1.5 8.5
      vertex 75.7716 1.85195 4
      vertex 75.7716 1.85195 8.5
    endloop
  endfacet
  facet normal 0.896936 -0.44216 0
    outer loop
      vertex 75.7716 1.85195 4
      vertex 75.5981 1.5 8.5
      vertex 75.5981 1.5 4
    endloop
  endfacet
  facet normal 0.0654873 0.997853 -0
    outer loop
      vertex 73.3916 92.9743 4
      vertex 73 93 8.5
      vertex 73.3916 92.9743 8.5
    endloop
  endfacet
  facet normal 0.0654873 0.997853 0
    outer loop
      vertex 73 93 8.5
      vertex 73.3916 92.9743 4
      vertex 73 93 4
    endloop
  endfacet
  facet normal -0.831481 0.555553 0
    outer loop
      vertex 0.401923 91.5 4
      vertex 0.61994 91.8263 8.5
      vertex 0.61994 91.8263 4
    endloop
  endfacet
  facet normal -0.831481 0.555553 0
    outer loop
      vertex 0.61994 91.8263 8.5
      vertex 0.401923 91.5 4
      vertex 0.401923 91.5 8.5
    endloop
  endfacet
  facet normal 0.831485 -0.555547 0
    outer loop
      vertex 75.3801 1.17372 8.5
      vertex 75.5981 1.5 4
      vertex 75.5981 1.5 8.5
    endloop
  endfacet
  facet normal 0.831485 -0.555547 0
    outer loop
      vertex 75.5981 1.5 4
      vertex 75.3801 1.17372 8.5
      vertex 75.3801 1.17372 4
    endloop
  endfacet
  facet normal 0.946858 0.321651 0
    outer loop
      vertex 75.8978 90.7765 8.5
      vertex 75.7716 91.148 4
      vertex 75.7716 91.148 8.5
    endloop
  endfacet
  facet normal 0.946858 0.321651 0
    outer loop
      vertex 75.7716 91.148 4
      vertex 75.8978 90.7765 8.5
      vertex 75.8978 90.7765 4
    endloop
  endfacet
  facet normal -0.659339 -0.751846 0
    outer loop
      vertex 0.878679 0.878679 4
      vertex 1.17372 0.61994 8.5
      vertex 0.878679 0.878679 8.5
    endloop
  endfacet
  facet normal -0.659339 -0.751846 -0
    outer loop
      vertex 1.17372 0.61994 8.5
      vertex 0.878679 0.878679 4
      vertex 1.17372 0.61994 4
    endloop
  endfacet
  facet normal 0.980815 0.19494 0
    outer loop
      vertex 75.9743 90.3916 8.5
      vertex 75.8978 90.7765 4
      vertex 75.8978 90.7765 8.5
    endloop
  endfacet
  facet normal 0.980815 0.19494 0
    outer loop
      vertex 75.8978 90.7765 4
      vertex 75.9743 90.3916 8.5
      vertex 75.9743 90.3916 4
    endloop
  endfacet
  facet normal -0.896873 -0.442288 0
    outer loop
      vertex 0.401923 1.5 4
      vertex 0.228361 1.85195 8.5
      vertex 0.228361 1.85195 4
    endloop
  endfacet
  facet normal -0.896873 -0.442288 0
    outer loop
      vertex 0.228361 1.85195 8.5
      vertex 0.401923 1.5 4
      vertex 0.401923 1.5 8.5
    endloop
  endfacet
  facet normal -0.555547 0.831485 0
    outer loop
      vertex 1.5 92.5981 4
      vertex 1.17372 92.3801 8.5
      vertex 1.5 92.5981 8.5
    endloop
  endfacet
  facet normal -0.555547 0.831485 0
    outer loop
      vertex 1.17372 92.3801 8.5
      vertex 1.5 92.5981 4
      vertex 1.17372 92.3801 4
    endloop
  endfacet
  facet normal -0.659426 0.751769 0
    outer loop
      vertex 1.17372 92.3801 4
      vertex 0.878679 92.1213 8.5
      vertex 1.17372 92.3801 8.5
    endloop
  endfacet
  facet normal -0.659426 0.751769 0
    outer loop
      vertex 0.878679 92.1213 8.5
      vertex 1.17372 92.3801 4
      vertex 0.878679 92.1213 4
    endloop
  endfacet
  facet normal 0.946882 -0.321582 0
    outer loop
      vertex 75.7716 1.85195 8.5
      vertex 75.8978 2.22354 4
      vertex 75.8978 2.22354 8.5
    endloop
  endfacet
  facet normal 0.946882 -0.321582 0
    outer loop
      vertex 75.8978 2.22354 4
      vertex 75.7716 1.85195 8.5
      vertex 75.7716 1.85195 4
    endloop
  endfacet
  facet normal -0.751801 0.65939 0
    outer loop
      vertex 0.61994 91.8263 4
      vertex 0.878679 92.1213 8.5
      vertex 0.878679 92.1213 4
    endloop
  endfacet
  facet normal -0.751801 0.65939 0
    outer loop
      vertex 0.878679 92.1213 8.5
      vertex 0.61994 91.8263 4
      vertex 0.61994 91.8263 8.5
    endloop
  endfacet
  facet normal 0.997853 0.0654873 0
    outer loop
      vertex 76 90 8.5
      vertex 75.9743 90.3916 4
      vertex 75.9743 90.3916 8.5
    endloop
  endfacet
  facet normal 0.997853 0.0654873 0
    outer loop
      vertex 75.9743 90.3916 4
      vertex 76 90 8.5
      vertex 76 90 4
    endloop
  endfacet
  facet normal -0.321442 -0.946929 0
    outer loop
      vertex 1.85195 0.228361 4
      vertex 2.22354 0.102222 8.5
      vertex 1.85195 0.228361 8.5
    endloop
  endfacet
  facet normal -0.321442 -0.946929 -0
    outer loop
      vertex 2.22354 0.102222 8.5
      vertex 1.85195 0.228361 4
      vertex 2.22354 0.102222 4
    endloop
  endfacet
  facet normal 0.0653993 -0.997859 0
    outer loop
      vertex 73 0 4
      vertex 73.3916 0.0256653 8.5
      vertex 73 0 8.5
    endloop
  endfacet
  facet normal 0.0653993 -0.997859 0
    outer loop
      vertex 73.3916 0.0256653 8.5
      vertex 73 0 4
      vertex 73.3916 0.0256653 4
    endloop
  endfacet
  facet normal -0.980786 -0.195089 0
    outer loop
      vertex 0.102222 2.22354 4
      vertex 0.0256653 2.60842 8.5
      vertex 0.0256653 2.60842 4
    endloop
  endfacet
  facet normal -0.980786 -0.195089 0
    outer loop
      vertex 0.0256653 2.60842 8.5
      vertex 0.102222 2.22354 4
      vertex 0.102222 2.22354 8.5
    endloop
  endfacet
  facet normal -0.0654906 0.997853 0
    outer loop
      vertex 3 93 4
      vertex 2.60842 92.9743 8.5
      vertex 3 93 8.5
    endloop
  endfacet
  facet normal -0.0654906 0.997853 0
    outer loop
      vertex 2.60842 92.9743 8.5
      vertex 3 93 4
      vertex 2.60842 92.9743 4
    endloop
  endfacet
  facet normal -0.19495 0.980813 0
    outer loop
      vertex 2.60842 92.9743 4
      vertex 2.22354 92.8978 8.5
      vertex 2.60842 92.9743 8.5
    endloop
  endfacet
  facet normal -0.19495 0.980813 0
    outer loop
      vertex 2.22354 92.8978 8.5
      vertex 2.60842 92.9743 4
      vertex 2.22354 92.8978 4
    endloop
  endfacet
  facet normal 0.65939 -0.751801 0
    outer loop
      vertex 74.8263 0.61994 4
      vertex 75.1213 0.878679 8.5
      vertex 74.8263 0.61994 8.5
    endloop
  endfacet
  facet normal 0.65939 -0.751801 0
    outer loop
      vertex 75.1213 0.878679 8.5
      vertex 74.8263 0.61994 4
      vertex 75.1213 0.878679 4
    endloop
  endfacet
  facet normal 0.831501 0.555523 0
    outer loop
      vertex 75.5981 91.5 8.5
      vertex 75.3801 91.8263 4
      vertex 75.3801 91.8263 8.5
    endloop
  endfacet
  facet normal 0.831501 0.555523 0
    outer loop
      vertex 75.3801 91.8263 4
      vertex 75.5981 91.5 8.5
      vertex 75.5981 91.5 4
    endloop
  endfacet
  facet normal -0.831465 -0.555577 0
    outer loop
      vertex 0.61994 1.17372 4
      vertex 0.401923 1.5 8.5
      vertex 0.401923 1.5 4
    endloop
  endfacet
  facet normal -0.831465 -0.555577 0
    outer loop
      vertex 0.401923 1.5 8.5
      vertex 0.61994 1.17372 4
      vertex 0.61994 1.17372 8.5
    endloop
  endfacet
  facet normal -0.0654026 -0.997859 0
    outer loop
      vertex 2.60842 0.0256653 4
      vertex 3 0 8.5
      vertex 2.60842 0.0256653 8.5
    endloop
  endfacet
  facet normal -0.0654026 -0.997859 -0
    outer loop
      vertex 3 0 8.5
      vertex 2.60842 0.0256653 4
      vertex 3 0 4
    endloop
  endfacet
  facet normal -0.751846 -0.659339 0
    outer loop
      vertex 0.878679 0.878679 4
      vertex 0.61994 1.17372 8.5
      vertex 0.61994 1.17372 4
    endloop
  endfacet
  facet normal -0.751846 -0.659339 0
    outer loop
      vertex 0.61994 1.17372 8.5
      vertex 0.878679 0.878679 4
      vertex 0.878679 0.878679 8.5
    endloop
  endfacet
  facet normal 0.896961 0.44211 0
    outer loop
      vertex 75.7716 91.148 8.5
      vertex 75.5981 91.5 4
      vertex 75.5981 91.5 8.5
    endloop
  endfacet
  facet normal 0.896961 0.44211 0
    outer loop
      vertex 75.5981 91.5 4
      vertex 75.7716 91.148 8.5
      vertex 75.7716 91.148 4
    endloop
  endfacet
  facet normal 0.980813 -0.19495 0
    outer loop
      vertex 75.8978 2.22354 8.5
      vertex 75.9743 2.60842 4
      vertex 75.9743 2.60842 8.5
    endloop
  endfacet
  facet normal 0.980813 -0.19495 0
    outer loop
      vertex 75.9743 2.60842 4
      vertex 75.8978 2.22354 8.5
      vertex 75.8978 2.22354 4
    endloop
  endfacet
  facet normal 0.195079 -0.980788 0
    outer loop
      vertex 73.3916 0.0256653 4
      vertex 73.7765 0.102222 8.5
      vertex 73.3916 0.0256653 8.5
    endloop
  endfacet
  facet normal 0.195079 -0.980788 0
    outer loop
      vertex 73.7765 0.102222 8.5
      vertex 73.3916 0.0256653 4
      vertex 73.7765 0.102222 4
    endloop
  endfacet
  facet normal 0 0 1
    outer loop
      vertex 73 93 8.5
      vertex 76 90 8.5
      vertex 75.9743 90.3916 8.5
    endloop
  endfacet
  facet normal 0 0 1
    outer loop
      vertex 76 90 8.5
      vertex 68.82 88.82 8.5
      vertex 76 3 8.5
    endloop
  endfacet
  facet normal 0 0 1
    outer loop
      vertex 73 93 8.5
      vertex 75.9743 90.3916 8.5
      vertex 75.8978 90.7765 8.5
    endloop
  endfacet
  facet normal -0 0 1
    outer loop
      vertex 68.82 4.18 8.5
      vertex 76 3 8.5
      vertex 68.82 88.82 8.5
    endloop
  endfacet
  facet normal 0 0 1
    outer loop
      vertex 73 93 8.5
      vertex 75.8978 90.7765 8.5
      vertex 75.7716 91.148 8.5
    endloop
  endfacet
  facet normal -0 0 1
    outer loop
      vertex 68.7943 3.78842 8.5
      vertex 76 3 8.5
      vertex 68.82 4.18 8.5
    endloop
  endfacet
  facet normal 0 0 1
    outer loop
      vertex 73 93 8.5
      vertex 75.7716 91.148 8.5
      vertex 75.5981 91.5 8.5
    endloop
  endfacet
  facet normal 0 -0 1
    outer loop
      vertex 73 0 8.5
      vertex 76 3 8.5
      vertex 68.7943 3.78842 8.5
    endloop
  endfacet
  facet normal 0 0 1
    outer loop
      vertex 73 93 8.5
      vertex 75.5981 91.5 8.5
      vertex 75.3801 91.8263 8.5
    endloop
  endfacet
  facet normal 0 0 1
    outer loop
      vertex 76 3 8.5
      vertex 73 0 8.5
      vertex 75.9743 2.60842 8.5
    endloop
  endfacet
  facet normal 0 0 1
    outer loop
      vertex 73 93 8.5
      vertex 75.3801 91.8263 8.5
      vertex 75.1213 92.1213 8.5
    endloop
  endfacet
  facet normal 0 0 1
    outer loop
      vertex 75.8978 2.22354 8.5
      vertex 73 0 8.5
      vertex 75.7716 1.85195 8.5
    endloop
  endfacet
  facet normal 0 0 1
    outer loop
      vertex 73 93 8.5
      vertex 75.1213 92.1213 8.5
      vertex 74.8263 92.3801 8.5
    endloop
  endfacet
  facet normal 0 0 1
    outer loop
      vertex 75.7716 1.85195 8.5
      vertex 73 0 8.5
      vertex 75.5981 1.5 8.5
    endloop
  endfacet
  facet normal 0 0 1
    outer loop
      vertex 73 93 8.5
      vertex 74.8263 92.3801 8.5
      vertex 74.5 92.5981 8.5
    endloop
  endfacet
  facet normal 0 0 1
    outer loop
      vertex 75.5981 1.5 8.5
      vertex 73 0 8.5
      vertex 75.3801 1.17372 8.5
    endloop
  endfacet
  facet normal 0 0 1
    outer loop
      vertex 73 93 8.5
      vertex 74.5 92.5981 8.5
      vertex 74.148 92.7716 8.5
    endloop
  endfacet
  facet normal 0 0 1
    outer loop
      vertex 75.3801 1.17372 8.5
      vertex 73 0 8.5
      vertex 75.1213 0.878679 8.5
    endloop
  endfacet
  facet normal 0 0 1
    outer loop
      vertex 73 93 8.5
      vertex 74.148 92.7716 8.5
      vertex 73.7765 92.8978 8.5
    endloop
  endfacet
  facet normal 0 0 1
    outer loop
      vertex 75.1213 0.878679 8.5
      vertex 73 0 8.5
      vertex 74.8263 0.61994 8.5
    endloop
  endfacet
  facet normal 0 0 1
    outer loop
      vertex 73 93 8.5
      vertex 73.7765 92.8978 8.5
      vertex 73.3916 92.9743 8.5
    endloop
  endfacet
  facet normal 0 0 1
    outer loop
      vertex 74.8263 0.61994 8.5
      vertex 73 0 8.5
      vertex 74.5 0.401923 8.5
    endloop
  endfacet
  facet normal 0 0 1
    outer loop
      vertex 76 90 8.5
      vertex 73 93 8.5
      vertex 68.7943 89.2116 8.5
    endloop
  endfacet
  facet normal 0 0 1
    outer loop
      vertex 74.5 0.401923 8.5
      vertex 73 0 8.5
      vertex 74.148 0.228361 8.5
    endloop
  endfacet
  facet normal 0 0 1
    outer loop
      vertex 74.148 0.228361 8.5
      vertex 73 0 8.5
      vertex 73.7765 0.102222 8.5
    endloop
  endfacet
  facet normal 0 0 1
    outer loop
      vertex 76 90 8.5
      vertex 68.7943 89.2116 8.5
      vertex 68.82 88.82 8.5
    endloop
  endfacet
  facet normal 0 0 1
    outer loop
      vertex 73 93 8.5
      vertex 68.7178 89.5965 8.5
      vertex 68.7943 89.2116 8.5
    endloop
  endfacet
  facet normal 0 0 1
    outer loop
      vertex 73 93 8.5
      vertex 68.5916 89.968 8.5
      vertex 68.7178 89.5965 8.5
    endloop
  endfacet
  facet normal 0 0 1
    outer loop
      vertex 73 93 8.5
      vertex 68.4181 90.32 8.5
      vertex 68.5916 89.968 8.5
    endloop
  endfacet
  facet normal 0 0 1
    outer loop
      vertex 73 93 8.5
      vertex 68.2001 90.6463 8.5
      vertex 68.4181 90.32 8.5
    endloop
  endfacet
  facet normal 0 0 1
    outer loop
      vertex 73 93 8.5
      vertex 67.9413 90.9413 8.5
      vertex 68.2001 90.6463 8.5
    endloop
  endfacet
  facet normal 0 0 1
    outer loop
      vertex 73 93 8.5
      vertex 67.6463 91.2001 8.5
      vertex 67.9413 90.9413 8.5
    endloop
  endfacet
  facet normal 0 0 1
    outer loop
      vertex 73 93 8.5
      vertex 67.32 91.4181 8.5
      vertex 67.6463 91.2001 8.5
    endloop
  endfacet
  facet normal 0 0 1
    outer loop
      vertex 73 93 8.5
      vertex 66.968 91.5916 8.5
      vertex 67.32 91.4181 8.5
    endloop
  endfacet
  facet normal 0 0 1
    outer loop
      vertex 73 93 8.5
      vertex 66.5965 91.7178 8.5
      vertex 66.968 91.5916 8.5
    endloop
  endfacet
  facet normal 0 0 1
    outer loop
      vertex 73 93 8.5
      vertex 66.2116 91.7943 8.5
      vertex 66.5965 91.7178 8.5
    endloop
  endfacet
  facet normal 0 0 1
    outer loop
      vertex 73 93 8.5
      vertex 65.82 91.82 8.5
      vertex 66.2116 91.7943 8.5
    endloop
  endfacet
  facet normal 0 0 1
    outer loop
      vertex 73 93 8.5
      vertex 10.18 91.82 8.5
      vertex 65.82 91.82 8.5
    endloop
  endfacet
  facet normal 0 0 1
    outer loop
      vertex 7.20566 89.2116 8.5
      vertex 0 90 8.5
      vertex 7.18 88.82 8.5
    endloop
  endfacet
  facet normal -0 0 1
    outer loop
      vertex 0 90 8.5
      vertex 7.20566 89.2116 8.5
      vertex 3 93 8.5
    endloop
  endfacet
  facet normal 0 0 1
    outer loop
      vertex 7.28222 89.5965 8.5
      vertex 3 93 8.5
      vertex 7.20566 89.2116 8.5
    endloop
  endfacet
  facet normal 0 0 1
    outer loop
      vertex 7.40836 89.968 8.5
      vertex 3 93 8.5
      vertex 7.28222 89.5965 8.5
    endloop
  endfacet
  facet normal 0 0 1
    outer loop
      vertex 7.58192 90.32 8.5
      vertex 3 93 8.5
      vertex 7.40836 89.968 8.5
    endloop
  endfacet
  facet normal 0 0 1
    outer loop
      vertex 7.79994 90.6463 8.5
      vertex 3 93 8.5
      vertex 7.58192 90.32 8.5
    endloop
  endfacet
  facet normal 0 0 1
    outer loop
      vertex 8.05868 90.9413 8.5
      vertex 3 93 8.5
      vertex 7.79994 90.6463 8.5
    endloop
  endfacet
  facet normal 0 0 1
    outer loop
      vertex 8.35371 91.2001 8.5
      vertex 3 93 8.5
      vertex 8.05868 90.9413 8.5
    endloop
  endfacet
  facet normal 0 0 1
    outer loop
      vertex 8.68 91.4181 8.5
      vertex 3 93 8.5
      vertex 8.35371 91.2001 8.5
    endloop
  endfacet
  facet normal 0 0 1
    outer loop
      vertex 9.03195 91.5916 8.5
      vertex 3 93 8.5
      vertex 8.68 91.4181 8.5
    endloop
  endfacet
  facet normal 0 0 1
    outer loop
      vertex 9.40354 91.7178 8.5
      vertex 3 93 8.5
      vertex 9.03195 91.5916 8.5
    endloop
  endfacet
  facet normal 0 0 1
    outer loop
      vertex 9.78842 91.7943 8.5
      vertex 3 93 8.5
      vertex 9.40354 91.7178 8.5
    endloop
  endfacet
  facet normal 0 0 1
    outer loop
      vertex 10.18 91.82 8.5
      vertex 3 93 8.5
      vertex 9.78842 91.7943 8.5
    endloop
  endfacet
  facet normal -0 0 1
    outer loop
      vertex 3 93 8.5
      vertex 10.18 91.82 8.5
      vertex 73 93 8.5
    endloop
  endfacet
  facet normal 0 0 1
    outer loop
      vertex 73.7765 0.102222 8.5
      vertex 73 0 8.5
      vertex 73.3916 0.0256653 8.5
    endloop
  endfacet
  facet normal 0 0 1
    outer loop
      vertex 75.9743 2.60842 8.5
      vertex 73 0 8.5
      vertex 75.8978 2.22354 8.5
    endloop
  endfacet
  facet normal -0 0 1
    outer loop
      vertex 68.7178 3.40354 8.5
      vertex 73 0 8.5
      vertex 68.7943 3.78842 8.5
    endloop
  endfacet
  facet normal -0 0 1
    outer loop
      vertex 68.5916 3.03195 8.5
      vertex 73 0 8.5
      vertex 68.7178 3.40354 8.5
    endloop
  endfacet
  facet normal -0 0 1
    outer loop
      vertex 68.4181 2.68 8.5
      vertex 73 0 8.5
      vertex 68.5916 3.03195 8.5
    endloop
  endfacet
  facet normal -0 0 1
    outer loop
      vertex 68.2001 2.35371 8.5
      vertex 73 0 8.5
      vertex 68.4181 2.68 8.5
    endloop
  endfacet
  facet normal -0 0 1
    outer loop
      vertex 67.9413 2.05868 8.5
      vertex 73 0 8.5
      vertex 68.2001 2.35371 8.5
    endloop
  endfacet
  facet normal -0 0 1
    outer loop
      vertex 67.6463 1.79994 8.5
      vertex 73 0 8.5
      vertex 67.9413 2.05868 8.5
    endloop
  endfacet
  facet normal -0 0 1
    outer loop
      vertex 67.32 1.58192 8.5
      vertex 73 0 8.5
      vertex 67.6463 1.79994 8.5
    endloop
  endfacet
  facet normal -0 0 1
    outer loop
      vertex 66.968 1.40836 8.5
      vertex 73 0 8.5
      vertex 67.32 1.58192 8.5
    endloop
  endfacet
  facet normal -0 0 1
    outer loop
      vertex 66.5965 1.28222 8.5
      vertex 73 0 8.5
      vertex 66.968 1.40836 8.5
    endloop
  endfacet
  facet normal -0 0 1
    outer loop
      vertex 66.2116 1.20566 8.5
      vertex 73 0 8.5
      vertex 66.5965 1.28222 8.5
    endloop
  endfacet
  facet normal -0 0 1
    outer loop
      vertex 65.82 1.18 8.5
      vertex 73 0 8.5
      vertex 66.2116 1.20566 8.5
    endloop
  endfacet
  facet normal -0 0 1
    outer loop
      vertex 10.18 1.18 8.5
      vertex 73 0 8.5
      vertex 65.82 1.18 8.5
    endloop
  endfacet
  facet normal 0 0 1
    outer loop
      vertex 10.18 1.18 8.5
      vertex 3 0 8.5
      vertex 73 0 8.5
    endloop
  endfacet
  facet normal 0 0 1
    outer loop
      vertex 9.78842 1.20566 8.5
      vertex 3 0 8.5
      vertex 10.18 1.18 8.5
    endloop
  endfacet
  facet normal 0 0 1
    outer loop
      vertex 9.40354 1.28222 8.5
      vertex 3 0 8.5
      vertex 9.78842 1.20566 8.5
    endloop
  endfacet
  facet normal 0 0 1
    outer loop
      vertex 9.03195 1.40836 8.5
      vertex 3 0 8.5
      vertex 9.40354 1.28222 8.5
    endloop
  endfacet
  facet normal 0 0 1
    outer loop
      vertex 8.68 1.58192 8.5
      vertex 3 0 8.5
      vertex 9.03195 1.40836 8.5
    endloop
  endfacet
  facet normal 0 0 1
    outer loop
      vertex 8.35371 1.79994 8.5
      vertex 3 0 8.5
      vertex 8.68 1.58192 8.5
    endloop
  endfacet
  facet normal 0 0 1
    outer loop
      vertex 8.05868 2.05868 8.5
      vertex 3 0 8.5
      vertex 8.35371 1.79994 8.5
    endloop
  endfacet
  facet normal 0 0 1
    outer loop
      vertex 7.79994 2.35371 8.5
      vertex 3 0 8.5
      vertex 8.05868 2.05868 8.5
    endloop
  endfacet
  facet normal 0 0 1
    outer loop
      vertex 7.58192 2.68 8.5
      vertex 3 0 8.5
      vertex 7.79994 2.35371 8.5
    endloop
  endfacet
  facet normal 0 0 1
    outer loop
      vertex 7.40836 3.03195 8.5
      vertex 3 0 8.5
      vertex 7.58192 2.68 8.5
    endloop
  endfacet
  facet normal 0 0 1
    outer loop
      vertex 7.28222 3.40354 8.5
      vertex 3 0 8.5
      vertex 7.40836 3.03195 8.5
    endloop
  endfacet
  facet normal 0 0 1
    outer loop
      vertex 7.20566 3.78842 8.5
      vertex 3 0 8.5
      vertex 7.28222 3.40354 8.5
    endloop
  endfacet
  facet normal 0 0 1
    outer loop
      vertex 0 3 8.5
      vertex 7.20566 3.78842 8.5
      vertex 7.18 4.18 8.5
    endloop
  endfacet
  facet normal 0 0 1
    outer loop
      vertex 7.18 88.82 8.5
      vertex 0 90 8.5
      vertex 7.18 4.18 8.5
    endloop
  endfacet
  facet normal 0 0 1
    outer loop
      vertex 0 90 8.5
      vertex 3 93 8.5
      vertex 2.60842 92.9743 8.5
    endloop
  endfacet
  facet normal 0 0 1
    outer loop
      vertex 0 3 8.5
      vertex 7.18 4.18 8.5
      vertex 0 90 8.5
    endloop
  endfacet
  facet normal 0 0 1
    outer loop
      vertex 0 90 8.5
      vertex 2.60842 92.9743 8.5
      vertex 2.22354 92.8978 8.5
    endloop
  endfacet
  facet normal 0 0 1
    outer loop
      vertex 7.20566 3.78842 8.5
      vertex 0 3 8.5
      vertex 3 0 8.5
    endloop
  endfacet
  facet normal 0 0 1
    outer loop
      vertex 0 90 8.5
      vertex 2.22354 92.8978 8.5
      vertex 1.85195 92.7716 8.5
    endloop
  endfacet
  facet normal 0 0 1
    outer loop
      vertex 3 0 8.5
      vertex 0 3 8.5
      vertex 2.60842 0.0256653 8.5
    endloop
  endfacet
  facet normal 0 0 1
    outer loop
      vertex 0 90 8.5
      vertex 1.85195 92.7716 8.5
      vertex 1.5 92.5981 8.5
    endloop
  endfacet
  facet normal 0 0 1
    outer loop
      vertex 2.60842 0.0256653 8.5
      vertex 0 3 8.5
      vertex 2.22354 0.102222 8.5
    endloop
  endfacet
  facet normal 0 0 1
    outer loop
      vertex 0 90 8.5
      vertex 1.5 92.5981 8.5
      vertex 1.17372 92.3801 8.5
    endloop
  endfacet
  facet normal 0 0 1
    outer loop
      vertex 2.22354 0.102222 8.5
      vertex 0 3 8.5
      vertex 1.85195 0.228361 8.5
    endloop
  endfacet
  facet normal 0 0 1
    outer loop
      vertex 0 90 8.5
      vertex 1.17372 92.3801 8.5
      vertex 0.878679 92.1213 8.5
    endloop
  endfacet
  facet normal 0 0 1
    outer loop
      vertex 1.85195 0.228361 8.5
      vertex 0 3 8.5
      vertex 1.5 0.401923 8.5
    endloop
  endfacet
  facet normal 0 0 1
    outer loop
      vertex 0 90 8.5
      vertex 0.878679 92.1213 8.5
      vertex 0.61994 91.8263 8.5
    endloop
  endfacet
  facet normal 0 0 1
    outer loop
      vertex 1.5 0.401923 8.5
      vertex 0 3 8.5
      vertex 1.17372 0.61994 8.5
    endloop
  endfacet
  facet normal 0 0 1
    outer loop
      vertex 0 90 8.5
      vertex 0.61994 91.8263 8.5
      vertex 0.401923 91.5 8.5
    endloop
  endfacet
  facet normal 0 0 1
    outer loop
      vertex 1.17372 0.61994 8.5
      vertex 0 3 8.5
      vertex 0.878679 0.878679 8.5
    endloop
  endfacet
  facet normal 0 0 1
    outer loop
      vertex 0 90 8.5
      vertex 0.401923 91.5 8.5
      vertex 0.228361 91.148 8.5
    endloop
  endfacet
  facet normal 0 0 1
    outer loop
      vertex 0.878679 0.878679 8.5
      vertex 0 3 8.5
      vertex 0.61994 1.17372 8.5
    endloop
  endfacet
  facet normal 0 0 1
    outer loop
      vertex 0 90 8.5
      vertex 0.228361 91.148 8.5
      vertex 0.102222 90.7765 8.5
    endloop
  endfacet
  facet normal 0 0 1
    outer loop
      vertex 0.61994 1.17372 8.5
      vertex 0 3 8.5
      vertex 0.401923 1.5 8.5
    endloop
  endfacet
  facet normal 0 0 1
    outer loop
      vertex 0 90 8.5
      vertex 0.102222 90.7765 8.5
      vertex 0.0256653 90.3916 8.5
    endloop
  endfacet
  facet normal 0 0 1
    outer loop
      vertex 0.401923 1.5 8.5
      vertex 0 3 8.5
      vertex 0.228361 1.85195 8.5
    endloop
  endfacet
  facet normal 0 0 1
    outer loop
      vertex 0.228361 1.85195 8.5
      vertex 0 3 8.5
      vertex 0.102222 2.22354 8.5
    endloop
  endfacet
  facet normal 0 0 1
    outer loop
      vertex 0.102222 2.22354 8.5
      vertex 0 3 8.5
      vertex 0.0256653 2.60842 8.5
    endloop
  endfacet
  facet normal 0 -1 0
    outer loop
      vertex 10.18 1.18 8.5
      vertex 65.82 1.18 11.5
      vertex 10.18 1.18 11.5
    endloop
  endfacet
  facet normal 0 -1 -0
    outer loop
      vertex 65.82 1.18 11.5
      vertex 10.18 1.18 8.5
      vertex 65.82 1.18 8.5
    endloop
  endfacet
  facet normal 0.980813 -0.19495 0
    outer loop
      vertex 68.7178 3.40354 11.5
      vertex 68.7943 3.78842 8.5
      vertex 68.7943 3.78842 11.5
    endloop
  endfacet
  facet normal 0.980813 -0.19495 0
    outer loop
      vertex 68.7943 3.78842 8.5
      vertex 68.7178 3.40354 11.5
      vertex 68.7178 3.40354 8.5
    endloop
  endfacet
  facet normal 0.19494 0.980815 -0
    outer loop
      vertex 66.5965 91.7178 8.5
      vertex 66.2116 91.7943 11.5
      vertex 66.5965 91.7178 11.5
    endloop
  endfacet
  facet normal 0.19494 0.980815 0
    outer loop
      vertex 66.2116 91.7943 11.5
      vertex 66.5965 91.7178 8.5
      vertex 66.2116 91.7943 8.5
    endloop
  endfacet
  facet normal 0.442233 -0.8969 0
    outer loop
      vertex 66.968 1.40836 8.5
      vertex 67.32 1.58192 11.5
      vertex 66.968 1.40836 11.5
    endloop
  endfacet
  facet normal 0.442233 -0.8969 0
    outer loop
      vertex 67.32 1.58192 11.5
      vertex 66.968 1.40836 8.5
      vertex 67.32 1.58192 8.5
    endloop
  endfacet
  facet normal 0.751757 -0.65944 0
    outer loop
      vertex 67.9413 2.05868 11.5
      vertex 68.2001 2.35371 8.5
      vertex 68.2001 2.35371 11.5
    endloop
  endfacet
  facet normal 0.751757 -0.65944 0
    outer loop
      vertex 68.2001 2.35371 8.5
      vertex 67.9413 2.05868 11.5
      vertex 67.9413 2.05868 8.5
    endloop
  endfacet
  facet normal 0.896936 -0.44216 0
    outer loop
      vertex 68.4181 2.68 11.5
      vertex 68.5916 3.03195 8.5
      vertex 68.5916 3.03195 11.5
    endloop
  endfacet
  facet normal 0.896936 -0.44216 0
    outer loop
      vertex 68.5916 3.03195 8.5
      vertex 68.4181 2.68 11.5
      vertex 68.4181 2.68 8.5
    endloop
  endfacet
  facet normal 0 1 -0
    outer loop
      vertex 65.82 91.82 8.5
      vertex 10.18 91.82 11.5
      vertex 65.82 91.82 11.5
    endloop
  endfacet
  facet normal 0 1 0
    outer loop
      vertex 10.18 91.82 11.5
      vertex 65.82 91.82 8.5
      vertex 10.18 91.82 8.5
    endloop
  endfacet
  facet normal -0.99786 -0.0653892 0
    outer loop
      vertex 7.20566 3.78842 8.5
      vertex 7.18 4.18 11.5
      vertex 7.18 4.18 8.5
    endloop
  endfacet
  facet normal -0.99786 -0.0653892 0
    outer loop
      vertex 7.18 4.18 11.5
      vertex 7.20566 3.78842 8.5
      vertex 7.20566 3.78842 11.5
    endloop
  endfacet
  facet normal 0.659478 0.751724 -0
    outer loop
      vertex 67.9413 90.9413 8.5
      vertex 67.6463 91.2001 11.5
      vertex 67.9413 90.9413 11.5
    endloop
  endfacet
  facet normal 0.659478 0.751724 0
    outer loop
      vertex 67.6463 91.2001 11.5
      vertex 67.9413 90.9413 8.5
      vertex 67.6463 91.2001 8.5
    endloop
  endfacet
  facet normal 0.896961 0.44211 0
    outer loop
      vertex 68.5916 89.968 11.5
      vertex 68.4181 90.32 8.5
      vertex 68.4181 90.32 11.5
    endloop
  endfacet
  facet normal 0.896961 0.44211 0
    outer loop
      vertex 68.4181 90.32 8.5
      vertex 68.5916 89.968 11.5
      vertex 68.5916 89.968 8.5
    endloop
  endfacet
  facet normal -0.896875 -0.442283 0
    outer loop
      vertex 7.58192 2.68 8.5
      vertex 7.40836 3.03195 11.5
      vertex 7.40836 3.03195 8.5
    endloop
  endfacet
  facet normal -0.896875 -0.442283 0
    outer loop
      vertex 7.40836 3.03195 11.5
      vertex 7.58192 2.68 8.5
      vertex 7.58192 2.68 11.5
    endloop
  endfacet
  facet normal -0.659354 -0.751833 0
    outer loop
      vertex 8.05868 2.05868 8.5
      vertex 8.35371 1.79994 11.5
      vertex 8.05868 2.05868 11.5
    endloop
  endfacet
  facet normal -0.659354 -0.751833 -0
    outer loop
      vertex 8.35371 1.79994 11.5
      vertex 8.05868 2.05868 8.5
      vertex 8.35371 1.79994 8.5
    endloop
  endfacet
  facet normal -1 0 0
    outer loop
      vertex 7.18 88.82 8.5
      vertex 7.18 86.78 11.5
      vertex 7.18 88.82 11.5
    endloop
  endfacet
  facet normal -1 0 0
    outer loop
      vertex 7.18 86.78 11.5
      vertex 7.18 66.8 11.5
      vertex 7.18 86.78 26.5
    endloop
  endfacet
  facet normal -1 0 0
    outer loop
      vertex 7.18 88.82 8.5
      vertex 7.18 66.8 11.5
      vertex 7.18 86.78 11.5
    endloop
  endfacet
  facet normal -1 0 0
    outer loop
      vertex 7.18 88.82 8.5
      vertex 7.18 26.2 11.5
      vertex 7.18 66.8 11.5
    endloop
  endfacet
  facet normal -1 0 0
    outer loop
      vertex 7.18 26.2 11.5
      vertex 7.18 6.22 11.5
      vertex 7.18 26.2 26.5
    endloop
  endfacet
  facet normal -1 0 0
    outer loop
      vertex 7.18 4.18 8.5
      vertex 7.18 26.2 11.5
      vertex 7.18 88.82 8.5
    endloop
  endfacet
  facet normal -1 -0 0
    outer loop
      vertex 7.18 26.2 11.5
      vertex 7.18 4.18 8.5
      vertex 7.18 6.22 11.5
    endloop
  endfacet
  facet normal -1 -0 0
    outer loop
      vertex 7.18 6.22 11.5
      vertex 7.18 4.18 8.5
      vertex 7.18 4.18 11.5
    endloop
  endfacet
  facet normal -1 -0 0
    outer loop
      vertex 7.18 86.78 26.5
      vertex 7.18 66.8 11.5
      vertex 7.18 66.8 26.5
    endloop
  endfacet
  facet normal -1 -0 0
    outer loop
      vertex 7.18 26.2 26.5
      vertex 7.18 6.22 11.5
      vertex 7.18 6.22 26.5
    endloop
  endfacet
  facet normal -0.99786 0.0653858 0
    outer loop
      vertex 7.18 88.82 8.5
      vertex 7.20566 89.2116 11.5
      vertex 7.20566 89.2116 8.5
    endloop
  endfacet
  facet normal -0.99786 0.0653858 0
    outer loop
      vertex 7.20566 89.2116 11.5
      vertex 7.18 88.82 8.5
      vertex 7.18 88.82 11.5
    endloop
  endfacet
  facet normal 1 0 0
    outer loop
      vertex 68.82 26.2 26.5
      vertex 68.82 6.22 26.5
      vertex 68.82 26.2 11.5
    endloop
  endfacet
  facet normal 1 0 0
    outer loop
      vertex 68.82 86.78 26.5
      vertex 68.82 66.8 26.5
      vertex 68.82 86.78 11.5
    endloop
  endfacet
  facet normal 1 -0 0
    outer loop
      vertex 68.82 86.78 11.5
      vertex 68.82 88.82 8.5
      vertex 68.82 88.82 11.5
    endloop
  endfacet
  facet normal 1 0 0
    outer loop
      vertex 68.82 66.8 11.5
      vertex 68.82 86.78 11.5
      vertex 68.82 66.8 26.5
    endloop
  endfacet
  facet normal 1 0 0
    outer loop
      vertex 68.82 86.78 11.5
      vertex 68.82 66.8 11.5
      vertex 68.82 88.82 8.5
    endloop
  endfacet
  facet normal 1 -0 0
    outer loop
      vertex 68.82 26.2 11.5
      vertex 68.82 88.82 8.5
      vertex 68.82 66.8 11.5
    endloop
  endfacet
  facet normal 1 0 0
    outer loop
      vertex 68.82 6.22 11.5
      vertex 68.82 26.2 11.5
      vertex 68.82 6.22 26.5
    endloop
  endfacet
  facet normal 1 0 0
    outer loop
      vertex 68.82 4.18 8.5
      vertex 68.82 26.2 11.5
      vertex 68.82 6.22 11.5
    endloop
  endfacet
  facet normal 1 0 0
    outer loop
      vertex 68.82 4.18 8.5
      vertex 68.82 6.22 11.5
      vertex 68.82 4.18 11.5
    endloop
  endfacet
  facet normal 1 0 0
    outer loop
      vertex 68.82 26.2 11.5
      vertex 68.82 4.18 8.5
      vertex 68.82 88.82 8.5
    endloop
  endfacet
  facet normal 0.555558 -0.831477 0
    outer loop
      vertex 67.32 1.58192 8.5
      vertex 67.6463 1.79994 11.5
      vertex 67.32 1.58192 11.5
    endloop
  endfacet
  facet normal 0.555558 -0.831477 0
    outer loop
      vertex 67.6463 1.79994 11.5
      vertex 67.32 1.58192 8.5
      vertex 67.6463 1.79994 8.5
    endloop
  endfacet
  facet normal 0.997853 -0.0654906 0
    outer loop
      vertex 68.7943 3.78842 11.5
      vertex 68.82 4.18 8.5
      vertex 68.82 4.18 11.5
    endloop
  endfacet
  facet normal 0.997853 -0.0654906 0
    outer loop
      vertex 68.82 4.18 8.5
      vertex 68.7943 3.78842 11.5
      vertex 68.7943 3.78842 8.5
    endloop
  endfacet
  facet normal 0.44211 0.896961 -0
    outer loop
      vertex 67.32 91.4181 8.5
      vertex 66.968 91.5916 11.5
      vertex 67.32 91.4181 11.5
    endloop
  endfacet
  facet normal 0.44211 0.896961 0
    outer loop
      vertex 66.968 91.5916 11.5
      vertex 67.32 91.4181 8.5
      vertex 66.968 91.5916 8.5
    endloop
  endfacet
  facet normal -0.321444 -0.946928 0
    outer loop
      vertex 9.03195 1.40836 8.5
      vertex 9.40354 1.28222 11.5
      vertex 9.03195 1.40836 11.5
    endloop
  endfacet
  facet normal -0.321444 -0.946928 -0
    outer loop
      vertex 9.40354 1.28222 11.5
      vertex 9.03195 1.40836 8.5
      vertex 9.40354 1.28222 8.5
    endloop
  endfacet
  facet normal 0.831493 -0.555535 0
    outer loop
      vertex 68.2001 2.35371 11.5
      vertex 68.4181 2.68 8.5
      vertex 68.4181 2.68 11.5
    endloop
  endfacet
  facet normal 0.831493 -0.555535 0
    outer loop
      vertex 68.4181 2.68 8.5
      vertex 68.2001 2.35371 11.5
      vertex 68.2001 2.35371 8.5
    endloop
  endfacet
  facet normal 0.751724 0.659478 0
    outer loop
      vertex 68.2001 90.6463 11.5
      vertex 67.9413 90.9413 8.5
      vertex 67.9413 90.9413 11.5
    endloop
  endfacet
  facet normal 0.751724 0.659478 0
    outer loop
      vertex 67.9413 90.9413 8.5
      vertex 68.2001 90.6463 11.5
      vertex 68.2001 90.6463 8.5
    endloop
  endfacet
  facet normal -0.555535 0.831493 0
    outer loop
      vertex 8.68 91.4181 8.5
      vertex 8.35371 91.2001 11.5
      vertex 8.68 91.4181 11.5
    endloop
  endfacet
  facet normal -0.555535 0.831493 0
    outer loop
      vertex 8.35371 91.2001 11.5
      vertex 8.68 91.4181 8.5
      vertex 8.35371 91.2001 8.5
    endloop
  endfacet
  facet normal 0.555523 0.831501 -0
    outer loop
      vertex 67.6463 91.2001 8.5
      vertex 67.32 91.4181 11.5
      vertex 67.6463 91.2001 11.5
    endloop
  endfacet
  facet normal 0.555523 0.831501 0
    outer loop
      vertex 67.32 91.4181 11.5
      vertex 67.6463 91.2001 8.5
      vertex 67.32 91.4181 8.5
    endloop
  endfacet
  facet normal 0.831501 0.555523 0
    outer loop
      vertex 68.4181 90.32 11.5
      vertex 68.2001 90.6463 8.5
      vertex 68.2001 90.6463 11.5
    endloop
  endfacet
  facet normal 0.831501 0.555523 0
    outer loop
      vertex 68.2001 90.6463 8.5
      vertex 68.4181 90.32 11.5
      vertex 68.4181 90.32 8.5
    endloop
  endfacet
  facet normal 0.946882 -0.321582 0
    outer loop
      vertex 68.5916 3.03195 11.5
      vertex 68.7178 3.40354 8.5
      vertex 68.7178 3.40354 11.5
    endloop
  endfacet
  facet normal 0.946882 -0.321582 0
    outer loop
      vertex 68.7178 3.40354 8.5
      vertex 68.5916 3.03195 11.5
      vertex 68.5916 3.03195 8.5
    endloop
  endfacet
  facet normal -0.946928 -0.321444 0
    outer loop
      vertex 7.40836 3.03195 8.5
      vertex 7.28222 3.40354 11.5
      vertex 7.28222 3.40354 8.5
    endloop
  endfacet
  facet normal -0.946928 -0.321444 0
    outer loop
      vertex 7.28222 3.40354 11.5
      vertex 7.40836 3.03195 8.5
      vertex 7.40836 3.03195 11.5
    endloop
  endfacet
  facet normal 0.321514 -0.946905 0
    outer loop
      vertex 66.5965 1.28222 8.5
      vertex 66.968 1.40836 11.5
      vertex 66.5965 1.28222 11.5
    endloop
  endfacet
  facet normal 0.321514 -0.946905 0
    outer loop
      vertex 66.968 1.40836 11.5
      vertex 66.5965 1.28222 8.5
      vertex 66.968 1.40836 8.5
    endloop
  endfacet
  facet normal 0.980815 0.19494 0
    outer loop
      vertex 68.7943 89.2116 11.5
      vertex 68.7178 89.5965 8.5
      vertex 68.7178 89.5965 11.5
    endloop
  endfacet
  facet normal 0.980815 0.19494 0
    outer loop
      vertex 68.7178 89.5965 8.5
      vertex 68.7943 89.2116 11.5
      vertex 68.7943 89.2116 8.5
    endloop
  endfacet
  facet normal -0.8969 0.442233 0
    outer loop
      vertex 7.40836 89.968 8.5
      vertex 7.58192 90.32 11.5
      vertex 7.58192 90.32 8.5
    endloop
  endfacet
  facet normal -0.8969 0.442233 0
    outer loop
      vertex 7.58192 90.32 11.5
      vertex 7.40836 89.968 8.5
      vertex 7.40836 89.968 11.5
    endloop
  endfacet
  facet normal -0.980784 -0.195097 0
    outer loop
      vertex 7.28222 3.40354 8.5
      vertex 7.20566 3.78842 11.5
      vertex 7.20566 3.78842 8.5
    endloop
  endfacet
  facet normal -0.980784 -0.195097 0
    outer loop
      vertex 7.20566 3.78842 11.5
      vertex 7.28222 3.40354 8.5
      vertex 7.28222 3.40354 11.5
    endloop
  endfacet
  facet normal 0.195087 -0.980786 0
    outer loop
      vertex 66.2116 1.20566 8.5
      vertex 66.5965 1.28222 11.5
      vertex 66.2116 1.20566 11.5
    endloop
  endfacet
  facet normal 0.195087 -0.980786 0
    outer loop
      vertex 66.5965 1.28222 11.5
      vertex 66.2116 1.20566 8.5
      vertex 66.5965 1.28222 8.5
    endloop
  endfacet
  facet normal -0.83147 -0.55557 0
    outer loop
      vertex 7.79994 2.35371 8.5
      vertex 7.58192 2.68 11.5
      vertex 7.58192 2.68 8.5
    endloop
  endfacet
  facet normal -0.83147 -0.55557 0
    outer loop
      vertex 7.58192 2.68 11.5
      vertex 7.79994 2.35371 8.5
      vertex 7.79994 2.35371 11.5
    endloop
  endfacet
  facet normal -0.831477 0.555558 0
    outer loop
      vertex 7.58192 90.32 8.5
      vertex 7.79994 90.6463 11.5
      vertex 7.79994 90.6463 8.5
    endloop
  endfacet
  facet normal -0.831477 0.555558 0
    outer loop
      vertex 7.79994 90.6463 11.5
      vertex 7.58192 90.32 8.5
      vertex 7.58192 90.32 11.5
    endloop
  endfacet
  facet normal -0.751799 0.659392 0
    outer loop
      vertex 7.79994 90.6463 8.5
      vertex 8.05868 90.9413 11.5
      vertex 8.05868 90.9413 8.5
    endloop
  endfacet
  facet normal -0.751799 0.659392 0
    outer loop
      vertex 8.05868 90.9413 11.5
      vertex 7.79994 90.6463 8.5
      vertex 7.79994 90.6463 11.5
    endloop
  endfacet
  facet normal 0.321651 0.946858 -0
    outer loop
      vertex 66.968 91.5916 8.5
      vertex 66.5965 91.7178 11.5
      vertex 66.968 91.5916 11.5
    endloop
  endfacet
  facet normal 0.321651 0.946858 0
    outer loop
      vertex 66.5965 91.7178 11.5
      vertex 66.968 91.5916 8.5
      vertex 66.5965 91.7178 8.5
    endloop
  endfacet
  facet normal 0.946858 0.321651 0
    outer loop
      vertex 68.7178 89.5965 11.5
      vertex 68.5916 89.968 8.5
      vertex 68.5916 89.968 11.5
    endloop
  endfacet
  facet normal 0.946858 0.321651 0
    outer loop
      vertex 68.5916 89.968 8.5
      vertex 68.7178 89.5965 11.5
      vertex 68.7178 89.5965 8.5
    endloop
  endfacet
  facet normal 0.997853 0.0654873 0
    outer loop
      vertex 68.82 88.82 11.5
      vertex 68.7943 89.2116 8.5
      vertex 68.7943 89.2116 11.5
    endloop
  endfacet
  facet normal 0.997853 0.0654873 0
    outer loop
      vertex 68.7943 89.2116 8.5
      vertex 68.82 88.82 11.5
      vertex 68.82 88.82 8.5
    endloop
  endfacet
  facet normal -0.0653892 -0.99786 0
    outer loop
      vertex 9.78842 1.20566 8.5
      vertex 10.18 1.18 11.5
      vertex 9.78842 1.20566 11.5
    endloop
  endfacet
  facet normal -0.0653892 -0.99786 -0
    outer loop
      vertex 10.18 1.18 11.5
      vertex 9.78842 1.20566 8.5
      vertex 10.18 1.18 8.5
    endloop
  endfacet
  facet normal -0.19495 0.980813 0
    outer loop
      vertex 9.78842 91.7943 8.5
      vertex 9.40354 91.7178 11.5
      vertex 9.78842 91.7943 11.5
    endloop
  endfacet
  facet normal -0.19495 0.980813 0
    outer loop
      vertex 9.40354 91.7178 11.5
      vertex 9.78842 91.7943 8.5
      vertex 9.40354 91.7178 8.5
    endloop
  endfacet
  facet normal -0.980786 0.195087 0
    outer loop
      vertex 7.20566 89.2116 8.5
      vertex 7.28222 89.5965 11.5
      vertex 7.28222 89.5965 8.5
    endloop
  endfacet
  facet normal -0.980786 0.195087 0
    outer loop
      vertex 7.28222 89.5965 11.5
      vertex 7.20566 89.2116 8.5
      vertex 7.20566 89.2116 11.5
    endloop
  endfacet
  facet normal -0.946905 0.321514 0
    outer loop
      vertex 7.28222 89.5965 8.5
      vertex 7.40836 89.968 11.5
      vertex 7.40836 89.968 8.5
    endloop
  endfacet
  facet normal -0.946905 0.321514 0
    outer loop
      vertex 7.40836 89.968 11.5
      vertex 7.28222 89.5965 8.5
      vertex 7.28222 89.5965 11.5
    endloop
  endfacet
  facet normal -0.751833 -0.659354 0
    outer loop
      vertex 8.05868 2.05868 8.5
      vertex 7.79994 2.35371 11.5
      vertex 7.79994 2.35371 8.5
    endloop
  endfacet
  facet normal -0.751833 -0.659354 0
    outer loop
      vertex 7.79994 2.35371 11.5
      vertex 8.05868 2.05868 8.5
      vertex 8.05868 2.05868 11.5
    endloop
  endfacet
  facet normal -0 0 1
    outer loop
      vertex 7.18 26.2 26.5
      vertex 9.7 6.22 26.5
      vertex 9.7 26.2 26.5
    endloop
  endfacet
  facet normal 0 0 1
    outer loop
      vertex 9.7 6.22 26.5
      vertex 7.18 26.2 26.5
      vertex 7.18 6.22 26.5
    endloop
  endfacet
  facet normal -0 0 1
    outer loop
      vertex 66.3 26.2 26.5
      vertex 68.82 6.22 26.5
      vertex 68.82 26.2 26.5
    endloop
  endfacet
  facet normal 0 0 1
    outer loop
      vertex 68.82 6.22 26.5
      vertex 66.3 26.2 26.5
      vertex 66.3 6.22 26.5
    endloop
  endfacet
  facet normal -0 0 1
    outer loop
      vertex 7.18 86.78 26.5
      vertex 9.7 66.8 26.5
      vertex 9.7 86.78 26.5
    endloop
  endfacet
  facet normal 0 0 1
    outer loop
      vertex 9.7 66.8 26.5
      vertex 7.18 86.78 26.5
      vertex 7.18 66.8 26.5
    endloop
  endfacet
  facet normal -0 0 1
    outer loop
      vertex 66.3 86.78 26.5
      vertex 68.82 66.8 26.5
      vertex 68.82 86.78 26.5
    endloop
  endfacet
  facet normal 0 0 1
    outer loop
      vertex 68.82 66.8 26.5
      vertex 66.3 86.78 26.5
      vertex 66.3 66.8 26.5
    endloop
  endfacet
  facet normal 0.659392 -0.751799 0
    outer loop
      vertex 67.6463 1.79994 8.5
      vertex 67.9413 2.05868 11.5
      vertex 67.6463 1.79994 11.5
    endloop
  endfacet
  facet normal 0.659392 -0.751799 0
    outer loop
      vertex 67.9413 2.05868 11.5
      vertex 67.6463 1.79994 8.5
      vertex 67.9413 2.05868 8.5
    endloop
  endfacet
  facet normal 0.0654873 0.997853 -0
    outer loop
      vertex 66.2116 91.7943 8.5
      vertex 65.82 91.82 11.5
      vertex 66.2116 91.7943 11.5
    endloop
  endfacet
  facet normal 0.0654873 0.997853 0
    outer loop
      vertex 65.82 91.82 11.5
      vertex 66.2116 91.7943 8.5
      vertex 65.82 91.82 8.5
    endloop
  endfacet
  facet normal -0.0654906 0.997853 0
    outer loop
      vertex 10.18 91.82 8.5
      vertex 9.78842 91.7943 11.5
      vertex 10.18 91.82 11.5
    endloop
  endfacet
  facet normal -0.0654906 0.997853 0
    outer loop
      vertex 9.78842 91.7943 11.5
      vertex 10.18 91.82 8.5
      vertex 9.78842 91.7943 8.5
    endloop
  endfacet
  facet normal -0.195097 -0.980784 0
    outer loop
      vertex 9.40354 1.28222 8.5
      vertex 9.78842 1.20566 11.5
      vertex 9.40354 1.28222 11.5
    endloop
  endfacet
  facet normal -0.195097 -0.980784 -0
    outer loop
      vertex 9.78842 1.20566 11.5
      vertex 9.40354 1.28222 8.5
      vertex 9.78842 1.20566 8.5
    endloop
  endfacet
  facet normal -0.55557 -0.83147 0
    outer loop
      vertex 8.35371 1.79994 8.5
      vertex 8.68 1.58192 11.5
      vertex 8.35371 1.79994 11.5
    endloop
  endfacet
  facet normal -0.55557 -0.83147 -0
    outer loop
      vertex 8.68 1.58192 11.5
      vertex 8.35371 1.79994 8.5
      vertex 8.68 1.58192 8.5
    endloop
  endfacet
  facet normal -0.65944 0.751757 0
    outer loop
      vertex 8.35371 91.2001 8.5
      vertex 8.05868 90.9413 11.5
      vertex 8.35371 91.2001 11.5
    endloop
  endfacet
  facet normal -0.65944 0.751757 0
    outer loop
      vertex 8.05868 90.9413 11.5
      vertex 8.35371 91.2001 8.5
      vertex 8.05868 90.9413 8.5
    endloop
  endfacet
  facet normal -0.44216 0.896936 0
    outer loop
      vertex 9.03195 91.5916 8.5
      vertex 8.68 91.4181 11.5
      vertex 9.03195 91.5916 11.5
    endloop
  endfacet
  facet normal -0.44216 0.896936 0
    outer loop
      vertex 8.68 91.4181 11.5
      vertex 9.03195 91.5916 8.5
      vertex 8.68 91.4181 8.5
    endloop
  endfacet
  facet normal -0.321582 0.946882 0
    outer loop
      vertex 9.40354 91.7178 8.5
      vertex 9.03195 91.5916 11.5
      vertex 9.40354 91.7178 11.5
    endloop
  endfacet
  facet normal -0.321582 0.946882 0
    outer loop
      vertex 9.03195 91.5916 11.5
      vertex 9.40354 91.7178 8.5
      vertex 9.03195 91.5916 8.5
    endloop
  endfacet
  facet normal 0.0653858 -0.99786 0
    outer loop
      vertex 65.82 1.18 8.5
      vertex 66.2116 1.20566 11.5
      vertex 65.82 1.18 11.5
    endloop
  endfacet
  facet normal 0.0653858 -0.99786 0
    outer loop
      vertex 66.2116 1.20566 11.5
      vertex 65.82 1.18 8.5
      vertex 66.2116 1.20566 8.5
    endloop
  endfacet
  facet normal -0.442283 -0.896875 0
    outer loop
      vertex 8.68 1.58192 8.5
      vertex 9.03195 1.40836 11.5
      vertex 8.68 1.58192 11.5
    endloop
  endfacet
  facet normal -0.442283 -0.896875 -0
    outer loop
      vertex 9.03195 1.40836 11.5
      vertex 8.68 1.58192 8.5
      vertex 9.03195 1.40836 8.5
    endloop
  endfacet
  facet normal -0 0 1
    outer loop
      vertex 7.18 6.22 11.5
      vertex 9.7 5.7 11.5
      vertex 9.7 6.22 11.5
    endloop
  endfacet
  facet normal 0 0 1
    outer loop
      vertex 9.7 5.7 11.5
      vertex 9.03195 1.40836 11.5
      vertex 9.40354 1.28222 11.5
    endloop
  endfacet
  facet normal 0 0 1
    outer loop
      vertex 9.7 5.7 11.5
      vertex 8.68 1.58192 11.5
      vertex 9.03195 1.40836 11.5
    endloop
  endfacet
  facet normal 0 0 1
    outer loop
      vertex 9.7 5.7 11.5
      vertex 8.35371 1.79994 11.5
      vertex 8.68 1.58192 11.5
    endloop
  endfacet
  facet normal 0 0 1
    outer loop
      vertex 9.7 5.7 11.5
      vertex 8.05868 2.05868 11.5
      vertex 8.35371 1.79994 11.5
    endloop
  endfacet
  facet normal 0 0 1
    outer loop
      vertex 9.7 5.7 11.5
      vertex 7.79994 2.35371 11.5
      vertex 8.05868 2.05868 11.5
    endloop
  endfacet
  facet normal 0 0 1
    outer loop
      vertex 9.7 5.7 11.5
      vertex 7.58192 2.68 11.5
      vertex 7.79994 2.35371 11.5
    endloop
  endfacet
  facet normal 0 0 1
    outer loop
      vertex 9.7 5.7 11.5
      vertex 7.40836 3.03195 11.5
      vertex 7.58192 2.68 11.5
    endloop
  endfacet
  facet normal 0 0 1
    outer loop
      vertex 9.7 5.7 11.5
      vertex 7.28222 3.40354 11.5
      vertex 7.40836 3.03195 11.5
    endloop
  endfacet
  facet normal 0 0 1
    outer loop
      vertex 9.7 5.7 11.5
      vertex 7.20566 3.78842 11.5
      vertex 7.28222 3.40354 11.5
    endloop
  endfacet
  facet normal 0 0 1
    outer loop
      vertex 9.7 5.7 11.5
      vertex 7.18 6.22 11.5
      vertex 7.18 4.18 11.5
    endloop
  endfacet
  facet normal 0 0 1
    outer loop
      vertex 9.7 5.7 11.5
      vertex 7.18 4.18 11.5
      vertex 7.20566 3.78842 11.5
    endloop
  endfacet
  facet normal -0 0 1
    outer loop
      vertex 66.2829 5.43895 11.5
      vertex 68.82 4.18 11.5
      vertex 68.82 6.22 11.5
    endloop
  endfacet
  facet normal -0 0 1
    outer loop
      vertex 66.1478 4.93463 11.5
      vertex 68.82 4.18 11.5
      vertex 66.2318 5.18236 11.5
    endloop
  endfacet
  facet normal -0 0 1
    outer loop
      vertex 66.0321 4.7 11.5
      vertex 68.82 4.18 11.5
      vertex 66.1478 4.93463 11.5
    endloop
  endfacet
  facet normal 0 0 1
    outer loop
      vertex 68.82 4.18 11.5
      vertex 66.0321 4.7 11.5
      vertex 68.7943 3.78842 11.5
    endloop
  endfacet
  facet normal 0 0 1
    outer loop
      vertex 68.7943 3.78842 11.5
      vertex 66.0321 4.7 11.5
      vertex 68.7178 3.40354 11.5
    endloop
  endfacet
  facet normal 0 0 1
    outer loop
      vertex 68.7178 3.40354 11.5
      vertex 65.8867 4.48248 11.5
      vertex 68.5916 3.03195 11.5
    endloop
  endfacet
  facet normal 0 0 1
    outer loop
      vertex 68.5916 3.03195 11.5
      vertex 65.8867 4.48248 11.5
      vertex 68.4181 2.68 11.5
    endloop
  endfacet
  facet normal 0 0 1
    outer loop
      vertex 68.4181 2.68 11.5
      vertex 65.8867 4.48248 11.5
      vertex 68.2001 2.35371 11.5
    endloop
  endfacet
  facet normal -0 0 1
    outer loop
      vertex 65.7142 4.28579 11.5
      vertex 68.2001 2.35371 11.5
      vertex 65.8867 4.48248 11.5
    endloop
  endfacet
  facet normal 0 0 1
    outer loop
      vertex 67.9413 2.05868 11.5
      vertex 65.7142 4.28579 11.5
      vertex 67.6463 1.79994 11.5
    endloop
  endfacet
  facet normal 0 0 1
    outer loop
      vertex 66.3 5.7 11.5
      vertex 68.82 6.22 11.5
      vertex 66.3 6.22 11.5
    endloop
  endfacet
  facet normal 0 0 1
    outer loop
      vertex 66.2829 5.43895 11.5
      vertex 68.82 6.22 11.5
      vertex 66.3 5.7 11.5
    endloop
  endfacet
  facet normal 0 0 1
    outer loop
      vertex 68.82 4.18 11.5
      vertex 66.2829 5.43895 11.5
      vertex 66.2318 5.18236 11.5
    endloop
  endfacet
  facet normal -0 0 1
    outer loop
      vertex 65.8867 4.48248 11.5
      vertex 68.7178 3.40354 11.5
      vertex 66.0321 4.7 11.5
    endloop
  endfacet
  facet normal 0 0 1
    outer loop
      vertex 68.2001 2.35371 11.5
      vertex 65.7142 4.28579 11.5
      vertex 67.9413 2.05868 11.5
    endloop
  endfacet
  facet normal -0 0 1
    outer loop
      vertex 65.5175 4.11329 11.5
      vertex 67.6463 1.79994 11.5
      vertex 65.7142 4.28579 11.5
    endloop
  endfacet
  facet normal 0 0 1
    outer loop
      vertex 67.6463 1.79994 11.5
      vertex 65.5175 4.11329 11.5
      vertex 67.32 1.58192 11.5
    endloop
  endfacet
  facet normal 0 0 1
    outer loop
      vertex 67.32 1.58192 11.5
      vertex 65.5175 4.11329 11.5
      vertex 66.968 1.40836 11.5
    endloop
  endfacet
  facet normal 0 0 1
    outer loop
      vertex 66.968 1.40836 11.5
      vertex 65.5175 4.11329 11.5
      vertex 66.5965 1.28222 11.5
    endloop
  endfacet
  facet normal -0 0 1
    outer loop
      vertex 65.3 3.96795 11.5
      vertex 66.5965 1.28222 11.5
      vertex 65.5175 4.11329 11.5
    endloop
  endfacet
  facet normal 0 0 1
    outer loop
      vertex 66.5965 1.28222 11.5
      vertex 65.3 3.96795 11.5
      vertex 66.2116 1.20566 11.5
    endloop
  endfacet
  facet normal 0 0 1
    outer loop
      vertex 66.2116 1.20566 11.5
      vertex 65.3 3.96795 11.5
      vertex 65.82 1.18 11.5
    endloop
  endfacet
  facet normal -0 0 1
    outer loop
      vertex 65.0654 3.85224 11.5
      vertex 65.82 1.18 11.5
      vertex 65.3 3.96795 11.5
    endloop
  endfacet
  facet normal -0 0 1
    outer loop
      vertex 64.8176 3.76815 11.5
      vertex 65.82 1.18 11.5
      vertex 65.0654 3.85224 11.5
    endloop
  endfacet
  facet normal -0 0 1
    outer loop
      vertex 64.5611 3.71711 11.5
      vertex 65.82 1.18 11.5
      vertex 64.8176 3.76815 11.5
    endloop
  endfacet
  facet normal -0 0 1
    outer loop
      vertex 64.3 3.7 11.5
      vertex 65.82 1.18 11.5
      vertex 64.5611 3.71711 11.5
    endloop
  endfacet
  facet normal -0 0 1
    outer loop
      vertex 11.7 3.7 11.5
      vertex 65.82 1.18 11.5
      vertex 64.3 3.7 11.5
    endloop
  endfacet
  facet normal 0 0 1
    outer loop
      vertex 11.7 3.7 11.5
      vertex 10.18 1.18 11.5
      vertex 65.82 1.18 11.5
    endloop
  endfacet
  facet normal 0 0 1
    outer loop
      vertex 11.4389 3.71711 11.5
      vertex 10.18 1.18 11.5
      vertex 11.7 3.7 11.5
    endloop
  endfacet
  facet normal 0 0 1
    outer loop
      vertex 11.1824 3.76815 11.5
      vertex 10.18 1.18 11.5
      vertex 11.4389 3.71711 11.5
    endloop
  endfacet
  facet normal 0 0 1
    outer loop
      vertex 10.9346 3.85224 11.5
      vertex 10.18 1.18 11.5
      vertex 11.1824 3.76815 11.5
    endloop
  endfacet
  facet normal 0 0 1
    outer loop
      vertex 10.7 3.96795 11.5
      vertex 10.18 1.18 11.5
      vertex 10.9346 3.85224 11.5
    endloop
  endfacet
  facet normal 0 0 1
    outer loop
      vertex 9.40354 1.28222 11.5
      vertex 10.7 3.96795 11.5
      vertex 10.4825 4.11329 11.5
    endloop
  endfacet
  facet normal 0 0 1
    outer loop
      vertex 9.40354 1.28222 11.5
      vertex 10.4825 4.11329 11.5
      vertex 10.2858 4.28579 11.5
    endloop
  endfacet
  facet normal 0 0 1
    outer loop
      vertex 9.40354 1.28222 11.5
      vertex 10.2858 4.28579 11.5
      vertex 10.1133 4.48248 11.5
    endloop
  endfacet
  facet normal 0 0 1
    outer loop
      vertex 9.40354 1.28222 11.5
      vertex 10.1133 4.48248 11.5
      vertex 9.96795 4.7 11.5
    endloop
  endfacet
  facet normal 0 0 1
    outer loop
      vertex 9.40354 1.28222 11.5
      vertex 9.96795 4.7 11.5
      vertex 9.85224 4.93463 11.5
    endloop
  endfacet
  facet normal 0 0 1
    outer loop
      vertex 10.7 3.96795 11.5
      vertex 9.78842 1.20566 11.5
      vertex 10.18 1.18 11.5
    endloop
  endfacet
  facet normal 0 0 1
    outer loop
      vertex 9.40354 1.28222 11.5
      vertex 9.85224 4.93463 11.5
      vertex 9.76815 5.18236 11.5
    endloop
  endfacet
  facet normal 0 0 1
    outer loop
      vertex 9.40354 1.28222 11.5
      vertex 9.76815 5.18236 11.5
      vertex 9.71711 5.43895 11.5
    endloop
  endfacet
  facet normal 0 0 1
    outer loop
      vertex 9.40354 1.28222 11.5
      vertex 9.71711 5.43895 11.5
      vertex 9.7 5.7 11.5
    endloop
  endfacet
  facet normal 0 0 1
    outer loop
      vertex 10.7 3.96795 11.5
      vertex 9.40354 1.28222 11.5
      vertex 9.78842 1.20566 11.5
    endloop
  endfacet
  facet normal 0 -1 0
    outer loop
      vertex 7.18 6.22 11.5
      vertex 9.7 6.22 26.5
      vertex 7.18 6.22 26.5
    endloop
  endfacet
  facet normal 0 -1 -0
    outer loop
      vertex 9.7 6.22 26.5
      vertex 7.18 6.22 11.5
      vertex 9.7 6.22 11.5
    endloop
  endfacet
  facet normal 0 -1 0
    outer loop
      vertex 66.3 6.22 11.5
      vertex 68.82 6.22 26.5
      vertex 66.3 6.22 26.5
    endloop
  endfacet
  facet normal 0 -1 -0
    outer loop
      vertex 68.82 6.22 26.5
      vertex 66.3 6.22 11.5
      vertex 68.82 6.22 11.5
    endloop
  endfacet
  facet normal 0 0 1
    outer loop
      vertex 68.82 86.78 11.5
      vertex 66.2829 87.5611 11.5
      vertex 66.3 87.3 11.5
    endloop
  endfacet
  facet normal 0 0 1
    outer loop
      vertex 66.968 91.5916 11.5
      vertex 66.2318 87.8176 11.5
      vertex 66.2829 87.5611 11.5
    endloop
  endfacet
  facet normal 0 0 1
    outer loop
      vertex 65.3 89.0321 11.5
      vertex 66.5965 91.7178 11.5
      vertex 66.2116 91.7943 11.5
    endloop
  endfacet
  facet normal 0 0 1
    outer loop
      vertex 66.968 91.5916 11.5
      vertex 66.1478 88.0654 11.5
      vertex 66.2318 87.8176 11.5
    endloop
  endfacet
  facet normal 0 0 1
    outer loop
      vertex 66.968 91.5916 11.5
      vertex 66.0321 88.3 11.5
      vertex 66.1478 88.0654 11.5
    endloop
  endfacet
  facet normal 0 0 1
    outer loop
      vertex 66.968 91.5916 11.5
      vertex 65.8867 88.5175 11.5
      vertex 66.0321 88.3 11.5
    endloop
  endfacet
  facet normal 0 0 1
    outer loop
      vertex 65.3 89.0321 11.5
      vertex 66.2116 91.7943 11.5
      vertex 65.82 91.82 11.5
    endloop
  endfacet
  facet normal 0 0 1
    outer loop
      vertex 66.968 91.5916 11.5
      vertex 65.7142 88.7142 11.5
      vertex 65.8867 88.5175 11.5
    endloop
  endfacet
  facet normal 0 0 1
    outer loop
      vertex 66.968 91.5916 11.5
      vertex 65.5175 88.8867 11.5
      vertex 65.7142 88.7142 11.5
    endloop
  endfacet
  facet normal 0 0 1
    outer loop
      vertex 66.5965 91.7178 11.5
      vertex 65.3 89.0321 11.5
      vertex 65.5175 88.8867 11.5
    endloop
  endfacet
  facet normal 0 0 1
    outer loop
      vertex 65.82 91.82 11.5
      vertex 65.0654 89.1478 11.5
      vertex 65.3 89.0321 11.5
    endloop
  endfacet
  facet normal 0 0 1
    outer loop
      vertex 65.82 91.82 11.5
      vertex 64.8176 89.2318 11.5
      vertex 65.0654 89.1478 11.5
    endloop
  endfacet
  facet normal 0 0 1
    outer loop
      vertex 65.82 91.82 11.5
      vertex 64.5611 89.2829 11.5
      vertex 64.8176 89.2318 11.5
    endloop
  endfacet
  facet normal 0 0 1
    outer loop
      vertex 65.82 91.82 11.5
      vertex 64.3 89.3 11.5
      vertex 64.5611 89.2829 11.5
    endloop
  endfacet
  facet normal 0 0 1
    outer loop
      vertex 65.82 91.82 11.5
      vertex 11.7 89.3 11.5
      vertex 64.3 89.3 11.5
    endloop
  endfacet
  facet normal -0 0 1
    outer loop
      vertex 10.18 91.82 11.5
      vertex 11.7 89.3 11.5
      vertex 65.82 91.82 11.5
    endloop
  endfacet
  facet normal 0 0 1
    outer loop
      vertex 10.18 91.82 11.5
      vertex 11.4389 89.2829 11.5
      vertex 11.7 89.3 11.5
    endloop
  endfacet
  facet normal 0 0 1
    outer loop
      vertex 10.18 91.82 11.5
      vertex 11.1824 89.2318 11.5
      vertex 11.4389 89.2829 11.5
    endloop
  endfacet
  facet normal 0 0 1
    outer loop
      vertex 10.18 91.82 11.5
      vertex 10.9346 89.1478 11.5
      vertex 11.1824 89.2318 11.5
    endloop
  endfacet
  facet normal 0 0 1
    outer loop
      vertex 10.18 91.82 11.5
      vertex 10.7 89.0321 11.5
      vertex 10.9346 89.1478 11.5
    endloop
  endfacet
  facet normal -0 0 1
    outer loop
      vertex 9.78842 91.7943 11.5
      vertex 10.7 89.0321 11.5
      vertex 10.18 91.82 11.5
    endloop
  endfacet
  facet normal -0 0 1
    outer loop
      vertex 9.40354 91.7178 11.5
      vertex 10.7 89.0321 11.5
      vertex 9.78842 91.7943 11.5
    endloop
  endfacet
  facet normal 0 0 1
    outer loop
      vertex 10.7 89.0321 11.5
      vertex 9.40354 91.7178 11.5
      vertex 10.4825 88.8867 11.5
    endloop
  endfacet
  facet normal -0 0 1
    outer loop
      vertex 9.03195 91.5916 11.5
      vertex 10.4825 88.8867 11.5
      vertex 9.40354 91.7178 11.5
    endloop
  endfacet
  facet normal -0 0 1
    outer loop
      vertex 8.68 91.4181 11.5
      vertex 10.4825 88.8867 11.5
      vertex 9.03195 91.5916 11.5
    endloop
  endfacet
  facet normal -0 0 1
    outer loop
      vertex 8.35371 91.2001 11.5
      vertex 10.4825 88.8867 11.5
      vertex 8.68 91.4181 11.5
    endloop
  endfacet
  facet normal 0 0 1
    outer loop
      vertex 10.4825 88.8867 11.5
      vertex 8.35371 91.2001 11.5
      vertex 10.2858 88.7142 11.5
    endloop
  endfacet
  facet normal -0 0 1
    outer loop
      vertex 8.05868 90.9413 11.5
      vertex 10.2858 88.7142 11.5
      vertex 8.35371 91.2001 11.5
    endloop
  endfacet
  facet normal -0 0 1
    outer loop
      vertex 7.79994 90.6463 11.5
      vertex 10.2858 88.7142 11.5
      vertex 8.05868 90.9413 11.5
    endloop
  endfacet
  facet normal 0 0 1
    outer loop
      vertex 10.2858 88.7142 11.5
      vertex 7.79994 90.6463 11.5
      vertex 10.1133 88.5175 11.5
    endloop
  endfacet
  facet normal -0 0 1
    outer loop
      vertex 7.58192 90.32 11.5
      vertex 10.1133 88.5175 11.5
      vertex 7.79994 90.6463 11.5
    endloop
  endfacet
  facet normal -0 0 1
    outer loop
      vertex 7.40836 89.968 11.5
      vertex 10.1133 88.5175 11.5
      vertex 7.58192 90.32 11.5
    endloop
  endfacet
  facet normal -0 0 1
    outer loop
      vertex 7.28222 89.5965 11.5
      vertex 10.1133 88.5175 11.5
      vertex 7.40836 89.968 11.5
    endloop
  endfacet
  facet normal 0 0 1
    outer loop
      vertex 10.1133 88.5175 11.5
      vertex 7.28222 89.5965 11.5
      vertex 9.96795 88.3 11.5
    endloop
  endfacet
  facet normal -0 0 1
    outer loop
      vertex 7.20566 89.2116 11.5
      vertex 9.96795 88.3 11.5
      vertex 7.28222 89.5965 11.5
    endloop
  endfacet
  facet normal -0 0 1
    outer loop
      vertex 7.18 88.82 11.5
      vertex 9.96795 88.3 11.5
      vertex 7.20566 89.2116 11.5
    endloop
  endfacet
  facet normal 0 0 1
    outer loop
      vertex 9.96795 88.3 11.5
      vertex 7.18 88.82 11.5
      vertex 9.85224 88.0654 11.5
    endloop
  endfacet
  facet normal 0 0 1
    outer loop
      vertex 9.85224 88.0654 11.5
      vertex 7.18 88.82 11.5
      vertex 9.76815 87.8176 11.5
    endloop
  endfacet
  facet normal 0 0 1
    outer loop
      vertex 9.76815 87.8176 11.5
      vertex 7.18 88.82 11.5
      vertex 9.71711 87.5611 11.5
    endloop
  endfacet
  facet normal 0 0 1
    outer loop
      vertex 7.18 86.78 11.5
      vertex 9.71711 87.5611 11.5
      vertex 7.18 88.82 11.5
    endloop
  endfacet
  facet normal 0 0 1
    outer loop
      vertex 9.71711 87.5611 11.5
      vertex 7.18 86.78 11.5
      vertex 9.7 87.3 11.5
    endloop
  endfacet
  facet normal 0 0 1
    outer loop
      vertex 9.7 87.3 11.5
      vertex 7.18 86.78 11.5
      vertex 9.7 86.78 11.5
    endloop
  endfacet
  facet normal 0 0 1
    outer loop
      vertex 66.2829 87.5611 11.5
      vertex 68.82 88.82 11.5
      vertex 68.7943 89.2116 11.5
    endloop
  endfacet
  facet normal 0 0 1
    outer loop
      vertex 66.2829 87.5611 11.5
      vertex 68.7943 89.2116 11.5
      vertex 68.7178 89.5965 11.5
    endloop
  endfacet
  facet normal 0 0 1
    outer loop
      vertex 66.2829 87.5611 11.5
      vertex 68.7178 89.5965 11.5
      vertex 68.5916 89.968 11.5
    endloop
  endfacet
  facet normal 0 0 1
    outer loop
      vertex 66.2829 87.5611 11.5
      vertex 68.5916 89.968 11.5
      vertex 68.4181 90.32 11.5
    endloop
  endfacet
  facet normal 0 0 1
    outer loop
      vertex 66.2829 87.5611 11.5
      vertex 68.4181 90.32 11.5
      vertex 68.2001 90.6463 11.5
    endloop
  endfacet
  facet normal 0 0 1
    outer loop
      vertex 66.2829 87.5611 11.5
      vertex 68.2001 90.6463 11.5
      vertex 67.9413 90.9413 11.5
    endloop
  endfacet
  facet normal 0 0 1
    outer loop
      vertex 66.2829 87.5611 11.5
      vertex 67.9413 90.9413 11.5
      vertex 67.6463 91.2001 11.5
    endloop
  endfacet
  facet normal 0 0 1
    outer loop
      vertex 66.2829 87.5611 11.5
      vertex 67.6463 91.2001 11.5
      vertex 67.32 91.4181 11.5
    endloop
  endfacet
  facet normal 0 0 1
    outer loop
      vertex 66.2829 87.5611 11.5
      vertex 67.32 91.4181 11.5
      vertex 66.968 91.5916 11.5
    endloop
  endfacet
  facet normal 0 0 1
    outer loop
      vertex 65.5175 88.8867 11.5
      vertex 66.968 91.5916 11.5
      vertex 66.5965 91.7178 11.5
    endloop
  endfacet
  facet normal -0 0 1
    outer loop
      vertex 66.2829 87.5611 11.5
      vertex 68.82 86.78 11.5
      vertex 68.82 88.82 11.5
    endloop
  endfacet
  facet normal 0 0 1
    outer loop
      vertex 68.82 86.78 11.5
      vertex 66.3 87.3 11.5
      vertex 66.3 86.78 11.5
    endloop
  endfacet
  facet normal 0 1 -0
    outer loop
      vertex 9.7 86.78 11.5
      vertex 7.18 86.78 26.5
      vertex 9.7 86.78 26.5
    endloop
  endfacet
  facet normal 0 1 0
    outer loop
      vertex 7.18 86.78 26.5
      vertex 9.7 86.78 11.5
      vertex 7.18 86.78 11.5
    endloop
  endfacet
  facet normal 0 1 -0
    outer loop
      vertex 68.82 86.78 11.5
      vertex 66.3 86.78 26.5
      vertex 68.82 86.78 26.5
    endloop
  endfacet
  facet normal 0 1 0
    outer loop
      vertex 66.3 86.78 26.5
      vertex 68.82 86.78 11.5
      vertex 66.3 86.78 11.5
    endloop
  endfacet
  facet normal -0 0 1
    outer loop
      vertex 7.18 66.8 11.5
      vertex 9.7 26.2 11.5
      vertex 9.7 66.8 11.5
    endloop
  endfacet
  facet normal 0 0 1
    outer loop
      vertex 9.7 26.2 11.5
      vertex 7.18 66.8 11.5
      vertex 7.18 26.2 11.5
    endloop
  endfacet
  facet normal 0 -1 0
    outer loop
      vertex 7.18 66.8 11.5
      vertex 9.7 66.8 26.5
      vertex 7.18 66.8 26.5
    endloop
  endfacet
  facet normal 0 -1 -0
    outer loop
      vertex 9.7 66.8 26.5
      vertex 7.18 66.8 11.5
      vertex 9.7 66.8 11.5
    endloop
  endfacet
  facet normal 0 1 -0
    outer loop
      vertex 9.7 26.2 11.5
      vertex 7.18 26.2 26.5
      vertex 9.7 26.2 26.5
    endloop
  endfacet
  facet normal 0 1 0
    outer loop
      vertex 7.18 26.2 26.5
      vertex 9.7 26.2 11.5
      vertex 7.18 26.2 11.5
    endloop
  endfacet
  facet normal -0 0 1
    outer loop
      vertex 66.3 66.8 11.5
      vertex 68.82 26.2 11.5
      vertex 68.82 66.8 11.5
    endloop
  endfacet
  facet normal 0 0 1
    outer loop
      vertex 68.82 26.2 11.5
      vertex 66.3 66.8 11.5
      vertex 66.3 26.2 11.5
    endloop
  endfacet
  facet normal 0 -1 0
    outer loop
      vertex 66.3 66.8 11.5
      vertex 68.82 66.8 26.5
      vertex 66.3 66.8 26.5
    endloop
  endfacet
  facet normal 0 -1 -0
    outer loop
      vertex 68.82 66.8 26.5
      vertex 66.3 66.8 11.5
      vertex 68.82 66.8 11.5
    endloop
  endfacet
  facet normal 0 1 -0
    outer loop
      vertex 68.82 26.2 11.5
      vertex 66.3 26.2 26.5
      vertex 68.82 26.2 26.5
    endloop
  endfacet
  facet normal 0 1 0
    outer loop
      vertex 66.3 26.2 26.5
      vertex 68.82 26.2 11.5
      vertex 66.3 26.2 11.5
    endloop
  endfacet
  facet normal -0.195038 0.980796 0
    outer loop
      vertex 26.1647 26.1533 3
      vertex 25.5874 26.0385 8.5
      vertex 26.1647 26.1533 8.5
    endloop
  endfacet
  facet normal -0.195038 0.980796 0
    outer loop
      vertex 25.5874 26.0385 8.5
      vertex 26.1647 26.1533 3
      vertex 25.5874 26.0385 3
    endloop
  endfacet
  facet normal -0.980796 -0.195038 0
    outer loop
      vertex 29.4615 31.0874 3
      vertex 29.3467 31.6647 8.5
      vertex 29.3467 31.6647 3
    endloop
  endfacet
  facet normal -0.980796 -0.195038 0
    outer loop
      vertex 29.3467 31.6647 8.5
      vertex 29.4615 31.0874 3
      vertex 29.4615 31.0874 8.5
    endloop
  endfacet
  facet normal -0.997859 -0.0654027 0
    outer loop
      vertex 29.5 30.5 3
      vertex 29.4615 31.0874 8.5
      vertex 29.4615 31.0874 3
    endloop
  endfacet
  facet normal -0.997859 -0.0654027 0
    outer loop
      vertex 29.4615 31.0874 8.5
      vertex 29.5 30.5 3
      vertex 29.5 30.5 8.5
    endloop
  endfacet
  facet normal -0.980796 0.195038 0
    outer loop
      vertex 29.3467 29.3353 3
      vertex 29.4615 29.9126 8.5
      vertex 29.4615 29.9126 3
    endloop
  endfacet
  facet normal -0.980796 0.195038 0
    outer loop
      vertex 29.4615 29.9126 8.5
      vertex 29.3467 29.3353 3
      vertex 29.3467 29.3353 8.5
    endloop
  endfacet
  facet normal 0.831475 -0.555562 0
    outer loop
      vertex 21.1029 32.75 8.5
      vertex 21.4299 33.2394 3
      vertex 21.4299 33.2394 8.5
    endloop
  endfacet
  facet normal 0.831475 -0.555562 0
    outer loop
      vertex 21.4299 33.2394 3
      vertex 21.1029 32.75 8.5
      vertex 21.1029 32.75 3
    endloop
  endfacet
  facet normal -0.659298 -0.751882 0
    outer loop
      vertex 27.7394 34.0701 3
      vertex 28.182 33.682 8.5
      vertex 27.7394 34.0701 8.5
    endloop
  endfacet
  facet normal -0.659298 -0.751882 -0
    outer loop
      vertex 28.182 33.682 8.5
      vertex 27.7394 34.0701 3
      vertex 28.182 33.682 3
    endloop
  endfacet
  facet normal -0.195038 -0.980796 0
    outer loop
      vertex 25.5874 34.9615 3
      vertex 26.1647 34.8467 8.5
      vertex 25.5874 34.9615 8.5
    endloop
  endfacet
  facet normal -0.195038 -0.980796 -0
    outer loop
      vertex 26.1647 34.8467 8.5
      vertex 25.5874 34.9615 3
      vertex 26.1647 34.8467 3
    endloop
  endfacet
  facet normal -0.659298 0.751882 0
    outer loop
      vertex 28.182 27.318 3
      vertex 27.7394 26.9299 8.5
      vertex 28.182 27.318 8.5
    endloop
  endfacet
  facet normal -0.659298 0.751882 0
    outer loop
      vertex 27.7394 26.9299 8.5
      vertex 28.182 27.318 3
      vertex 27.7394 26.9299 3
    endloop
  endfacet
  facet normal -0.896827 0.442382 0
    outer loop
      vertex 28.8971 28.25 3
      vertex 29.1575 28.7779 8.5
      vertex 29.1575 28.7779 3
    endloop
  endfacet
  facet normal -0.896827 0.442382 0
    outer loop
      vertex 29.1575 28.7779 8.5
      vertex 28.8971 28.25 3
      vertex 28.8971 28.25 8.5
    endloop
  endfacet
  facet normal -0.946936 0.321421 0
    outer loop
      vertex 29.1575 28.7779 3
      vertex 29.3467 29.3353 8.5
      vertex 29.3467 29.3353 3
    endloop
  endfacet
  facet normal -0.946936 0.321421 0
    outer loop
      vertex 29.3467 29.3353 8.5
      vertex 29.1575 28.7779 3
      vertex 29.1575 28.7779 8.5
    endloop
  endfacet
  facet normal 0.946936 0.321421 0
    outer loop
      vertex 20.8425 28.7779 8.5
      vertex 20.6533 29.3353 3
      vertex 20.6533 29.3353 8.5
    endloop
  endfacet
  facet normal 0.946936 0.321421 0
    outer loop
      vertex 20.6533 29.3353 3
      vertex 20.8425 28.7779 8.5
      vertex 20.8425 28.7779 3
    endloop
  endfacet
  facet normal 0.555562 0.831475 -0
    outer loop
      vertex 22.75 26.6029 3
      vertex 22.2606 26.9299 8.5
      vertex 22.75 26.6029 8.5
    endloop
  endfacet
  facet normal 0.555562 0.831475 0
    outer loop
      vertex 22.2606 26.9299 8.5
      vertex 22.75 26.6029 3
      vertex 22.2606 26.9299 3
    endloop
  endfacet
  facet normal -0.831475 0.555562 0
    outer loop
      vertex 28.5701 27.7606 3
      vertex 28.8971 28.25 8.5
      vertex 28.8971 28.25 3
    endloop
  endfacet
  facet normal -0.831475 0.555562 0
    outer loop
      vertex 28.8971 28.25 8.5
      vertex 28.5701 27.7606 3
      vertex 28.5701 27.7606 8.5
    endloop
  endfacet
  facet normal 0.896827 -0.442382 0
    outer loop
      vertex 20.8425 32.2221 8.5
      vertex 21.1029 32.75 3
      vertex 21.1029 32.75 8.5
    endloop
  endfacet
  facet normal 0.896827 -0.442382 0
    outer loop
      vertex 21.1029 32.75 3
      vertex 20.8425 32.2221 8.5
      vertex 20.8425 32.2221 3
    endloop
  endfacet
  facet normal 0.997859 -0.0654027 0
    outer loop
      vertex 20.5 30.5 8.5
      vertex 20.5385 31.0874 3
      vertex 20.5385 31.0874 8.5
    endloop
  endfacet
  facet normal 0.997859 -0.0654027 0
    outer loop
      vertex 20.5385 31.0874 3
      vertex 20.5 30.5 8.5
      vertex 20.5 30.5 3
    endloop
  endfacet
  facet normal 0.0654027 -0.997859 0
    outer loop
      vertex 24.4126 34.9615 3
      vertex 25 35 8.5
      vertex 24.4126 34.9615 8.5
    endloop
  endfacet
  facet normal 0.0654027 -0.997859 0
    outer loop
      vertex 25 35 8.5
      vertex 24.4126 34.9615 3
      vertex 25 35 3
    endloop
  endfacet
  facet normal 0.896827 0.442382 0
    outer loop
      vertex 21.1029 28.25 8.5
      vertex 20.8425 28.7779 3
      vertex 20.8425 28.7779 8.5
    endloop
  endfacet
  facet normal 0.896827 0.442382 0
    outer loop
      vertex 20.8425 28.7779 3
      vertex 21.1029 28.25 8.5
      vertex 21.1029 28.25 3
    endloop
  endfacet
  facet normal -0.442382 -0.896827 0
    outer loop
      vertex 26.7221 34.6575 3
      vertex 27.25 34.3971 8.5
      vertex 26.7221 34.6575 8.5
    endloop
  endfacet
  facet normal -0.442382 -0.896827 -0
    outer loop
      vertex 27.25 34.3971 8.5
      vertex 26.7221 34.6575 3
      vertex 27.25 34.3971 3
    endloop
  endfacet
  facet normal -0.0654027 0.997859 0
    outer loop
      vertex 25.5874 26.0385 3
      vertex 25 26 8.5
      vertex 25.5874 26.0385 8.5
    endloop
  endfacet
  facet normal -0.0654027 0.997859 0
    outer loop
      vertex 25 26 8.5
      vertex 25.5874 26.0385 3
      vertex 25 26 3
    endloop
  endfacet
  facet normal 0.751882 0.659298 0
    outer loop
      vertex 21.818 27.318 8.5
      vertex 21.4299 27.7606 3
      vertex 21.4299 27.7606 8.5
    endloop
  endfacet
  facet normal 0.751882 0.659298 0
    outer loop
      vertex 21.4299 27.7606 3
      vertex 21.818 27.318 8.5
      vertex 21.818 27.318 3
    endloop
  endfacet
  facet normal 0.321421 -0.946936 0
    outer loop
      vertex 23.2779 34.6575 3
      vertex 23.8353 34.8467 8.5
      vertex 23.2779 34.6575 8.5
    endloop
  endfacet
  facet normal 0.321421 -0.946936 0
    outer loop
      vertex 23.8353 34.8467 8.5
      vertex 23.2779 34.6575 3
      vertex 23.8353 34.8467 3
    endloop
  endfacet
  facet normal 0.997859 0.0654027 0
    outer loop
      vertex 20.5385 29.9126 8.5
      vertex 20.5 30.5 3
      vertex 20.5 30.5 8.5
    endloop
  endfacet
  facet normal 0.997859 0.0654027 0
    outer loop
      vertex 20.5 30.5 3
      vertex 20.5385 29.9126 8.5
      vertex 20.5385 29.9126 3
    endloop
  endfacet
  facet normal 0.659298 -0.751882 0
    outer loop
      vertex 21.818 33.682 3
      vertex 22.2606 34.0701 8.5
      vertex 21.818 33.682 8.5
    endloop
  endfacet
  facet normal 0.659298 -0.751882 0
    outer loop
      vertex 22.2606 34.0701 8.5
      vertex 21.818 33.682 3
      vertex 22.2606 34.0701 3
    endloop
  endfacet
  facet normal 0.751882 -0.659298 0
    outer loop
      vertex 21.4299 33.2394 8.5
      vertex 21.818 33.682 3
      vertex 21.818 33.682 8.5
    endloop
  endfacet
  facet normal 0.751882 -0.659298 0
    outer loop
      vertex 21.818 33.682 3
      vertex 21.4299 33.2394 8.5
      vertex 21.4299 33.2394 3
    endloop
  endfacet
  facet normal -0.831475 -0.555562 0
    outer loop
      vertex 28.8971 32.75 3
      vertex 28.5701 33.2394 8.5
      vertex 28.5701 33.2394 3
    endloop
  endfacet
  facet normal -0.831475 -0.555562 0
    outer loop
      vertex 28.5701 33.2394 8.5
      vertex 28.8971 32.75 3
      vertex 28.8971 32.75 8.5
    endloop
  endfacet
  facet normal -0.555562 -0.831475 0
    outer loop
      vertex 27.25 34.3971 3
      vertex 27.7394 34.0701 8.5
      vertex 27.25 34.3971 8.5
    endloop
  endfacet
  facet normal -0.555562 -0.831475 -0
    outer loop
      vertex 27.7394 34.0701 8.5
      vertex 27.25 34.3971 3
      vertex 27.7394 34.0701 3
    endloop
  endfacet
  facet normal 0.980796 0.195038 0
    outer loop
      vertex 20.6533 29.3353 8.5
      vertex 20.5385 29.9126 3
      vertex 20.5385 29.9126 8.5
    endloop
  endfacet
  facet normal 0.980796 0.195038 0
    outer loop
      vertex 20.5385 29.9126 3
      vertex 20.6533 29.3353 8.5
      vertex 20.6533 29.3353 3
    endloop
  endfacet
  facet normal 0.442382 -0.896827 0
    outer loop
      vertex 22.75 34.3971 3
      vertex 23.2779 34.6575 8.5
      vertex 22.75 34.3971 8.5
    endloop
  endfacet
  facet normal 0.442382 -0.896827 0
    outer loop
      vertex 23.2779 34.6575 8.5
      vertex 22.75 34.3971 3
      vertex 23.2779 34.6575 3
    endloop
  endfacet
  facet normal -0.321421 -0.946936 0
    outer loop
      vertex 26.1647 34.8467 3
      vertex 26.7221 34.6575 8.5
      vertex 26.1647 34.8467 8.5
    endloop
  endfacet
  facet normal -0.321421 -0.946936 -0
    outer loop
      vertex 26.7221 34.6575 8.5
      vertex 26.1647 34.8467 3
      vertex 26.7221 34.6575 3
    endloop
  endfacet
  facet normal -0.997859 0.0654027 0
    outer loop
      vertex 29.4615 29.9126 3
      vertex 29.5 30.5 8.5
      vertex 29.5 30.5 3
    endloop
  endfacet
  facet normal -0.997859 0.0654027 0
    outer loop
      vertex 29.5 30.5 8.5
      vertex 29.4615 29.9126 3
      vertex 29.4615 29.9126 8.5
    endloop
  endfacet
  facet normal -0.555562 0.831475 0
    outer loop
      vertex 27.7394 26.9299 3
      vertex 27.25 26.6029 8.5
      vertex 27.7394 26.9299 8.5
    endloop
  endfacet
  facet normal -0.555562 0.831475 0
    outer loop
      vertex 27.25 26.6029 8.5
      vertex 27.7394 26.9299 3
      vertex 27.25 26.6029 3
    endloop
  endfacet
  facet normal -0.896827 -0.442382 0
    outer loop
      vertex 29.1575 32.2221 3
      vertex 28.8971 32.75 8.5
      vertex 28.8971 32.75 3
    endloop
  endfacet
  facet normal -0.896827 -0.442382 0
    outer loop
      vertex 28.8971 32.75 8.5
      vertex 29.1575 32.2221 3
      vertex 29.1575 32.2221 8.5
    endloop
  endfacet
  facet normal 0.659298 0.751882 -0
    outer loop
      vertex 22.2606 26.9299 3
      vertex 21.818 27.318 8.5
      vertex 22.2606 26.9299 8.5
    endloop
  endfacet
  facet normal 0.659298 0.751882 0
    outer loop
      vertex 21.818 27.318 8.5
      vertex 22.2606 26.9299 3
      vertex 21.818 27.318 3
    endloop
  endfacet
  facet normal 0.321421 0.946936 -0
    outer loop
      vertex 23.8353 26.1533 3
      vertex 23.2779 26.3425 8.5
      vertex 23.8353 26.1533 8.5
    endloop
  endfacet
  facet normal 0.321421 0.946936 0
    outer loop
      vertex 23.2779 26.3425 8.5
      vertex 23.8353 26.1533 3
      vertex 23.2779 26.3425 3
    endloop
  endfacet
  facet normal 0.980796 -0.195038 0
    outer loop
      vertex 20.5385 31.0874 8.5
      vertex 20.6533 31.6647 3
      vertex 20.6533 31.6647 8.5
    endloop
  endfacet
  facet normal 0.980796 -0.195038 0
    outer loop
      vertex 20.6533 31.6647 3
      vertex 20.5385 31.0874 8.5
      vertex 20.5385 31.0874 3
    endloop
  endfacet
  facet normal -0.751882 0.659298 0
    outer loop
      vertex 28.182 27.318 3
      vertex 28.5701 27.7606 8.5
      vertex 28.5701 27.7606 3
    endloop
  endfacet
  facet normal -0.751882 0.659298 0
    outer loop
      vertex 28.5701 27.7606 8.5
      vertex 28.182 27.318 3
      vertex 28.182 27.318 8.5
    endloop
  endfacet
  facet normal 0 0 1
    outer loop
      vertex 29.4615 31.0874 3
      vertex 29.4615 29.9126 3
      vertex 29.5 30.5 3
    endloop
  endfacet
  facet normal 0 0 1
    outer loop
      vertex 29.3467 31.6647 3
      vertex 29.4615 29.9126 3
      vertex 29.4615 31.0874 3
    endloop
  endfacet
  facet normal 0 0 1
    outer loop
      vertex 29.3467 31.6647 3
      vertex 29.3467 29.3353 3
      vertex 29.4615 29.9126 3
    endloop
  endfacet
  facet normal 0 0 1
    outer loop
      vertex 29.1575 32.2221 3
      vertex 29.3467 29.3353 3
      vertex 29.3467 31.6647 3
    endloop
  endfacet
  facet normal 0 0 1
    outer loop
      vertex 29.1575 32.2221 3
      vertex 29.1575 28.7779 3
      vertex 29.3467 29.3353 3
    endloop
  endfacet
  facet normal 0 0 1
    outer loop
      vertex 28.8971 32.75 3
      vertex 29.1575 28.7779 3
      vertex 29.1575 32.2221 3
    endloop
  endfacet
  facet normal 0 0 1
    outer loop
      vertex 28.8971 32.75 3
      vertex 28.8971 28.25 3
      vertex 29.1575 28.7779 3
    endloop
  endfacet
  facet normal 0 0 1
    outer loop
      vertex 28.5701 33.2394 3
      vertex 28.8971 28.25 3
      vertex 28.8971 32.75 3
    endloop
  endfacet
  facet normal 0 0 1
    outer loop
      vertex 28.5701 33.2394 3
      vertex 28.5701 27.7606 3
      vertex 28.8971 28.25 3
    endloop
  endfacet
  facet normal 0 0 1
    outer loop
      vertex 28.182 33.682 3
      vertex 28.5701 27.7606 3
      vertex 28.5701 33.2394 3
    endloop
  endfacet
  facet normal 0 0 1
    outer loop
      vertex 28.182 33.682 3
      vertex 28.182 27.318 3
      vertex 28.5701 27.7606 3
    endloop
  endfacet
  facet normal 0 0 1
    outer loop
      vertex 27.7394 34.0701 3
      vertex 28.182 27.318 3
      vertex 28.182 33.682 3
    endloop
  endfacet
  facet normal 0 0 1
    outer loop
      vertex 27.7394 34.0701 3
      vertex 27.7394 26.9299 3
      vertex 28.182 27.318 3
    endloop
  endfacet
  facet normal 0 0 1
    outer loop
      vertex 27.25 34.3971 3
      vertex 27.7394 26.9299 3
      vertex 27.7394 34.0701 3
    endloop
  endfacet
  facet normal 0 0 1
    outer loop
      vertex 27.25 34.3971 3
      vertex 27.25 26.6029 3
      vertex 27.7394 26.9299 3
    endloop
  endfacet
  facet normal 0 0 1
    outer loop
      vertex 26.7221 34.6575 3
      vertex 27.25 26.6029 3
      vertex 27.25 34.3971 3
    endloop
  endfacet
  facet normal 0 0 1
    outer loop
      vertex 26.7221 34.6575 3
      vertex 26.7221 26.3425 3
      vertex 27.25 26.6029 3
    endloop
  endfacet
  facet normal 0 0 1
    outer loop
      vertex 26.1647 34.8467 3
      vertex 26.7221 26.3425 3
      vertex 26.7221 34.6575 3
    endloop
  endfacet
  facet normal 0 0 1
    outer loop
      vertex 26.1647 34.8467 3
      vertex 26.1647 26.1533 3
      vertex 26.7221 26.3425 3
    endloop
  endfacet
  facet normal 0 0 1
    outer loop
      vertex 25.5874 34.9615 3
      vertex 26.1647 26.1533 3
      vertex 26.1647 34.8467 3
    endloop
  endfacet
  facet normal 0 0 1
    outer loop
      vertex 25.5874 34.9615 3
      vertex 25.5874 26.0385 3
      vertex 26.1647 26.1533 3
    endloop
  endfacet
  facet normal 0 0 1
    outer loop
      vertex 25 35 3
      vertex 25.5874 26.0385 3
      vertex 25.5874 34.9615 3
    endloop
  endfacet
  facet normal 0 0 1
    outer loop
      vertex 25 35 3
      vertex 25 26 3
      vertex 25.5874 26.0385 3
    endloop
  endfacet
  facet normal -0 0 1
    outer loop
      vertex 24.4126 34.9615 3
      vertex 25 26 3
      vertex 25 35 3
    endloop
  endfacet
  facet normal 0 0 1
    outer loop
      vertex 24.4126 34.9615 3
      vertex 24.4126 26.0385 3
      vertex 25 26 3
    endloop
  endfacet
  facet normal -0 0 1
    outer loop
      vertex 23.8353 34.8467 3
      vertex 24.4126 26.0385 3
      vertex 24.4126 34.9615 3
    endloop
  endfacet
  facet normal 0 0 1
    outer loop
      vertex 23.8353 34.8467 3
      vertex 23.8353 26.1533 3
      vertex 24.4126 26.0385 3
    endloop
  endfacet
  facet normal -0 0 1
    outer loop
      vertex 23.2779 34.6575 3
      vertex 23.8353 26.1533 3
      vertex 23.8353 34.8467 3
    endloop
  endfacet
  facet normal 0 0 1
    outer loop
      vertex 23.2779 34.6575 3
      vertex 23.2779 26.3425 3
      vertex 23.8353 26.1533 3
    endloop
  endfacet
  facet normal -0 0 1
    outer loop
      vertex 22.75 34.3971 3
      vertex 23.2779 26.3425 3
      vertex 23.2779 34.6575 3
    endloop
  endfacet
  facet normal 0 0 1
    outer loop
      vertex 22.75 34.3971 3
      vertex 22.75 26.6029 3
      vertex 23.2779 26.3425 3
    endloop
  endfacet
  facet normal -0 0 1
    outer loop
      vertex 22.2606 34.0701 3
      vertex 22.75 26.6029 3
      vertex 22.75 34.3971 3
    endloop
  endfacet
  facet normal 0 0 1
    outer loop
      vertex 22.2606 34.0701 3
      vertex 22.2606 26.9299 3
      vertex 22.75 26.6029 3
    endloop
  endfacet
  facet normal -0 0 1
    outer loop
      vertex 21.818 33.682 3
      vertex 22.2606 26.9299 3
      vertex 22.2606 34.0701 3
    endloop
  endfacet
  facet normal 0 0 1
    outer loop
      vertex 21.818 33.682 3
      vertex 21.818 27.318 3
      vertex 22.2606 26.9299 3
    endloop
  endfacet
  facet normal -0 0 1
    outer loop
      vertex 21.4299 33.2394 3
      vertex 21.818 27.318 3
      vertex 21.818 33.682 3
    endloop
  endfacet
  facet normal 0 0 1
    outer loop
      vertex 21.4299 33.2394 3
      vertex 21.4299 27.7606 3
      vertex 21.818 27.318 3
    endloop
  endfacet
  facet normal -0 0 1
    outer loop
      vertex 21.1029 32.75 3
      vertex 21.4299 27.7606 3
      vertex 21.4299 33.2394 3
    endloop
  endfacet
  facet normal 0 0 1
    outer loop
      vertex 21.1029 32.75 3
      vertex 21.1029 28.25 3
      vertex 21.4299 27.7606 3
    endloop
  endfacet
  facet normal -0 0 1
    outer loop
      vertex 20.8425 32.2221 3
      vertex 21.1029 28.25 3
      vertex 21.1029 32.75 3
    endloop
  endfacet
  facet normal 0 0 1
    outer loop
      vertex 20.8425 32.2221 3
      vertex 20.8425 28.7779 3
      vertex 21.1029 28.25 3
    endloop
  endfacet
  facet normal -0 0 1
    outer loop
      vertex 20.6533 31.6647 3
      vertex 20.8425 28.7779 3
      vertex 20.8425 32.2221 3
    endloop
  endfacet
  facet normal 0 0 1
    outer loop
      vertex 20.6533 31.6647 3
      vertex 20.6533 29.3353 3
      vertex 20.8425 28.7779 3
    endloop
  endfacet
  facet normal -0 0 1
    outer loop
      vertex 20.5385 31.0874 3
      vertex 20.6533 29.3353 3
      vertex 20.6533 31.6647 3
    endloop
  endfacet
  facet normal 0 0 1
    outer loop
      vertex 20.5385 31.0874 3
      vertex 20.5385 29.9126 3
      vertex 20.6533 29.3353 3
    endloop
  endfacet
  facet normal 0 -0 1
    outer loop
      vertex 20.5385 29.9126 3
      vertex 20.5385 31.0874 3
      vertex 20.5 30.5 3
    endloop
  endfacet
  facet normal 0.0654027 0.997859 -0
    outer loop
      vertex 25 26 3
      vertex 24.4126 26.0385 8.5
      vertex 25 26 8.5
    endloop
  endfacet
  facet normal 0.0654027 0.997859 0
    outer loop
      vertex 24.4126 26.0385 8.5
      vertex 25 26 3
      vertex 24.4126 26.0385 3
    endloop
  endfacet
  facet normal -0.751882 -0.659298 0
    outer loop
      vertex 28.5701 33.2394 3
      vertex 28.182 33.682 8.5
      vertex 28.182 33.682 3
    endloop
  endfacet
  facet normal -0.751882 -0.659298 0
    outer loop
      vertex 28.182 33.682 8.5
      vertex 28.5701 33.2394 3
      vertex 28.5701 33.2394 8.5
    endloop
  endfacet
  facet normal 0.555562 -0.831475 0
    outer loop
      vertex 22.2606 34.0701 3
      vertex 22.75 34.3971 8.5
      vertex 22.2606 34.0701 8.5
    endloop
  endfacet
  facet normal 0.555562 -0.831475 0
    outer loop
      vertex 22.75 34.3971 8.5
      vertex 22.2606 34.0701 3
      vertex 22.75 34.3971 3
    endloop
  endfacet
  facet normal -0.946936 -0.321421 0
    outer loop
      vertex 29.3467 31.6647 3
      vertex 29.1575 32.2221 8.5
      vertex 29.1575 32.2221 3
    endloop
  endfacet
  facet normal -0.946936 -0.321421 0
    outer loop
      vertex 29.1575 32.2221 8.5
      vertex 29.3467 31.6647 3
      vertex 29.3467 31.6647 8.5
    endloop
  endfacet
  facet normal -0.321421 0.946936 0
    outer loop
      vertex 26.7221 26.3425 3
      vertex 26.1647 26.1533 8.5
      vertex 26.7221 26.3425 8.5
    endloop
  endfacet
  facet normal -0.321421 0.946936 0
    outer loop
      vertex 26.1647 26.1533 8.5
      vertex 26.7221 26.3425 3
      vertex 26.1647 26.1533 3
    endloop
  endfacet
  facet normal -0.442382 0.896827 0
    outer loop
      vertex 27.25 26.6029 3
      vertex 26.7221 26.3425 8.5
      vertex 27.25 26.6029 8.5
    endloop
  endfacet
  facet normal -0.442382 0.896827 0
    outer loop
      vertex 26.7221 26.3425 8.5
      vertex 27.25 26.6029 3
      vertex 26.7221 26.3425 3
    endloop
  endfacet
  facet normal 0.195038 -0.980796 0
    outer loop
      vertex 23.8353 34.8467 3
      vertex 24.4126 34.9615 8.5
      vertex 23.8353 34.8467 8.5
    endloop
  endfacet
  facet normal 0.195038 -0.980796 0
    outer loop
      vertex 24.4126 34.9615 8.5
      vertex 23.8353 34.8467 3
      vertex 24.4126 34.9615 3
    endloop
  endfacet
  facet normal 0.195038 0.980796 -0
    outer loop
      vertex 24.4126 26.0385 3
      vertex 23.8353 26.1533 8.5
      vertex 24.4126 26.0385 8.5
    endloop
  endfacet
  facet normal 0.195038 0.980796 0
    outer loop
      vertex 23.8353 26.1533 8.5
      vertex 24.4126 26.0385 3
      vertex 23.8353 26.1533 3
    endloop
  endfacet
  facet normal -0.0654027 -0.997859 0
    outer loop
      vertex 25 35 3
      vertex 25.5874 34.9615 8.5
      vertex 25 35 8.5
    endloop
  endfacet
  facet normal -0.0654027 -0.997859 -0
    outer loop
      vertex 25.5874 34.9615 8.5
      vertex 25 35 3
      vertex 25.5874 34.9615 3
    endloop
  endfacet
  facet normal 0.442382 0.896827 -0
    outer loop
      vertex 23.2779 26.3425 3
      vertex 22.75 26.6029 8.5
      vertex 23.2779 26.3425 8.5
    endloop
  endfacet
  facet normal 0.442382 0.896827 0
    outer loop
      vertex 22.75 26.6029 8.5
      vertex 23.2779 26.3425 3
      vertex 22.75 26.6029 3
    endloop
  endfacet
  facet normal 0.831475 0.555562 0
    outer loop
      vertex 21.4299 27.7606 8.5
      vertex 21.1029 28.25 3
      vertex 21.1029 28.25 8.5
    endloop
  endfacet
  facet normal 0.831475 0.555562 0
    outer loop
      vertex 21.1029 28.25 3
      vertex 21.4299 27.7606 8.5
      vertex 21.4299 27.7606 3
    endloop
  endfacet
  facet normal 0.946936 -0.321421 0
    outer loop
      vertex 20.6533 31.6647 8.5
      vertex 20.8425 32.2221 3
      vertex 20.8425 32.2221 8.5
    endloop
  endfacet
  facet normal 0.946936 -0.321421 0
    outer loop
      vertex 20.8425 32.2221 3
      vertex 20.6533 31.6647 8.5
      vertex 20.6533 31.6647 3
    endloop
  endfacet
  facet normal -0.195038 0.980796 0
    outer loop
      vertex 39.1647 26.1533 3
      vertex 38.5874 26.0385 8.5
      vertex 39.1647 26.1533 8.5
    endloop
  endfacet
  facet normal -0.195038 0.980796 0
    outer loop
      vertex 38.5874 26.0385 8.5
      vertex 39.1647 26.1533 3
      vertex 38.5874 26.0385 3
    endloop
  endfacet
  facet normal -0.980796 -0.195038 0
    outer loop
      vertex 42.4615 31.0874 3
      vertex 42.3467 31.6647 8.5
      vertex 42.3467 31.6647 3
    endloop
  endfacet
  facet normal -0.980796 -0.195038 0
    outer loop
      vertex 42.3467 31.6647 8.5
      vertex 42.4615 31.0874 3
      vertex 42.4615 31.0874 8.5
    endloop
  endfacet
  facet normal -0.997859 -0.0654027 0
    outer loop
      vertex 42.5 30.5 3
      vertex 42.4615 31.0874 8.5
      vertex 42.4615 31.0874 3
    endloop
  endfacet
  facet normal -0.997859 -0.0654027 0
    outer loop
      vertex 42.4615 31.0874 8.5
      vertex 42.5 30.5 3
      vertex 42.5 30.5 8.5
    endloop
  endfacet
  facet normal -0.980796 0.195038 0
    outer loop
      vertex 42.3467 29.3353 3
      vertex 42.4615 29.9126 8.5
      vertex 42.4615 29.9126 3
    endloop
  endfacet
  facet normal -0.980796 0.195038 0
    outer loop
      vertex 42.4615 29.9126 8.5
      vertex 42.3467 29.3353 3
      vertex 42.3467 29.3353 8.5
    endloop
  endfacet
  facet normal 0.831475 -0.555562 0
    outer loop
      vertex 34.1029 32.75 8.5
      vertex 34.4299 33.2394 3
      vertex 34.4299 33.2394 8.5
    endloop
  endfacet
  facet normal 0.831475 -0.555562 0
    outer loop
      vertex 34.4299 33.2394 3
      vertex 34.1029 32.75 8.5
      vertex 34.1029 32.75 3
    endloop
  endfacet
  facet normal -0.659298 -0.751882 0
    outer loop
      vertex 40.7394 34.0701 3
      vertex 41.182 33.682 8.5
      vertex 40.7394 34.0701 8.5
    endloop
  endfacet
  facet normal -0.659298 -0.751882 -0
    outer loop
      vertex 41.182 33.682 8.5
      vertex 40.7394 34.0701 3
      vertex 41.182 33.682 3
    endloop
  endfacet
  facet normal 0.195038 0.980796 -0
    outer loop
      vertex 37.4126 26.0385 3
      vertex 36.8353 26.1533 8.5
      vertex 37.4126 26.0385 8.5
    endloop
  endfacet
  facet normal 0.195038 0.980796 0
    outer loop
      vertex 36.8353 26.1533 8.5
      vertex 37.4126 26.0385 3
      vertex 36.8353 26.1533 3
    endloop
  endfacet
  facet normal -0.195038 -0.980796 0
    outer loop
      vertex 38.5874 34.9615 3
      vertex 39.1647 34.8467 8.5
      vertex 38.5874 34.9615 8.5
    endloop
  endfacet
  facet normal -0.195038 -0.980796 -0
    outer loop
      vertex 39.1647 34.8467 8.5
      vertex 38.5874 34.9615 3
      vertex 39.1647 34.8467 3
    endloop
  endfacet
  facet normal -0.659298 0.751882 0
    outer loop
      vertex 41.182 27.318 3
      vertex 40.7394 26.9299 8.5
      vertex 41.182 27.318 8.5
    endloop
  endfacet
  facet normal -0.659298 0.751882 0
    outer loop
      vertex 40.7394 26.9299 8.5
      vertex 41.182 27.318 3
      vertex 40.7394 26.9299 3
    endloop
  endfacet
  facet normal -0.896827 0.442382 0
    outer loop
      vertex 41.8971 28.25 3
      vertex 42.1575 28.7779 8.5
      vertex 42.1575 28.7779 3
    endloop
  endfacet
  facet normal -0.896827 0.442382 0
    outer loop
      vertex 42.1575 28.7779 8.5
      vertex 41.8971 28.25 3
      vertex 41.8971 28.25 8.5
    endloop
  endfacet
  facet normal -0.946936 0.321421 0
    outer loop
      vertex 42.1575 28.7779 3
      vertex 42.3467 29.3353 8.5
      vertex 42.3467 29.3353 3
    endloop
  endfacet
  facet normal -0.946936 0.321421 0
    outer loop
      vertex 42.3467 29.3353 8.5
      vertex 42.1575 28.7779 3
      vertex 42.1575 28.7779 8.5
    endloop
  endfacet
  facet normal 0.555562 0.831475 -0
    outer loop
      vertex 35.75 26.6029 3
      vertex 35.2606 26.9299 8.5
      vertex 35.75 26.6029 8.5
    endloop
  endfacet
  facet normal 0.555562 0.831475 0
    outer loop
      vertex 35.2606 26.9299 8.5
      vertex 35.75 26.6029 3
      vertex 35.2606 26.9299 3
    endloop
  endfacet
  facet normal -0.831475 0.555562 0
    outer loop
      vertex 41.5701 27.7606 3
      vertex 41.8971 28.25 8.5
      vertex 41.8971 28.25 3
    endloop
  endfacet
  facet normal -0.831475 0.555562 0
    outer loop
      vertex 41.8971 28.25 8.5
      vertex 41.5701 27.7606 3
      vertex 41.5701 27.7606 8.5
    endloop
  endfacet
  facet normal 0.896827 -0.442382 0
    outer loop
      vertex 33.8425 32.2221 8.5
      vertex 34.1029 32.75 3
      vertex 34.1029 32.75 8.5
    endloop
  endfacet
  facet normal 0.896827 -0.442382 0
    outer loop
      vertex 34.1029 32.75 3
      vertex 33.8425 32.2221 8.5
      vertex 33.8425 32.2221 3
    endloop
  endfacet
  facet normal 0.997859 -0.0654027 0
    outer loop
      vertex 33.5 30.5 8.5
      vertex 33.5385 31.0874 3
      vertex 33.5385 31.0874 8.5
    endloop
  endfacet
  facet normal 0.997859 -0.0654027 0
    outer loop
      vertex 33.5385 31.0874 3
      vertex 33.5 30.5 8.5
      vertex 33.5 30.5 3
    endloop
  endfacet
  facet normal 0.0654027 -0.997859 0
    outer loop
      vertex 37.4126 34.9615 3
      vertex 38 35 8.5
      vertex 37.4126 34.9615 8.5
    endloop
  endfacet
  facet normal 0.0654027 -0.997859 0
    outer loop
      vertex 38 35 8.5
      vertex 37.4126 34.9615 3
      vertex 38 35 3
    endloop
  endfacet
  facet normal 0.896827 0.442382 0
    outer loop
      vertex 34.1029 28.25 8.5
      vertex 33.8425 28.7779 3
      vertex 33.8425 28.7779 8.5
    endloop
  endfacet
  facet normal 0.896827 0.442382 0
    outer loop
      vertex 33.8425 28.7779 3
      vertex 34.1029 28.25 8.5
      vertex 34.1029 28.25 3
    endloop
  endfacet
  facet normal -0.442382 -0.896827 0
    outer loop
      vertex 39.7221 34.6575 3
      vertex 40.25 34.3971 8.5
      vertex 39.7221 34.6575 8.5
    endloop
  endfacet
  facet normal -0.442382 -0.896827 -0
    outer loop
      vertex 40.25 34.3971 8.5
      vertex 39.7221 34.6575 3
      vertex 40.25 34.3971 3
    endloop
  endfacet
  facet normal -0.0654027 0.997859 0
    outer loop
      vertex 38.5874 26.0385 3
      vertex 38 26 8.5
      vertex 38.5874 26.0385 8.5
    endloop
  endfacet
  facet normal -0.0654027 0.997859 0
    outer loop
      vertex 38 26 8.5
      vertex 38.5874 26.0385 3
      vertex 38 26 3
    endloop
  endfacet
  facet normal 0.751882 0.659298 0
    outer loop
      vertex 34.818 27.318 8.5
      vertex 34.4299 27.7606 3
      vertex 34.4299 27.7606 8.5
    endloop
  endfacet
  facet normal 0.751882 0.659298 0
    outer loop
      vertex 34.4299 27.7606 3
      vertex 34.818 27.318 8.5
      vertex 34.818 27.318 3
    endloop
  endfacet
  facet normal 0.321421 -0.946936 0
    outer loop
      vertex 36.2779 34.6575 3
      vertex 36.8353 34.8467 8.5
      vertex 36.2779 34.6575 8.5
    endloop
  endfacet
  facet normal 0.321421 -0.946936 0
    outer loop
      vertex 36.8353 34.8467 8.5
      vertex 36.2779 34.6575 3
      vertex 36.8353 34.8467 3
    endloop
  endfacet
  facet normal 0.997859 0.0654027 0
    outer loop
      vertex 33.5385 29.9126 8.5
      vertex 33.5 30.5 3
      vertex 33.5 30.5 8.5
    endloop
  endfacet
  facet normal 0.997859 0.0654027 0
    outer loop
      vertex 33.5 30.5 3
      vertex 33.5385 29.9126 8.5
      vertex 33.5385 29.9126 3
    endloop
  endfacet
  facet normal 0.659298 -0.751882 0
    outer loop
      vertex 34.818 33.682 3
      vertex 35.2606 34.0701 8.5
      vertex 34.818 33.682 8.5
    endloop
  endfacet
  facet normal 0.659298 -0.751882 0
    outer loop
      vertex 35.2606 34.0701 8.5
      vertex 34.818 33.682 3
      vertex 35.2606 34.0701 3
    endloop
  endfacet
  facet normal 0.751882 -0.659298 0
    outer loop
      vertex 34.4299 33.2394 8.5
      vertex 34.818 33.682 3
      vertex 34.818 33.682 8.5
    endloop
  endfacet
  facet normal 0.751882 -0.659298 0
    outer loop
      vertex 34.818 33.682 3
      vertex 34.4299 33.2394 8.5
      vertex 34.4299 33.2394 3
    endloop
  endfacet
  facet normal -0.831475 -0.555562 0
    outer loop
      vertex 41.8971 32.75 3
      vertex 41.5701 33.2394 8.5
      vertex 41.5701 33.2394 3
    endloop
  endfacet
  facet normal -0.831475 -0.555562 0
    outer loop
      vertex 41.5701 33.2394 8.5
      vertex 41.8971 32.75 3
      vertex 41.8971 32.75 8.5
    endloop
  endfacet
  facet normal -0.555562 -0.831475 0
    outer loop
      vertex 40.25 34.3971 3
      vertex 40.7394 34.0701 8.5
      vertex 40.25 34.3971 8.5
    endloop
  endfacet
  facet normal -0.555562 -0.831475 -0
    outer loop
      vertex 40.7394 34.0701 8.5
      vertex 40.25 34.3971 3
      vertex 40.7394 34.0701 3
    endloop
  endfacet
  facet normal 0.980796 0.195038 0
    outer loop
      vertex 33.6533 29.3353 8.5
      vertex 33.5385 29.9126 3
      vertex 33.5385 29.9126 8.5
    endloop
  endfacet
  facet normal 0.980796 0.195038 0
    outer loop
      vertex 33.5385 29.9126 3
      vertex 33.6533 29.3353 8.5
      vertex 33.6533 29.3353 3
    endloop
  endfacet
  facet normal 0.442382 -0.896827 0
    outer loop
      vertex 35.75 34.3971 3
      vertex 36.2779 34.6575 8.5
      vertex 35.75 34.3971 8.5
    endloop
  endfacet
  facet normal 0.442382 -0.896827 0
    outer loop
      vertex 36.2779 34.6575 8.5
      vertex 35.75 34.3971 3
      vertex 36.2779 34.6575 3
    endloop
  endfacet
  facet normal -0.321421 -0.946936 0
    outer loop
      vertex 39.1647 34.8467 3
      vertex 39.7221 34.6575 8.5
      vertex 39.1647 34.8467 8.5
    endloop
  endfacet
  facet normal -0.321421 -0.946936 -0
    outer loop
      vertex 39.7221 34.6575 8.5
      vertex 39.1647 34.8467 3
      vertex 39.7221 34.6575 3
    endloop
  endfacet
  facet normal -0.997859 0.0654027 0
    outer loop
      vertex 42.4615 29.9126 3
      vertex 42.5 30.5 8.5
      vertex 42.5 30.5 3
    endloop
  endfacet
  facet normal -0.997859 0.0654027 0
    outer loop
      vertex 42.5 30.5 8.5
      vertex 42.4615 29.9126 3
      vertex 42.4615 29.9126 8.5
    endloop
  endfacet
  facet normal -0.555562 0.831475 0
    outer loop
      vertex 40.7394 26.9299 3
      vertex 40.25 26.6029 8.5
      vertex 40.7394 26.9299 8.5
    endloop
  endfacet
  facet normal -0.555562 0.831475 0
    outer loop
      vertex 40.25 26.6029 8.5
      vertex 40.7394 26.9299 3
      vertex 40.25 26.6029 3
    endloop
  endfacet
  facet normal -0.896827 -0.442382 0
    outer loop
      vertex 42.1575 32.2221 3
      vertex 41.8971 32.75 8.5
      vertex 41.8971 32.75 3
    endloop
  endfacet
  facet normal -0.896827 -0.442382 0
    outer loop
      vertex 41.8971 32.75 8.5
      vertex 42.1575 32.2221 3
      vertex 42.1575 32.2221 8.5
    endloop
  endfacet
  facet normal 0.659298 0.751882 -0
    outer loop
      vertex 35.2606 26.9299 3
      vertex 34.818 27.318 8.5
      vertex 35.2606 26.9299 8.5
    endloop
  endfacet
  facet normal 0.659298 0.751882 0
    outer loop
      vertex 34.818 27.318 8.5
      vertex 35.2606 26.9299 3
      vertex 34.818 27.318 3
    endloop
  endfacet
  facet normal 0.321421 0.946936 -0
    outer loop
      vertex 36.8353 26.1533 3
      vertex 36.2779 26.3425 8.5
      vertex 36.8353 26.1533 8.5
    endloop
  endfacet
  facet normal 0.321421 0.946936 0
    outer loop
      vertex 36.2779 26.3425 8.5
      vertex 36.8353 26.1533 3
      vertex 36.2779 26.3425 3
    endloop
  endfacet
  facet normal 0.980796 -0.195038 0
    outer loop
      vertex 33.5385 31.0874 8.5
      vertex 33.6533 31.6647 3
      vertex 33.6533 31.6647 8.5
    endloop
  endfacet
  facet normal 0.980796 -0.195038 0
    outer loop
      vertex 33.6533 31.6647 3
      vertex 33.5385 31.0874 8.5
      vertex 33.5385 31.0874 3
    endloop
  endfacet
  facet normal -0.751882 0.659298 0
    outer loop
      vertex 41.182 27.318 3
      vertex 41.5701 27.7606 8.5
      vertex 41.5701 27.7606 3
    endloop
  endfacet
  facet normal -0.751882 0.659298 0
    outer loop
      vertex 41.5701 27.7606 8.5
      vertex 41.182 27.318 3
      vertex 41.182 27.318 8.5
    endloop
  endfacet
  facet normal 0 0 1
    outer loop
      vertex 42.4615 31.0874 3
      vertex 42.4615 29.9126 3
      vertex 42.5 30.5 3
    endloop
  endfacet
  facet normal 0 0 1
    outer loop
      vertex 42.3467 31.6647 3
      vertex 42.4615 29.9126 3
      vertex 42.4615 31.0874 3
    endloop
  endfacet
  facet normal 0 0 1
    outer loop
      vertex 42.3467 31.6647 3
      vertex 42.3467 29.3353 3
      vertex 42.4615 29.9126 3
    endloop
  endfacet
  facet normal 0 0 1
    outer loop
      vertex 42.1575 32.2221 3
      vertex 42.3467 29.3353 3
      vertex 42.3467 31.6647 3
    endloop
  endfacet
  facet normal 0 0 1
    outer loop
      vertex 42.1575 32.2221 3
      vertex 42.1575 28.7779 3
      vertex 42.3467 29.3353 3
    endloop
  endfacet
  facet normal 0 0 1
    outer loop
      vertex 41.8971 32.75 3
      vertex 42.1575 28.7779 3
      vertex 42.1575 32.2221 3
    endloop
  endfacet
  facet normal 0 0 1
    outer loop
      vertex 41.8971 32.75 3
      vertex 41.8971 28.25 3
      vertex 42.1575 28.7779 3
    endloop
  endfacet
  facet normal 0 0 1
    outer loop
      vertex 41.5701 33.2394 3
      vertex 41.8971 28.25 3
      vertex 41.8971 32.75 3
    endloop
  endfacet
  facet normal 0 0 1
    outer loop
      vertex 41.5701 33.2394 3
      vertex 41.5701 27.7606 3
      vertex 41.8971 28.25 3
    endloop
  endfacet
  facet normal 0 0 1
    outer loop
      vertex 41.182 33.682 3
      vertex 41.5701 27.7606 3
      vertex 41.5701 33.2394 3
    endloop
  endfacet
  facet normal 0 0 1
    outer loop
      vertex 41.182 33.682 3
      vertex 41.182 27.318 3
      vertex 41.5701 27.7606 3
    endloop
  endfacet
  facet normal 0 0 1
    outer loop
      vertex 40.7394 34.0701 3
      vertex 41.182 27.318 3
      vertex 41.182 33.682 3
    endloop
  endfacet
  facet normal 0 0 1
    outer loop
      vertex 40.7394 34.0701 3
      vertex 40.7394 26.9299 3
      vertex 41.182 27.318 3
    endloop
  endfacet
  facet normal 0 0 1
    outer loop
      vertex 40.25 34.3971 3
      vertex 40.7394 26.9299 3
      vertex 40.7394 34.0701 3
    endloop
  endfacet
  facet normal 0 0 1
    outer loop
      vertex 40.25 34.3971 3
      vertex 40.25 26.6029 3
      vertex 40.7394 26.9299 3
    endloop
  endfacet
  facet normal 0 0 1
    outer loop
      vertex 39.7221 34.6575 3
      vertex 40.25 26.6029 3
      vertex 40.25 34.3971 3
    endloop
  endfacet
  facet normal 0 0 1
    outer loop
      vertex 39.7221 34.6575 3
      vertex 39.7221 26.3425 3
      vertex 40.25 26.6029 3
    endloop
  endfacet
  facet normal 0 0 1
    outer loop
      vertex 39.1647 34.8467 3
      vertex 39.7221 26.3425 3
      vertex 39.7221 34.6575 3
    endloop
  endfacet
  facet normal 0 0 1
    outer loop
      vertex 39.1647 34.8467 3
      vertex 39.1647 26.1533 3
      vertex 39.7221 26.3425 3
    endloop
  endfacet
  facet normal 0 0 1
    outer loop
      vertex 38.5874 34.9615 3
      vertex 39.1647 26.1533 3
      vertex 39.1647 34.8467 3
    endloop
  endfacet
  facet normal 0 0 1
    outer loop
      vertex 38.5874 34.9615 3
      vertex 38.5874 26.0385 3
      vertex 39.1647 26.1533 3
    endloop
  endfacet
  facet normal 0 0 1
    outer loop
      vertex 38 35 3
      vertex 38.5874 26.0385 3
      vertex 38.5874 34.9615 3
    endloop
  endfacet
  facet normal 0 0 1
    outer loop
      vertex 38 35 3
      vertex 38 26 3
      vertex 38.5874 26.0385 3
    endloop
  endfacet
  facet normal -0 0 1
    outer loop
      vertex 37.4126 34.9615 3
      vertex 38 26 3
      vertex 38 35 3
    endloop
  endfacet
  facet normal 0 0 1
    outer loop
      vertex 37.4126 34.9615 3
      vertex 37.4126 26.0385 3
      vertex 38 26 3
    endloop
  endfacet
  facet normal -0 0 1
    outer loop
      vertex 36.8353 34.8467 3
      vertex 37.4126 26.0385 3
      vertex 37.4126 34.9615 3
    endloop
  endfacet
  facet normal 0 0 1
    outer loop
      vertex 36.8353 34.8467 3
      vertex 36.8353 26.1533 3
      vertex 37.4126 26.0385 3
    endloop
  endfacet
  facet normal -0 0 1
    outer loop
      vertex 36.2779 34.6575 3
      vertex 36.8353 26.1533 3
      vertex 36.8353 34.8467 3
    endloop
  endfacet
  facet normal 0 0 1
    outer loop
      vertex 36.2779 34.6575 3
      vertex 36.2779 26.3425 3
      vertex 36.8353 26.1533 3
    endloop
  endfacet
  facet normal -0 0 1
    outer loop
      vertex 35.75 34.3971 3
      vertex 36.2779 26.3425 3
      vertex 36.2779 34.6575 3
    endloop
  endfacet
  facet normal 0 0 1
    outer loop
      vertex 35.75 34.3971 3
      vertex 35.75 26.6029 3
      vertex 36.2779 26.3425 3
    endloop
  endfacet
  facet normal -0 0 1
    outer loop
      vertex 35.2606 34.0701 3
      vertex 35.75 26.6029 3
      vertex 35.75 34.3971 3
    endloop
  endfacet
  facet normal 0 0 1
    outer loop
      vertex 35.2606 34.0701 3
      vertex 35.2606 26.9299 3
      vertex 35.75 26.6029 3
    endloop
  endfacet
  facet normal -0 0 1
    outer loop
      vertex 34.818 33.682 3
      vertex 35.2606 26.9299 3
      vertex 35.2606 34.0701 3
    endloop
  endfacet
  facet normal 0 0 1
    outer loop
      vertex 34.818 33.682 3
      vertex 34.818 27.318 3
      vertex 35.2606 26.9299 3
    endloop
  endfacet
  facet normal -0 0 1
    outer loop
      vertex 34.4299 33.2394 3
      vertex 34.818 27.318 3
      vertex 34.818 33.682 3
    endloop
  endfacet
  facet normal 0 0 1
    outer loop
      vertex 34.4299 33.2394 3
      vertex 34.4299 27.7606 3
      vertex 34.818 27.318 3
    endloop
  endfacet
  facet normal -0 0 1
    outer loop
      vertex 34.1029 32.75 3
      vertex 34.4299 27.7606 3
      vertex 34.4299 33.2394 3
    endloop
  endfacet
  facet normal 0 0 1
    outer loop
      vertex 34.1029 32.75 3
      vertex 34.1029 28.25 3
      vertex 34.4299 27.7606 3
    endloop
  endfacet
  facet normal -0 0 1
    outer loop
      vertex 33.8425 32.2221 3
      vertex 34.1029 28.25 3
      vertex 34.1029 32.75 3
    endloop
  endfacet
  facet normal 0 0 1
    outer loop
      vertex 33.8425 32.2221 3
      vertex 33.8425 28.7779 3
      vertex 34.1029 28.25 3
    endloop
  endfacet
  facet normal -0 0 1
    outer loop
      vertex 33.6533 31.6647 3
      vertex 33.8425 28.7779 3
      vertex 33.8425 32.2221 3
    endloop
  endfacet
  facet normal 0 0 1
    outer loop
      vertex 33.6533 31.6647 3
      vertex 33.6533 29.3353 3
      vertex 33.8425 28.7779 3
    endloop
  endfacet
  facet normal -0 0 1
    outer loop
      vertex 33.5385 31.0874 3
      vertex 33.6533 29.3353 3
      vertex 33.6533 31.6647 3
    endloop
  endfacet
  facet normal 0 0 1
    outer loop
      vertex 33.5385 31.0874 3
      vertex 33.5385 29.9126 3
      vertex 33.6533 29.3353 3
    endloop
  endfacet
  facet normal 0 -0 1
    outer loop
      vertex 33.5385 29.9126 3
      vertex 33.5385 31.0874 3
      vertex 33.5 30.5 3
    endloop
  endfacet
  facet normal 0.946936 0.321421 0
    outer loop
      vertex 33.8425 28.7779 8.5
      vertex 33.6533 29.3353 3
      vertex 33.6533 29.3353 8.5
    endloop
  endfacet
  facet normal 0.946936 0.321421 0
    outer loop
      vertex 33.6533 29.3353 3
      vertex 33.8425 28.7779 8.5
      vertex 33.8425 28.7779 3
    endloop
  endfacet
  facet normal 0.0654027 0.997859 -0
    outer loop
      vertex 38 26 3
      vertex 37.4126 26.0385 8.5
      vertex 38 26 8.5
    endloop
  endfacet
  facet normal 0.0654027 0.997859 0
    outer loop
      vertex 37.4126 26.0385 8.5
      vertex 38 26 3
      vertex 37.4126 26.0385 3
    endloop
  endfacet
  facet normal -0.751882 -0.659298 0
    outer loop
      vertex 41.5701 33.2394 3
      vertex 41.182 33.682 8.5
      vertex 41.182 33.682 3
    endloop
  endfacet
  facet normal -0.751882 -0.659298 0
    outer loop
      vertex 41.182 33.682 8.5
      vertex 41.5701 33.2394 3
      vertex 41.5701 33.2394 8.5
    endloop
  endfacet
  facet normal -0.442382 0.896827 0
    outer loop
      vertex 40.25 26.6029 3
      vertex 39.7221 26.3425 8.5
      vertex 40.25 26.6029 8.5
    endloop
  endfacet
  facet normal -0.442382 0.896827 0
    outer loop
      vertex 39.7221 26.3425 8.5
      vertex 40.25 26.6029 3
      vertex 39.7221 26.3425 3
    endloop
  endfacet
  facet normal 0.555562 -0.831475 0
    outer loop
      vertex 35.2606 34.0701 3
      vertex 35.75 34.3971 8.5
      vertex 35.2606 34.0701 8.5
    endloop
  endfacet
  facet normal 0.555562 -0.831475 0
    outer loop
      vertex 35.75 34.3971 8.5
      vertex 35.2606 34.0701 3
      vertex 35.75 34.3971 3
    endloop
  endfacet
  facet normal -0.946936 -0.321421 0
    outer loop
      vertex 42.3467 31.6647 3
      vertex 42.1575 32.2221 8.5
      vertex 42.1575 32.2221 3
    endloop
  endfacet
  facet normal -0.946936 -0.321421 0
    outer loop
      vertex 42.1575 32.2221 8.5
      vertex 42.3467 31.6647 3
      vertex 42.3467 31.6647 8.5
    endloop
  endfacet
  facet normal -0.321421 0.946936 0
    outer loop
      vertex 39.7221 26.3425 3
      vertex 39.1647 26.1533 8.5
      vertex 39.7221 26.3425 8.5
    endloop
  endfacet
  facet normal -0.321421 0.946936 0
    outer loop
      vertex 39.1647 26.1533 8.5
      vertex 39.7221 26.3425 3
      vertex 39.1647 26.1533 3
    endloop
  endfacet
  facet normal 0.195038 -0.980796 0
    outer loop
      vertex 36.8353 34.8467 3
      vertex 37.4126 34.9615 8.5
      vertex 36.8353 34.8467 8.5
    endloop
  endfacet
  facet normal 0.195038 -0.980796 0
    outer loop
      vertex 37.4126 34.9615 8.5
      vertex 36.8353 34.8467 3
      vertex 37.4126 34.9615 3
    endloop
  endfacet
  facet normal -0.0654027 -0.997859 0
    outer loop
      vertex 38 35 3
      vertex 38.5874 34.9615 8.5
      vertex 38 35 8.5
    endloop
  endfacet
  facet normal -0.0654027 -0.997859 -0
    outer loop
      vertex 38.5874 34.9615 8.5
      vertex 38 35 3
      vertex 38.5874 34.9615 3
    endloop
  endfacet
  facet normal 0.442382 0.896827 -0
    outer loop
      vertex 36.2779 26.3425 3
      vertex 35.75 26.6029 8.5
      vertex 36.2779 26.3425 8.5
    endloop
  endfacet
  facet normal 0.442382 0.896827 0
    outer loop
      vertex 35.75 26.6029 8.5
      vertex 36.2779 26.3425 3
      vertex 35.75 26.6029 3
    endloop
  endfacet
  facet normal 0.831475 0.555562 0
    outer loop
      vertex 34.4299 27.7606 8.5
      vertex 34.1029 28.25 3
      vertex 34.1029 28.25 8.5
    endloop
  endfacet
  facet normal 0.831475 0.555562 0
    outer loop
      vertex 34.1029 28.25 3
      vertex 34.4299 27.7606 8.5
      vertex 34.4299 27.7606 3
    endloop
  endfacet
  facet normal 0.946936 -0.321421 0
    outer loop
      vertex 33.6533 31.6647 8.5
      vertex 33.8425 32.2221 3
      vertex 33.8425 32.2221 8.5
    endloop
  endfacet
  facet normal 0.946936 -0.321421 0
    outer loop
      vertex 33.8425 32.2221 3
      vertex 33.6533 31.6647 8.5
      vertex 33.6533 31.6647 3
    endloop
  endfacet
  facet normal -0.195038 0.980796 0
    outer loop
      vertex 52.1647 26.1533 3
      vertex 51.5874 26.0385 8.5
      vertex 52.1647 26.1533 8.5
    endloop
  endfacet
  facet normal -0.195038 0.980796 0
    outer loop
      vertex 51.5874 26.0385 8.5
      vertex 52.1647 26.1533 3
      vertex 51.5874 26.0385 3
    endloop
  endfacet
  facet normal -0.980796 -0.195038 0
    outer loop
      vertex 55.4615 31.0874 3
      vertex 55.3467 31.6647 8.5
      vertex 55.3467 31.6647 3
    endloop
  endfacet
  facet normal -0.980796 -0.195038 0
    outer loop
      vertex 55.3467 31.6647 8.5
      vertex 55.4615 31.0874 3
      vertex 55.4615 31.0874 8.5
    endloop
  endfacet
  facet normal -0.997859 -0.0654027 0
    outer loop
      vertex 55.5 30.5 3
      vertex 55.4615 31.0874 8.5
      vertex 55.4615 31.0874 3
    endloop
  endfacet
  facet normal -0.997859 -0.0654027 0
    outer loop
      vertex 55.4615 31.0874 8.5
      vertex 55.5 30.5 3
      vertex 55.5 30.5 8.5
    endloop
  endfacet
  facet normal -0.980796 0.195038 0
    outer loop
      vertex 55.3467 29.3353 3
      vertex 55.4615 29.9126 8.5
      vertex 55.4615 29.9126 3
    endloop
  endfacet
  facet normal -0.980796 0.195038 0
    outer loop
      vertex 55.4615 29.9126 8.5
      vertex 55.3467 29.3353 3
      vertex 55.3467 29.3353 8.5
    endloop
  endfacet
  facet normal 0.831475 -0.555562 0
    outer loop
      vertex 47.1029 32.75 8.5
      vertex 47.4299 33.2394 3
      vertex 47.4299 33.2394 8.5
    endloop
  endfacet
  facet normal 0.831475 -0.555562 0
    outer loop
      vertex 47.4299 33.2394 3
      vertex 47.1029 32.75 8.5
      vertex 47.1029 32.75 3
    endloop
  endfacet
  facet normal -0.659298 -0.751882 0
    outer loop
      vertex 53.7394 34.0701 3
      vertex 54.182 33.682 8.5
      vertex 53.7394 34.0701 8.5
    endloop
  endfacet
  facet normal -0.659298 -0.751882 -0
    outer loop
      vertex 54.182 33.682 8.5
      vertex 53.7394 34.0701 3
      vertex 54.182 33.682 3
    endloop
  endfacet
  facet normal 0.195038 0.980796 -0
    outer loop
      vertex 50.4126 26.0385 3
      vertex 49.8353 26.1533 8.5
      vertex 50.4126 26.0385 8.5
    endloop
  endfacet
  facet normal 0.195038 0.980796 0
    outer loop
      vertex 49.8353 26.1533 8.5
      vertex 50.4126 26.0385 3
      vertex 49.8353 26.1533 3
    endloop
  endfacet
  facet normal -0.195038 -0.980796 0
    outer loop
      vertex 51.5874 34.9615 3
      vertex 52.1647 34.8467 8.5
      vertex 51.5874 34.9615 8.5
    endloop
  endfacet
  facet normal -0.195038 -0.980796 -0
    outer loop
      vertex 52.1647 34.8467 8.5
      vertex 51.5874 34.9615 3
      vertex 52.1647 34.8467 3
    endloop
  endfacet
  facet normal -0.659298 0.751882 0
    outer loop
      vertex 54.182 27.318 3
      vertex 53.7394 26.9299 8.5
      vertex 54.182 27.318 8.5
    endloop
  endfacet
  facet normal -0.659298 0.751882 0
    outer loop
      vertex 53.7394 26.9299 8.5
      vertex 54.182 27.318 3
      vertex 53.7394 26.9299 3
    endloop
  endfacet
  facet normal -0.896827 0.442382 0
    outer loop
      vertex 54.8971 28.25 3
      vertex 55.1575 28.7779 8.5
      vertex 55.1575 28.7779 3
    endloop
  endfacet
  facet normal -0.896827 0.442382 0
    outer loop
      vertex 55.1575 28.7779 8.5
      vertex 54.8971 28.25 3
      vertex 54.8971 28.25 8.5
    endloop
  endfacet
  facet normal -0.946936 0.321421 0
    outer loop
      vertex 55.1575 28.7779 3
      vertex 55.3467 29.3353 8.5
      vertex 55.3467 29.3353 3
    endloop
  endfacet
  facet normal -0.946936 0.321421 0
    outer loop
      vertex 55.3467 29.3353 8.5
      vertex 55.1575 28.7779 3
      vertex 55.1575 28.7779 8.5
    endloop
  endfacet
  facet normal 0.555562 0.831475 -0
    outer loop
      vertex 48.75 26.6029 3
      vertex 48.2606 26.9299 8.5
      vertex 48.75 26.6029 8.5
    endloop
  endfacet
  facet normal 0.555562 0.831475 0
    outer loop
      vertex 48.2606 26.9299 8.5
      vertex 48.75 26.6029 3
      vertex 48.2606 26.9299 3
    endloop
  endfacet
  facet normal -0.831475 0.555562 0
    outer loop
      vertex 54.5701 27.7606 3
      vertex 54.8971 28.25 8.5
      vertex 54.8971 28.25 3
    endloop
  endfacet
  facet normal -0.831475 0.555562 0
    outer loop
      vertex 54.8971 28.25 8.5
      vertex 54.5701 27.7606 3
      vertex 54.5701 27.7606 8.5
    endloop
  endfacet
  facet normal 0.896827 -0.442382 0
    outer loop
      vertex 46.8425 32.2221 8.5
      vertex 47.1029 32.75 3
      vertex 47.1029 32.75 8.5
    endloop
  endfacet
  facet normal 0.896827 -0.442382 0
    outer loop
      vertex 47.1029 32.75 3
      vertex 46.8425 32.2221 8.5
      vertex 46.8425 32.2221 3
    endloop
  endfacet
  facet normal 0.997859 -0.0654027 0
    outer loop
      vertex 46.5 30.5 8.5
      vertex 46.5385 31.0874 3
      vertex 46.5385 31.0874 8.5
    endloop
  endfacet
  facet normal 0.997859 -0.0654027 0
    outer loop
      vertex 46.5385 31.0874 3
      vertex 46.5 30.5 8.5
      vertex 46.5 30.5 3
    endloop
  endfacet
  facet normal 0.0654027 -0.997859 0
    outer loop
      vertex 50.4126 34.9615 3
      vertex 51 35 8.5
      vertex 50.4126 34.9615 8.5
    endloop
  endfacet
  facet normal 0.0654027 -0.997859 0
    outer loop
      vertex 51 35 8.5
      vertex 50.4126 34.9615 3
      vertex 51 35 3
    endloop
  endfacet
  facet normal 0.896827 0.442382 0
    outer loop
      vertex 47.1029 28.25 8.5
      vertex 46.8425 28.7779 3
      vertex 46.8425 28.7779 8.5
    endloop
  endfacet
  facet normal 0.896827 0.442382 0
    outer loop
      vertex 46.8425 28.7779 3
      vertex 47.1029 28.25 8.5
      vertex 47.1029 28.25 3
    endloop
  endfacet
  facet normal -0.442382 -0.896827 0
    outer loop
      vertex 52.7221 34.6575 3
      vertex 53.25 34.3971 8.5
      vertex 52.7221 34.6575 8.5
    endloop
  endfacet
  facet normal -0.442382 -0.896827 -0
    outer loop
      vertex 53.25 34.3971 8.5
      vertex 52.7221 34.6575 3
      vertex 53.25 34.3971 3
    endloop
  endfacet
  facet normal -0.0654027 0.997859 0
    outer loop
      vertex 51.5874 26.0385 3
      vertex 51 26 8.5
      vertex 51.5874 26.0385 8.5
    endloop
  endfacet
  facet normal -0.0654027 0.997859 0
    outer loop
      vertex 51 26 8.5
      vertex 51.5874 26.0385 3
      vertex 51 26 3
    endloop
  endfacet
  facet normal 0.751882 0.659298 0
    outer loop
      vertex 47.818 27.318 8.5
      vertex 47.4299 27.7606 3
      vertex 47.4299 27.7606 8.5
    endloop
  endfacet
  facet normal 0.751882 0.659298 0
    outer loop
      vertex 47.4299 27.7606 3
      vertex 47.818 27.318 8.5
      vertex 47.818 27.318 3
    endloop
  endfacet
  facet normal 0.321421 -0.946936 0
    outer loop
      vertex 49.2779 34.6575 3
      vertex 49.8353 34.8467 8.5
      vertex 49.2779 34.6575 8.5
    endloop
  endfacet
  facet normal 0.321421 -0.946936 0
    outer loop
      vertex 49.8353 34.8467 8.5
      vertex 49.2779 34.6575 3
      vertex 49.8353 34.8467 3
    endloop
  endfacet
  facet normal 0.997859 0.0654027 0
    outer loop
      vertex 46.5385 29.9126 8.5
      vertex 46.5 30.5 3
      vertex 46.5 30.5 8.5
    endloop
  endfacet
  facet normal 0.997859 0.0654027 0
    outer loop
      vertex 46.5 30.5 3
      vertex 46.5385 29.9126 8.5
      vertex 46.5385 29.9126 3
    endloop
  endfacet
  facet normal -0.946936 -0.321421 0
    outer loop
      vertex 55.3467 31.6647 3
      vertex 55.1575 32.2221 8.5
      vertex 55.1575 32.2221 3
    endloop
  endfacet
  facet normal -0.946936 -0.321421 0
    outer loop
      vertex 55.1575 32.2221 8.5
      vertex 55.3467 31.6647 3
      vertex 55.3467 31.6647 8.5
    endloop
  endfacet
  facet normal 0.659298 -0.751882 0
    outer loop
      vertex 47.818 33.682 3
      vertex 48.2606 34.0701 8.5
      vertex 47.818 33.682 8.5
    endloop
  endfacet
  facet normal 0.659298 -0.751882 0
    outer loop
      vertex 48.2606 34.0701 8.5
      vertex 47.818 33.682 3
      vertex 48.2606 34.0701 3
    endloop
  endfacet
  facet normal 0.751882 -0.659298 0
    outer loop
      vertex 47.4299 33.2394 8.5
      vertex 47.818 33.682 3
      vertex 47.818 33.682 8.5
    endloop
  endfacet
  facet normal 0.751882 -0.659298 0
    outer loop
      vertex 47.818 33.682 3
      vertex 47.4299 33.2394 8.5
      vertex 47.4299 33.2394 3
    endloop
  endfacet
  facet normal -0.831475 -0.555562 0
    outer loop
      vertex 54.8971 32.75 3
      vertex 54.5701 33.2394 8.5
      vertex 54.5701 33.2394 3
    endloop
  endfacet
  facet normal -0.831475 -0.555562 0
    outer loop
      vertex 54.5701 33.2394 8.5
      vertex 54.8971 32.75 3
      vertex 54.8971 32.75 8.5
    endloop
  endfacet
  facet normal -0.555562 -0.831475 0
    outer loop
      vertex 53.25 34.3971 3
      vertex 53.7394 34.0701 8.5
      vertex 53.25 34.3971 8.5
    endloop
  endfacet
  facet normal -0.555562 -0.831475 -0
    outer loop
      vertex 53.7394 34.0701 8.5
      vertex 53.25 34.3971 3
      vertex 53.7394 34.0701 3
    endloop
  endfacet
  facet normal 0.980796 0.195038 0
    outer loop
      vertex 46.6533 29.3353 8.5
      vertex 46.5385 29.9126 3
      vertex 46.5385 29.9126 8.5
    endloop
  endfacet
  facet normal 0.980796 0.195038 0
    outer loop
      vertex 46.5385 29.9126 3
      vertex 46.6533 29.3353 8.5
      vertex 46.6533 29.3353 3
    endloop
  endfacet
  facet normal 0.442382 -0.896827 0
    outer loop
      vertex 48.75 34.3971 3
      vertex 49.2779 34.6575 8.5
      vertex 48.75 34.3971 8.5
    endloop
  endfacet
  facet normal 0.442382 -0.896827 0
    outer loop
      vertex 49.2779 34.6575 8.5
      vertex 48.75 34.3971 3
      vertex 49.2779 34.6575 3
    endloop
  endfacet
  facet normal -0.321421 -0.946936 0
    outer loop
      vertex 52.1647 34.8467 3
      vertex 52.7221 34.6575 8.5
      vertex 52.1647 34.8467 8.5
    endloop
  endfacet
  facet normal -0.321421 -0.946936 -0
    outer loop
      vertex 52.7221 34.6575 8.5
      vertex 52.1647 34.8467 3
      vertex 52.7221 34.6575 3
    endloop
  endfacet
  facet normal -0.997859 0.0654027 0
    outer loop
      vertex 55.4615 29.9126 3
      vertex 55.5 30.5 8.5
      vertex 55.5 30.5 3
    endloop
  endfacet
  facet normal -0.997859 0.0654027 0
    outer loop
      vertex 55.5 30.5 8.5
      vertex 55.4615 29.9126 3
      vertex 55.4615 29.9126 8.5
    endloop
  endfacet
  facet normal -0.555562 0.831475 0
    outer loop
      vertex 53.7394 26.9299 3
      vertex 53.25 26.6029 8.5
      vertex 53.7394 26.9299 8.5
    endloop
  endfacet
  facet normal -0.555562 0.831475 0
    outer loop
      vertex 53.25 26.6029 8.5
      vertex 53.7394 26.9299 3
      vertex 53.25 26.6029 3
    endloop
  endfacet
  facet normal -0.896827 -0.442382 0
    outer loop
      vertex 55.1575 32.2221 3
      vertex 54.8971 32.75 8.5
      vertex 54.8971 32.75 3
    endloop
  endfacet
  facet normal -0.896827 -0.442382 0
    outer loop
      vertex 54.8971 32.75 8.5
      vertex 55.1575 32.2221 3
      vertex 55.1575 32.2221 8.5
    endloop
  endfacet
  facet normal 0.659298 0.751882 -0
    outer loop
      vertex 48.2606 26.9299 3
      vertex 47.818 27.318 8.5
      vertex 48.2606 26.9299 8.5
    endloop
  endfacet
  facet normal 0.659298 0.751882 0
    outer loop
      vertex 47.818 27.318 8.5
      vertex 48.2606 26.9299 3
      vertex 47.818 27.318 3
    endloop
  endfacet
  facet normal 0.321421 0.946936 -0
    outer loop
      vertex 49.8353 26.1533 3
      vertex 49.2779 26.3425 8.5
      vertex 49.8353 26.1533 8.5
    endloop
  endfacet
  facet normal 0.321421 0.946936 0
    outer loop
      vertex 49.2779 26.3425 8.5
      vertex 49.8353 26.1533 3
      vertex 49.2779 26.3425 3
    endloop
  endfacet
  facet normal 0.980796 -0.195038 0
    outer loop
      vertex 46.5385 31.0874 8.5
      vertex 46.6533 31.6647 3
      vertex 46.6533 31.6647 8.5
    endloop
  endfacet
  facet normal 0.980796 -0.195038 0
    outer loop
      vertex 46.6533 31.6647 3
      vertex 46.5385 31.0874 8.5
      vertex 46.5385 31.0874 3
    endloop
  endfacet
  facet normal -0.751882 0.659298 0
    outer loop
      vertex 54.182 27.318 3
      vertex 54.5701 27.7606 8.5
      vertex 54.5701 27.7606 3
    endloop
  endfacet
  facet normal -0.751882 0.659298 0
    outer loop
      vertex 54.5701 27.7606 8.5
      vertex 54.182 27.318 3
      vertex 54.182 27.318 8.5
    endloop
  endfacet
  facet normal 0 0 1
    outer loop
      vertex 55.4615 31.0874 3
      vertex 55.4615 29.9126 3
      vertex 55.5 30.5 3
    endloop
  endfacet
  facet normal 0 0 1
    outer loop
      vertex 55.3467 31.6647 3
      vertex 55.4615 29.9126 3
      vertex 55.4615 31.0874 3
    endloop
  endfacet
  facet normal 0 0 1
    outer loop
      vertex 55.3467 31.6647 3
      vertex 55.3467 29.3353 3
      vertex 55.4615 29.9126 3
    endloop
  endfacet
  facet normal 0 0 1
    outer loop
      vertex 55.1575 32.2221 3
      vertex 55.3467 29.3353 3
      vertex 55.3467 31.6647 3
    endloop
  endfacet
  facet normal 0 0 1
    outer loop
      vertex 55.1575 32.2221 3
      vertex 55.1575 28.7779 3
      vertex 55.3467 29.3353 3
    endloop
  endfacet
  facet normal 0 0 1
    outer loop
      vertex 54.8971 32.75 3
      vertex 55.1575 28.7779 3
      vertex 55.1575 32.2221 3
    endloop
  endfacet
  facet normal 0 0 1
    outer loop
      vertex 54.8971 32.75 3
      vertex 54.8971 28.25 3
      vertex 55.1575 28.7779 3
    endloop
  endfacet
  facet normal 0 0 1
    outer loop
      vertex 54.5701 33.2394 3
      vertex 54.8971 28.25 3
      vertex 54.8971 32.75 3
    endloop
  endfacet
  facet normal 0 0 1
    outer loop
      vertex 54.5701 33.2394 3
      vertex 54.5701 27.7606 3
      vertex 54.8971 28.25 3
    endloop
  endfacet
  facet normal 0 0 1
    outer loop
      vertex 54.182 33.682 3
      vertex 54.5701 27.7606 3
      vertex 54.5701 33.2394 3
    endloop
  endfacet
  facet normal 0 0 1
    outer loop
      vertex 54.182 33.682 3
      vertex 54.182 27.318 3
      vertex 54.5701 27.7606 3
    endloop
  endfacet
  facet normal 0 0 1
    outer loop
      vertex 53.7394 34.0701 3
      vertex 54.182 27.318 3
      vertex 54.182 33.682 3
    endloop
  endfacet
  facet normal 0 0 1
    outer loop
      vertex 53.7394 34.0701 3
      vertex 53.7394 26.9299 3
      vertex 54.182 27.318 3
    endloop
  endfacet
  facet normal 0 0 1
    outer loop
      vertex 53.25 34.3971 3
      vertex 53.7394 26.9299 3
      vertex 53.7394 34.0701 3
    endloop
  endfacet
  facet normal 0 0 1
    outer loop
      vertex 53.25 34.3971 3
      vertex 53.25 26.6029 3
      vertex 53.7394 26.9299 3
    endloop
  endfacet
  facet normal 0 0 1
    outer loop
      vertex 52.7221 34.6575 3
      vertex 53.25 26.6029 3
      vertex 53.25 34.3971 3
    endloop
  endfacet
  facet normal 0 0 1
    outer loop
      vertex 52.7221 34.6575 3
      vertex 52.7221 26.3425 3
      vertex 53.25 26.6029 3
    endloop
  endfacet
  facet normal 0 0 1
    outer loop
      vertex 52.1647 34.8467 3
      vertex 52.7221 26.3425 3
      vertex 52.7221 34.6575 3
    endloop
  endfacet
  facet normal 0 0 1
    outer loop
      vertex 52.1647 34.8467 3
      vertex 52.1647 26.1533 3
      vertex 52.7221 26.3425 3
    endloop
  endfacet
  facet normal 0 0 1
    outer loop
      vertex 51.5874 34.9615 3
      vertex 52.1647 26.1533 3
      vertex 52.1647 34.8467 3
    endloop
  endfacet
  facet normal 0 0 1
    outer loop
      vertex 51.5874 34.9615 3
      vertex 51.5874 26.0385 3
      vertex 52.1647 26.1533 3
    endloop
  endfacet
  facet normal 0 0 1
    outer loop
      vertex 51 35 3
      vertex 51.5874 26.0385 3
      vertex 51.5874 34.9615 3
    endloop
  endfacet
  facet normal 0 0 1
    outer loop
      vertex 51 35 3
      vertex 51 26 3
      vertex 51.5874 26.0385 3
    endloop
  endfacet
  facet normal -0 0 1
    outer loop
      vertex 50.4126 34.9615 3
      vertex 51 26 3
      vertex 51 35 3
    endloop
  endfacet
  facet normal 0 0 1
    outer loop
      vertex 50.4126 34.9615 3
      vertex 50.4126 26.0385 3
      vertex 51 26 3
    endloop
  endfacet
  facet normal -0 0 1
    outer loop
      vertex 49.8353 34.8467 3
      vertex 50.4126 26.0385 3
      vertex 50.4126 34.9615 3
    endloop
  endfacet
  facet normal 0 0 1
    outer loop
      vertex 49.8353 34.8467 3
      vertex 49.8353 26.1533 3
      vertex 50.4126 26.0385 3
    endloop
  endfacet
  facet normal -0 0 1
    outer loop
      vertex 49.2779 34.6575 3
      vertex 49.8353 26.1533 3
      vertex 49.8353 34.8467 3
    endloop
  endfacet
  facet normal 0 0 1
    outer loop
      vertex 49.2779 34.6575 3
      vertex 49.2779 26.3425 3
      vertex 49.8353 26.1533 3
    endloop
  endfacet
  facet normal -0 0 1
    outer loop
      vertex 48.75 34.3971 3
      vertex 49.2779 26.3425 3
      vertex 49.2779 34.6575 3
    endloop
  endfacet
  facet normal 0 0 1
    outer loop
      vertex 48.75 34.3971 3
      vertex 48.75 26.6029 3
      vertex 49.2779 26.3425 3
    endloop
  endfacet
  facet normal -0 0 1
    outer loop
      vertex 48.2606 34.0701 3
      vertex 48.75 26.6029 3
      vertex 48.75 34.3971 3
    endloop
  endfacet
  facet normal 0 0 1
    outer loop
      vertex 48.2606 34.0701 3
      vertex 48.2606 26.9299 3
      vertex 48.75 26.6029 3
    endloop
  endfacet
  facet normal -0 0 1
    outer loop
      vertex 47.818 33.682 3
      vertex 48.2606 26.9299 3
      vertex 48.2606 34.0701 3
    endloop
  endfacet
  facet normal 0 0 1
    outer loop
      vertex 47.818 33.682 3
      vertex 47.818 27.318 3
      vertex 48.2606 26.9299 3
    endloop
  endfacet
  facet normal -0 0 1
    outer loop
      vertex 47.4299 33.2394 3
      vertex 47.818 27.318 3
      vertex 47.818 33.682 3
    endloop
  endfacet
  facet normal 0 0 1
    outer loop
      vertex 47.4299 33.2394 3
      vertex 47.4299 27.7606 3
      vertex 47.818 27.318 3
    endloop
  endfacet
  facet normal -0 0 1
    outer loop
      vertex 47.1029 32.75 3
      vertex 47.4299 27.7606 3
      vertex 47.4299 33.2394 3
    endloop
  endfacet
  facet normal 0 0 1
    outer loop
      vertex 47.1029 32.75 3
      vertex 47.1029 28.25 3
      vertex 47.4299 27.7606 3
    endloop
  endfacet
  facet normal -0 0 1
    outer loop
      vertex 46.8425 32.2221 3
      vertex 47.1029 28.25 3
      vertex 47.1029 32.75 3
    endloop
  endfacet
  facet normal 0 0 1
    outer loop
      vertex 46.8425 32.2221 3
      vertex 46.8425 28.7779 3
      vertex 47.1029 28.25 3
    endloop
  endfacet
  facet normal -0 0 1
    outer loop
      vertex 46.6533 31.6647 3
      vertex 46.8425 28.7779 3
      vertex 46.8425 32.2221 3
    endloop
  endfacet
  facet normal 0 0 1
    outer loop
      vertex 46.6533 31.6647 3
      vertex 46.6533 29.3353 3
      vertex 46.8425 28.7779 3
    endloop
  endfacet
  facet normal -0 0 1
    outer loop
      vertex 46.5385 31.0874 3
      vertex 46.6533 29.3353 3
      vertex 46.6533 31.6647 3
    endloop
  endfacet
  facet normal 0 0 1
    outer loop
      vertex 46.5385 31.0874 3
      vertex 46.5385 29.9126 3
      vertex 46.6533 29.3353 3
    endloop
  endfacet
  facet normal 0 -0 1
    outer loop
      vertex 46.5385 29.9126 3
      vertex 46.5385 31.0874 3
      vertex 46.5 30.5 3
    endloop
  endfacet
  facet normal 0.946936 0.321421 0
    outer loop
      vertex 46.8425 28.7779 8.5
      vertex 46.6533 29.3353 3
      vertex 46.6533 29.3353 8.5
    endloop
  endfacet
  facet normal 0.946936 0.321421 0
    outer loop
      vertex 46.6533 29.3353 3
      vertex 46.8425 28.7779 8.5
      vertex 46.8425 28.7779 3
    endloop
  endfacet
  facet normal 0.0654027 0.997859 -0
    outer loop
      vertex 51 26 3
      vertex 50.4126 26.0385 8.5
      vertex 51 26 8.5
    endloop
  endfacet
  facet normal 0.0654027 0.997859 0
    outer loop
      vertex 50.4126 26.0385 8.5
      vertex 51 26 3
      vertex 50.4126 26.0385 3
    endloop
  endfacet
  facet normal -0.751882 -0.659298 0
    outer loop
      vertex 54.5701 33.2394 3
      vertex 54.182 33.682 8.5
      vertex 54.182 33.682 3
    endloop
  endfacet
  facet normal -0.751882 -0.659298 0
    outer loop
      vertex 54.182 33.682 8.5
      vertex 54.5701 33.2394 3
      vertex 54.5701 33.2394 8.5
    endloop
  endfacet
  facet normal 0.555562 -0.831475 0
    outer loop
      vertex 48.2606 34.0701 3
      vertex 48.75 34.3971 8.5
      vertex 48.2606 34.0701 8.5
    endloop
  endfacet
  facet normal 0.555562 -0.831475 0
    outer loop
      vertex 48.75 34.3971 8.5
      vertex 48.2606 34.0701 3
      vertex 48.75 34.3971 3
    endloop
  endfacet
  facet normal -0.321421 0.946936 0
    outer loop
      vertex 52.7221 26.3425 3
      vertex 52.1647 26.1533 8.5
      vertex 52.7221 26.3425 8.5
    endloop
  endfacet
  facet normal -0.321421 0.946936 0
    outer loop
      vertex 52.1647 26.1533 8.5
      vertex 52.7221 26.3425 3
      vertex 52.1647 26.1533 3
    endloop
  endfacet
  facet normal -0.442382 0.896827 0
    outer loop
      vertex 53.25 26.6029 3
      vertex 52.7221 26.3425 8.5
      vertex 53.25 26.6029 8.5
    endloop
  endfacet
  facet normal -0.442382 0.896827 0
    outer loop
      vertex 52.7221 26.3425 8.5
      vertex 53.25 26.6029 3
      vertex 52.7221 26.3425 3
    endloop
  endfacet
  facet normal 0.195038 -0.980796 0
    outer loop
      vertex 49.8353 34.8467 3
      vertex 50.4126 34.9615 8.5
      vertex 49.8353 34.8467 8.5
    endloop
  endfacet
  facet normal 0.195038 -0.980796 0
    outer loop
      vertex 50.4126 34.9615 8.5
      vertex 49.8353 34.8467 3
      vertex 50.4126 34.9615 3
    endloop
  endfacet
  facet normal -0.0654027 -0.997859 0
    outer loop
      vertex 51 35 3
      vertex 51.5874 34.9615 8.5
      vertex 51 35 8.5
    endloop
  endfacet
  facet normal -0.0654027 -0.997859 -0
    outer loop
      vertex 51.5874 34.9615 8.5
      vertex 51 35 3
      vertex 51.5874 34.9615 3
    endloop
  endfacet
  facet normal 0.442382 0.896827 -0
    outer loop
      vertex 49.2779 26.3425 3
      vertex 48.75 26.6029 8.5
      vertex 49.2779 26.3425 8.5
    endloop
  endfacet
  facet normal 0.442382 0.896827 0
    outer loop
      vertex 48.75 26.6029 8.5
      vertex 49.2779 26.3425 3
      vertex 48.75 26.6029 3
    endloop
  endfacet
  facet normal 0.831475 0.555562 0
    outer loop
      vertex 47.4299 27.7606 8.5
      vertex 47.1029 28.25 3
      vertex 47.1029 28.25 8.5
    endloop
  endfacet
  facet normal 0.831475 0.555562 0
    outer loop
      vertex 47.1029 28.25 3
      vertex 47.4299 27.7606 8.5
      vertex 47.4299 27.7606 3
    endloop
  endfacet
  facet normal 0.946936 -0.321421 0
    outer loop
      vertex 46.6533 31.6647 8.5
      vertex 46.8425 32.2221 3
      vertex 46.8425 32.2221 8.5
    endloop
  endfacet
  facet normal 0.946936 -0.321421 0
    outer loop
      vertex 46.8425 32.2221 3
      vertex 46.6533 31.6647 8.5
      vertex 46.6533 31.6647 3
    endloop
  endfacet
  facet normal -0.195038 0.980796 0
    outer loop
      vertex 26.1647 42.1533 3
      vertex 25.5874 42.0385 8.5
      vertex 26.1647 42.1533 8.5
    endloop
  endfacet
  facet normal -0.195038 0.980796 0
    outer loop
      vertex 25.5874 42.0385 8.5
      vertex 26.1647 42.1533 3
      vertex 25.5874 42.0385 3
    endloop
  endfacet
  facet normal -0.980796 -0.195038 0
    outer loop
      vertex 29.4615 47.0874 3
      vertex 29.3467 47.6647 8.5
      vertex 29.3467 47.6647 3
    endloop
  endfacet
  facet normal -0.980796 -0.195038 0
    outer loop
      vertex 29.3467 47.6647 8.5
      vertex 29.4615 47.0874 3
      vertex 29.4615 47.0874 8.5
    endloop
  endfacet
  facet normal -0.997859 -0.0654027 0
    outer loop
      vertex 29.5 46.5 3
      vertex 29.4615 47.0874 8.5
      vertex 29.4615 47.0874 3
    endloop
  endfacet
  facet normal -0.997859 -0.0654027 0
    outer loop
      vertex 29.4615 47.0874 8.5
      vertex 29.5 46.5 3
      vertex 29.5 46.5 8.5
    endloop
  endfacet
  facet normal -0.980796 0.195038 0
    outer loop
      vertex 29.3467 45.3353 3
      vertex 29.4615 45.9126 8.5
      vertex 29.4615 45.9126 3
    endloop
  endfacet
  facet normal -0.980796 0.195038 0
    outer loop
      vertex 29.4615 45.9126 8.5
      vertex 29.3467 45.3353 3
      vertex 29.3467 45.3353 8.5
    endloop
  endfacet
  facet normal 0.831475 -0.555562 0
    outer loop
      vertex 21.1029 48.75 8.5
      vertex 21.4299 49.2394 3
      vertex 21.4299 49.2394 8.5
    endloop
  endfacet
  facet normal 0.831475 -0.555562 0
    outer loop
      vertex 21.4299 49.2394 3
      vertex 21.1029 48.75 8.5
      vertex 21.1029 48.75 3
    endloop
  endfacet
  facet normal -0.659298 -0.751882 0
    outer loop
      vertex 27.7394 50.0701 3
      vertex 28.182 49.682 8.5
      vertex 27.7394 50.0701 8.5
    endloop
  endfacet
  facet normal -0.659298 -0.751882 -0
    outer loop
      vertex 28.182 49.682 8.5
      vertex 27.7394 50.0701 3
      vertex 28.182 49.682 3
    endloop
  endfacet
  facet normal -0.195038 -0.980796 0
    outer loop
      vertex 25.5874 50.9615 3
      vertex 26.1647 50.8467 8.5
      vertex 25.5874 50.9615 8.5
    endloop
  endfacet
  facet normal -0.195038 -0.980796 -0
    outer loop
      vertex 26.1647 50.8467 8.5
      vertex 25.5874 50.9615 3
      vertex 26.1647 50.8467 3
    endloop
  endfacet
  facet normal -0.659298 0.751882 0
    outer loop
      vertex 28.182 43.318 3
      vertex 27.7394 42.9299 8.5
      vertex 28.182 43.318 8.5
    endloop
  endfacet
  facet normal -0.659298 0.751882 0
    outer loop
      vertex 27.7394 42.9299 8.5
      vertex 28.182 43.318 3
      vertex 27.7394 42.9299 3
    endloop
  endfacet
  facet normal -0.896827 0.442382 0
    outer loop
      vertex 28.8971 44.25 3
      vertex 29.1575 44.7779 8.5
      vertex 29.1575 44.7779 3
    endloop
  endfacet
  facet normal -0.896827 0.442382 0
    outer loop
      vertex 29.1575 44.7779 8.5
      vertex 28.8971 44.25 3
      vertex 28.8971 44.25 8.5
    endloop
  endfacet
  facet normal 0.946936 0.321421 0
    outer loop
      vertex 20.8425 44.7779 8.5
      vertex 20.6533 45.3353 3
      vertex 20.6533 45.3353 8.5
    endloop
  endfacet
  facet normal 0.946936 0.321421 0
    outer loop
      vertex 20.6533 45.3353 3
      vertex 20.8425 44.7779 8.5
      vertex 20.8425 44.7779 3
    endloop
  endfacet
  facet normal 0.555562 0.831475 -0
    outer loop
      vertex 22.75 42.6029 3
      vertex 22.2606 42.9299 8.5
      vertex 22.75 42.6029 8.5
    endloop
  endfacet
  facet normal 0.555562 0.831475 0
    outer loop
      vertex 22.2606 42.9299 8.5
      vertex 22.75 42.6029 3
      vertex 22.2606 42.9299 3
    endloop
  endfacet
  facet normal -0.831475 0.555562 0
    outer loop
      vertex 28.5701 43.7606 3
      vertex 28.8971 44.25 8.5
      vertex 28.8971 44.25 3
    endloop
  endfacet
  facet normal -0.831475 0.555562 0
    outer loop
      vertex 28.8971 44.25 8.5
      vertex 28.5701 43.7606 3
      vertex 28.5701 43.7606 8.5
    endloop
  endfacet
  facet normal 0.896827 -0.442382 0
    outer loop
      vertex 20.8425 48.2221 8.5
      vertex 21.1029 48.75 3
      vertex 21.1029 48.75 8.5
    endloop
  endfacet
  facet normal 0.896827 -0.442382 0
    outer loop
      vertex 21.1029 48.75 3
      vertex 20.8425 48.2221 8.5
      vertex 20.8425 48.2221 3
    endloop
  endfacet
  facet normal 0.831475 0.555562 0
    outer loop
      vertex 21.4299 43.7606 8.5
      vertex 21.1029 44.25 3
      vertex 21.1029 44.25 8.5
    endloop
  endfacet
  facet normal 0.831475 0.555562 0
    outer loop
      vertex 21.1029 44.25 3
      vertex 21.4299 43.7606 8.5
      vertex 21.4299 43.7606 3
    endloop
  endfacet
  facet normal 0.997859 -0.0654027 0
    outer loop
      vertex 20.5 46.5 8.5
      vertex 20.5385 47.0874 3
      vertex 20.5385 47.0874 8.5
    endloop
  endfacet
  facet normal 0.997859 -0.0654027 0
    outer loop
      vertex 20.5385 47.0874 3
      vertex 20.5 46.5 8.5
      vertex 20.5 46.5 3
    endloop
  endfacet
  facet normal 0.0654027 -0.997859 0
    outer loop
      vertex 24.4126 50.9615 3
      vertex 25 51 8.5
      vertex 24.4126 50.9615 8.5
    endloop
  endfacet
  facet normal 0.0654027 -0.997859 0
    outer loop
      vertex 25 51 8.5
      vertex 24.4126 50.9615 3
      vertex 25 51 3
    endloop
  endfacet
  facet normal 0.896827 0.442382 0
    outer loop
      vertex 21.1029 44.25 8.5
      vertex 20.8425 44.7779 3
      vertex 20.8425 44.7779 8.5
    endloop
  endfacet
  facet normal 0.896827 0.442382 0
    outer loop
      vertex 20.8425 44.7779 3
      vertex 21.1029 44.25 8.5
      vertex 21.1029 44.25 3
    endloop
  endfacet
  facet normal -0.442382 -0.896827 0
    outer loop
      vertex 26.7221 50.6575 3
      vertex 27.25 50.3971 8.5
      vertex 26.7221 50.6575 8.5
    endloop
  endfacet
  facet normal -0.442382 -0.896827 -0
    outer loop
      vertex 27.25 50.3971 8.5
      vertex 26.7221 50.6575 3
      vertex 27.25 50.3971 3
    endloop
  endfacet
  facet normal -0.0654027 0.997859 0
    outer loop
      vertex 25.5874 42.0385 3
      vertex 25 42 8.5
      vertex 25.5874 42.0385 8.5
    endloop
  endfacet
  facet normal -0.0654027 0.997859 0
    outer loop
      vertex 25 42 8.5
      vertex 25.5874 42.0385 3
      vertex 25 42 3
    endloop
  endfacet
  facet normal 0.751882 0.659298 0
    outer loop
      vertex 21.818 43.318 8.5
      vertex 21.4299 43.7606 3
      vertex 21.4299 43.7606 8.5
    endloop
  endfacet
  facet normal 0.751882 0.659298 0
    outer loop
      vertex 21.4299 43.7606 3
      vertex 21.818 43.318 8.5
      vertex 21.818 43.318 3
    endloop
  endfacet
  facet normal 0.321421 -0.946936 0
    outer loop
      vertex 23.2779 50.6575 3
      vertex 23.8353 50.8467 8.5
      vertex 23.2779 50.6575 8.5
    endloop
  endfacet
  facet normal 0.321421 -0.946936 0
    outer loop
      vertex 23.8353 50.8467 8.5
      vertex 23.2779 50.6575 3
      vertex 23.8353 50.8467 3
    endloop
  endfacet
  facet normal 0.997859 0.0654027 0
    outer loop
      vertex 20.5385 45.9126 8.5
      vertex 20.5 46.5 3
      vertex 20.5 46.5 8.5
    endloop
  endfacet
  facet normal 0.997859 0.0654027 0
    outer loop
      vertex 20.5 46.5 3
      vertex 20.5385 45.9126 8.5
      vertex 20.5385 45.9126 3
    endloop
  endfacet
  facet normal -0.946936 -0.321421 0
    outer loop
      vertex 29.3467 47.6647 3
      vertex 29.1575 48.2221 8.5
      vertex 29.1575 48.2221 3
    endloop
  endfacet
  facet normal -0.946936 -0.321421 0
    outer loop
      vertex 29.1575 48.2221 8.5
      vertex 29.3467 47.6647 3
      vertex 29.3467 47.6647 8.5
    endloop
  endfacet
  facet normal 0.659298 -0.751882 0
    outer loop
      vertex 21.818 49.682 3
      vertex 22.2606 50.0701 8.5
      vertex 21.818 49.682 8.5
    endloop
  endfacet
  facet normal 0.659298 -0.751882 0
    outer loop
      vertex 22.2606 50.0701 8.5
      vertex 21.818 49.682 3
      vertex 22.2606 50.0701 3
    endloop
  endfacet
  facet normal 0.751882 -0.659298 0
    outer loop
      vertex 21.4299 49.2394 8.5
      vertex 21.818 49.682 3
      vertex 21.818 49.682 8.5
    endloop
  endfacet
  facet normal 0.751882 -0.659298 0
    outer loop
      vertex 21.818 49.682 3
      vertex 21.4299 49.2394 8.5
      vertex 21.4299 49.2394 3
    endloop
  endfacet
  facet normal -0.831475 -0.555562 0
    outer loop
      vertex 28.8971 48.75 3
      vertex 28.5701 49.2394 8.5
      vertex 28.5701 49.2394 3
    endloop
  endfacet
  facet normal -0.831475 -0.555562 0
    outer loop
      vertex 28.5701 49.2394 8.5
      vertex 28.8971 48.75 3
      vertex 28.8971 48.75 8.5
    endloop
  endfacet
  facet normal -0.555562 -0.831475 0
    outer loop
      vertex 27.25 50.3971 3
      vertex 27.7394 50.0701 8.5
      vertex 27.25 50.3971 8.5
    endloop
  endfacet
  facet normal -0.555562 -0.831475 -0
    outer loop
      vertex 27.7394 50.0701 8.5
      vertex 27.25 50.3971 3
      vertex 27.7394 50.0701 3
    endloop
  endfacet
  facet normal 0.980796 0.195038 0
    outer loop
      vertex 20.6533 45.3353 8.5
      vertex 20.5385 45.9126 3
      vertex 20.5385 45.9126 8.5
    endloop
  endfacet
  facet normal 0.980796 0.195038 0
    outer loop
      vertex 20.5385 45.9126 3
      vertex 20.6533 45.3353 8.5
      vertex 20.6533 45.3353 3
    endloop
  endfacet
  facet normal 0.442382 -0.896827 0
    outer loop
      vertex 22.75 50.3971 3
      vertex 23.2779 50.6575 8.5
      vertex 22.75 50.3971 8.5
    endloop
  endfacet
  facet normal 0.442382 -0.896827 0
    outer loop
      vertex 23.2779 50.6575 8.5
      vertex 22.75 50.3971 3
      vertex 23.2779 50.6575 3
    endloop
  endfacet
  facet normal -0.321421 -0.946936 0
    outer loop
      vertex 26.1647 50.8467 3
      vertex 26.7221 50.6575 8.5
      vertex 26.1647 50.8467 8.5
    endloop
  endfacet
  facet normal -0.321421 -0.946936 -0
    outer loop
      vertex 26.7221 50.6575 8.5
      vertex 26.1647 50.8467 3
      vertex 26.7221 50.6575 3
    endloop
  endfacet
  facet normal -0.997859 0.0654027 0
    outer loop
      vertex 29.4615 45.9126 3
      vertex 29.5 46.5 8.5
      vertex 29.5 46.5 3
    endloop
  endfacet
  facet normal -0.997859 0.0654027 0
    outer loop
      vertex 29.5 46.5 8.5
      vertex 29.4615 45.9126 3
      vertex 29.4615 45.9126 8.5
    endloop
  endfacet
  facet normal -0.555562 0.831475 0
    outer loop
      vertex 27.7394 42.9299 3
      vertex 27.25 42.6029 8.5
      vertex 27.7394 42.9299 8.5
    endloop
  endfacet
  facet normal -0.555562 0.831475 0
    outer loop
      vertex 27.25 42.6029 8.5
      vertex 27.7394 42.9299 3
      vertex 27.25 42.6029 3
    endloop
  endfacet
  facet normal -0.896827 -0.442382 0
    outer loop
      vertex 29.1575 48.2221 3
      vertex 28.8971 48.75 8.5
      vertex 28.8971 48.75 3
    endloop
  endfacet
  facet normal -0.896827 -0.442382 0
    outer loop
      vertex 28.8971 48.75 8.5
      vertex 29.1575 48.2221 3
      vertex 29.1575 48.2221 8.5
    endloop
  endfacet
  facet normal 0.659298 0.751882 -0
    outer loop
      vertex 22.2606 42.9299 3
      vertex 21.818 43.318 8.5
      vertex 22.2606 42.9299 8.5
    endloop
  endfacet
  facet normal 0.659298 0.751882 0
    outer loop
      vertex 21.818 43.318 8.5
      vertex 22.2606 42.9299 3
      vertex 21.818 43.318 3
    endloop
  endfacet
  facet normal 0.321421 0.946936 -0
    outer loop
      vertex 23.8353 42.1533 3
      vertex 23.2779 42.3425 8.5
      vertex 23.8353 42.1533 8.5
    endloop
  endfacet
  facet normal 0.321421 0.946936 0
    outer loop
      vertex 23.2779 42.3425 8.5
      vertex 23.8353 42.1533 3
      vertex 23.2779 42.3425 3
    endloop
  endfacet
  facet normal 0.980796 -0.195038 0
    outer loop
      vertex 20.5385 47.0874 8.5
      vertex 20.6533 47.6647 3
      vertex 20.6533 47.6647 8.5
    endloop
  endfacet
  facet normal 0.980796 -0.195038 0
    outer loop
      vertex 20.6533 47.6647 3
      vertex 20.5385 47.0874 8.5
      vertex 20.5385 47.0874 3
    endloop
  endfacet
  facet normal -0.751882 0.659298 0
    outer loop
      vertex 28.182 43.318 3
      vertex 28.5701 43.7606 8.5
      vertex 28.5701 43.7606 3
    endloop
  endfacet
  facet normal -0.751882 0.659298 0
    outer loop
      vertex 28.5701 43.7606 8.5
      vertex 28.182 43.318 3
      vertex 28.182 43.318 8.5
    endloop
  endfacet
  facet normal 0 0 1
    outer loop
      vertex 29.4615 47.0874 3
      vertex 29.4615 45.9126 3
      vertex 29.5 46.5 3
    endloop
  endfacet
  facet normal 0 0 1
    outer loop
      vertex 29.3467 47.6647 3
      vertex 29.4615 45.9126 3
      vertex 29.4615 47.0874 3
    endloop
  endfacet
  facet normal 0 0 1
    outer loop
      vertex 29.3467 47.6647 3
      vertex 29.3467 45.3353 3
      vertex 29.4615 45.9126 3
    endloop
  endfacet
  facet normal 0 0 1
    outer loop
      vertex 29.1575 48.2221 3
      vertex 29.3467 45.3353 3
      vertex 29.3467 47.6647 3
    endloop
  endfacet
  facet normal 0 0 1
    outer loop
      vertex 29.1575 48.2221 3
      vertex 29.1575 44.7779 3
      vertex 29.3467 45.3353 3
    endloop
  endfacet
  facet normal 0 0 1
    outer loop
      vertex 28.8971 48.75 3
      vertex 29.1575 44.7779 3
      vertex 29.1575 48.2221 3
    endloop
  endfacet
  facet normal 0 0 1
    outer loop
      vertex 28.8971 48.75 3
      vertex 28.8971 44.25 3
      vertex 29.1575 44.7779 3
    endloop
  endfacet
  facet normal 0 0 1
    outer loop
      vertex 28.5701 49.2394 3
      vertex 28.8971 44.25 3
      vertex 28.8971 48.75 3
    endloop
  endfacet
  facet normal 0 0 1
    outer loop
      vertex 28.5701 49.2394 3
      vertex 28.5701 43.7606 3
      vertex 28.8971 44.25 3
    endloop
  endfacet
  facet normal 0 0 1
    outer loop
      vertex 28.182 49.682 3
      vertex 28.5701 43.7606 3
      vertex 28.5701 49.2394 3
    endloop
  endfacet
  facet normal 0 0 1
    outer loop
      vertex 28.182 49.682 3
      vertex 28.182 43.318 3
      vertex 28.5701 43.7606 3
    endloop
  endfacet
  facet normal 0 0 1
    outer loop
      vertex 27.7394 50.0701 3
      vertex 28.182 43.318 3
      vertex 28.182 49.682 3
    endloop
  endfacet
  facet normal 0 0 1
    outer loop
      vertex 27.7394 50.0701 3
      vertex 27.7394 42.9299 3
      vertex 28.182 43.318 3
    endloop
  endfacet
  facet normal 0 0 1
    outer loop
      vertex 27.25 50.3971 3
      vertex 27.7394 42.9299 3
      vertex 27.7394 50.0701 3
    endloop
  endfacet
  facet normal 0 0 1
    outer loop
      vertex 27.25 50.3971 3
      vertex 27.25 42.6029 3
      vertex 27.7394 42.9299 3
    endloop
  endfacet
  facet normal 0 0 1
    outer loop
      vertex 26.7221 50.6575 3
      vertex 27.25 42.6029 3
      vertex 27.25 50.3971 3
    endloop
  endfacet
  facet normal 0 0 1
    outer loop
      vertex 26.7221 50.6575 3
      vertex 26.7221 42.3425 3
      vertex 27.25 42.6029 3
    endloop
  endfacet
  facet normal 0 0 1
    outer loop
      vertex 26.1647 50.8467 3
      vertex 26.7221 42.3425 3
      vertex 26.7221 50.6575 3
    endloop
  endfacet
  facet normal 0 0 1
    outer loop
      vertex 26.1647 50.8467 3
      vertex 26.1647 42.1533 3
      vertex 26.7221 42.3425 3
    endloop
  endfacet
  facet normal 0 0 1
    outer loop
      vertex 25.5874 50.9615 3
      vertex 26.1647 42.1533 3
      vertex 26.1647 50.8467 3
    endloop
  endfacet
  facet normal 0 0 1
    outer loop
      vertex 25.5874 50.9615 3
      vertex 25.5874 42.0385 3
      vertex 26.1647 42.1533 3
    endloop
  endfacet
  facet normal 0 0 1
    outer loop
      vertex 25 51 3
      vertex 25.5874 42.0385 3
      vertex 25.5874 50.9615 3
    endloop
  endfacet
  facet normal 0 0 1
    outer loop
      vertex 25 51 3
      vertex 25 42 3
      vertex 25.5874 42.0385 3
    endloop
  endfacet
  facet normal -0 0 1
    outer loop
      vertex 24.4126 50.9615 3
      vertex 25 42 3
      vertex 25 51 3
    endloop
  endfacet
  facet normal 0 0 1
    outer loop
      vertex 24.4126 50.9615 3
      vertex 24.4126 42.0385 3
      vertex 25 42 3
    endloop
  endfacet
  facet normal -0 0 1
    outer loop
      vertex 23.8353 50.8467 3
      vertex 24.4126 42.0385 3
      vertex 24.4126 50.9615 3
    endloop
  endfacet
  facet normal 0 0 1
    outer loop
      vertex 23.8353 50.8467 3
      vertex 23.8353 42.1533 3
      vertex 24.4126 42.0385 3
    endloop
  endfacet
  facet normal -0 0 1
    outer loop
      vertex 23.2779 50.6575 3
      vertex 23.8353 42.1533 3
      vertex 23.8353 50.8467 3
    endloop
  endfacet
  facet normal 0 0 1
    outer loop
      vertex 23.2779 50.6575 3
      vertex 23.2779 42.3425 3
      vertex 23.8353 42.1533 3
    endloop
  endfacet
  facet normal -0 0 1
    outer loop
      vertex 22.75 50.3971 3
      vertex 23.2779 42.3425 3
      vertex 23.2779 50.6575 3
    endloop
  endfacet
  facet normal 0 0 1
    outer loop
      vertex 22.75 50.3971 3
      vertex 22.75 42.6029 3
      vertex 23.2779 42.3425 3
    endloop
  endfacet
  facet normal -0 0 1
    outer loop
      vertex 22.2606 50.0701 3
      vertex 22.75 42.6029 3
      vertex 22.75 50.3971 3
    endloop
  endfacet
  facet normal 0 0 1
    outer loop
      vertex 22.2606 50.0701 3
      vertex 22.2606 42.9299 3
      vertex 22.75 42.6029 3
    endloop
  endfacet
  facet normal -0 0 1
    outer loop
      vertex 21.818 49.682 3
      vertex 22.2606 42.9299 3
      vertex 22.2606 50.0701 3
    endloop
  endfacet
  facet normal 0 0 1
    outer loop
      vertex 21.818 49.682 3
      vertex 21.818 43.318 3
      vertex 22.2606 42.9299 3
    endloop
  endfacet
  facet normal -0 0 1
    outer loop
      vertex 21.4299 49.2394 3
      vertex 21.818 43.318 3
      vertex 21.818 49.682 3
    endloop
  endfacet
  facet normal 0 0 1
    outer loop
      vertex 21.4299 49.2394 3
      vertex 21.4299 43.7606 3
      vertex 21.818 43.318 3
    endloop
  endfacet
  facet normal -0 0 1
    outer loop
      vertex 21.1029 48.75 3
      vertex 21.4299 43.7606 3
      vertex 21.4299 49.2394 3
    endloop
  endfacet
  facet normal 0 0 1
    outer loop
      vertex 21.1029 48.75 3
      vertex 21.1029 44.25 3
      vertex 21.4299 43.7606 3
    endloop
  endfacet
  facet normal -0 0 1
    outer loop
      vertex 20.8425 48.2221 3
      vertex 21.1029 44.25 3
      vertex 21.1029 48.75 3
    endloop
  endfacet
  facet normal 0 0 1
    outer loop
      vertex 20.8425 48.2221 3
      vertex 20.8425 44.7779 3
      vertex 21.1029 44.25 3
    endloop
  endfacet
  facet normal -0 0 1
    outer loop
      vertex 20.6533 47.6647 3
      vertex 20.8425 44.7779 3
      vertex 20.8425 48.2221 3
    endloop
  endfacet
  facet normal 0 0 1
    outer loop
      vertex 20.6533 47.6647 3
      vertex 20.6533 45.3353 3
      vertex 20.8425 44.7779 3
    endloop
  endfacet
  facet normal -0 0 1
    outer loop
      vertex 20.5385 47.0874 3
      vertex 20.6533 45.3353 3
      vertex 20.6533 47.6647 3
    endloop
  endfacet
  facet normal 0 0 1
    outer loop
      vertex 20.5385 47.0874 3
      vertex 20.5385 45.9126 3
      vertex 20.6533 45.3353 3
    endloop
  endfacet
  facet normal 0 -0 1
    outer loop
      vertex 20.5385 45.9126 3
      vertex 20.5385 47.0874 3
      vertex 20.5 46.5 3
    endloop
  endfacet
  facet normal 0.0654027 0.997859 -0
    outer loop
      vertex 25 42 3
      vertex 24.4126 42.0385 8.5
      vertex 25 42 8.5
    endloop
  endfacet
  facet normal 0.0654027 0.997859 0
    outer loop
      vertex 24.4126 42.0385 8.5
      vertex 25 42 3
      vertex 24.4126 42.0385 3
    endloop
  endfacet
  facet normal -0.751882 -0.659298 0
    outer loop
      vertex 28.5701 49.2394 3
      vertex 28.182 49.682 8.5
      vertex 28.182 49.682 3
    endloop
  endfacet
  facet normal -0.751882 -0.659298 0
    outer loop
      vertex 28.182 49.682 8.5
      vertex 28.5701 49.2394 3
      vertex 28.5701 49.2394 8.5
    endloop
  endfacet
  facet normal 0.555562 -0.831475 0
    outer loop
      vertex 22.2606 50.0701 3
      vertex 22.75 50.3971 8.5
      vertex 22.2606 50.0701 8.5
    endloop
  endfacet
  facet normal 0.555562 -0.831475 0
    outer loop
      vertex 22.75 50.3971 8.5
      vertex 22.2606 50.0701 3
      vertex 22.75 50.3971 3
    endloop
  endfacet
  facet normal -0.321421 0.946936 0
    outer loop
      vertex 26.7221 42.3425 3
      vertex 26.1647 42.1533 8.5
      vertex 26.7221 42.3425 8.5
    endloop
  endfacet
  facet normal -0.321421 0.946936 0
    outer loop
      vertex 26.1647 42.1533 8.5
      vertex 26.7221 42.3425 3
      vertex 26.1647 42.1533 3
    endloop
  endfacet
  facet normal -0.442382 0.896827 0
    outer loop
      vertex 27.25 42.6029 3
      vertex 26.7221 42.3425 8.5
      vertex 27.25 42.6029 8.5
    endloop
  endfacet
  facet normal -0.442382 0.896827 0
    outer loop
      vertex 26.7221 42.3425 8.5
      vertex 27.25 42.6029 3
      vertex 26.7221 42.3425 3
    endloop
  endfacet
  facet normal 0.195038 -0.980796 0
    outer loop
      vertex 23.8353 50.8467 3
      vertex 24.4126 50.9615 8.5
      vertex 23.8353 50.8467 8.5
    endloop
  endfacet
  facet normal 0.195038 -0.980796 0
    outer loop
      vertex 24.4126 50.9615 8.5
      vertex 23.8353 50.8467 3
      vertex 24.4126 50.9615 3
    endloop
  endfacet
  facet normal -0.946936 0.321421 0
    outer loop
      vertex 29.1575 44.7779 3
      vertex 29.3467 45.3353 8.5
      vertex 29.3467 45.3353 3
    endloop
  endfacet
  facet normal -0.946936 0.321421 0
    outer loop
      vertex 29.3467 45.3353 8.5
      vertex 29.1575 44.7779 3
      vertex 29.1575 44.7779 8.5
    endloop
  endfacet
  facet normal 0.195038 0.980796 -0
    outer loop
      vertex 24.4126 42.0385 3
      vertex 23.8353 42.1533 8.5
      vertex 24.4126 42.0385 8.5
    endloop
  endfacet
  facet normal 0.195038 0.980796 0
    outer loop
      vertex 23.8353 42.1533 8.5
      vertex 24.4126 42.0385 3
      vertex 23.8353 42.1533 3
    endloop
  endfacet
  facet normal -0.0654027 -0.997859 0
    outer loop
      vertex 25 51 3
      vertex 25.5874 50.9615 8.5
      vertex 25 51 8.5
    endloop
  endfacet
  facet normal -0.0654027 -0.997859 -0
    outer loop
      vertex 25.5874 50.9615 8.5
      vertex 25 51 3
      vertex 25.5874 50.9615 3
    endloop
  endfacet
  facet normal 0.442382 0.896827 -0
    outer loop
      vertex 23.2779 42.3425 3
      vertex 22.75 42.6029 8.5
      vertex 23.2779 42.3425 8.5
    endloop
  endfacet
  facet normal 0.442382 0.896827 0
    outer loop
      vertex 22.75 42.6029 8.5
      vertex 23.2779 42.3425 3
      vertex 22.75 42.6029 3
    endloop
  endfacet
  facet normal 0.946936 -0.321421 0
    outer loop
      vertex 20.6533 47.6647 8.5
      vertex 20.8425 48.2221 3
      vertex 20.8425 48.2221 8.5
    endloop
  endfacet
  facet normal 0.946936 -0.321421 0
    outer loop
      vertex 20.8425 48.2221 3
      vertex 20.6533 47.6647 8.5
      vertex 20.6533 47.6647 3
    endloop
  endfacet
  facet normal -0.195038 0.980796 0
    outer loop
      vertex 39.1647 42.1533 3
      vertex 38.5874 42.0385 8.5
      vertex 39.1647 42.1533 8.5
    endloop
  endfacet
  facet normal -0.195038 0.980796 0
    outer loop
      vertex 38.5874 42.0385 8.5
      vertex 39.1647 42.1533 3
      vertex 38.5874 42.0385 3
    endloop
  endfacet
  facet normal -0.980796 -0.195038 0
    outer loop
      vertex 42.4615 47.0874 3
      vertex 42.3467 47.6647 8.5
      vertex 42.3467 47.6647 3
    endloop
  endfacet
  facet normal -0.980796 -0.195038 0
    outer loop
      vertex 42.3467 47.6647 8.5
      vertex 42.4615 47.0874 3
      vertex 42.4615 47.0874 8.5
    endloop
  endfacet
  facet normal -0.997859 -0.0654027 0
    outer loop
      vertex 42.5 46.5 3
      vertex 42.4615 47.0874 8.5
      vertex 42.4615 47.0874 3
    endloop
  endfacet
  facet normal -0.997859 -0.0654027 0
    outer loop
      vertex 42.4615 47.0874 8.5
      vertex 42.5 46.5 3
      vertex 42.5 46.5 8.5
    endloop
  endfacet
  facet normal -0.980796 0.195038 0
    outer loop
      vertex 42.3467 45.3353 3
      vertex 42.4615 45.9126 8.5
      vertex 42.4615 45.9126 3
    endloop
  endfacet
  facet normal -0.980796 0.195038 0
    outer loop
      vertex 42.4615 45.9126 8.5
      vertex 42.3467 45.3353 3
      vertex 42.3467 45.3353 8.5
    endloop
  endfacet
  facet normal 0.831475 -0.555562 0
    outer loop
      vertex 34.1029 48.75 8.5
      vertex 34.4299 49.2394 3
      vertex 34.4299 49.2394 8.5
    endloop
  endfacet
  facet normal 0.831475 -0.555562 0
    outer loop
      vertex 34.4299 49.2394 3
      vertex 34.1029 48.75 8.5
      vertex 34.1029 48.75 3
    endloop
  endfacet
  facet normal -0.659298 -0.751882 0
    outer loop
      vertex 40.7394 50.0701 3
      vertex 41.182 49.682 8.5
      vertex 40.7394 50.0701 8.5
    endloop
  endfacet
  facet normal -0.659298 -0.751882 -0
    outer loop
      vertex 41.182 49.682 8.5
      vertex 40.7394 50.0701 3
      vertex 41.182 49.682 3
    endloop
  endfacet
  facet normal 0.195038 0.980796 -0
    outer loop
      vertex 37.4126 42.0385 3
      vertex 36.8353 42.1533 8.5
      vertex 37.4126 42.0385 8.5
    endloop
  endfacet
  facet normal 0.195038 0.980796 0
    outer loop
      vertex 36.8353 42.1533 8.5
      vertex 37.4126 42.0385 3
      vertex 36.8353 42.1533 3
    endloop
  endfacet
  facet normal -0.195038 -0.980796 0
    outer loop
      vertex 38.5874 50.9615 3
      vertex 39.1647 50.8467 8.5
      vertex 38.5874 50.9615 8.5
    endloop
  endfacet
  facet normal -0.195038 -0.980796 -0
    outer loop
      vertex 39.1647 50.8467 8.5
      vertex 38.5874 50.9615 3
      vertex 39.1647 50.8467 3
    endloop
  endfacet
  facet normal -0.659298 0.751882 0
    outer loop
      vertex 41.182 43.318 3
      vertex 40.7394 42.9299 8.5
      vertex 41.182 43.318 8.5
    endloop
  endfacet
  facet normal -0.659298 0.751882 0
    outer loop
      vertex 40.7394 42.9299 8.5
      vertex 41.182 43.318 3
      vertex 40.7394 42.9299 3
    endloop
  endfacet
  facet normal -0.896827 0.442382 0
    outer loop
      vertex 41.8971 44.25 3
      vertex 42.1575 44.7779 8.5
      vertex 42.1575 44.7779 3
    endloop
  endfacet
  facet normal -0.896827 0.442382 0
    outer loop
      vertex 42.1575 44.7779 8.5
      vertex 41.8971 44.25 3
      vertex 41.8971 44.25 8.5
    endloop
  endfacet
  facet normal -0.946936 0.321421 0
    outer loop
      vertex 42.1575 44.7779 3
      vertex 42.3467 45.3353 8.5
      vertex 42.3467 45.3353 3
    endloop
  endfacet
  facet normal -0.946936 0.321421 0
    outer loop
      vertex 42.3467 45.3353 8.5
      vertex 42.1575 44.7779 3
      vertex 42.1575 44.7779 8.5
    endloop
  endfacet
  facet normal 0.555562 0.831475 -0
    outer loop
      vertex 35.75 42.6029 3
      vertex 35.2606 42.9299 8.5
      vertex 35.75 42.6029 8.5
    endloop
  endfacet
  facet normal 0.555562 0.831475 0
    outer loop
      vertex 35.2606 42.9299 8.5
      vertex 35.75 42.6029 3
      vertex 35.2606 42.9299 3
    endloop
  endfacet
  facet normal -0.831475 0.555562 0
    outer loop
      vertex 41.5701 43.7606 3
      vertex 41.8971 44.25 8.5
      vertex 41.8971 44.25 3
    endloop
  endfacet
  facet normal -0.831475 0.555562 0
    outer loop
      vertex 41.8971 44.25 8.5
      vertex 41.5701 43.7606 3
      vertex 41.5701 43.7606 8.5
    endloop
  endfacet
  facet normal 0.896827 -0.442382 0
    outer loop
      vertex 33.8425 48.2221 8.5
      vertex 34.1029 48.75 3
      vertex 34.1029 48.75 8.5
    endloop
  endfacet
  facet normal 0.896827 -0.442382 0
    outer loop
      vertex 34.1029 48.75 3
      vertex 33.8425 48.2221 8.5
      vertex 33.8425 48.2221 3
    endloop
  endfacet
  facet normal 0.997859 -0.0654027 0
    outer loop
      vertex 33.5 46.5 8.5
      vertex 33.5385 47.0874 3
      vertex 33.5385 47.0874 8.5
    endloop
  endfacet
  facet normal 0.997859 -0.0654027 0
    outer loop
      vertex 33.5385 47.0874 3
      vertex 33.5 46.5 8.5
      vertex 33.5 46.5 3
    endloop
  endfacet
  facet normal 0.0654027 -0.997859 0
    outer loop
      vertex 37.4126 50.9615 3
      vertex 38 51 8.5
      vertex 37.4126 50.9615 8.5
    endloop
  endfacet
  facet normal 0.0654027 -0.997859 0
    outer loop
      vertex 38 51 8.5
      vertex 37.4126 50.9615 3
      vertex 38 51 3
    endloop
  endfacet
  facet normal 0.896827 0.442382 0
    outer loop
      vertex 34.1029 44.25 8.5
      vertex 33.8425 44.7779 3
      vertex 33.8425 44.7779 8.5
    endloop
  endfacet
  facet normal 0.896827 0.442382 0
    outer loop
      vertex 33.8425 44.7779 3
      vertex 34.1029 44.25 8.5
      vertex 34.1029 44.25 3
    endloop
  endfacet
  facet normal -0.442382 -0.896827 0
    outer loop
      vertex 39.7221 50.6575 3
      vertex 40.25 50.3971 8.5
      vertex 39.7221 50.6575 8.5
    endloop
  endfacet
  facet normal -0.442382 -0.896827 -0
    outer loop
      vertex 40.25 50.3971 8.5
      vertex 39.7221 50.6575 3
      vertex 40.25 50.3971 3
    endloop
  endfacet
  facet normal -0.0654027 0.997859 0
    outer loop
      vertex 38.5874 42.0385 3
      vertex 38 42 8.5
      vertex 38.5874 42.0385 8.5
    endloop
  endfacet
  facet normal -0.0654027 0.997859 0
    outer loop
      vertex 38 42 8.5
      vertex 38.5874 42.0385 3
      vertex 38 42 3
    endloop
  endfacet
  facet normal 0.751882 0.659298 0
    outer loop
      vertex 34.818 43.318 8.5
      vertex 34.4299 43.7606 3
      vertex 34.4299 43.7606 8.5
    endloop
  endfacet
  facet normal 0.751882 0.659298 0
    outer loop
      vertex 34.4299 43.7606 3
      vertex 34.818 43.318 8.5
      vertex 34.818 43.318 3
    endloop
  endfacet
  facet normal 0.321421 -0.946936 0
    outer loop
      vertex 36.2779 50.6575 3
      vertex 36.8353 50.8467 8.5
      vertex 36.2779 50.6575 8.5
    endloop
  endfacet
  facet normal 0.321421 -0.946936 0
    outer loop
      vertex 36.8353 50.8467 8.5
      vertex 36.2779 50.6575 3
      vertex 36.8353 50.8467 3
    endloop
  endfacet
  facet normal 0.997859 0.0654027 0
    outer loop
      vertex 33.5385 45.9126 8.5
      vertex 33.5 46.5 3
      vertex 33.5 46.5 8.5
    endloop
  endfacet
  facet normal 0.997859 0.0654027 0
    outer loop
      vertex 33.5 46.5 3
      vertex 33.5385 45.9126 8.5
      vertex 33.5385 45.9126 3
    endloop
  endfacet
  facet normal 0.659298 -0.751882 0
    outer loop
      vertex 34.818 49.682 3
      vertex 35.2606 50.0701 8.5
      vertex 34.818 49.682 8.5
    endloop
  endfacet
  facet normal 0.659298 -0.751882 0
    outer loop
      vertex 35.2606 50.0701 8.5
      vertex 34.818 49.682 3
      vertex 35.2606 50.0701 3
    endloop
  endfacet
  facet normal 0.751882 -0.659298 0
    outer loop
      vertex 34.4299 49.2394 8.5
      vertex 34.818 49.682 3
      vertex 34.818 49.682 8.5
    endloop
  endfacet
  facet normal 0.751882 -0.659298 0
    outer loop
      vertex 34.818 49.682 3
      vertex 34.4299 49.2394 8.5
      vertex 34.4299 49.2394 3
    endloop
  endfacet
  facet normal -0.831475 -0.555562 0
    outer loop
      vertex 41.8971 48.75 3
      vertex 41.5701 49.2394 8.5
      vertex 41.5701 49.2394 3
    endloop
  endfacet
  facet normal -0.831475 -0.555562 0
    outer loop
      vertex 41.5701 49.2394 8.5
      vertex 41.8971 48.75 3
      vertex 41.8971 48.75 8.5
    endloop
  endfacet
  facet normal -0.555562 -0.831475 0
    outer loop
      vertex 40.25 50.3971 3
      vertex 40.7394 50.0701 8.5
      vertex 40.25 50.3971 8.5
    endloop
  endfacet
  facet normal -0.555562 -0.831475 -0
    outer loop
      vertex 40.7394 50.0701 8.5
      vertex 40.25 50.3971 3
      vertex 40.7394 50.0701 3
    endloop
  endfacet
  facet normal 0.980796 0.195038 0
    outer loop
      vertex 33.6533 45.3353 8.5
      vertex 33.5385 45.9126 3
      vertex 33.5385 45.9126 8.5
    endloop
  endfacet
  facet normal 0.980796 0.195038 0
    outer loop
      vertex 33.5385 45.9126 3
      vertex 33.6533 45.3353 8.5
      vertex 33.6533 45.3353 3
    endloop
  endfacet
  facet normal 0.442382 -0.896827 0
    outer loop
      vertex 35.75 50.3971 3
      vertex 36.2779 50.6575 8.5
      vertex 35.75 50.3971 8.5
    endloop
  endfacet
  facet normal 0.442382 -0.896827 0
    outer loop
      vertex 36.2779 50.6575 8.5
      vertex 35.75 50.3971 3
      vertex 36.2779 50.6575 3
    endloop
  endfacet
  facet normal -0.321421 -0.946936 0
    outer loop
      vertex 39.1647 50.8467 3
      vertex 39.7221 50.6575 8.5
      vertex 39.1647 50.8467 8.5
    endloop
  endfacet
  facet normal -0.321421 -0.946936 -0
    outer loop
      vertex 39.7221 50.6575 8.5
      vertex 39.1647 50.8467 3
      vertex 39.7221 50.6575 3
    endloop
  endfacet
  facet normal -0.997859 0.0654027 0
    outer loop
      vertex 42.4615 45.9126 3
      vertex 42.5 46.5 8.5
      vertex 42.5 46.5 3
    endloop
  endfacet
  facet normal -0.997859 0.0654027 0
    outer loop
      vertex 42.5 46.5 8.5
      vertex 42.4615 45.9126 3
      vertex 42.4615 45.9126 8.5
    endloop
  endfacet
  facet normal -0.555562 0.831475 0
    outer loop
      vertex 40.7394 42.9299 3
      vertex 40.25 42.6029 8.5
      vertex 40.7394 42.9299 8.5
    endloop
  endfacet
  facet normal -0.555562 0.831475 0
    outer loop
      vertex 40.25 42.6029 8.5
      vertex 40.7394 42.9299 3
      vertex 40.25 42.6029 3
    endloop
  endfacet
  facet normal -0.896827 -0.442382 0
    outer loop
      vertex 42.1575 48.2221 3
      vertex 41.8971 48.75 8.5
      vertex 41.8971 48.75 3
    endloop
  endfacet
  facet normal -0.896827 -0.442382 0
    outer loop
      vertex 41.8971 48.75 8.5
      vertex 42.1575 48.2221 3
      vertex 42.1575 48.2221 8.5
    endloop
  endfacet
  facet normal 0.659298 0.751882 -0
    outer loop
      vertex 35.2606 42.9299 3
      vertex 34.818 43.318 8.5
      vertex 35.2606 42.9299 8.5
    endloop
  endfacet
  facet normal 0.659298 0.751882 0
    outer loop
      vertex 34.818 43.318 8.5
      vertex 35.2606 42.9299 3
      vertex 34.818 43.318 3
    endloop
  endfacet
  facet normal 0.321421 0.946936 -0
    outer loop
      vertex 36.8353 42.1533 3
      vertex 36.2779 42.3425 8.5
      vertex 36.8353 42.1533 8.5
    endloop
  endfacet
  facet normal 0.321421 0.946936 0
    outer loop
      vertex 36.2779 42.3425 8.5
      vertex 36.8353 42.1533 3
      vertex 36.2779 42.3425 3
    endloop
  endfacet
  facet normal 0.980796 -0.195038 0
    outer loop
      vertex 33.5385 47.0874 8.5
      vertex 33.6533 47.6647 3
      vertex 33.6533 47.6647 8.5
    endloop
  endfacet
  facet normal 0.980796 -0.195038 0
    outer loop
      vertex 33.6533 47.6647 3
      vertex 33.5385 47.0874 8.5
      vertex 33.5385 47.0874 3
    endloop
  endfacet
  facet normal -0.751882 0.659298 0
    outer loop
      vertex 41.182 43.318 3
      vertex 41.5701 43.7606 8.5
      vertex 41.5701 43.7606 3
    endloop
  endfacet
  facet normal -0.751882 0.659298 0
    outer loop
      vertex 41.5701 43.7606 8.5
      vertex 41.182 43.318 3
      vertex 41.182 43.318 8.5
    endloop
  endfacet
  facet normal 0 0 1
    outer loop
      vertex 42.4615 47.0874 3
      vertex 42.4615 45.9126 3
      vertex 42.5 46.5 3
    endloop
  endfacet
  facet normal 0 0 1
    outer loop
      vertex 42.3467 47.6647 3
      vertex 42.4615 45.9126 3
      vertex 42.4615 47.0874 3
    endloop
  endfacet
  facet normal 0 0 1
    outer loop
      vertex 42.3467 47.6647 3
      vertex 42.3467 45.3353 3
      vertex 42.4615 45.9126 3
    endloop
  endfacet
  facet normal 0 0 1
    outer loop
      vertex 42.1575 48.2221 3
      vertex 42.3467 45.3353 3
      vertex 42.3467 47.6647 3
    endloop
  endfacet
  facet normal 0 0 1
    outer loop
      vertex 42.1575 48.2221 3
      vertex 42.1575 44.7779 3
      vertex 42.3467 45.3353 3
    endloop
  endfacet
  facet normal 0 0 1
    outer loop
      vertex 41.8971 48.75 3
      vertex 42.1575 44.7779 3
      vertex 42.1575 48.2221 3
    endloop
  endfacet
  facet normal 0 0 1
    outer loop
      vertex 41.8971 48.75 3
      vertex 41.8971 44.25 3
      vertex 42.1575 44.7779 3
    endloop
  endfacet
  facet normal 0 0 1
    outer loop
      vertex 41.5701 49.2394 3
      vertex 41.8971 44.25 3
      vertex 41.8971 48.75 3
    endloop
  endfacet
  facet normal 0 0 1
    outer loop
      vertex 41.5701 49.2394 3
      vertex 41.5701 43.7606 3
      vertex 41.8971 44.25 3
    endloop
  endfacet
  facet normal 0 0 1
    outer loop
      vertex 41.182 49.682 3
      vertex 41.5701 43.7606 3
      vertex 41.5701 49.2394 3
    endloop
  endfacet
  facet normal 0 0 1
    outer loop
      vertex 41.182 49.682 3
      vertex 41.182 43.318 3
      vertex 41.5701 43.7606 3
    endloop
  endfacet
  facet normal 0 0 1
    outer loop
      vertex 40.7394 50.0701 3
      vertex 41.182 43.318 3
      vertex 41.182 49.682 3
    endloop
  endfacet
  facet normal 0 0 1
    outer loop
      vertex 40.7394 50.0701 3
      vertex 40.7394 42.9299 3
      vertex 41.182 43.318 3
    endloop
  endfacet
  facet normal 0 0 1
    outer loop
      vertex 40.25 50.3971 3
      vertex 40.7394 42.9299 3
      vertex 40.7394 50.0701 3
    endloop
  endfacet
  facet normal 0 0 1
    outer loop
      vertex 40.25 50.3971 3
      vertex 40.25 42.6029 3
      vertex 40.7394 42.9299 3
    endloop
  endfacet
  facet normal 0 0 1
    outer loop
      vertex 39.7221 50.6575 3
      vertex 40.25 42.6029 3
      vertex 40.25 50.3971 3
    endloop
  endfacet
  facet normal 0 0 1
    outer loop
      vertex 39.7221 50.6575 3
      vertex 39.7221 42.3425 3
      vertex 40.25 42.6029 3
    endloop
  endfacet
  facet normal 0 0 1
    outer loop
      vertex 39.1647 50.8467 3
      vertex 39.7221 42.3425 3
      vertex 39.7221 50.6575 3
    endloop
  endfacet
  facet normal 0 0 1
    outer loop
      vertex 39.1647 50.8467 3
      vertex 39.1647 42.1533 3
      vertex 39.7221 42.3425 3
    endloop
  endfacet
  facet normal 0 0 1
    outer loop
      vertex 38.5874 50.9615 3
      vertex 39.1647 42.1533 3
      vertex 39.1647 50.8467 3
    endloop
  endfacet
  facet normal 0 0 1
    outer loop
      vertex 38.5874 50.9615 3
      vertex 38.5874 42.0385 3
      vertex 39.1647 42.1533 3
    endloop
  endfacet
  facet normal 0 0 1
    outer loop
      vertex 38 51 3
      vertex 38.5874 42.0385 3
      vertex 38.5874 50.9615 3
    endloop
  endfacet
  facet normal 0 0 1
    outer loop
      vertex 38 51 3
      vertex 38 42 3
      vertex 38.5874 42.0385 3
    endloop
  endfacet
  facet normal -0 0 1
    outer loop
      vertex 37.4126 50.9615 3
      vertex 38 42 3
      vertex 38 51 3
    endloop
  endfacet
  facet normal 0 0 1
    outer loop
      vertex 37.4126 50.9615 3
      vertex 37.4126 42.0385 3
      vertex 38 42 3
    endloop
  endfacet
  facet normal -0 0 1
    outer loop
      vertex 36.8353 50.8467 3
      vertex 37.4126 42.0385 3
      vertex 37.4126 50.9615 3
    endloop
  endfacet
  facet normal 0 0 1
    outer loop
      vertex 36.8353 50.8467 3
      vertex 36.8353 42.1533 3
      vertex 37.4126 42.0385 3
    endloop
  endfacet
  facet normal -0 0 1
    outer loop
      vertex 36.2779 50.6575 3
      vertex 36.8353 42.1533 3
      vertex 36.8353 50.8467 3
    endloop
  endfacet
  facet normal 0 0 1
    outer loop
      vertex 36.2779 50.6575 3
      vertex 36.2779 42.3425 3
      vertex 36.8353 42.1533 3
    endloop
  endfacet
  facet normal -0 0 1
    outer loop
      vertex 35.75 50.3971 3
      vertex 36.2779 42.3425 3
      vertex 36.2779 50.6575 3
    endloop
  endfacet
  facet normal 0 0 1
    outer loop
      vertex 35.75 50.3971 3
      vertex 35.75 42.6029 3
      vertex 36.2779 42.3425 3
    endloop
  endfacet
  facet normal -0 0 1
    outer loop
      vertex 35.2606 50.0701 3
      vertex 35.75 42.6029 3
      vertex 35.75 50.3971 3
    endloop
  endfacet
  facet normal 0 0 1
    outer loop
      vertex 35.2606 50.0701 3
      vertex 35.2606 42.9299 3
      vertex 35.75 42.6029 3
    endloop
  endfacet
  facet normal -0 0 1
    outer loop
      vertex 34.818 49.682 3
      vertex 35.2606 42.9299 3
      vertex 35.2606 50.0701 3
    endloop
  endfacet
  facet normal 0 0 1
    outer loop
      vertex 34.818 49.682 3
      vertex 34.818 43.318 3
      vertex 35.2606 42.9299 3
    endloop
  endfacet
  facet normal -0 0 1
    outer loop
      vertex 34.4299 49.2394 3
      vertex 34.818 43.318 3
      vertex 34.818 49.682 3
    endloop
  endfacet
  facet normal 0 0 1
    outer loop
      vertex 34.4299 49.2394 3
      vertex 34.4299 43.7606 3
      vertex 34.818 43.318 3
    endloop
  endfacet
  facet normal -0 0 1
    outer loop
      vertex 34.1029 48.75 3
      vertex 34.4299 43.7606 3
      vertex 34.4299 49.2394 3
    endloop
  endfacet
  facet normal 0 0 1
    outer loop
      vertex 34.1029 48.75 3
      vertex 34.1029 44.25 3
      vertex 34.4299 43.7606 3
    endloop
  endfacet
  facet normal -0 0 1
    outer loop
      vertex 33.8425 48.2221 3
      vertex 34.1029 44.25 3
      vertex 34.1029 48.75 3
    endloop
  endfacet
  facet normal 0 0 1
    outer loop
      vertex 33.8425 48.2221 3
      vertex 33.8425 44.7779 3
      vertex 34.1029 44.25 3
    endloop
  endfacet
  facet normal -0 0 1
    outer loop
      vertex 33.6533 47.6647 3
      vertex 33.8425 44.7779 3
      vertex 33.8425 48.2221 3
    endloop
  endfacet
  facet normal 0 0 1
    outer loop
      vertex 33.6533 47.6647 3
      vertex 33.6533 45.3353 3
      vertex 33.8425 44.7779 3
    endloop
  endfacet
  facet normal -0 0 1
    outer loop
      vertex 33.5385 47.0874 3
      vertex 33.6533 45.3353 3
      vertex 33.6533 47.6647 3
    endloop
  endfacet
  facet normal 0 0 1
    outer loop
      vertex 33.5385 47.0874 3
      vertex 33.5385 45.9126 3
      vertex 33.6533 45.3353 3
    endloop
  endfacet
  facet normal 0 -0 1
    outer loop
      vertex 33.5385 45.9126 3
      vertex 33.5385 47.0874 3
      vertex 33.5 46.5 3
    endloop
  endfacet
  facet normal 0.946936 0.321421 0
    outer loop
      vertex 33.8425 44.7779 8.5
      vertex 33.6533 45.3353 3
      vertex 33.6533 45.3353 8.5
    endloop
  endfacet
  facet normal 0.946936 0.321421 0
    outer loop
      vertex 33.6533 45.3353 3
      vertex 33.8425 44.7779 8.5
      vertex 33.8425 44.7779 3
    endloop
  endfacet
  facet normal 0.0654027 0.997859 -0
    outer loop
      vertex 38 42 3
      vertex 37.4126 42.0385 8.5
      vertex 38 42 8.5
    endloop
  endfacet
  facet normal 0.0654027 0.997859 0
    outer loop
      vertex 37.4126 42.0385 8.5
      vertex 38 42 3
      vertex 37.4126 42.0385 3
    endloop
  endfacet
  facet normal -0.751882 -0.659298 0
    outer loop
      vertex 41.5701 49.2394 3
      vertex 41.182 49.682 8.5
      vertex 41.182 49.682 3
    endloop
  endfacet
  facet normal -0.751882 -0.659298 0
    outer loop
      vertex 41.182 49.682 8.5
      vertex 41.5701 49.2394 3
      vertex 41.5701 49.2394 8.5
    endloop
  endfacet
  facet normal -0.442382 0.896827 0
    outer loop
      vertex 40.25 42.6029 3
      vertex 39.7221 42.3425 8.5
      vertex 40.25 42.6029 8.5
    endloop
  endfacet
  facet normal -0.442382 0.896827 0
    outer loop
      vertex 39.7221 42.3425 8.5
      vertex 40.25 42.6029 3
      vertex 39.7221 42.3425 3
    endloop
  endfacet
  facet normal 0.555562 -0.831475 0
    outer loop
      vertex 35.2606 50.0701 3
      vertex 35.75 50.3971 8.5
      vertex 35.2606 50.0701 8.5
    endloop
  endfacet
  facet normal 0.555562 -0.831475 0
    outer loop
      vertex 35.75 50.3971 8.5
      vertex 35.2606 50.0701 3
      vertex 35.75 50.3971 3
    endloop
  endfacet
  facet normal -0.946936 -0.321421 0
    outer loop
      vertex 42.3467 47.6647 3
      vertex 42.1575 48.2221 8.5
      vertex 42.1575 48.2221 3
    endloop
  endfacet
  facet normal -0.946936 -0.321421 0
    outer loop
      vertex 42.1575 48.2221 8.5
      vertex 42.3467 47.6647 3
      vertex 42.3467 47.6647 8.5
    endloop
  endfacet
  facet normal -0.321421 0.946936 0
    outer loop
      vertex 39.7221 42.3425 3
      vertex 39.1647 42.1533 8.5
      vertex 39.7221 42.3425 8.5
    endloop
  endfacet
  facet normal -0.321421 0.946936 0
    outer loop
      vertex 39.1647 42.1533 8.5
      vertex 39.7221 42.3425 3
      vertex 39.1647 42.1533 3
    endloop
  endfacet
  facet normal 0.195038 -0.980796 0
    outer loop
      vertex 36.8353 50.8467 3
      vertex 37.4126 50.9615 8.5
      vertex 36.8353 50.8467 8.5
    endloop
  endfacet
  facet normal 0.195038 -0.980796 0
    outer loop
      vertex 37.4126 50.9615 8.5
      vertex 36.8353 50.8467 3
      vertex 37.4126 50.9615 3
    endloop
  endfacet
  facet normal -0.0654027 -0.997859 0
    outer loop
      vertex 38 51 3
      vertex 38.5874 50.9615 8.5
      vertex 38 51 8.5
    endloop
  endfacet
  facet normal -0.0654027 -0.997859 -0
    outer loop
      vertex 38.5874 50.9615 8.5
      vertex 38 51 3
      vertex 38.5874 50.9615 3
    endloop
  endfacet
  facet normal 0.442382 0.896827 -0
    outer loop
      vertex 36.2779 42.3425 3
      vertex 35.75 42.6029 8.5
      vertex 36.2779 42.3425 8.5
    endloop
  endfacet
  facet normal 0.442382 0.896827 0
    outer loop
      vertex 35.75 42.6029 8.5
      vertex 36.2779 42.3425 3
      vertex 35.75 42.6029 3
    endloop
  endfacet
  facet normal 0.831475 0.555562 0
    outer loop
      vertex 34.4299 43.7606 8.5
      vertex 34.1029 44.25 3
      vertex 34.1029 44.25 8.5
    endloop
  endfacet
  facet normal 0.831475 0.555562 0
    outer loop
      vertex 34.1029 44.25 3
      vertex 34.4299 43.7606 8.5
      vertex 34.4299 43.7606 3
    endloop
  endfacet
  facet normal 0.946936 -0.321421 0
    outer loop
      vertex 33.6533 47.6647 8.5
      vertex 33.8425 48.2221 3
      vertex 33.8425 48.2221 8.5
    endloop
  endfacet
  facet normal 0.946936 -0.321421 0
    outer loop
      vertex 33.8425 48.2221 3
      vertex 33.6533 47.6647 8.5
      vertex 33.6533 47.6647 3
    endloop
  endfacet
  facet normal -0.195038 0.980796 0
    outer loop
      vertex 52.1647 42.1533 3
      vertex 51.5874 42.0385 8.5
      vertex 52.1647 42.1533 8.5
    endloop
  endfacet
  facet normal -0.195038 0.980796 0
    outer loop
      vertex 51.5874 42.0385 8.5
      vertex 52.1647 42.1533 3
      vertex 51.5874 42.0385 3
    endloop
  endfacet
  facet normal -0.980796 -0.195038 0
    outer loop
      vertex 55.4615 47.0874 3
      vertex 55.3467 47.6647 8.5
      vertex 55.3467 47.6647 3
    endloop
  endfacet
  facet normal -0.980796 -0.195038 0
    outer loop
      vertex 55.3467 47.6647 8.5
      vertex 55.4615 47.0874 3
      vertex 55.4615 47.0874 8.5
    endloop
  endfacet
  facet normal -0.997859 -0.0654027 0
    outer loop
      vertex 55.5 46.5 3
      vertex 55.4615 47.0874 8.5
      vertex 55.4615 47.0874 3
    endloop
  endfacet
  facet normal -0.997859 -0.0654027 0
    outer loop
      vertex 55.4615 47.0874 8.5
      vertex 55.5 46.5 3
      vertex 55.5 46.5 8.5
    endloop
  endfacet
  facet normal -0.980796 0.195038 0
    outer loop
      vertex 55.3467 45.3353 3
      vertex 55.4615 45.9126 8.5
      vertex 55.4615 45.9126 3
    endloop
  endfacet
  facet normal -0.980796 0.195038 0
    outer loop
      vertex 55.4615 45.9126 8.5
      vertex 55.3467 45.3353 3
      vertex 55.3467 45.3353 8.5
    endloop
  endfacet
  facet normal 0.831475 -0.555562 0
    outer loop
      vertex 47.1029 48.75 8.5
      vertex 47.4299 49.2394 3
      vertex 47.4299 49.2394 8.5
    endloop
  endfacet
  facet normal 0.831475 -0.555562 0
    outer loop
      vertex 47.4299 49.2394 3
      vertex 47.1029 48.75 8.5
      vertex 47.1029 48.75 3
    endloop
  endfacet
  facet normal -0.659298 -0.751882 0
    outer loop
      vertex 53.7394 50.0701 3
      vertex 54.182 49.682 8.5
      vertex 53.7394 50.0701 8.5
    endloop
  endfacet
  facet normal -0.659298 -0.751882 -0
    outer loop
      vertex 54.182 49.682 8.5
      vertex 53.7394 50.0701 3
      vertex 54.182 49.682 3
    endloop
  endfacet
  facet normal -0.195038 -0.980796 0
    outer loop
      vertex 51.5874 50.9615 3
      vertex 52.1647 50.8467 8.5
      vertex 51.5874 50.9615 8.5
    endloop
  endfacet
  facet normal -0.195038 -0.980796 -0
    outer loop
      vertex 52.1647 50.8467 8.5
      vertex 51.5874 50.9615 3
      vertex 52.1647 50.8467 3
    endloop
  endfacet
  facet normal -0.659298 0.751882 0
    outer loop
      vertex 54.182 43.318 3
      vertex 53.7394 42.9299 8.5
      vertex 54.182 43.318 8.5
    endloop
  endfacet
  facet normal -0.659298 0.751882 0
    outer loop
      vertex 53.7394 42.9299 8.5
      vertex 54.182 43.318 3
      vertex 53.7394 42.9299 3
    endloop
  endfacet
  facet normal -0.896827 0.442382 0
    outer loop
      vertex 54.8971 44.25 3
      vertex 55.1575 44.7779 8.5
      vertex 55.1575 44.7779 3
    endloop
  endfacet
  facet normal -0.896827 0.442382 0
    outer loop
      vertex 55.1575 44.7779 8.5
      vertex 54.8971 44.25 3
      vertex 54.8971 44.25 8.5
    endloop
  endfacet
  facet normal 0.555562 0.831475 -0
    outer loop
      vertex 48.75 42.6029 3
      vertex 48.2606 42.9299 8.5
      vertex 48.75 42.6029 8.5
    endloop
  endfacet
  facet normal 0.555562 0.831475 0
    outer loop
      vertex 48.2606 42.9299 8.5
      vertex 48.75 42.6029 3
      vertex 48.2606 42.9299 3
    endloop
  endfacet
  facet normal -0.831475 0.555562 0
    outer loop
      vertex 54.5701 43.7606 3
      vertex 54.8971 44.25 8.5
      vertex 54.8971 44.25 3
    endloop
  endfacet
  facet normal -0.831475 0.555562 0
    outer loop
      vertex 54.8971 44.25 8.5
      vertex 54.5701 43.7606 3
      vertex 54.5701 43.7606 8.5
    endloop
  endfacet
  facet normal 0.896827 -0.442382 0
    outer loop
      vertex 46.8425 48.2221 8.5
      vertex 47.1029 48.75 3
      vertex 47.1029 48.75 8.5
    endloop
  endfacet
  facet normal 0.896827 -0.442382 0
    outer loop
      vertex 47.1029 48.75 3
      vertex 46.8425 48.2221 8.5
      vertex 46.8425 48.2221 3
    endloop
  endfacet
  facet normal 0.831475 0.555562 0
    outer loop
      vertex 47.4299 43.7606 8.5
      vertex 47.1029 44.25 3
      vertex 47.1029 44.25 8.5
    endloop
  endfacet
  facet normal 0.831475 0.555562 0
    outer loop
      vertex 47.1029 44.25 3
      vertex 47.4299 43.7606 8.5
      vertex 47.4299 43.7606 3
    endloop
  endfacet
  facet normal 0.997859 -0.0654027 0
    outer loop
      vertex 46.5 46.5 8.5
      vertex 46.5385 47.0874 3
      vertex 46.5385 47.0874 8.5
    endloop
  endfacet
  facet normal 0.997859 -0.0654027 0
    outer loop
      vertex 46.5385 47.0874 3
      vertex 46.5 46.5 8.5
      vertex 46.5 46.5 3
    endloop
  endfacet
  facet normal 0.0654027 -0.997859 0
    outer loop
      vertex 50.4126 50.9615 3
      vertex 51 51 8.5
      vertex 50.4126 50.9615 8.5
    endloop
  endfacet
  facet normal 0.0654027 -0.997859 0
    outer loop
      vertex 51 51 8.5
      vertex 50.4126 50.9615 3
      vertex 51 51 3
    endloop
  endfacet
  facet normal 0.896827 0.442382 0
    outer loop
      vertex 47.1029 44.25 8.5
      vertex 46.8425 44.7779 3
      vertex 46.8425 44.7779 8.5
    endloop
  endfacet
  facet normal 0.896827 0.442382 0
    outer loop
      vertex 46.8425 44.7779 3
      vertex 47.1029 44.25 8.5
      vertex 47.1029 44.25 3
    endloop
  endfacet
  facet normal -0.442382 -0.896827 0
    outer loop
      vertex 52.7221 50.6575 3
      vertex 53.25 50.3971 8.5
      vertex 52.7221 50.6575 8.5
    endloop
  endfacet
  facet normal -0.442382 -0.896827 -0
    outer loop
      vertex 53.25 50.3971 8.5
      vertex 52.7221 50.6575 3
      vertex 53.25 50.3971 3
    endloop
  endfacet
  facet normal -0.0654027 0.997859 0
    outer loop
      vertex 51.5874 42.0385 3
      vertex 51 42 8.5
      vertex 51.5874 42.0385 8.5
    endloop
  endfacet
  facet normal -0.0654027 0.997859 0
    outer loop
      vertex 51 42 8.5
      vertex 51.5874 42.0385 3
      vertex 51 42 3
    endloop
  endfacet
  facet normal 0.751882 0.659298 0
    outer loop
      vertex 47.818 43.318 8.5
      vertex 47.4299 43.7606 3
      vertex 47.4299 43.7606 8.5
    endloop
  endfacet
  facet normal 0.751882 0.659298 0
    outer loop
      vertex 47.4299 43.7606 3
      vertex 47.818 43.318 8.5
      vertex 47.818 43.318 3
    endloop
  endfacet
  facet normal 0.321421 -0.946936 0
    outer loop
      vertex 49.2779 50.6575 3
      vertex 49.8353 50.8467 8.5
      vertex 49.2779 50.6575 8.5
    endloop
  endfacet
  facet normal 0.321421 -0.946936 0
    outer loop
      vertex 49.8353 50.8467 8.5
      vertex 49.2779 50.6575 3
      vertex 49.8353 50.8467 3
    endloop
  endfacet
  facet normal 0.997859 0.0654027 0
    outer loop
      vertex 46.5385 45.9126 8.5
      vertex 46.5 46.5 3
      vertex 46.5 46.5 8.5
    endloop
  endfacet
  facet normal 0.997859 0.0654027 0
    outer loop
      vertex 46.5 46.5 3
      vertex 46.5385 45.9126 8.5
      vertex 46.5385 45.9126 3
    endloop
  endfacet
  facet normal -0.946936 -0.321421 0
    outer loop
      vertex 55.3467 47.6647 3
      vertex 55.1575 48.2221 8.5
      vertex 55.1575 48.2221 3
    endloop
  endfacet
  facet normal -0.946936 -0.321421 0
    outer loop
      vertex 55.1575 48.2221 8.5
      vertex 55.3467 47.6647 3
      vertex 55.3467 47.6647 8.5
    endloop
  endfacet
  facet normal 0.659298 -0.751882 0
    outer loop
      vertex 47.818 49.682 3
      vertex 48.2606 50.0701 8.5
      vertex 47.818 49.682 8.5
    endloop
  endfacet
  facet normal 0.659298 -0.751882 0
    outer loop
      vertex 48.2606 50.0701 8.5
      vertex 47.818 49.682 3
      vertex 48.2606 50.0701 3
    endloop
  endfacet
  facet normal 0.751882 -0.659298 0
    outer loop
      vertex 47.4299 49.2394 8.5
      vertex 47.818 49.682 3
      vertex 47.818 49.682 8.5
    endloop
  endfacet
  facet normal 0.751882 -0.659298 0
    outer loop
      vertex 47.818 49.682 3
      vertex 47.4299 49.2394 8.5
      vertex 47.4299 49.2394 3
    endloop
  endfacet
  facet normal -0.831475 -0.555562 0
    outer loop
      vertex 54.8971 48.75 3
      vertex 54.5701 49.2394 8.5
      vertex 54.5701 49.2394 3
    endloop
  endfacet
  facet normal -0.831475 -0.555562 0
    outer loop
      vertex 54.5701 49.2394 8.5
      vertex 54.8971 48.75 3
      vertex 54.8971 48.75 8.5
    endloop
  endfacet
  facet normal -0.555562 -0.831475 0
    outer loop
      vertex 53.25 50.3971 3
      vertex 53.7394 50.0701 8.5
      vertex 53.25 50.3971 8.5
    endloop
  endfacet
  facet normal -0.555562 -0.831475 -0
    outer loop
      vertex 53.7394 50.0701 8.5
      vertex 53.25 50.3971 3
      vertex 53.7394 50.0701 3
    endloop
  endfacet
  facet normal 0.980796 0.195038 0
    outer loop
      vertex 46.6533 45.3353 8.5
      vertex 46.5385 45.9126 3
      vertex 46.5385 45.9126 8.5
    endloop
  endfacet
  facet normal 0.980796 0.195038 0
    outer loop
      vertex 46.5385 45.9126 3
      vertex 46.6533 45.3353 8.5
      vertex 46.6533 45.3353 3
    endloop
  endfacet
  facet normal 0.442382 -0.896827 0
    outer loop
      vertex 48.75 50.3971 3
      vertex 49.2779 50.6575 8.5
      vertex 48.75 50.3971 8.5
    endloop
  endfacet
  facet normal 0.442382 -0.896827 0
    outer loop
      vertex 49.2779 50.6575 8.5
      vertex 48.75 50.3971 3
      vertex 49.2779 50.6575 3
    endloop
  endfacet
  facet normal -0.321421 -0.946936 0
    outer loop
      vertex 52.1647 50.8467 3
      vertex 52.7221 50.6575 8.5
      vertex 52.1647 50.8467 8.5
    endloop
  endfacet
  facet normal -0.321421 -0.946936 -0
    outer loop
      vertex 52.7221 50.6575 8.5
      vertex 52.1647 50.8467 3
      vertex 52.7221 50.6575 3
    endloop
  endfacet
  facet normal -0.997859 0.0654027 0
    outer loop
      vertex 55.4615 45.9126 3
      vertex 55.5 46.5 8.5
      vertex 55.5 46.5 3
    endloop
  endfacet
  facet normal -0.997859 0.0654027 0
    outer loop
      vertex 55.5 46.5 8.5
      vertex 55.4615 45.9126 3
      vertex 55.4615 45.9126 8.5
    endloop
  endfacet
  facet normal -0.555562 0.831475 0
    outer loop
      vertex 53.7394 42.9299 3
      vertex 53.25 42.6029 8.5
      vertex 53.7394 42.9299 8.5
    endloop
  endfacet
  facet normal -0.555562 0.831475 0
    outer loop
      vertex 53.25 42.6029 8.5
      vertex 53.7394 42.9299 3
      vertex 53.25 42.6029 3
    endloop
  endfacet
  facet normal -0.896827 -0.442382 0
    outer loop
      vertex 55.1575 48.2221 3
      vertex 54.8971 48.75 8.5
      vertex 54.8971 48.75 3
    endloop
  endfacet
  facet normal -0.896827 -0.442382 0
    outer loop
      vertex 54.8971 48.75 8.5
      vertex 55.1575 48.2221 3
      vertex 55.1575 48.2221 8.5
    endloop
  endfacet
  facet normal 0.659298 0.751882 -0
    outer loop
      vertex 48.2606 42.9299 3
      vertex 47.818 43.318 8.5
      vertex 48.2606 42.9299 8.5
    endloop
  endfacet
  facet normal 0.659298 0.751882 0
    outer loop
      vertex 47.818 43.318 8.5
      vertex 48.2606 42.9299 3
      vertex 47.818 43.318 3
    endloop
  endfacet
  facet normal 0.321421 0.946936 -0
    outer loop
      vertex 49.8353 42.1533 3
      vertex 49.2779 42.3425 8.5
      vertex 49.8353 42.1533 8.5
    endloop
  endfacet
  facet normal 0.321421 0.946936 0
    outer loop
      vertex 49.2779 42.3425 8.5
      vertex 49.8353 42.1533 3
      vertex 49.2779 42.3425 3
    endloop
  endfacet
  facet normal 0.980796 -0.195038 0
    outer loop
      vertex 46.5385 47.0874 8.5
      vertex 46.6533 47.6647 3
      vertex 46.6533 47.6647 8.5
    endloop
  endfacet
  facet normal 0.980796 -0.195038 0
    outer loop
      vertex 46.6533 47.6647 3
      vertex 46.5385 47.0874 8.5
      vertex 46.5385 47.0874 3
    endloop
  endfacet
  facet normal -0.751882 0.659298 0
    outer loop
      vertex 54.182 43.318 3
      vertex 54.5701 43.7606 8.5
      vertex 54.5701 43.7606 3
    endloop
  endfacet
  facet normal -0.751882 0.659298 0
    outer loop
      vertex 54.5701 43.7606 8.5
      vertex 54.182 43.318 3
      vertex 54.182 43.318 8.5
    endloop
  endfacet
  facet normal 0 0 1
    outer loop
      vertex 55.4615 47.0874 3
      vertex 55.4615 45.9126 3
      vertex 55.5 46.5 3
    endloop
  endfacet
  facet normal 0 0 1
    outer loop
      vertex 55.3467 47.6647 3
      vertex 55.4615 45.9126 3
      vertex 55.4615 47.0874 3
    endloop
  endfacet
  facet normal 0 0 1
    outer loop
      vertex 55.3467 47.6647 3
      vertex 55.3467 45.3353 3
      vertex 55.4615 45.9126 3
    endloop
  endfacet
  facet normal 0 0 1
    outer loop
      vertex 55.1575 48.2221 3
      vertex 55.3467 45.3353 3
      vertex 55.3467 47.6647 3
    endloop
  endfacet
  facet normal 0 0 1
    outer loop
      vertex 55.1575 48.2221 3
      vertex 55.1575 44.7779 3
      vertex 55.3467 45.3353 3
    endloop
  endfacet
  facet normal 0 0 1
    outer loop
      vertex 54.8971 48.75 3
      vertex 55.1575 44.7779 3
      vertex 55.1575 48.2221 3
    endloop
  endfacet
  facet normal 0 0 1
    outer loop
      vertex 54.8971 48.75 3
      vertex 54.8971 44.25 3
      vertex 55.1575 44.7779 3
    endloop
  endfacet
  facet normal 0 0 1
    outer loop
      vertex 54.5701 49.2394 3
      vertex 54.8971 44.25 3
      vertex 54.8971 48.75 3
    endloop
  endfacet
  facet normal 0 0 1
    outer loop
      vertex 54.5701 49.2394 3
      vertex 54.5701 43.7606 3
      vertex 54.8971 44.25 3
    endloop
  endfacet
  facet normal 0 0 1
    outer loop
      vertex 54.182 49.682 3
      vertex 54.5701 43.7606 3
      vertex 54.5701 49.2394 3
    endloop
  endfacet
  facet normal 0 0 1
    outer loop
      vertex 54.182 49.682 3
      vertex 54.182 43.318 3
      vertex 54.5701 43.7606 3
    endloop
  endfacet
  facet normal 0 0 1
    outer loop
      vertex 53.7394 50.0701 3
      vertex 54.182 43.318 3
      vertex 54.182 49.682 3
    endloop
  endfacet
  facet normal 0 0 1
    outer loop
      vertex 53.7394 50.0701 3
      vertex 53.7394 42.9299 3
      vertex 54.182 43.318 3
    endloop
  endfacet
  facet normal 0 0 1
    outer loop
      vertex 53.25 50.3971 3
      vertex 53.7394 42.9299 3
      vertex 53.7394 50.0701 3
    endloop
  endfacet
  facet normal 0 0 1
    outer loop
      vertex 53.25 50.3971 3
      vertex 53.25 42.6029 3
      vertex 53.7394 42.9299 3
    endloop
  endfacet
  facet normal 0 0 1
    outer loop
      vertex 52.7221 50.6575 3
      vertex 53.25 42.6029 3
      vertex 53.25 50.3971 3
    endloop
  endfacet
  facet normal 0 0 1
    outer loop
      vertex 52.7221 50.6575 3
      vertex 52.7221 42.3425 3
      vertex 53.25 42.6029 3
    endloop
  endfacet
  facet normal 0 0 1
    outer loop
      vertex 52.1647 50.8467 3
      vertex 52.7221 42.3425 3
      vertex 52.7221 50.6575 3
    endloop
  endfacet
  facet normal 0 0 1
    outer loop
      vertex 52.1647 50.8467 3
      vertex 52.1647 42.1533 3
      vertex 52.7221 42.3425 3
    endloop
  endfacet
  facet normal 0 0 1
    outer loop
      vertex 51.5874 50.9615 3
      vertex 52.1647 42.1533 3
      vertex 52.1647 50.8467 3
    endloop
  endfacet
  facet normal 0 0 1
    outer loop
      vertex 51.5874 50.9615 3
      vertex 51.5874 42.0385 3
      vertex 52.1647 42.1533 3
    endloop
  endfacet
  facet normal 0 0 1
    outer loop
      vertex 51 51 3
      vertex 51.5874 42.0385 3
      vertex 51.5874 50.9615 3
    endloop
  endfacet
  facet normal 0 0 1
    outer loop
      vertex 51 51 3
      vertex 51 42 3
      vertex 51.5874 42.0385 3
    endloop
  endfacet
  facet normal -0 0 1
    outer loop
      vertex 50.4126 50.9615 3
      vertex 51 42 3
      vertex 51 51 3
    endloop
  endfacet
  facet normal 0 0 1
    outer loop
      vertex 50.4126 50.9615 3
      vertex 50.4126 42.0385 3
      vertex 51 42 3
    endloop
  endfacet
  facet normal -0 0 1
    outer loop
      vertex 49.8353 50.8467 3
      vertex 50.4126 42.0385 3
      vertex 50.4126 50.9615 3
    endloop
  endfacet
  facet normal 0 0 1
    outer loop
      vertex 49.8353 50.8467 3
      vertex 49.8353 42.1533 3
      vertex 50.4126 42.0385 3
    endloop
  endfacet
  facet normal -0 0 1
    outer loop
      vertex 49.2779 50.6575 3
      vertex 49.8353 42.1533 3
      vertex 49.8353 50.8467 3
    endloop
  endfacet
  facet normal 0 0 1
    outer loop
      vertex 49.2779 50.6575 3
      vertex 49.2779 42.3425 3
      vertex 49.8353 42.1533 3
    endloop
  endfacet
  facet normal -0 0 1
    outer loop
      vertex 48.75 50.3971 3
      vertex 49.2779 42.3425 3
      vertex 49.2779 50.6575 3
    endloop
  endfacet
  facet normal 0 0 1
    outer loop
      vertex 48.75 50.3971 3
      vertex 48.75 42.6029 3
      vertex 49.2779 42.3425 3
    endloop
  endfacet
  facet normal -0 0 1
    outer loop
      vertex 48.2606 50.0701 3
      vertex 48.75 42.6029 3
      vertex 48.75 50.3971 3
    endloop
  endfacet
  facet normal 0 0 1
    outer loop
      vertex 48.2606 50.0701 3
      vertex 48.2606 42.9299 3
      vertex 48.75 42.6029 3
    endloop
  endfacet
  facet normal -0 0 1
    outer loop
      vertex 47.818 49.682 3
      vertex 48.2606 42.9299 3
      vertex 48.2606 50.0701 3
    endloop
  endfacet
  facet normal 0 0 1
    outer loop
      vertex 47.818 49.682 3
      vertex 47.818 43.318 3
      vertex 48.2606 42.9299 3
    endloop
  endfacet
  facet normal -0 0 1
    outer loop
      vertex 47.4299 49.2394 3
      vertex 47.818 43.318 3
      vertex 47.818 49.682 3
    endloop
  endfacet
  facet normal 0 0 1
    outer loop
      vertex 47.4299 49.2394 3
      vertex 47.4299 43.7606 3
      vertex 47.818 43.318 3
    endloop
  endfacet
  facet normal -0 0 1
    outer loop
      vertex 47.1029 48.75 3
      vertex 47.4299 43.7606 3
      vertex 47.4299 49.2394 3
    endloop
  endfacet
  facet normal 0 0 1
    outer loop
      vertex 47.1029 48.75 3
      vertex 47.1029 44.25 3
      vertex 47.4299 43.7606 3
    endloop
  endfacet
  facet normal -0 0 1
    outer loop
      vertex 46.8425 48.2221 3
      vertex 47.1029 44.25 3
      vertex 47.1029 48.75 3
    endloop
  endfacet
  facet normal 0 0 1
    outer loop
      vertex 46.8425 48.2221 3
      vertex 46.8425 44.7779 3
      vertex 47.1029 44.25 3
    endloop
  endfacet
  facet normal -0 0 1
    outer loop
      vertex 46.6533 47.6647 3
      vertex 46.8425 44.7779 3
      vertex 46.8425 48.2221 3
    endloop
  endfacet
  facet normal 0 0 1
    outer loop
      vertex 46.6533 47.6647 3
      vertex 46.6533 45.3353 3
      vertex 46.8425 44.7779 3
    endloop
  endfacet
  facet normal -0 0 1
    outer loop
      vertex 46.5385 47.0874 3
      vertex 46.6533 45.3353 3
      vertex 46.6533 47.6647 3
    endloop
  endfacet
  facet normal 0 0 1
    outer loop
      vertex 46.5385 47.0874 3
      vertex 46.5385 45.9126 3
      vertex 46.6533 45.3353 3
    endloop
  endfacet
  facet normal 0 -0 1
    outer loop
      vertex 46.5385 45.9126 3
      vertex 46.5385 47.0874 3
      vertex 46.5 46.5 3
    endloop
  endfacet
  facet normal 0.946936 0.321421 0
    outer loop
      vertex 46.8425 44.7779 8.5
      vertex 46.6533 45.3353 3
      vertex 46.6533 45.3353 8.5
    endloop
  endfacet
  facet normal 0.946936 0.321421 0
    outer loop
      vertex 46.6533 45.3353 3
      vertex 46.8425 44.7779 8.5
      vertex 46.8425 44.7779 3
    endloop
  endfacet
  facet normal 0.0654027 0.997859 -0
    outer loop
      vertex 51 42 3
      vertex 50.4126 42.0385 8.5
      vertex 51 42 8.5
    endloop
  endfacet
  facet normal 0.0654027 0.997859 0
    outer loop
      vertex 50.4126 42.0385 8.5
      vertex 51 42 3
      vertex 50.4126 42.0385 3
    endloop
  endfacet
  facet normal -0.751882 -0.659298 0
    outer loop
      vertex 54.5701 49.2394 3
      vertex 54.182 49.682 8.5
      vertex 54.182 49.682 3
    endloop
  endfacet
  facet normal -0.751882 -0.659298 0
    outer loop
      vertex 54.182 49.682 8.5
      vertex 54.5701 49.2394 3
      vertex 54.5701 49.2394 8.5
    endloop
  endfacet
  facet normal -0.442382 0.896827 0
    outer loop
      vertex 53.25 42.6029 3
      vertex 52.7221 42.3425 8.5
      vertex 53.25 42.6029 8.5
    endloop
  endfacet
  facet normal -0.442382 0.896827 0
    outer loop
      vertex 52.7221 42.3425 8.5
      vertex 53.25 42.6029 3
      vertex 52.7221 42.3425 3
    endloop
  endfacet
  facet normal 0.555562 -0.831475 0
    outer loop
      vertex 48.2606 50.0701 3
      vertex 48.75 50.3971 8.5
      vertex 48.2606 50.0701 8.5
    endloop
  endfacet
  facet normal 0.555562 -0.831475 0
    outer loop
      vertex 48.75 50.3971 8.5
      vertex 48.2606 50.0701 3
      vertex 48.75 50.3971 3
    endloop
  endfacet
  facet normal -0.321421 0.946936 0
    outer loop
      vertex 52.7221 42.3425 3
      vertex 52.1647 42.1533 8.5
      vertex 52.7221 42.3425 8.5
    endloop
  endfacet
  facet normal -0.321421 0.946936 0
    outer loop
      vertex 52.1647 42.1533 8.5
      vertex 52.7221 42.3425 3
      vertex 52.1647 42.1533 3
    endloop
  endfacet
  facet normal 0.195038 -0.980796 0
    outer loop
      vertex 49.8353 50.8467 3
      vertex 50.4126 50.9615 8.5
      vertex 49.8353 50.8467 8.5
    endloop
  endfacet
  facet normal 0.195038 -0.980796 0
    outer loop
      vertex 50.4126 50.9615 8.5
      vertex 49.8353 50.8467 3
      vertex 50.4126 50.9615 3
    endloop
  endfacet
  facet normal -0.946936 0.321421 0
    outer loop
      vertex 55.1575 44.7779 3
      vertex 55.3467 45.3353 8.5
      vertex 55.3467 45.3353 3
    endloop
  endfacet
  facet normal -0.946936 0.321421 0
    outer loop
      vertex 55.3467 45.3353 8.5
      vertex 55.1575 44.7779 3
      vertex 55.1575 44.7779 8.5
    endloop
  endfacet
  facet normal 0.195038 0.980796 -0
    outer loop
      vertex 50.4126 42.0385 3
      vertex 49.8353 42.1533 8.5
      vertex 50.4126 42.0385 8.5
    endloop
  endfacet
  facet normal 0.195038 0.980796 0
    outer loop
      vertex 49.8353 42.1533 8.5
      vertex 50.4126 42.0385 3
      vertex 49.8353 42.1533 3
    endloop
  endfacet
  facet normal -0.0654027 -0.997859 0
    outer loop
      vertex 51 51 3
      vertex 51.5874 50.9615 8.5
      vertex 51 51 8.5
    endloop
  endfacet
  facet normal -0.0654027 -0.997859 -0
    outer loop
      vertex 51.5874 50.9615 8.5
      vertex 51 51 3
      vertex 51.5874 50.9615 3
    endloop
  endfacet
  facet normal 0.442382 0.896827 -0
    outer loop
      vertex 49.2779 42.3425 3
      vertex 48.75 42.6029 8.5
      vertex 49.2779 42.3425 8.5
    endloop
  endfacet
  facet normal 0.442382 0.896827 0
    outer loop
      vertex 48.75 42.6029 8.5
      vertex 49.2779 42.3425 3
      vertex 48.75 42.6029 3
    endloop
  endfacet
  facet normal 0.946936 -0.321421 0
    outer loop
      vertex 46.6533 47.6647 8.5
      vertex 46.8425 48.2221 3
      vertex 46.8425 48.2221 8.5
    endloop
  endfacet
  facet normal 0.946936 -0.321421 0
    outer loop
      vertex 46.8425 48.2221 3
      vertex 46.6533 47.6647 8.5
      vertex 46.6533 47.6647 3
    endloop
  endfacet
  facet normal -0.195038 0.980796 0
    outer loop
      vertex 26.1647 58.1533 3
      vertex 25.5874 58.0385 8.5
      vertex 26.1647 58.1533 8.5
    endloop
  endfacet
  facet normal -0.195038 0.980796 0
    outer loop
      vertex 25.5874 58.0385 8.5
      vertex 26.1647 58.1533 3
      vertex 25.5874 58.0385 3
    endloop
  endfacet
  facet normal -0.980796 -0.195038 0
    outer loop
      vertex 29.4615 63.0874 3
      vertex 29.3467 63.6647 8.5
      vertex 29.3467 63.6647 3
    endloop
  endfacet
  facet normal -0.980796 -0.195038 0
    outer loop
      vertex 29.3467 63.6647 8.5
      vertex 29.4615 63.0874 3
      vertex 29.4615 63.0874 8.5
    endloop
  endfacet
  facet normal -0.997859 -0.0654027 0
    outer loop
      vertex 29.5 62.5 3
      vertex 29.4615 63.0874 8.5
      vertex 29.4615 63.0874 3
    endloop
  endfacet
  facet normal -0.997859 -0.0654027 0
    outer loop
      vertex 29.4615 63.0874 8.5
      vertex 29.5 62.5 3
      vertex 29.5 62.5 8.5
    endloop
  endfacet
  facet normal -0.980796 0.195038 0
    outer loop
      vertex 29.3467 61.3353 3
      vertex 29.4615 61.9126 8.5
      vertex 29.4615 61.9126 3
    endloop
  endfacet
  facet normal -0.980796 0.195038 0
    outer loop
      vertex 29.4615 61.9126 8.5
      vertex 29.3467 61.3353 3
      vertex 29.3467 61.3353 8.5
    endloop
  endfacet
  facet normal 0.831475 -0.555562 0
    outer loop
      vertex 21.1029 64.75 8.5
      vertex 21.4299 65.2394 3
      vertex 21.4299 65.2394 8.5
    endloop
  endfacet
  facet normal 0.831475 -0.555562 0
    outer loop
      vertex 21.4299 65.2394 3
      vertex 21.1029 64.75 8.5
      vertex 21.1029 64.75 3
    endloop
  endfacet
  facet normal -0.659298 -0.751882 0
    outer loop
      vertex 27.7394 66.0701 3
      vertex 28.182 65.682 8.5
      vertex 27.7394 66.0701 8.5
    endloop
  endfacet
  facet normal -0.659298 -0.751882 -0
    outer loop
      vertex 28.182 65.682 8.5
      vertex 27.7394 66.0701 3
      vertex 28.182 65.682 3
    endloop
  endfacet
  facet normal -0.195038 -0.980796 0
    outer loop
      vertex 25.5874 66.9615 3
      vertex 26.1647 66.8467 8.5
      vertex 25.5874 66.9615 8.5
    endloop
  endfacet
  facet normal -0.195038 -0.980796 -0
    outer loop
      vertex 26.1647 66.8467 8.5
      vertex 25.5874 66.9615 3
      vertex 26.1647 66.8467 3
    endloop
  endfacet
  facet normal -0.659298 0.751882 0
    outer loop
      vertex 28.182 59.318 3
      vertex 27.7394 58.9299 8.5
      vertex 28.182 59.318 8.5
    endloop
  endfacet
  facet normal -0.659298 0.751882 0
    outer loop
      vertex 27.7394 58.9299 8.5
      vertex 28.182 59.318 3
      vertex 27.7394 58.9299 3
    endloop
  endfacet
  facet normal -0.896827 0.442382 0
    outer loop
      vertex 28.8971 60.25 3
      vertex 29.1575 60.7779 8.5
      vertex 29.1575 60.7779 3
    endloop
  endfacet
  facet normal -0.896827 0.442382 0
    outer loop
      vertex 29.1575 60.7779 8.5
      vertex 28.8971 60.25 3
      vertex 28.8971 60.25 8.5
    endloop
  endfacet
  facet normal 0.555562 0.831475 -0
    outer loop
      vertex 22.75 58.6029 3
      vertex 22.2606 58.9299 8.5
      vertex 22.75 58.6029 8.5
    endloop
  endfacet
  facet normal 0.555562 0.831475 0
    outer loop
      vertex 22.2606 58.9299 8.5
      vertex 22.75 58.6029 3
      vertex 22.2606 58.9299 3
    endloop
  endfacet
  facet normal -0.831475 0.555562 0
    outer loop
      vertex 28.5701 59.7606 3
      vertex 28.8971 60.25 8.5
      vertex 28.8971 60.25 3
    endloop
  endfacet
  facet normal -0.831475 0.555562 0
    outer loop
      vertex 28.8971 60.25 8.5
      vertex 28.5701 59.7606 3
      vertex 28.5701 59.7606 8.5
    endloop
  endfacet
  facet normal 0.896827 -0.442382 0
    outer loop
      vertex 20.8425 64.2221 8.5
      vertex 21.1029 64.75 3
      vertex 21.1029 64.75 8.5
    endloop
  endfacet
  facet normal 0.896827 -0.442382 0
    outer loop
      vertex 21.1029 64.75 3
      vertex 20.8425 64.2221 8.5
      vertex 20.8425 64.2221 3
    endloop
  endfacet
  facet normal 0.997859 -0.0654027 0
    outer loop
      vertex 20.5 62.5 8.5
      vertex 20.5385 63.0874 3
      vertex 20.5385 63.0874 8.5
    endloop
  endfacet
  facet normal 0.997859 -0.0654027 0
    outer loop
      vertex 20.5385 63.0874 3
      vertex 20.5 62.5 8.5
      vertex 20.5 62.5 3
    endloop
  endfacet
  facet normal 0.0654027 -0.997859 0
    outer loop
      vertex 24.4126 66.9615 3
      vertex 25 67 8.5
      vertex 24.4126 66.9615 8.5
    endloop
  endfacet
  facet normal 0.0654027 -0.997859 0
    outer loop
      vertex 25 67 8.5
      vertex 24.4126 66.9615 3
      vertex 25 67 3
    endloop
  endfacet
  facet normal 0.896827 0.442382 0
    outer loop
      vertex 21.1029 60.25 8.5
      vertex 20.8425 60.7779 3
      vertex 20.8425 60.7779 8.5
    endloop
  endfacet
  facet normal 0.896827 0.442382 0
    outer loop
      vertex 20.8425 60.7779 3
      vertex 21.1029 60.25 8.5
      vertex 21.1029 60.25 3
    endloop
  endfacet
  facet normal -0.442382 -0.896827 0
    outer loop
      vertex 26.7221 66.6575 3
      vertex 27.25 66.3971 8.5
      vertex 26.7221 66.6575 8.5
    endloop
  endfacet
  facet normal -0.442382 -0.896827 -0
    outer loop
      vertex 27.25 66.3971 8.5
      vertex 26.7221 66.6575 3
      vertex 27.25 66.3971 3
    endloop
  endfacet
  facet normal -0.0654027 0.997859 0
    outer loop
      vertex 25.5874 58.0385 3
      vertex 25 58 8.5
      vertex 25.5874 58.0385 8.5
    endloop
  endfacet
  facet normal -0.0654027 0.997859 0
    outer loop
      vertex 25 58 8.5
      vertex 25.5874 58.0385 3
      vertex 25 58 3
    endloop
  endfacet
  facet normal 0.751882 0.659298 0
    outer loop
      vertex 21.818 59.318 8.5
      vertex 21.4299 59.7606 3
      vertex 21.4299 59.7606 8.5
    endloop
  endfacet
  facet normal 0.751882 0.659298 0
    outer loop
      vertex 21.4299 59.7606 3
      vertex 21.818 59.318 8.5
      vertex 21.818 59.318 3
    endloop
  endfacet
  facet normal 0.321421 -0.946936 0
    outer loop
      vertex 23.2779 66.6575 3
      vertex 23.8353 66.8467 8.5
      vertex 23.2779 66.6575 8.5
    endloop
  endfacet
  facet normal 0.321421 -0.946936 0
    outer loop
      vertex 23.8353 66.8467 8.5
      vertex 23.2779 66.6575 3
      vertex 23.8353 66.8467 3
    endloop
  endfacet
  facet normal 0.997859 0.0654027 0
    outer loop
      vertex 20.5385 61.9126 8.5
      vertex 20.5 62.5 3
      vertex 20.5 62.5 8.5
    endloop
  endfacet
  facet normal 0.997859 0.0654027 0
    outer loop
      vertex 20.5 62.5 3
      vertex 20.5385 61.9126 8.5
      vertex 20.5385 61.9126 3
    endloop
  endfacet
  facet normal 0.659298 -0.751882 0
    outer loop
      vertex 21.818 65.682 3
      vertex 22.2606 66.0701 8.5
      vertex 21.818 65.682 8.5
    endloop
  endfacet
  facet normal 0.659298 -0.751882 0
    outer loop
      vertex 22.2606 66.0701 8.5
      vertex 21.818 65.682 3
      vertex 22.2606 66.0701 3
    endloop
  endfacet
  facet normal 0.751882 -0.659298 0
    outer loop
      vertex 21.4299 65.2394 8.5
      vertex 21.818 65.682 3
      vertex 21.818 65.682 8.5
    endloop
  endfacet
  facet normal 0.751882 -0.659298 0
    outer loop
      vertex 21.818 65.682 3
      vertex 21.4299 65.2394 8.5
      vertex 21.4299 65.2394 3
    endloop
  endfacet
  facet normal -0.831475 -0.555562 0
    outer loop
      vertex 28.8971 64.75 3
      vertex 28.5701 65.2394 8.5
      vertex 28.5701 65.2394 3
    endloop
  endfacet
  facet normal -0.831475 -0.555562 0
    outer loop
      vertex 28.5701 65.2394 8.5
      vertex 28.8971 64.75 3
      vertex 28.8971 64.75 8.5
    endloop
  endfacet
  facet normal -0.555562 -0.831475 0
    outer loop
      vertex 27.25 66.3971 3
      vertex 27.7394 66.0701 8.5
      vertex 27.25 66.3971 8.5
    endloop
  endfacet
  facet normal -0.555562 -0.831475 -0
    outer loop
      vertex 27.7394 66.0701 8.5
      vertex 27.25 66.3971 3
      vertex 27.7394 66.0701 3
    endloop
  endfacet
  facet normal 0.980796 0.195038 0
    outer loop
      vertex 20.6533 61.3353 8.5
      vertex 20.5385 61.9126 3
      vertex 20.5385 61.9126 8.5
    endloop
  endfacet
  facet normal 0.980796 0.195038 0
    outer loop
      vertex 20.5385 61.9126 3
      vertex 20.6533 61.3353 8.5
      vertex 20.6533 61.3353 3
    endloop
  endfacet
  facet normal 0.442382 -0.896827 0
    outer loop
      vertex 22.75 66.3971 3
      vertex 23.2779 66.6575 8.5
      vertex 22.75 66.3971 8.5
    endloop
  endfacet
  facet normal 0.442382 -0.896827 0
    outer loop
      vertex 23.2779 66.6575 8.5
      vertex 22.75 66.3971 3
      vertex 23.2779 66.6575 3
    endloop
  endfacet
  facet normal -0.321421 -0.946936 0
    outer loop
      vertex 26.1647 66.8467 3
      vertex 26.7221 66.6575 8.5
      vertex 26.1647 66.8467 8.5
    endloop
  endfacet
  facet normal -0.321421 -0.946936 -0
    outer loop
      vertex 26.7221 66.6575 8.5
      vertex 26.1647 66.8467 3
      vertex 26.7221 66.6575 3
    endloop
  endfacet
  facet normal -0.997859 0.0654027 0
    outer loop
      vertex 29.4615 61.9126 3
      vertex 29.5 62.5 8.5
      vertex 29.5 62.5 3
    endloop
  endfacet
  facet normal -0.997859 0.0654027 0
    outer loop
      vertex 29.5 62.5 8.5
      vertex 29.4615 61.9126 3
      vertex 29.4615 61.9126 8.5
    endloop
  endfacet
  facet normal -0.555562 0.831475 0
    outer loop
      vertex 27.7394 58.9299 3
      vertex 27.25 58.6029 8.5
      vertex 27.7394 58.9299 8.5
    endloop
  endfacet
  facet normal -0.555562 0.831475 0
    outer loop
      vertex 27.25 58.6029 8.5
      vertex 27.7394 58.9299 3
      vertex 27.25 58.6029 3
    endloop
  endfacet
  facet normal -0.896827 -0.442382 0
    outer loop
      vertex 29.1575 64.2221 3
      vertex 28.8971 64.75 8.5
      vertex 28.8971 64.75 3
    endloop
  endfacet
  facet normal -0.896827 -0.442382 0
    outer loop
      vertex 28.8971 64.75 8.5
      vertex 29.1575 64.2221 3
      vertex 29.1575 64.2221 8.5
    endloop
  endfacet
  facet normal 0.659298 0.751882 -0
    outer loop
      vertex 22.2606 58.9299 3
      vertex 21.818 59.318 8.5
      vertex 22.2606 58.9299 8.5
    endloop
  endfacet
  facet normal 0.659298 0.751882 0
    outer loop
      vertex 21.818 59.318 8.5
      vertex 22.2606 58.9299 3
      vertex 21.818 59.318 3
    endloop
  endfacet
  facet normal 0.321421 0.946936 -0
    outer loop
      vertex 23.8353 58.1533 3
      vertex 23.2779 58.3425 8.5
      vertex 23.8353 58.1533 8.5
    endloop
  endfacet
  facet normal 0.321421 0.946936 0
    outer loop
      vertex 23.2779 58.3425 8.5
      vertex 23.8353 58.1533 3
      vertex 23.2779 58.3425 3
    endloop
  endfacet
  facet normal 0.980796 -0.195038 0
    outer loop
      vertex 20.5385 63.0874 8.5
      vertex 20.6533 63.6647 3
      vertex 20.6533 63.6647 8.5
    endloop
  endfacet
  facet normal 0.980796 -0.195038 0
    outer loop
      vertex 20.6533 63.6647 3
      vertex 20.5385 63.0874 8.5
      vertex 20.5385 63.0874 3
    endloop
  endfacet
  facet normal -0.751882 0.659298 0
    outer loop
      vertex 28.182 59.318 3
      vertex 28.5701 59.7606 8.5
      vertex 28.5701 59.7606 3
    endloop
  endfacet
  facet normal -0.751882 0.659298 0
    outer loop
      vertex 28.5701 59.7606 8.5
      vertex 28.182 59.318 3
      vertex 28.182 59.318 8.5
    endloop
  endfacet
  facet normal 0 0 1
    outer loop
      vertex 29.4615 63.0874 3
      vertex 29.4615 61.9126 3
      vertex 29.5 62.5 3
    endloop
  endfacet
  facet normal 0 0 1
    outer loop
      vertex 29.3467 63.6647 3
      vertex 29.4615 61.9126 3
      vertex 29.4615 63.0874 3
    endloop
  endfacet
  facet normal 0 0 1
    outer loop
      vertex 29.3467 63.6647 3
      vertex 29.3467 61.3353 3
      vertex 29.4615 61.9126 3
    endloop
  endfacet
  facet normal 0 0 1
    outer loop
      vertex 29.1575 64.2221 3
      vertex 29.3467 61.3353 3
      vertex 29.3467 63.6647 3
    endloop
  endfacet
  facet normal 0 0 1
    outer loop
      vertex 29.1575 64.2221 3
      vertex 29.1575 60.7779 3
      vertex 29.3467 61.3353 3
    endloop
  endfacet
  facet normal 0 0 1
    outer loop
      vertex 28.8971 64.75 3
      vertex 29.1575 60.7779 3
      vertex 29.1575 64.2221 3
    endloop
  endfacet
  facet normal 0 0 1
    outer loop
      vertex 28.8971 64.75 3
      vertex 28.8971 60.25 3
      vertex 29.1575 60.7779 3
    endloop
  endfacet
  facet normal 0 0 1
    outer loop
      vertex 28.5701 65.2394 3
      vertex 28.8971 60.25 3
      vertex 28.8971 64.75 3
    endloop
  endfacet
  facet normal 0 0 1
    outer loop
      vertex 28.5701 65.2394 3
      vertex 28.5701 59.7606 3
      vertex 28.8971 60.25 3
    endloop
  endfacet
  facet normal 0 0 1
    outer loop
      vertex 28.182 65.682 3
      vertex 28.5701 59.7606 3
      vertex 28.5701 65.2394 3
    endloop
  endfacet
  facet normal 0 0 1
    outer loop
      vertex 28.182 65.682 3
      vertex 28.182 59.318 3
      vertex 28.5701 59.7606 3
    endloop
  endfacet
  facet normal 0 0 1
    outer loop
      vertex 27.7394 66.0701 3
      vertex 28.182 59.318 3
      vertex 28.182 65.682 3
    endloop
  endfacet
  facet normal 0 0 1
    outer loop
      vertex 27.7394 66.0701 3
      vertex 27.7394 58.9299 3
      vertex 28.182 59.318 3
    endloop
  endfacet
  facet normal 0 0 1
    outer loop
      vertex 27.25 66.3971 3
      vertex 27.7394 58.9299 3
      vertex 27.7394 66.0701 3
    endloop
  endfacet
  facet normal 0 0 1
    outer loop
      vertex 27.25 66.3971 3
      vertex 27.25 58.6029 3
      vertex 27.7394 58.9299 3
    endloop
  endfacet
  facet normal 0 0 1
    outer loop
      vertex 26.7221 66.6575 3
      vertex 27.25 58.6029 3
      vertex 27.25 66.3971 3
    endloop
  endfacet
  facet normal 0 0 1
    outer loop
      vertex 26.7221 66.6575 3
      vertex 26.7221 58.3425 3
      vertex 27.25 58.6029 3
    endloop
  endfacet
  facet normal 0 0 1
    outer loop
      vertex 26.1647 66.8467 3
      vertex 26.7221 58.3425 3
      vertex 26.7221 66.6575 3
    endloop
  endfacet
  facet normal 0 0 1
    outer loop
      vertex 26.1647 66.8467 3
      vertex 26.1647 58.1533 3
      vertex 26.7221 58.3425 3
    endloop
  endfacet
  facet normal 0 0 1
    outer loop
      vertex 25.5874 66.9615 3
      vertex 26.1647 58.1533 3
      vertex 26.1647 66.8467 3
    endloop
  endfacet
  facet normal 0 0 1
    outer loop
      vertex 25.5874 66.9615 3
      vertex 25.5874 58.0385 3
      vertex 26.1647 58.1533 3
    endloop
  endfacet
  facet normal 0 0 1
    outer loop
      vertex 25 67 3
      vertex 25.5874 58.0385 3
      vertex 25.5874 66.9615 3
    endloop
  endfacet
  facet normal 0 0 1
    outer loop
      vertex 25 67 3
      vertex 25 58 3
      vertex 25.5874 58.0385 3
    endloop
  endfacet
  facet normal -0 0 1
    outer loop
      vertex 24.4126 66.9615 3
      vertex 25 58 3
      vertex 25 67 3
    endloop
  endfacet
  facet normal 0 0 1
    outer loop
      vertex 24.4126 66.9615 3
      vertex 24.4126 58.0385 3
      vertex 25 58 3
    endloop
  endfacet
  facet normal -0 0 1
    outer loop
      vertex 23.8353 66.8467 3
      vertex 24.4126 58.0385 3
      vertex 24.4126 66.9615 3
    endloop
  endfacet
  facet normal 0 0 1
    outer loop
      vertex 23.8353 66.8467 3
      vertex 23.8353 58.1533 3
      vertex 24.4126 58.0385 3
    endloop
  endfacet
  facet normal -0 0 1
    outer loop
      vertex 23.2779 66.6575 3
      vertex 23.8353 58.1533 3
      vertex 23.8353 66.8467 3
    endloop
  endfacet
  facet normal 0 0 1
    outer loop
      vertex 23.2779 66.6575 3
      vertex 23.2779 58.3425 3
      vertex 23.8353 58.1533 3
    endloop
  endfacet
  facet normal -0 0 1
    outer loop
      vertex 22.75 66.3971 3
      vertex 23.2779 58.3425 3
      vertex 23.2779 66.6575 3
    endloop
  endfacet
  facet normal 0 0 1
    outer loop
      vertex 22.75 66.3971 3
      vertex 22.75 58.6029 3
      vertex 23.2779 58.3425 3
    endloop
  endfacet
  facet normal -0 0 1
    outer loop
      vertex 22.2606 66.0701 3
      vertex 22.75 58.6029 3
      vertex 22.75 66.3971 3
    endloop
  endfacet
  facet normal 0 0 1
    outer loop
      vertex 22.2606 66.0701 3
      vertex 22.2606 58.9299 3
      vertex 22.75 58.6029 3
    endloop
  endfacet
  facet normal -0 0 1
    outer loop
      vertex 21.818 65.682 3
      vertex 22.2606 58.9299 3
      vertex 22.2606 66.0701 3
    endloop
  endfacet
  facet normal 0 0 1
    outer loop
      vertex 21.818 65.682 3
      vertex 21.818 59.318 3
      vertex 22.2606 58.9299 3
    endloop
  endfacet
  facet normal -0 0 1
    outer loop
      vertex 21.4299 65.2394 3
      vertex 21.818 59.318 3
      vertex 21.818 65.682 3
    endloop
  endfacet
  facet normal 0 0 1
    outer loop
      vertex 21.4299 65.2394 3
      vertex 21.4299 59.7606 3
      vertex 21.818 59.318 3
    endloop
  endfacet
  facet normal -0 0 1
    outer loop
      vertex 21.1029 64.75 3
      vertex 21.4299 59.7606 3
      vertex 21.4299 65.2394 3
    endloop
  endfacet
  facet normal 0 0 1
    outer loop
      vertex 21.1029 64.75 3
      vertex 21.1029 60.25 3
      vertex 21.4299 59.7606 3
    endloop
  endfacet
  facet normal -0 0 1
    outer loop
      vertex 20.8425 64.2221 3
      vertex 21.1029 60.25 3
      vertex 21.1029 64.75 3
    endloop
  endfacet
  facet normal 0 0 1
    outer loop
      vertex 20.8425 64.2221 3
      vertex 20.8425 60.7779 3
      vertex 21.1029 60.25 3
    endloop
  endfacet
  facet normal -0 0 1
    outer loop
      vertex 20.6533 63.6647 3
      vertex 20.8425 60.7779 3
      vertex 20.8425 64.2221 3
    endloop
  endfacet
  facet normal 0 0 1
    outer loop
      vertex 20.6533 63.6647 3
      vertex 20.6533 61.3353 3
      vertex 20.8425 60.7779 3
    endloop
  endfacet
  facet normal -0 0 1
    outer loop
      vertex 20.5385 63.0874 3
      vertex 20.6533 61.3353 3
      vertex 20.6533 63.6647 3
    endloop
  endfacet
  facet normal 0 0 1
    outer loop
      vertex 20.5385 63.0874 3
      vertex 20.5385 61.9126 3
      vertex 20.6533 61.3353 3
    endloop
  endfacet
  facet normal 0 -0 1
    outer loop
      vertex 20.5385 61.9126 3
      vertex 20.5385 63.0874 3
      vertex 20.5 62.5 3
    endloop
  endfacet
  facet normal 0.946936 0.321421 0
    outer loop
      vertex 20.8425 60.7779 8.5
      vertex 20.6533 61.3353 3
      vertex 20.6533 61.3353 8.5
    endloop
  endfacet
  facet normal 0.946936 0.321421 0
    outer loop
      vertex 20.6533 61.3353 3
      vertex 20.8425 60.7779 8.5
      vertex 20.8425 60.7779 3
    endloop
  endfacet
  facet normal 0.0654027 0.997859 -0
    outer loop
      vertex 25 58 3
      vertex 24.4126 58.0385 8.5
      vertex 25 58 8.5
    endloop
  endfacet
  facet normal 0.0654027 0.997859 0
    outer loop
      vertex 24.4126 58.0385 8.5
      vertex 25 58 3
      vertex 24.4126 58.0385 3
    endloop
  endfacet
  facet normal -0.751882 -0.659298 0
    outer loop
      vertex 28.5701 65.2394 3
      vertex 28.182 65.682 8.5
      vertex 28.182 65.682 3
    endloop
  endfacet
  facet normal -0.751882 -0.659298 0
    outer loop
      vertex 28.182 65.682 8.5
      vertex 28.5701 65.2394 3
      vertex 28.5701 65.2394 8.5
    endloop
  endfacet
  facet normal -0.442382 0.896827 0
    outer loop
      vertex 27.25 58.6029 3
      vertex 26.7221 58.3425 8.5
      vertex 27.25 58.6029 8.5
    endloop
  endfacet
  facet normal -0.442382 0.896827 0
    outer loop
      vertex 26.7221 58.3425 8.5
      vertex 27.25 58.6029 3
      vertex 26.7221 58.3425 3
    endloop
  endfacet
  facet normal 0.555562 -0.831475 0
    outer loop
      vertex 22.2606 66.0701 3
      vertex 22.75 66.3971 8.5
      vertex 22.2606 66.0701 8.5
    endloop
  endfacet
  facet normal 0.555562 -0.831475 0
    outer loop
      vertex 22.75 66.3971 8.5
      vertex 22.2606 66.0701 3
      vertex 22.75 66.3971 3
    endloop
  endfacet
  facet normal -0.946936 -0.321421 0
    outer loop
      vertex 29.3467 63.6647 3
      vertex 29.1575 64.2221 8.5
      vertex 29.1575 64.2221 3
    endloop
  endfacet
  facet normal -0.946936 -0.321421 0
    outer loop
      vertex 29.1575 64.2221 8.5
      vertex 29.3467 63.6647 3
      vertex 29.3467 63.6647 8.5
    endloop
  endfacet
  facet normal -0.321421 0.946936 0
    outer loop
      vertex 26.7221 58.3425 3
      vertex 26.1647 58.1533 8.5
      vertex 26.7221 58.3425 8.5
    endloop
  endfacet
  facet normal -0.321421 0.946936 0
    outer loop
      vertex 26.1647 58.1533 8.5
      vertex 26.7221 58.3425 3
      vertex 26.1647 58.1533 3
    endloop
  endfacet
  facet normal 0.195038 -0.980796 0
    outer loop
      vertex 23.8353 66.8467 3
      vertex 24.4126 66.9615 8.5
      vertex 23.8353 66.8467 8.5
    endloop
  endfacet
  facet normal 0.195038 -0.980796 0
    outer loop
      vertex 24.4126 66.9615 8.5
      vertex 23.8353 66.8467 3
      vertex 24.4126 66.9615 3
    endloop
  endfacet
  facet normal -0.946936 0.321421 0
    outer loop
      vertex 29.1575 60.7779 3
      vertex 29.3467 61.3353 8.5
      vertex 29.3467 61.3353 3
    endloop
  endfacet
  facet normal -0.946936 0.321421 0
    outer loop
      vertex 29.3467 61.3353 8.5
      vertex 29.1575 60.7779 3
      vertex 29.1575 60.7779 8.5
    endloop
  endfacet
  facet normal 0.195038 0.980796 -0
    outer loop
      vertex 24.4126 58.0385 3
      vertex 23.8353 58.1533 8.5
      vertex 24.4126 58.0385 8.5
    endloop
  endfacet
  facet normal 0.195038 0.980796 0
    outer loop
      vertex 23.8353 58.1533 8.5
      vertex 24.4126 58.0385 3
      vertex 23.8353 58.1533 3
    endloop
  endfacet
  facet normal -0.0654027 -0.997859 0
    outer loop
      vertex 25 67 3
      vertex 25.5874 66.9615 8.5
      vertex 25 67 8.5
    endloop
  endfacet
  facet normal -0.0654027 -0.997859 -0
    outer loop
      vertex 25.5874 66.9615 8.5
      vertex 25 67 3
      vertex 25.5874 66.9615 3
    endloop
  endfacet
  facet normal 0.442382 0.896827 -0
    outer loop
      vertex 23.2779 58.3425 3
      vertex 22.75 58.6029 8.5
      vertex 23.2779 58.3425 8.5
    endloop
  endfacet
  facet normal 0.442382 0.896827 0
    outer loop
      vertex 22.75 58.6029 8.5
      vertex 23.2779 58.3425 3
      vertex 22.75 58.6029 3
    endloop
  endfacet
  facet normal 0.831475 0.555562 0
    outer loop
      vertex 21.4299 59.7606 8.5
      vertex 21.1029 60.25 3
      vertex 21.1029 60.25 8.5
    endloop
  endfacet
  facet normal 0.831475 0.555562 0
    outer loop
      vertex 21.1029 60.25 3
      vertex 21.4299 59.7606 8.5
      vertex 21.4299 59.7606 3
    endloop
  endfacet
  facet normal 0.946936 -0.321421 0
    outer loop
      vertex 20.6533 63.6647 8.5
      vertex 20.8425 64.2221 3
      vertex 20.8425 64.2221 8.5
    endloop
  endfacet
  facet normal 0.946936 -0.321421 0
    outer loop
      vertex 20.8425 64.2221 3
      vertex 20.6533 63.6647 8.5
      vertex 20.6533 63.6647 3
    endloop
  endfacet
  facet normal -0.195038 0.980796 0
    outer loop
      vertex 39.1647 58.1533 3
      vertex 38.5874 58.0385 8.5
      vertex 39.1647 58.1533 8.5
    endloop
  endfacet
  facet normal -0.195038 0.980796 0
    outer loop
      vertex 38.5874 58.0385 8.5
      vertex 39.1647 58.1533 3
      vertex 38.5874 58.0385 3
    endloop
  endfacet
  facet normal -0.980796 -0.195038 0
    outer loop
      vertex 42.4615 63.0874 3
      vertex 42.3467 63.6647 8.5
      vertex 42.3467 63.6647 3
    endloop
  endfacet
  facet normal -0.980796 -0.195038 0
    outer loop
      vertex 42.3467 63.6647 8.5
      vertex 42.4615 63.0874 3
      vertex 42.4615 63.0874 8.5
    endloop
  endfacet
  facet normal -0.997859 -0.0654027 0
    outer loop
      vertex 42.5 62.5 3
      vertex 42.4615 63.0874 8.5
      vertex 42.4615 63.0874 3
    endloop
  endfacet
  facet normal -0.997859 -0.0654027 0
    outer loop
      vertex 42.4615 63.0874 8.5
      vertex 42.5 62.5 3
      vertex 42.5 62.5 8.5
    endloop
  endfacet
  facet normal -0.980796 0.195038 0
    outer loop
      vertex 42.3467 61.3353 3
      vertex 42.4615 61.9126 8.5
      vertex 42.4615 61.9126 3
    endloop
  endfacet
  facet normal -0.980796 0.195038 0
    outer loop
      vertex 42.4615 61.9126 8.5
      vertex 42.3467 61.3353 3
      vertex 42.3467 61.3353 8.5
    endloop
  endfacet
  facet normal 0.831475 -0.555562 0
    outer loop
      vertex 34.1029 64.75 8.5
      vertex 34.4299 65.2394 3
      vertex 34.4299 65.2394 8.5
    endloop
  endfacet
  facet normal 0.831475 -0.555562 0
    outer loop
      vertex 34.4299 65.2394 3
      vertex 34.1029 64.75 8.5
      vertex 34.1029 64.75 3
    endloop
  endfacet
  facet normal -0.659298 -0.751882 0
    outer loop
      vertex 40.7394 66.0701 3
      vertex 41.182 65.682 8.5
      vertex 40.7394 66.0701 8.5
    endloop
  endfacet
  facet normal -0.659298 -0.751882 -0
    outer loop
      vertex 41.182 65.682 8.5
      vertex 40.7394 66.0701 3
      vertex 41.182 65.682 3
    endloop
  endfacet
  facet normal -0.195038 -0.980796 0
    outer loop
      vertex 38.5874 66.9615 3
      vertex 39.1647 66.8467 8.5
      vertex 38.5874 66.9615 8.5
    endloop
  endfacet
  facet normal -0.195038 -0.980796 -0
    outer loop
      vertex 39.1647 66.8467 8.5
      vertex 38.5874 66.9615 3
      vertex 39.1647 66.8467 3
    endloop
  endfacet
  facet normal -0.659298 0.751882 0
    outer loop
      vertex 41.182 59.318 3
      vertex 40.7394 58.9299 8.5
      vertex 41.182 59.318 8.5
    endloop
  endfacet
  facet normal -0.659298 0.751882 0
    outer loop
      vertex 40.7394 58.9299 8.5
      vertex 41.182 59.318 3
      vertex 40.7394 58.9299 3
    endloop
  endfacet
  facet normal -0.896827 0.442382 0
    outer loop
      vertex 41.8971 60.25 3
      vertex 42.1575 60.7779 8.5
      vertex 42.1575 60.7779 3
    endloop
  endfacet
  facet normal -0.896827 0.442382 0
    outer loop
      vertex 42.1575 60.7779 8.5
      vertex 41.8971 60.25 3
      vertex 41.8971 60.25 8.5
    endloop
  endfacet
  facet normal 0.555562 0.831475 -0
    outer loop
      vertex 35.75 58.6029 3
      vertex 35.2606 58.9299 8.5
      vertex 35.75 58.6029 8.5
    endloop
  endfacet
  facet normal 0.555562 0.831475 0
    outer loop
      vertex 35.2606 58.9299 8.5
      vertex 35.75 58.6029 3
      vertex 35.2606 58.9299 3
    endloop
  endfacet
  facet normal -0.831475 0.555562 0
    outer loop
      vertex 41.5701 59.7606 3
      vertex 41.8971 60.25 8.5
      vertex 41.8971 60.25 3
    endloop
  endfacet
  facet normal -0.831475 0.555562 0
    outer loop
      vertex 41.8971 60.25 8.5
      vertex 41.5701 59.7606 3
      vertex 41.5701 59.7606 8.5
    endloop
  endfacet
  facet normal 0.896827 -0.442382 0
    outer loop
      vertex 33.8425 64.2221 8.5
      vertex 34.1029 64.75 3
      vertex 34.1029 64.75 8.5
    endloop
  endfacet
  facet normal 0.896827 -0.442382 0
    outer loop
      vertex 34.1029 64.75 3
      vertex 33.8425 64.2221 8.5
      vertex 33.8425 64.2221 3
    endloop
  endfacet
  facet normal 0.997859 -0.0654027 0
    outer loop
      vertex 33.5 62.5 8.5
      vertex 33.5385 63.0874 3
      vertex 33.5385 63.0874 8.5
    endloop
  endfacet
  facet normal 0.997859 -0.0654027 0
    outer loop
      vertex 33.5385 63.0874 3
      vertex 33.5 62.5 8.5
      vertex 33.5 62.5 3
    endloop
  endfacet
  facet normal 0.0654027 -0.997859 0
    outer loop
      vertex 37.4126 66.9615 3
      vertex 38 67 8.5
      vertex 37.4126 66.9615 8.5
    endloop
  endfacet
  facet normal 0.0654027 -0.997859 0
    outer loop
      vertex 38 67 8.5
      vertex 37.4126 66.9615 3
      vertex 38 67 3
    endloop
  endfacet
  facet normal 0.896827 0.442382 0
    outer loop
      vertex 34.1029 60.25 8.5
      vertex 33.8425 60.7779 3
      vertex 33.8425 60.7779 8.5
    endloop
  endfacet
  facet normal 0.896827 0.442382 0
    outer loop
      vertex 33.8425 60.7779 3
      vertex 34.1029 60.25 8.5
      vertex 34.1029 60.25 3
    endloop
  endfacet
  facet normal -0.442382 -0.896827 0
    outer loop
      vertex 39.7221 66.6575 3
      vertex 40.25 66.3971 8.5
      vertex 39.7221 66.6575 8.5
    endloop
  endfacet
  facet normal -0.442382 -0.896827 -0
    outer loop
      vertex 40.25 66.3971 8.5
      vertex 39.7221 66.6575 3
      vertex 40.25 66.3971 3
    endloop
  endfacet
  facet normal -0.0654027 0.997859 0
    outer loop
      vertex 38.5874 58.0385 3
      vertex 38 58 8.5
      vertex 38.5874 58.0385 8.5
    endloop
  endfacet
  facet normal -0.0654027 0.997859 0
    outer loop
      vertex 38 58 8.5
      vertex 38.5874 58.0385 3
      vertex 38 58 3
    endloop
  endfacet
  facet normal 0.751882 0.659298 0
    outer loop
      vertex 34.818 59.318 8.5
      vertex 34.4299 59.7606 3
      vertex 34.4299 59.7606 8.5
    endloop
  endfacet
  facet normal 0.751882 0.659298 0
    outer loop
      vertex 34.4299 59.7606 3
      vertex 34.818 59.318 8.5
      vertex 34.818 59.318 3
    endloop
  endfacet
  facet normal 0.321421 -0.946936 0
    outer loop
      vertex 36.2779 66.6575 3
      vertex 36.8353 66.8467 8.5
      vertex 36.2779 66.6575 8.5
    endloop
  endfacet
  facet normal 0.321421 -0.946936 0
    outer loop
      vertex 36.8353 66.8467 8.5
      vertex 36.2779 66.6575 3
      vertex 36.8353 66.8467 3
    endloop
  endfacet
  facet normal 0.997859 0.0654027 0
    outer loop
      vertex 33.5385 61.9126 8.5
      vertex 33.5 62.5 3
      vertex 33.5 62.5 8.5
    endloop
  endfacet
  facet normal 0.997859 0.0654027 0
    outer loop
      vertex 33.5 62.5 3
      vertex 33.5385 61.9126 8.5
      vertex 33.5385 61.9126 3
    endloop
  endfacet
  facet normal 0.659298 -0.751882 0
    outer loop
      vertex 34.818 65.682 3
      vertex 35.2606 66.0701 8.5
      vertex 34.818 65.682 8.5
    endloop
  endfacet
  facet normal 0.659298 -0.751882 0
    outer loop
      vertex 35.2606 66.0701 8.5
      vertex 34.818 65.682 3
      vertex 35.2606 66.0701 3
    endloop
  endfacet
  facet normal 0.751882 -0.659298 0
    outer loop
      vertex 34.4299 65.2394 8.5
      vertex 34.818 65.682 3
      vertex 34.818 65.682 8.5
    endloop
  endfacet
  facet normal 0.751882 -0.659298 0
    outer loop
      vertex 34.818 65.682 3
      vertex 34.4299 65.2394 8.5
      vertex 34.4299 65.2394 3
    endloop
  endfacet
  facet normal -0.831475 -0.555562 0
    outer loop
      vertex 41.8971 64.75 3
      vertex 41.5701 65.2394 8.5
      vertex 41.5701 65.2394 3
    endloop
  endfacet
  facet normal -0.831475 -0.555562 0
    outer loop
      vertex 41.5701 65.2394 8.5
      vertex 41.8971 64.75 3
      vertex 41.8971 64.75 8.5
    endloop
  endfacet
  facet normal -0.555562 -0.831475 0
    outer loop
      vertex 40.25 66.3971 3
      vertex 40.7394 66.0701 8.5
      vertex 40.25 66.3971 8.5
    endloop
  endfacet
  facet normal -0.555562 -0.831475 -0
    outer loop
      vertex 40.7394 66.0701 8.5
      vertex 40.25 66.3971 3
      vertex 40.7394 66.0701 3
    endloop
  endfacet
  facet normal 0.980796 0.195038 0
    outer loop
      vertex 33.6533 61.3353 8.5
      vertex 33.5385 61.9126 3
      vertex 33.5385 61.9126 8.5
    endloop
  endfacet
  facet normal 0.980796 0.195038 0
    outer loop
      vertex 33.5385 61.9126 3
      vertex 33.6533 61.3353 8.5
      vertex 33.6533 61.3353 3
    endloop
  endfacet
  facet normal 0.442382 -0.896827 0
    outer loop
      vertex 35.75 66.3971 3
      vertex 36.2779 66.6575 8.5
      vertex 35.75 66.3971 8.5
    endloop
  endfacet
  facet normal 0.442382 -0.896827 0
    outer loop
      vertex 36.2779 66.6575 8.5
      vertex 35.75 66.3971 3
      vertex 36.2779 66.6575 3
    endloop
  endfacet
  facet normal -0.321421 -0.946936 0
    outer loop
      vertex 39.1647 66.8467 3
      vertex 39.7221 66.6575 8.5
      vertex 39.1647 66.8467 8.5
    endloop
  endfacet
  facet normal -0.321421 -0.946936 -0
    outer loop
      vertex 39.7221 66.6575 8.5
      vertex 39.1647 66.8467 3
      vertex 39.7221 66.6575 3
    endloop
  endfacet
  facet normal -0.997859 0.0654027 0
    outer loop
      vertex 42.4615 61.9126 3
      vertex 42.5 62.5 8.5
      vertex 42.5 62.5 3
    endloop
  endfacet
  facet normal -0.997859 0.0654027 0
    outer loop
      vertex 42.5 62.5 8.5
      vertex 42.4615 61.9126 3
      vertex 42.4615 61.9126 8.5
    endloop
  endfacet
  facet normal -0.555562 0.831475 0
    outer loop
      vertex 40.7394 58.9299 3
      vertex 40.25 58.6029 8.5
      vertex 40.7394 58.9299 8.5
    endloop
  endfacet
  facet normal -0.555562 0.831475 0
    outer loop
      vertex 40.25 58.6029 8.5
      vertex 40.7394 58.9299 3
      vertex 40.25 58.6029 3
    endloop
  endfacet
  facet normal -0.896827 -0.442382 0
    outer loop
      vertex 42.1575 64.2221 3
      vertex 41.8971 64.75 8.5
      vertex 41.8971 64.75 3
    endloop
  endfacet
  facet normal -0.896827 -0.442382 0
    outer loop
      vertex 41.8971 64.75 8.5
      vertex 42.1575 64.2221 3
      vertex 42.1575 64.2221 8.5
    endloop
  endfacet
  facet normal 0.659298 0.751882 -0
    outer loop
      vertex 35.2606 58.9299 3
      vertex 34.818 59.318 8.5
      vertex 35.2606 58.9299 8.5
    endloop
  endfacet
  facet normal 0.659298 0.751882 0
    outer loop
      vertex 34.818 59.318 8.5
      vertex 35.2606 58.9299 3
      vertex 34.818 59.318 3
    endloop
  endfacet
  facet normal 0.321421 0.946936 -0
    outer loop
      vertex 36.8353 58.1533 3
      vertex 36.2779 58.3425 8.5
      vertex 36.8353 58.1533 8.5
    endloop
  endfacet
  facet normal 0.321421 0.946936 0
    outer loop
      vertex 36.2779 58.3425 8.5
      vertex 36.8353 58.1533 3
      vertex 36.2779 58.3425 3
    endloop
  endfacet
  facet normal 0.980796 -0.195038 0
    outer loop
      vertex 33.5385 63.0874 8.5
      vertex 33.6533 63.6647 3
      vertex 33.6533 63.6647 8.5
    endloop
  endfacet
  facet normal 0.980796 -0.195038 0
    outer loop
      vertex 33.6533 63.6647 3
      vertex 33.5385 63.0874 8.5
      vertex 33.5385 63.0874 3
    endloop
  endfacet
  facet normal -0.751882 0.659298 0
    outer loop
      vertex 41.182 59.318 3
      vertex 41.5701 59.7606 8.5
      vertex 41.5701 59.7606 3
    endloop
  endfacet
  facet normal -0.751882 0.659298 0
    outer loop
      vertex 41.5701 59.7606 8.5
      vertex 41.182 59.318 3
      vertex 41.182 59.318 8.5
    endloop
  endfacet
  facet normal 0 0 1
    outer loop
      vertex 42.4615 63.0874 3
      vertex 42.4615 61.9126 3
      vertex 42.5 62.5 3
    endloop
  endfacet
  facet normal 0 0 1
    outer loop
      vertex 42.3467 63.6647 3
      vertex 42.4615 61.9126 3
      vertex 42.4615 63.0874 3
    endloop
  endfacet
  facet normal 0 0 1
    outer loop
      vertex 42.3467 63.6647 3
      vertex 42.3467 61.3353 3
      vertex 42.4615 61.9126 3
    endloop
  endfacet
  facet normal 0 0 1
    outer loop
      vertex 42.1575 64.2221 3
      vertex 42.3467 61.3353 3
      vertex 42.3467 63.6647 3
    endloop
  endfacet
  facet normal 0 0 1
    outer loop
      vertex 42.1575 64.2221 3
      vertex 42.1575 60.7779 3
      vertex 42.3467 61.3353 3
    endloop
  endfacet
  facet normal 0 0 1
    outer loop
      vertex 41.8971 64.75 3
      vertex 42.1575 60.7779 3
      vertex 42.1575 64.2221 3
    endloop
  endfacet
  facet normal 0 0 1
    outer loop
      vertex 41.8971 64.75 3
      vertex 41.8971 60.25 3
      vertex 42.1575 60.7779 3
    endloop
  endfacet
  facet normal 0 0 1
    outer loop
      vertex 41.5701 65.2394 3
      vertex 41.8971 60.25 3
      vertex 41.8971 64.75 3
    endloop
  endfacet
  facet normal 0 0 1
    outer loop
      vertex 41.5701 65.2394 3
      vertex 41.5701 59.7606 3
      vertex 41.8971 60.25 3
    endloop
  endfacet
  facet normal 0 0 1
    outer loop
      vertex 41.182 65.682 3
      vertex 41.5701 59.7606 3
      vertex 41.5701 65.2394 3
    endloop
  endfacet
  facet normal 0 0 1
    outer loop
      vertex 41.182 65.682 3
      vertex 41.182 59.318 3
      vertex 41.5701 59.7606 3
    endloop
  endfacet
  facet normal 0 0 1
    outer loop
      vertex 40.7394 66.0701 3
      vertex 41.182 59.318 3
      vertex 41.182 65.682 3
    endloop
  endfacet
  facet normal 0 0 1
    outer loop
      vertex 40.7394 66.0701 3
      vertex 40.7394 58.9299 3
      vertex 41.182 59.318 3
    endloop
  endfacet
  facet normal 0 0 1
    outer loop
      vertex 40.25 66.3971 3
      vertex 40.7394 58.9299 3
      vertex 40.7394 66.0701 3
    endloop
  endfacet
  facet normal 0 0 1
    outer loop
      vertex 40.25 66.3971 3
      vertex 40.25 58.6029 3
      vertex 40.7394 58.9299 3
    endloop
  endfacet
  facet normal 0 0 1
    outer loop
      vertex 39.7221 66.6575 3
      vertex 40.25 58.6029 3
      vertex 40.25 66.3971 3
    endloop
  endfacet
  facet normal 0 0 1
    outer loop
      vertex 39.7221 66.6575 3
      vertex 39.7221 58.3425 3
      vertex 40.25 58.6029 3
    endloop
  endfacet
  facet normal 0 0 1
    outer loop
      vertex 39.1647 66.8467 3
      vertex 39.7221 58.3425 3
      vertex 39.7221 66.6575 3
    endloop
  endfacet
  facet normal 0 0 1
    outer loop
      vertex 39.1647 66.8467 3
      vertex 39.1647 58.1533 3
      vertex 39.7221 58.3425 3
    endloop
  endfacet
  facet normal 0 0 1
    outer loop
      vertex 38.5874 66.9615 3
      vertex 39.1647 58.1533 3
      vertex 39.1647 66.8467 3
    endloop
  endfacet
  facet normal 0 0 1
    outer loop
      vertex 38.5874 66.9615 3
      vertex 38.5874 58.0385 3
      vertex 39.1647 58.1533 3
    endloop
  endfacet
  facet normal 0 0 1
    outer loop
      vertex 38 67 3
      vertex 38.5874 58.0385 3
      vertex 38.5874 66.9615 3
    endloop
  endfacet
  facet normal 0 0 1
    outer loop
      vertex 38 67 3
      vertex 38 58 3
      vertex 38.5874 58.0385 3
    endloop
  endfacet
  facet normal -0 0 1
    outer loop
      vertex 37.4126 66.9615 3
      vertex 38 58 3
      vertex 38 67 3
    endloop
  endfacet
  facet normal 0 0 1
    outer loop
      vertex 37.4126 66.9615 3
      vertex 37.4126 58.0385 3
      vertex 38 58 3
    endloop
  endfacet
  facet normal -0 0 1
    outer loop
      vertex 36.8353 66.8467 3
      vertex 37.4126 58.0385 3
      vertex 37.4126 66.9615 3
    endloop
  endfacet
  facet normal 0 0 1
    outer loop
      vertex 36.8353 66.8467 3
      vertex 36.8353 58.1533 3
      vertex 37.4126 58.0385 3
    endloop
  endfacet
  facet normal -0 0 1
    outer loop
      vertex 36.2779 66.6575 3
      vertex 36.8353 58.1533 3
      vertex 36.8353 66.8467 3
    endloop
  endfacet
  facet normal 0 0 1
    outer loop
      vertex 36.2779 66.6575 3
      vertex 36.2779 58.3425 3
      vertex 36.8353 58.1533 3
    endloop
  endfacet
  facet normal -0 0 1
    outer loop
      vertex 35.75 66.3971 3
      vertex 36.2779 58.3425 3
      vertex 36.2779 66.6575 3
    endloop
  endfacet
  facet normal 0 0 1
    outer loop
      vertex 35.75 66.3971 3
      vertex 35.75 58.6029 3
      vertex 36.2779 58.3425 3
    endloop
  endfacet
  facet normal -0 0 1
    outer loop
      vertex 35.2606 66.0701 3
      vertex 35.75 58.6029 3
      vertex 35.75 66.3971 3
    endloop
  endfacet
  facet normal 0 0 1
    outer loop
      vertex 35.2606 66.0701 3
      vertex 35.2606 58.9299 3
      vertex 35.75 58.6029 3
    endloop
  endfacet
  facet normal -0 0 1
    outer loop
      vertex 34.818 65.682 3
      vertex 35.2606 58.9299 3
      vertex 35.2606 66.0701 3
    endloop
  endfacet
  facet normal 0 0 1
    outer loop
      vertex 34.818 65.682 3
      vertex 34.818 59.318 3
      vertex 35.2606 58.9299 3
    endloop
  endfacet
  facet normal -0 0 1
    outer loop
      vertex 34.4299 65.2394 3
      vertex 34.818 59.318 3
      vertex 34.818 65.682 3
    endloop
  endfacet
  facet normal 0 0 1
    outer loop
      vertex 34.4299 65.2394 3
      vertex 34.4299 59.7606 3
      vertex 34.818 59.318 3
    endloop
  endfacet
  facet normal -0 0 1
    outer loop
      vertex 34.1029 64.75 3
      vertex 34.4299 59.7606 3
      vertex 34.4299 65.2394 3
    endloop
  endfacet
  facet normal 0 0 1
    outer loop
      vertex 34.1029 64.75 3
      vertex 34.1029 60.25 3
      vertex 34.4299 59.7606 3
    endloop
  endfacet
  facet normal -0 0 1
    outer loop
      vertex 33.8425 64.2221 3
      vertex 34.1029 60.25 3
      vertex 34.1029 64.75 3
    endloop
  endfacet
  facet normal 0 0 1
    outer loop
      vertex 33.8425 64.2221 3
      vertex 33.8425 60.7779 3
      vertex 34.1029 60.25 3
    endloop
  endfacet
  facet normal -0 0 1
    outer loop
      vertex 33.6533 63.6647 3
      vertex 33.8425 60.7779 3
      vertex 33.8425 64.2221 3
    endloop
  endfacet
  facet normal 0 0 1
    outer loop
      vertex 33.6533 63.6647 3
      vertex 33.6533 61.3353 3
      vertex 33.8425 60.7779 3
    endloop
  endfacet
  facet normal -0 0 1
    outer loop
      vertex 33.5385 63.0874 3
      vertex 33.6533 61.3353 3
      vertex 33.6533 63.6647 3
    endloop
  endfacet
  facet normal 0 0 1
    outer loop
      vertex 33.5385 63.0874 3
      vertex 33.5385 61.9126 3
      vertex 33.6533 61.3353 3
    endloop
  endfacet
  facet normal 0 -0 1
    outer loop
      vertex 33.5385 61.9126 3
      vertex 33.5385 63.0874 3
      vertex 33.5 62.5 3
    endloop
  endfacet
  facet normal 0.946936 0.321421 0
    outer loop
      vertex 33.8425 60.7779 8.5
      vertex 33.6533 61.3353 3
      vertex 33.6533 61.3353 8.5
    endloop
  endfacet
  facet normal 0.946936 0.321421 0
    outer loop
      vertex 33.6533 61.3353 3
      vertex 33.8425 60.7779 8.5
      vertex 33.8425 60.7779 3
    endloop
  endfacet
  facet normal 0.0654027 0.997859 -0
    outer loop
      vertex 38 58 3
      vertex 37.4126 58.0385 8.5
      vertex 38 58 8.5
    endloop
  endfacet
  facet normal 0.0654027 0.997859 0
    outer loop
      vertex 37.4126 58.0385 8.5
      vertex 38 58 3
      vertex 37.4126 58.0385 3
    endloop
  endfacet
  facet normal -0.751882 -0.659298 0
    outer loop
      vertex 41.5701 65.2394 3
      vertex 41.182 65.682 8.5
      vertex 41.182 65.682 3
    endloop
  endfacet
  facet normal -0.751882 -0.659298 0
    outer loop
      vertex 41.182 65.682 8.5
      vertex 41.5701 65.2394 3
      vertex 41.5701 65.2394 8.5
    endloop
  endfacet
  facet normal -0.442382 0.896827 0
    outer loop
      vertex 40.25 58.6029 3
      vertex 39.7221 58.3425 8.5
      vertex 40.25 58.6029 8.5
    endloop
  endfacet
  facet normal -0.442382 0.896827 0
    outer loop
      vertex 39.7221 58.3425 8.5
      vertex 40.25 58.6029 3
      vertex 39.7221 58.3425 3
    endloop
  endfacet
  facet normal 0.555562 -0.831475 0
    outer loop
      vertex 35.2606 66.0701 3
      vertex 35.75 66.3971 8.5
      vertex 35.2606 66.0701 8.5
    endloop
  endfacet
  facet normal 0.555562 -0.831475 0
    outer loop
      vertex 35.75 66.3971 8.5
      vertex 35.2606 66.0701 3
      vertex 35.75 66.3971 3
    endloop
  endfacet
  facet normal -0.946936 -0.321421 0
    outer loop
      vertex 42.3467 63.6647 3
      vertex 42.1575 64.2221 8.5
      vertex 42.1575 64.2221 3
    endloop
  endfacet
  facet normal -0.946936 -0.321421 0
    outer loop
      vertex 42.1575 64.2221 8.5
      vertex 42.3467 63.6647 3
      vertex 42.3467 63.6647 8.5
    endloop
  endfacet
  facet normal -0.321421 0.946936 0
    outer loop
      vertex 39.7221 58.3425 3
      vertex 39.1647 58.1533 8.5
      vertex 39.7221 58.3425 8.5
    endloop
  endfacet
  facet normal -0.321421 0.946936 0
    outer loop
      vertex 39.1647 58.1533 8.5
      vertex 39.7221 58.3425 3
      vertex 39.1647 58.1533 3
    endloop
  endfacet
  facet normal 0.195038 -0.980796 0
    outer loop
      vertex 36.8353 66.8467 3
      vertex 37.4126 66.9615 8.5
      vertex 36.8353 66.8467 8.5
    endloop
  endfacet
  facet normal 0.195038 -0.980796 0
    outer loop
      vertex 37.4126 66.9615 8.5
      vertex 36.8353 66.8467 3
      vertex 37.4126 66.9615 3
    endloop
  endfacet
  facet normal -0.946936 0.321421 0
    outer loop
      vertex 42.1575 60.7779 3
      vertex 42.3467 61.3353 8.5
      vertex 42.3467 61.3353 3
    endloop
  endfacet
  facet normal -0.946936 0.321421 0
    outer loop
      vertex 42.3467 61.3353 8.5
      vertex 42.1575 60.7779 3
      vertex 42.1575 60.7779 8.5
    endloop
  endfacet
  facet normal 0.195038 0.980796 -0
    outer loop
      vertex 37.4126 58.0385 3
      vertex 36.8353 58.1533 8.5
      vertex 37.4126 58.0385 8.5
    endloop
  endfacet
  facet normal 0.195038 0.980796 0
    outer loop
      vertex 36.8353 58.1533 8.5
      vertex 37.4126 58.0385 3
      vertex 36.8353 58.1533 3
    endloop
  endfacet
  facet normal -0.0654027 -0.997859 0
    outer loop
      vertex 38 67 3
      vertex 38.5874 66.9615 8.5
      vertex 38 67 8.5
    endloop
  endfacet
  facet normal -0.0654027 -0.997859 -0
    outer loop
      vertex 38.5874 66.9615 8.5
      vertex 38 67 3
      vertex 38.5874 66.9615 3
    endloop
  endfacet
  facet normal 0.442382 0.896827 -0
    outer loop
      vertex 36.2779 58.3425 3
      vertex 35.75 58.6029 8.5
      vertex 36.2779 58.3425 8.5
    endloop
  endfacet
  facet normal 0.442382 0.896827 0
    outer loop
      vertex 35.75 58.6029 8.5
      vertex 36.2779 58.3425 3
      vertex 35.75 58.6029 3
    endloop
  endfacet
  facet normal 0.831475 0.555562 0
    outer loop
      vertex 34.4299 59.7606 8.5
      vertex 34.1029 60.25 3
      vertex 34.1029 60.25 8.5
    endloop
  endfacet
  facet normal 0.831475 0.555562 0
    outer loop
      vertex 34.1029 60.25 3
      vertex 34.4299 59.7606 8.5
      vertex 34.4299 59.7606 3
    endloop
  endfacet
  facet normal 0.946936 -0.321421 0
    outer loop
      vertex 33.6533 63.6647 8.5
      vertex 33.8425 64.2221 3
      vertex 33.8425 64.2221 8.5
    endloop
  endfacet
  facet normal 0.946936 -0.321421 0
    outer loop
      vertex 33.8425 64.2221 3
      vertex 33.6533 63.6647 8.5
      vertex 33.6533 63.6647 3
    endloop
  endfacet
  facet normal -0.195038 0.980796 0
    outer loop
      vertex 52.1647 58.1533 3
      vertex 51.5874 58.0385 8.5
      vertex 52.1647 58.1533 8.5
    endloop
  endfacet
  facet normal -0.195038 0.980796 0
    outer loop
      vertex 51.5874 58.0385 8.5
      vertex 52.1647 58.1533 3
      vertex 51.5874 58.0385 3
    endloop
  endfacet
  facet normal -0.980796 -0.195038 0
    outer loop
      vertex 55.4615 63.0874 3
      vertex 55.3467 63.6647 8.5
      vertex 55.3467 63.6647 3
    endloop
  endfacet
  facet normal -0.980796 -0.195038 0
    outer loop
      vertex 55.3467 63.6647 8.5
      vertex 55.4615 63.0874 3
      vertex 55.4615 63.0874 8.5
    endloop
  endfacet
  facet normal -0.997859 -0.0654027 0
    outer loop
      vertex 55.5 62.5 3
      vertex 55.4615 63.0874 8.5
      vertex 55.4615 63.0874 3
    endloop
  endfacet
  facet normal -0.997859 -0.0654027 0
    outer loop
      vertex 55.4615 63.0874 8.5
      vertex 55.5 62.5 3
      vertex 55.5 62.5 8.5
    endloop
  endfacet
  facet normal -0.980796 0.195038 0
    outer loop
      vertex 55.3467 61.3353 3
      vertex 55.4615 61.9126 8.5
      vertex 55.4615 61.9126 3
    endloop
  endfacet
  facet normal -0.980796 0.195038 0
    outer loop
      vertex 55.4615 61.9126 8.5
      vertex 55.3467 61.3353 3
      vertex 55.3467 61.3353 8.5
    endloop
  endfacet
  facet normal 0.831475 -0.555562 0
    outer loop
      vertex 47.1029 64.75 8.5
      vertex 47.4299 65.2394 3
      vertex 47.4299 65.2394 8.5
    endloop
  endfacet
  facet normal 0.831475 -0.555562 0
    outer loop
      vertex 47.4299 65.2394 3
      vertex 47.1029 64.75 8.5
      vertex 47.1029 64.75 3
    endloop
  endfacet
  facet normal -0.659298 -0.751882 0
    outer loop
      vertex 53.7394 66.0701 3
      vertex 54.182 65.682 8.5
      vertex 53.7394 66.0701 8.5
    endloop
  endfacet
  facet normal -0.659298 -0.751882 -0
    outer loop
      vertex 54.182 65.682 8.5
      vertex 53.7394 66.0701 3
      vertex 54.182 65.682 3
    endloop
  endfacet
  facet normal 0.195038 0.980796 -0
    outer loop
      vertex 50.4126 58.0385 3
      vertex 49.8353 58.1533 8.5
      vertex 50.4126 58.0385 8.5
    endloop
  endfacet
  facet normal 0.195038 0.980796 0
    outer loop
      vertex 49.8353 58.1533 8.5
      vertex 50.4126 58.0385 3
      vertex 49.8353 58.1533 3
    endloop
  endfacet
  facet normal -0.195038 -0.980796 0
    outer loop
      vertex 51.5874 66.9615 3
      vertex 52.1647 66.8467 8.5
      vertex 51.5874 66.9615 8.5
    endloop
  endfacet
  facet normal -0.195038 -0.980796 -0
    outer loop
      vertex 52.1647 66.8467 8.5
      vertex 51.5874 66.9615 3
      vertex 52.1647 66.8467 3
    endloop
  endfacet
  facet normal -0.659298 0.751882 0
    outer loop
      vertex 54.182 59.318 3
      vertex 53.7394 58.9299 8.5
      vertex 54.182 59.318 8.5
    endloop
  endfacet
  facet normal -0.659298 0.751882 0
    outer loop
      vertex 53.7394 58.9299 8.5
      vertex 54.182 59.318 3
      vertex 53.7394 58.9299 3
    endloop
  endfacet
  facet normal -0.896827 0.442382 0
    outer loop
      vertex 54.8971 60.25 3
      vertex 55.1575 60.7779 8.5
      vertex 55.1575 60.7779 3
    endloop
  endfacet
  facet normal -0.896827 0.442382 0
    outer loop
      vertex 55.1575 60.7779 8.5
      vertex 54.8971 60.25 3
      vertex 54.8971 60.25 8.5
    endloop
  endfacet
  facet normal -0.946936 0.321421 0
    outer loop
      vertex 55.1575 60.7779 3
      vertex 55.3467 61.3353 8.5
      vertex 55.3467 61.3353 3
    endloop
  endfacet
  facet normal -0.946936 0.321421 0
    outer loop
      vertex 55.3467 61.3353 8.5
      vertex 55.1575 60.7779 3
      vertex 55.1575 60.7779 8.5
    endloop
  endfacet
  facet normal 0.555562 0.831475 -0
    outer loop
      vertex 48.75 58.6029 3
      vertex 48.2606 58.9299 8.5
      vertex 48.75 58.6029 8.5
    endloop
  endfacet
  facet normal 0.555562 0.831475 0
    outer loop
      vertex 48.2606 58.9299 8.5
      vertex 48.75 58.6029 3
      vertex 48.2606 58.9299 3
    endloop
  endfacet
  facet normal -0.831475 0.555562 0
    outer loop
      vertex 54.5701 59.7606 3
      vertex 54.8971 60.25 8.5
      vertex 54.8971 60.25 3
    endloop
  endfacet
  facet normal -0.831475 0.555562 0
    outer loop
      vertex 54.8971 60.25 8.5
      vertex 54.5701 59.7606 3
      vertex 54.5701 59.7606 8.5
    endloop
  endfacet
  facet normal 0.896827 -0.442382 0
    outer loop
      vertex 46.8425 64.2221 8.5
      vertex 47.1029 64.75 3
      vertex 47.1029 64.75 8.5
    endloop
  endfacet
  facet normal 0.896827 -0.442382 0
    outer loop
      vertex 47.1029 64.75 3
      vertex 46.8425 64.2221 8.5
      vertex 46.8425 64.2221 3
    endloop
  endfacet
  facet normal 0.997859 -0.0654027 0
    outer loop
      vertex 46.5 62.5 8.5
      vertex 46.5385 63.0874 3
      vertex 46.5385 63.0874 8.5
    endloop
  endfacet
  facet normal 0.997859 -0.0654027 0
    outer loop
      vertex 46.5385 63.0874 3
      vertex 46.5 62.5 8.5
      vertex 46.5 62.5 3
    endloop
  endfacet
  facet normal 0.0654027 -0.997859 0
    outer loop
      vertex 50.4126 66.9615 3
      vertex 51 67 8.5
      vertex 50.4126 66.9615 8.5
    endloop
  endfacet
  facet normal 0.0654027 -0.997859 0
    outer loop
      vertex 51 67 8.5
      vertex 50.4126 66.9615 3
      vertex 51 67 3
    endloop
  endfacet
  facet normal 0.896827 0.442382 0
    outer loop
      vertex 47.1029 60.25 8.5
      vertex 46.8425 60.7779 3
      vertex 46.8425 60.7779 8.5
    endloop
  endfacet
  facet normal 0.896827 0.442382 0
    outer loop
      vertex 46.8425 60.7779 3
      vertex 47.1029 60.25 8.5
      vertex 47.1029 60.25 3
    endloop
  endfacet
  facet normal -0.442382 -0.896827 0
    outer loop
      vertex 52.7221 66.6575 3
      vertex 53.25 66.3971 8.5
      vertex 52.7221 66.6575 8.5
    endloop
  endfacet
  facet normal -0.442382 -0.896827 -0
    outer loop
      vertex 53.25 66.3971 8.5
      vertex 52.7221 66.6575 3
      vertex 53.25 66.3971 3
    endloop
  endfacet
  facet normal -0.0654027 0.997859 0
    outer loop
      vertex 51.5874 58.0385 3
      vertex 51 58 8.5
      vertex 51.5874 58.0385 8.5
    endloop
  endfacet
  facet normal -0.0654027 0.997859 0
    outer loop
      vertex 51 58 8.5
      vertex 51.5874 58.0385 3
      vertex 51 58 3
    endloop
  endfacet
  facet normal 0.751882 0.659298 0
    outer loop
      vertex 47.818 59.318 8.5
      vertex 47.4299 59.7606 3
      vertex 47.4299 59.7606 8.5
    endloop
  endfacet
  facet normal 0.751882 0.659298 0
    outer loop
      vertex 47.4299 59.7606 3
      vertex 47.818 59.318 8.5
      vertex 47.818 59.318 3
    endloop
  endfacet
  facet normal 0.321421 -0.946936 0
    outer loop
      vertex 49.2779 66.6575 3
      vertex 49.8353 66.8467 8.5
      vertex 49.2779 66.6575 8.5
    endloop
  endfacet
  facet normal 0.321421 -0.946936 0
    outer loop
      vertex 49.8353 66.8467 8.5
      vertex 49.2779 66.6575 3
      vertex 49.8353 66.8467 3
    endloop
  endfacet
  facet normal 0.997859 0.0654027 0
    outer loop
      vertex 46.5385 61.9126 8.5
      vertex 46.5 62.5 3
      vertex 46.5 62.5 8.5
    endloop
  endfacet
  facet normal 0.997859 0.0654027 0
    outer loop
      vertex 46.5 62.5 3
      vertex 46.5385 61.9126 8.5
      vertex 46.5385 61.9126 3
    endloop
  endfacet
  facet normal -0.946936 -0.321421 0
    outer loop
      vertex 55.3467 63.6647 3
      vertex 55.1575 64.2221 8.5
      vertex 55.1575 64.2221 3
    endloop
  endfacet
  facet normal -0.946936 -0.321421 0
    outer loop
      vertex 55.1575 64.2221 8.5
      vertex 55.3467 63.6647 3
      vertex 55.3467 63.6647 8.5
    endloop
  endfacet
  facet normal 0.659298 -0.751882 0
    outer loop
      vertex 47.818 65.682 3
      vertex 48.2606 66.0701 8.5
      vertex 47.818 65.682 8.5
    endloop
  endfacet
  facet normal 0.659298 -0.751882 0
    outer loop
      vertex 48.2606 66.0701 8.5
      vertex 47.818 65.682 3
      vertex 48.2606 66.0701 3
    endloop
  endfacet
  facet normal 0.751882 -0.659298 0
    outer loop
      vertex 47.4299 65.2394 8.5
      vertex 47.818 65.682 3
      vertex 47.818 65.682 8.5
    endloop
  endfacet
  facet normal 0.751882 -0.659298 0
    outer loop
      vertex 47.818 65.682 3
      vertex 47.4299 65.2394 8.5
      vertex 47.4299 65.2394 3
    endloop
  endfacet
  facet normal -0.831475 -0.555562 0
    outer loop
      vertex 54.8971 64.75 3
      vertex 54.5701 65.2394 8.5
      vertex 54.5701 65.2394 3
    endloop
  endfacet
  facet normal -0.831475 -0.555562 0
    outer loop
      vertex 54.5701 65.2394 8.5
      vertex 54.8971 64.75 3
      vertex 54.8971 64.75 8.5
    endloop
  endfacet
  facet normal -0.555562 -0.831475 0
    outer loop
      vertex 53.25 66.3971 3
      vertex 53.7394 66.0701 8.5
      vertex 53.25 66.3971 8.5
    endloop
  endfacet
  facet normal -0.555562 -0.831475 -0
    outer loop
      vertex 53.7394 66.0701 8.5
      vertex 53.25 66.3971 3
      vertex 53.7394 66.0701 3
    endloop
  endfacet
  facet normal 0.980796 0.195038 0
    outer loop
      vertex 46.6533 61.3353 8.5
      vertex 46.5385 61.9126 3
      vertex 46.5385 61.9126 8.5
    endloop
  endfacet
  facet normal 0.980796 0.195038 0
    outer loop
      vertex 46.5385 61.9126 3
      vertex 46.6533 61.3353 8.5
      vertex 46.6533 61.3353 3
    endloop
  endfacet
  facet normal 0.442382 -0.896827 0
    outer loop
      vertex 48.75 66.3971 3
      vertex 49.2779 66.6575 8.5
      vertex 48.75 66.3971 8.5
    endloop
  endfacet
  facet normal 0.442382 -0.896827 0
    outer loop
      vertex 49.2779 66.6575 8.5
      vertex 48.75 66.3971 3
      vertex 49.2779 66.6575 3
    endloop
  endfacet
  facet normal -0.321421 -0.946936 0
    outer loop
      vertex 52.1647 66.8467 3
      vertex 52.7221 66.6575 8.5
      vertex 52.1647 66.8467 8.5
    endloop
  endfacet
  facet normal -0.321421 -0.946936 -0
    outer loop
      vertex 52.7221 66.6575 8.5
      vertex 52.1647 66.8467 3
      vertex 52.7221 66.6575 3
    endloop
  endfacet
  facet normal -0.997859 0.0654027 0
    outer loop
      vertex 55.4615 61.9126 3
      vertex 55.5 62.5 8.5
      vertex 55.5 62.5 3
    endloop
  endfacet
  facet normal -0.997859 0.0654027 0
    outer loop
      vertex 55.5 62.5 8.5
      vertex 55.4615 61.9126 3
      vertex 55.4615 61.9126 8.5
    endloop
  endfacet
  facet normal -0.555562 0.831475 0
    outer loop
      vertex 53.7394 58.9299 3
      vertex 53.25 58.6029 8.5
      vertex 53.7394 58.9299 8.5
    endloop
  endfacet
  facet normal -0.555562 0.831475 0
    outer loop
      vertex 53.25 58.6029 8.5
      vertex 53.7394 58.9299 3
      vertex 53.25 58.6029 3
    endloop
  endfacet
  facet normal -0.896827 -0.442382 0
    outer loop
      vertex 55.1575 64.2221 3
      vertex 54.8971 64.75 8.5
      vertex 54.8971 64.75 3
    endloop
  endfacet
  facet normal -0.896827 -0.442382 0
    outer loop
      vertex 54.8971 64.75 8.5
      vertex 55.1575 64.2221 3
      vertex 55.1575 64.2221 8.5
    endloop
  endfacet
  facet normal 0.659298 0.751882 -0
    outer loop
      vertex 48.2606 58.9299 3
      vertex 47.818 59.318 8.5
      vertex 48.2606 58.9299 8.5
    endloop
  endfacet
  facet normal 0.659298 0.751882 0
    outer loop
      vertex 47.818 59.318 8.5
      vertex 48.2606 58.9299 3
      vertex 47.818 59.318 3
    endloop
  endfacet
  facet normal 0.321421 0.946936 -0
    outer loop
      vertex 49.8353 58.1533 3
      vertex 49.2779 58.3425 8.5
      vertex 49.8353 58.1533 8.5
    endloop
  endfacet
  facet normal 0.321421 0.946936 0
    outer loop
      vertex 49.2779 58.3425 8.5
      vertex 49.8353 58.1533 3
      vertex 49.2779 58.3425 3
    endloop
  endfacet
  facet normal 0.980796 -0.195038 0
    outer loop
      vertex 46.5385 63.0874 8.5
      vertex 46.6533 63.6647 3
      vertex 46.6533 63.6647 8.5
    endloop
  endfacet
  facet normal 0.980796 -0.195038 0
    outer loop
      vertex 46.6533 63.6647 3
      vertex 46.5385 63.0874 8.5
      vertex 46.5385 63.0874 3
    endloop
  endfacet
  facet normal -0.751882 0.659298 0
    outer loop
      vertex 54.182 59.318 3
      vertex 54.5701 59.7606 8.5
      vertex 54.5701 59.7606 3
    endloop
  endfacet
  facet normal -0.751882 0.659298 0
    outer loop
      vertex 54.5701 59.7606 8.5
      vertex 54.182 59.318 3
      vertex 54.182 59.318 8.5
    endloop
  endfacet
  facet normal 0 0 1
    outer loop
      vertex 55.4615 63.0874 3
      vertex 55.4615 61.9126 3
      vertex 55.5 62.5 3
    endloop
  endfacet
  facet normal 0 0 1
    outer loop
      vertex 55.3467 63.6647 3
      vertex 55.4615 61.9126 3
      vertex 55.4615 63.0874 3
    endloop
  endfacet
  facet normal 0 0 1
    outer loop
      vertex 55.3467 63.6647 3
      vertex 55.3467 61.3353 3
      vertex 55.4615 61.9126 3
    endloop
  endfacet
  facet normal 0 0 1
    outer loop
      vertex 55.1575 64.2221 3
      vertex 55.3467 61.3353 3
      vertex 55.3467 63.6647 3
    endloop
  endfacet
  facet normal 0 0 1
    outer loop
      vertex 55.1575 64.2221 3
      vertex 55.1575 60.7779 3
      vertex 55.3467 61.3353 3
    endloop
  endfacet
  facet normal 0 0 1
    outer loop
      vertex 54.8971 64.75 3
      vertex 55.1575 60.7779 3
      vertex 55.1575 64.2221 3
    endloop
  endfacet
  facet normal 0 0 1
    outer loop
      vertex 54.8971 64.75 3
      vertex 54.8971 60.25 3
      vertex 55.1575 60.7779 3
    endloop
  endfacet
  facet normal 0 0 1
    outer loop
      vertex 54.5701 65.2394 3
      vertex 54.8971 60.25 3
      vertex 54.8971 64.75 3
    endloop
  endfacet
  facet normal 0 0 1
    outer loop
      vertex 54.5701 65.2394 3
      vertex 54.5701 59.7606 3
      vertex 54.8971 60.25 3
    endloop
  endfacet
  facet normal 0 0 1
    outer loop
      vertex 54.182 65.682 3
      vertex 54.5701 59.7606 3
      vertex 54.5701 65.2394 3
    endloop
  endfacet
  facet normal 0 0 1
    outer loop
      vertex 54.182 65.682 3
      vertex 54.182 59.318 3
      vertex 54.5701 59.7606 3
    endloop
  endfacet
  facet normal 0 0 1
    outer loop
      vertex 53.7394 66.0701 3
      vertex 54.182 59.318 3
      vertex 54.182 65.682 3
    endloop
  endfacet
  facet normal 0 0 1
    outer loop
      vertex 53.7394 66.0701 3
      vertex 53.7394 58.9299 3
      vertex 54.182 59.318 3
    endloop
  endfacet
  facet normal 0 0 1
    outer loop
      vertex 53.25 66.3971 3
      vertex 53.7394 58.9299 3
      vertex 53.7394 66.0701 3
    endloop
  endfacet
  facet normal 0 0 1
    outer loop
      vertex 53.25 66.3971 3
      vertex 53.25 58.6029 3
      vertex 53.7394 58.9299 3
    endloop
  endfacet
  facet normal 0 0 1
    outer loop
      vertex 52.7221 66.6575 3
      vertex 53.25 58.6029 3
      vertex 53.25 66.3971 3
    endloop
  endfacet
  facet normal 0 0 1
    outer loop
      vertex 52.7221 66.6575 3
      vertex 52.7221 58.3425 3
      vertex 53.25 58.6029 3
    endloop
  endfacet
  facet normal 0 0 1
    outer loop
      vertex 52.1647 66.8467 3
      vertex 52.7221 58.3425 3
      vertex 52.7221 66.6575 3
    endloop
  endfacet
  facet normal 0 0 1
    outer loop
      vertex 52.1647 66.8467 3
      vertex 52.1647 58.1533 3
      vertex 52.7221 58.3425 3
    endloop
  endfacet
  facet normal 0 0 1
    outer loop
      vertex 51.5874 66.9615 3
      vertex 52.1647 58.1533 3
      vertex 52.1647 66.8467 3
    endloop
  endfacet
  facet normal 0 0 1
    outer loop
      vertex 51.5874 66.9615 3
      vertex 51.5874 58.0385 3
      vertex 52.1647 58.1533 3
    endloop
  endfacet
  facet normal 0 0 1
    outer loop
      vertex 51 67 3
      vertex 51.5874 58.0385 3
      vertex 51.5874 66.9615 3
    endloop
  endfacet
  facet normal 0 0 1
    outer loop
      vertex 51 67 3
      vertex 51 58 3
      vertex 51.5874 58.0385 3
    endloop
  endfacet
  facet normal -0 0 1
    outer loop
      vertex 50.4126 66.9615 3
      vertex 51 58 3
      vertex 51 67 3
    endloop
  endfacet
  facet normal 0 0 1
    outer loop
      vertex 50.4126 66.9615 3
      vertex 50.4126 58.0385 3
      vertex 51 58 3
    endloop
  endfacet
  facet normal -0 0 1
    outer loop
      vertex 49.8353 66.8467 3
      vertex 50.4126 58.0385 3
      vertex 50.4126 66.9615 3
    endloop
  endfacet
  facet normal 0 0 1
    outer loop
      vertex 49.8353 66.8467 3
      vertex 49.8353 58.1533 3
      vertex 50.4126 58.0385 3
    endloop
  endfacet
  facet normal -0 0 1
    outer loop
      vertex 49.2779 66.6575 3
      vertex 49.8353 58.1533 3
      vertex 49.8353 66.8467 3
    endloop
  endfacet
  facet normal 0 0 1
    outer loop
      vertex 49.2779 66.6575 3
      vertex 49.2779 58.3425 3
      vertex 49.8353 58.1533 3
    endloop
  endfacet
  facet normal -0 0 1
    outer loop
      vertex 48.75 66.3971 3
      vertex 49.2779 58.3425 3
      vertex 49.2779 66.6575 3
    endloop
  endfacet
  facet normal 0 0 1
    outer loop
      vertex 48.75 66.3971 3
      vertex 48.75 58.6029 3
      vertex 49.2779 58.3425 3
    endloop
  endfacet
  facet normal -0 0 1
    outer loop
      vertex 48.2606 66.0701 3
      vertex 48.75 58.6029 3
      vertex 48.75 66.3971 3
    endloop
  endfacet
  facet normal 0 0 1
    outer loop
      vertex 48.2606 66.0701 3
      vertex 48.2606 58.9299 3
      vertex 48.75 58.6029 3
    endloop
  endfacet
  facet normal -0 0 1
    outer loop
      vertex 47.818 65.682 3
      vertex 48.2606 58.9299 3
      vertex 48.2606 66.0701 3
    endloop
  endfacet
  facet normal 0 0 1
    outer loop
      vertex 47.818 65.682 3
      vertex 47.818 59.318 3
      vertex 48.2606 58.9299 3
    endloop
  endfacet
  facet normal -0 0 1
    outer loop
      vertex 47.4299 65.2394 3
      vertex 47.818 59.318 3
      vertex 47.818 65.682 3
    endloop
  endfacet
  facet normal 0 0 1
    outer loop
      vertex 47.4299 65.2394 3
      vertex 47.4299 59.7606 3
      vertex 47.818 59.318 3
    endloop
  endfacet
  facet normal -0 0 1
    outer loop
      vertex 47.1029 64.75 3
      vertex 47.4299 59.7606 3
      vertex 47.4299 65.2394 3
    endloop
  endfacet
  facet normal 0 0 1
    outer loop
      vertex 47.1029 64.75 3
      vertex 47.1029 60.25 3
      vertex 47.4299 59.7606 3
    endloop
  endfacet
  facet normal -0 0 1
    outer loop
      vertex 46.8425 64.2221 3
      vertex 47.1029 60.25 3
      vertex 47.1029 64.75 3
    endloop
  endfacet
  facet normal 0 0 1
    outer loop
      vertex 46.8425 64.2221 3
      vertex 46.8425 60.7779 3
      vertex 47.1029 60.25 3
    endloop
  endfacet
  facet normal -0 0 1
    outer loop
      vertex 46.6533 63.6647 3
      vertex 46.8425 60.7779 3
      vertex 46.8425 64.2221 3
    endloop
  endfacet
  facet normal 0 0 1
    outer loop
      vertex 46.6533 63.6647 3
      vertex 46.6533 61.3353 3
      vertex 46.8425 60.7779 3
    endloop
  endfacet
  facet normal -0 0 1
    outer loop
      vertex 46.5385 63.0874 3
      vertex 46.6533 61.3353 3
      vertex 46.6533 63.6647 3
    endloop
  endfacet
  facet normal 0 0 1
    outer loop
      vertex 46.5385 63.0874 3
      vertex 46.5385 61.9126 3
      vertex 46.6533 61.3353 3
    endloop
  endfacet
  facet normal 0 -0 1
    outer loop
      vertex 46.5385 61.9126 3
      vertex 46.5385 63.0874 3
      vertex 46.5 62.5 3
    endloop
  endfacet
  facet normal 0.946936 0.321421 0
    outer loop
      vertex 46.8425 60.7779 8.5
      vertex 46.6533 61.3353 3
      vertex 46.6533 61.3353 8.5
    endloop
  endfacet
  facet normal 0.946936 0.321421 0
    outer loop
      vertex 46.6533 61.3353 3
      vertex 46.8425 60.7779 8.5
      vertex 46.8425 60.7779 3
    endloop
  endfacet
  facet normal 0.0654027 0.997859 -0
    outer loop
      vertex 51 58 3
      vertex 50.4126 58.0385 8.5
      vertex 51 58 8.5
    endloop
  endfacet
  facet normal 0.0654027 0.997859 0
    outer loop
      vertex 50.4126 58.0385 8.5
      vertex 51 58 3
      vertex 50.4126 58.0385 3
    endloop
  endfacet
  facet normal -0.751882 -0.659298 0
    outer loop
      vertex 54.5701 65.2394 3
      vertex 54.182 65.682 8.5
      vertex 54.182 65.682 3
    endloop
  endfacet
  facet normal -0.751882 -0.659298 0
    outer loop
      vertex 54.182 65.682 8.5
      vertex 54.5701 65.2394 3
      vertex 54.5701 65.2394 8.5
    endloop
  endfacet
  facet normal 0.555562 -0.831475 0
    outer loop
      vertex 48.2606 66.0701 3
      vertex 48.75 66.3971 8.5
      vertex 48.2606 66.0701 8.5
    endloop
  endfacet
  facet normal 0.555562 -0.831475 0
    outer loop
      vertex 48.75 66.3971 8.5
      vertex 48.2606 66.0701 3
      vertex 48.75 66.3971 3
    endloop
  endfacet
  facet normal -0.321421 0.946936 0
    outer loop
      vertex 52.7221 58.3425 3
      vertex 52.1647 58.1533 8.5
      vertex 52.7221 58.3425 8.5
    endloop
  endfacet
  facet normal -0.321421 0.946936 0
    outer loop
      vertex 52.1647 58.1533 8.5
      vertex 52.7221 58.3425 3
      vertex 52.1647 58.1533 3
    endloop
  endfacet
  facet normal -0.442382 0.896827 0
    outer loop
      vertex 53.25 58.6029 3
      vertex 52.7221 58.3425 8.5
      vertex 53.25 58.6029 8.5
    endloop
  endfacet
  facet normal -0.442382 0.896827 0
    outer loop
      vertex 52.7221 58.3425 8.5
      vertex 53.25 58.6029 3
      vertex 52.7221 58.3425 3
    endloop
  endfacet
  facet normal 0.195038 -0.980796 0
    outer loop
      vertex 49.8353 66.8467 3
      vertex 50.4126 66.9615 8.5
      vertex 49.8353 66.8467 8.5
    endloop
  endfacet
  facet normal 0.195038 -0.980796 0
    outer loop
      vertex 50.4126 66.9615 8.5
      vertex 49.8353 66.8467 3
      vertex 50.4126 66.9615 3
    endloop
  endfacet
  facet normal -0.0654027 -0.997859 0
    outer loop
      vertex 51 67 3
      vertex 51.5874 66.9615 8.5
      vertex 51 67 8.5
    endloop
  endfacet
  facet normal -0.0654027 -0.997859 -0
    outer loop
      vertex 51.5874 66.9615 8.5
      vertex 51 67 3
      vertex 51.5874 66.9615 3
    endloop
  endfacet
  facet normal 0.442382 0.896827 -0
    outer loop
      vertex 49.2779 58.3425 3
      vertex 48.75 58.6029 8.5
      vertex 49.2779 58.3425 8.5
    endloop
  endfacet
  facet normal 0.442382 0.896827 0
    outer loop
      vertex 48.75 58.6029 8.5
      vertex 49.2779 58.3425 3
      vertex 48.75 58.6029 3
    endloop
  endfacet
  facet normal 0.831475 0.555562 0
    outer loop
      vertex 47.4299 59.7606 8.5
      vertex 47.1029 60.25 3
      vertex 47.1029 60.25 8.5
    endloop
  endfacet
  facet normal 0.831475 0.555562 0
    outer loop
      vertex 47.1029 60.25 3
      vertex 47.4299 59.7606 8.5
      vertex 47.4299 59.7606 3
    endloop
  endfacet
  facet normal 0.946936 -0.321421 0
    outer loop
      vertex 46.6533 63.6647 8.5
      vertex 46.8425 64.2221 3
      vertex 46.8425 64.2221 8.5
    endloop
  endfacet
  facet normal 0.946936 -0.321421 0
    outer loop
      vertex 46.8425 64.2221 3
      vertex 46.6533 63.6647 8.5
      vertex 46.6533 63.6647 3
    endloop
  endfacet
  facet normal -0.751826 0.659362 0
    outer loop
      vertex 65.7142 4.28579 8.5
      vertex 65.8867 4.48248 11.5
      vertex 65.8867 4.48248 8.5
    endloop
  endfacet
  facet normal -0.751826 0.659362 0
    outer loop
      vertex 65.8867 4.48248 11.5
      vertex 65.7142 4.28579 8.5
      vertex 65.7142 4.28579 11.5
    endloop
  endfacet
  facet normal -0.997861 0.0653646 0
    outer loop
      vertex 66.2829 5.43895 8.5
      vertex 66.3 5.7 11.5
      vertex 66.3 5.7 8.5
    endloop
  endfacet
  facet normal -0.997861 0.0653646 0
    outer loop
      vertex 66.3 5.7 11.5
      vertex 66.2829 5.43895 8.5
      vertex 66.2829 5.43895 11.5
    endloop
  endfacet
  facet normal -0.0653902 0.99786 0
    outer loop
      vertex 64.5611 3.71711 8.5
      vertex 64.3 3.7 11.5
      vertex 64.5611 3.71711 11.5
    endloop
  endfacet
  facet normal -0.0653902 0.99786 0
    outer loop
      vertex 64.3 3.7 11.5
      vertex 64.5611 3.71711 8.5
      vertex 64.3 3.7 8.5
    endloop
  endfacet
  facet normal 0.946934 0.321429 0
    outer loop
      vertex 9.85224 4.93463 11.5
      vertex 9.76815 5.18236 8.5
      vertex 9.76815 5.18236 11.5
    endloop
  endfacet
  facet normal 0.946934 0.321429 0
    outer loop
      vertex 9.76815 5.18236 8.5
      vertex 9.85224 4.93463 11.5
      vertex 9.85224 4.93463 8.5
    endloop
  endfacet
  facet normal 0.896845 -0.442344 0
    outer loop
      vertex 9.85224 88.0654 11.5
      vertex 9.96795 88.3 8.5
      vertex 9.96795 88.3 11.5
    endloop
  endfacet
  facet normal 0.896845 -0.442344 0
    outer loop
      vertex 9.96795 88.3 8.5
      vertex 9.85224 88.0654 11.5
      vertex 9.85224 88.0654 8.5
    endloop
  endfacet
  facet normal 0.5556 0.83145 -0
    outer loop
      vertex 10.7 3.96795 8.5
      vertex 10.4825 4.11329 11.5
      vertex 10.7 3.96795 11.5
    endloop
  endfacet
  facet normal 0.5556 0.83145 0
    outer loop
      vertex 10.4825 4.11329 11.5
      vertex 10.7 3.96795 8.5
      vertex 10.4825 4.11329 8.5
    endloop
  endfacet
  facet normal -0.751842 -0.659343 0
    outer loop
      vertex 65.8867 88.5175 8.5
      vertex 65.7142 88.7142 11.5
      vertex 65.7142 88.7142 8.5
    endloop
  endfacet
  facet normal -0.751842 -0.659343 0
    outer loop
      vertex 65.7142 88.7142 11.5
      vertex 65.8867 88.5175 8.5
      vertex 65.8867 88.5175 11.5
    endloop
  endfacet
  facet normal 0.19516 0.980771 -0
    outer loop
      vertex 11.4389 3.71711 8.5
      vertex 11.1824 3.76815 11.5
      vertex 11.4389 3.71711 11.5
    endloop
  endfacet
  facet normal 0.19516 0.980771 0
    outer loop
      vertex 11.1824 3.76815 11.5
      vertex 11.4389 3.71711 8.5
      vertex 11.1824 3.76815 8.5
    endloop
  endfacet
  facet normal 0.831432 -0.555626 0
    outer loop
      vertex 9.96795 88.3 11.5
      vertex 10.1133 88.5175 8.5
      vertex 10.1133 88.5175 11.5
    endloop
  endfacet
  facet normal 0.831432 -0.555626 0
    outer loop
      vertex 10.1133 88.5175 8.5
      vertex 9.96795 88.3 11.5
      vertex 9.96795 88.3 8.5
    endloop
  endfacet
  facet normal -0.442344 0.896845 0
    outer loop
      vertex 65.3 3.96795 8.5
      vertex 65.0654 3.85224 11.5
      vertex 65.3 3.96795 11.5
    endloop
  endfacet
  facet normal -0.442344 0.896845 0
    outer loop
      vertex 65.0654 3.85224 11.5
      vertex 65.3 3.96795 8.5
      vertex 65.0654 3.85224 8.5
    endloop
  endfacet
  facet normal 0.751826 0.659362 0
    outer loop
      vertex 10.2858 4.28579 11.5
      vertex 10.1133 4.48248 8.5
      vertex 10.1133 4.48248 11.5
    endloop
  endfacet
  facet normal 0.751826 0.659362 0
    outer loop
      vertex 10.1133 4.48248 8.5
      vertex 10.2858 4.28579 11.5
      vertex 10.2858 4.28579 8.5
    endloop
  endfacet
  facet normal 0.659343 0.751842 -0
    outer loop
      vertex 10.4825 4.11329 8.5
      vertex 10.2858 4.28579 11.5
      vertex 10.4825 4.11329 11.5
    endloop
  endfacet
  facet normal 0.659343 0.751842 0
    outer loop
      vertex 10.2858 4.28579 11.5
      vertex 10.4825 4.11329 8.5
      vertex 10.2858 4.28579 8.5
    endloop
  endfacet
  facet normal 1 0 0
    outer loop
      vertex 9.7 26.2 26.5
      vertex 9.7 6.22 26.5
      vertex 9.7 26.2 11.5
    endloop
  endfacet
  facet normal 1 0 0
    outer loop
      vertex 9.7 86.78 26.5
      vertex 9.7 66.8 26.5
      vertex 9.7 86.78 11.5
    endloop
  endfacet
  facet normal 1 -0 0
    outer loop
      vertex 9.7 86.78 11.5
      vertex 9.7 87.3 8.5
      vertex 9.7 87.3 11.5
    endloop
  endfacet
  facet normal 1 0 0
    outer loop
      vertex 9.7 66.8 11.5
      vertex 9.7 86.78 11.5
      vertex 9.7 66.8 26.5
    endloop
  endfacet
  facet normal 1 0 0
    outer loop
      vertex 9.7 86.78 11.5
      vertex 9.7 66.8 11.5
      vertex 9.7 87.3 8.5
    endloop
  endfacet
  facet normal 1 -0 0
    outer loop
      vertex 9.7 26.2 11.5
      vertex 9.7 87.3 8.5
      vertex 9.7 66.8 11.5
    endloop
  endfacet
  facet normal 1 0 0
    outer loop
      vertex 9.7 6.22 11.5
      vertex 9.7 26.2 11.5
      vertex 9.7 6.22 26.5
    endloop
  endfacet
  facet normal 1 0 0
    outer loop
      vertex 9.7 5.7 8.5
      vertex 9.7 26.2 11.5
      vertex 9.7 6.22 11.5
    endloop
  endfacet
  facet normal 1 0 0
    outer loop
      vertex 9.7 5.7 8.5
      vertex 9.7 6.22 11.5
      vertex 9.7 5.7 11.5
    endloop
  endfacet
  facet normal 1 0 0
    outer loop
      vertex 9.7 26.2 11.5
      vertex 9.7 5.7 8.5
      vertex 9.7 87.3 8.5
    endloop
  endfacet
  facet normal 0.99786 -0.0653902 0
    outer loop
      vertex 9.7 87.3 11.5
      vertex 9.71711 87.5611 8.5
      vertex 9.71711 87.5611 11.5
    endloop
  endfacet
  facet normal 0.99786 -0.0653902 0
    outer loop
      vertex 9.71711 87.5611 8.5
      vertex 9.7 87.3 11.5
      vertex 9.7 87.3 8.5
    endloop
  endfacet
  facet normal 0.896868 0.442299 0
    outer loop
      vertex 9.96795 4.7 11.5
      vertex 9.85224 4.93463 8.5
      vertex 9.85224 4.93463 11.5
    endloop
  endfacet
  facet normal 0.896868 0.442299 0
    outer loop
      vertex 9.85224 4.93463 8.5
      vertex 9.96795 4.7 11.5
      vertex 9.96795 4.7 8.5
    endloop
  endfacet
  facet normal -0.947038 0.321121 0
    outer loop
      vertex 66.1478 4.93463 8.5
      vertex 66.2318 5.18236 11.5
      vertex 66.2318 5.18236 8.5
    endloop
  endfacet
  facet normal -0.947038 0.321121 0
    outer loop
      vertex 66.2318 5.18236 11.5
      vertex 66.1478 4.93463 8.5
      vertex 66.1478 4.93463 11.5
    endloop
  endfacet
  facet normal 0 -1 0
    outer loop
      vertex 11.7 89.3 8.5
      vertex 64.3 89.3 11.5
      vertex 11.7 89.3 11.5
    endloop
  endfacet
  facet normal 0 -1 -0
    outer loop
      vertex 64.3 89.3 11.5
      vertex 11.7 89.3 8.5
      vertex 64.3 89.3 8.5
    endloop
  endfacet
  facet normal 0.997859 0.0654027 0
    outer loop
      vertex 9.71711 5.43895 11.5
      vertex 9.7 5.7 8.5
      vertex 9.7 5.7 11.5
    endloop
  endfacet
  facet normal 0.997859 0.0654027 0
    outer loop
      vertex 9.7 5.7 8.5
      vertex 9.71711 5.43895 11.5
      vertex 9.71711 5.43895 8.5
    endloop
  endfacet
  facet normal 0.980771 -0.19516 0
    outer loop
      vertex 9.71711 87.5611 11.5
      vertex 9.76815 87.8176 8.5
      vertex 9.76815 87.8176 11.5
    endloop
  endfacet
  facet normal 0.980771 -0.19516 0
    outer loop
      vertex 9.76815 87.8176 8.5
      vertex 9.71711 87.5611 11.5
      vertex 9.71711 87.5611 8.5
    endloop
  endfacet
  facet normal 0 0 1
    outer loop
      vertex 28.5701 43.7606 8.5
      vertex 34.4299 43.7606 8.5
      vertex 28.8971 44.25 8.5
    endloop
  endfacet
  facet normal 0 0 1
    outer loop
      vertex 34.4299 33.2394 8.5
      vertex 29.4615 31.0874 8.5
      vertex 29.5 30.5 8.5
    endloop
  endfacet
  facet normal 0 0 1
    outer loop
      vertex 34.4299 43.7606 8.5
      vertex 28.5701 43.7606 8.5
      vertex 34.818 43.318 8.5
    endloop
  endfacet
  facet normal 0 0 1
    outer loop
      vertex 34.4299 33.2394 8.5
      vertex 29.3467 31.6647 8.5
      vertex 29.4615 31.0874 8.5
    endloop
  endfacet
  facet normal 0 0 1
    outer loop
      vertex 28.182 43.318 8.5
      vertex 34.818 43.318 8.5
      vertex 28.5701 43.7606 8.5
    endloop
  endfacet
  facet normal 0 0 1
    outer loop
      vertex 34.4299 33.2394 8.5
      vertex 29.1575 32.2221 8.5
      vertex 29.3467 31.6647 8.5
    endloop
  endfacet
  facet normal 0 0 1
    outer loop
      vertex 27.7394 42.9299 8.5
      vertex 34.818 43.318 8.5
      vertex 28.182 43.318 8.5
    endloop
  endfacet
  facet normal 0 0 1
    outer loop
      vertex 34.4299 33.2394 8.5
      vertex 28.8971 32.75 8.5
      vertex 29.1575 32.2221 8.5
    endloop
  endfacet
  facet normal 0 0 1
    outer loop
      vertex 34.818 43.318 8.5
      vertex 27.7394 42.9299 8.5
      vertex 34.818 33.682 8.5
    endloop
  endfacet
  facet normal 0 0 1
    outer loop
      vertex 34.4299 33.2394 8.5
      vertex 28.5701 33.2394 8.5
      vertex 28.8971 32.75 8.5
    endloop
  endfacet
  facet normal -0 0 1
    outer loop
      vertex 27.7394 34.0701 8.5
      vertex 34.818 33.682 8.5
      vertex 27.7394 42.9299 8.5
    endloop
  endfacet
  facet normal 0 0 1
    outer loop
      vertex 34.4299 33.2394 8.5
      vertex 28.182 33.682 8.5
      vertex 28.5701 33.2394 8.5
    endloop
  endfacet
  facet normal 0 -0 1
    outer loop
      vertex 28.182 33.682 8.5
      vertex 34.818 33.682 8.5
      vertex 27.7394 34.0701 8.5
    endloop
  endfacet
  facet normal 0 0 1
    outer loop
      vertex 34.818 33.682 8.5
      vertex 28.182 33.682 8.5
      vertex 34.4299 33.2394 8.5
    endloop
  endfacet
  facet normal -0 0 1
    outer loop
      vertex 27.25 42.6029 8.5
      vertex 27.7394 34.0701 8.5
      vertex 27.7394 42.9299 8.5
    endloop
  endfacet
  facet normal 0 0 1
    outer loop
      vertex 27.25 42.6029 8.5
      vertex 27.25 34.3971 8.5
      vertex 27.7394 34.0701 8.5
    endloop
  endfacet
  facet normal -0 0 1
    outer loop
      vertex 26.7221 42.3425 8.5
      vertex 27.25 34.3971 8.5
      vertex 27.25 42.6029 8.5
    endloop
  endfacet
  facet normal 0 0 1
    outer loop
      vertex 26.7221 42.3425 8.5
      vertex 26.7221 34.6575 8.5
      vertex 27.25 34.3971 8.5
    endloop
  endfacet
  facet normal -0 0 1
    outer loop
      vertex 26.1647 42.1533 8.5
      vertex 26.7221 34.6575 8.5
      vertex 26.7221 42.3425 8.5
    endloop
  endfacet
  facet normal 0 0 1
    outer loop
      vertex 26.1647 42.1533 8.5
      vertex 26.1647 34.8467 8.5
      vertex 26.7221 34.6575 8.5
    endloop
  endfacet
  facet normal -0 0 1
    outer loop
      vertex 25.5874 42.0385 8.5
      vertex 26.1647 34.8467 8.5
      vertex 26.1647 42.1533 8.5
    endloop
  endfacet
  facet normal 0 0 1
    outer loop
      vertex 25.5874 42.0385 8.5
      vertex 25.5874 34.9615 8.5
      vertex 26.1647 34.8467 8.5
    endloop
  endfacet
  facet normal -0 0 1
    outer loop
      vertex 25 42 8.5
      vertex 25.5874 34.9615 8.5
      vertex 25.5874 42.0385 8.5
    endloop
  endfacet
  facet normal 0 0 1
    outer loop
      vertex 25 42 8.5
      vertex 25 35 8.5
      vertex 25.5874 34.9615 8.5
    endloop
  endfacet
  facet normal 0 0 1
    outer loop
      vertex 24.4126 42.0385 8.5
      vertex 25 35 8.5
      vertex 25 42 8.5
    endloop
  endfacet
  facet normal 0 0 1
    outer loop
      vertex 24.4126 42.0385 8.5
      vertex 24.4126 34.9615 8.5
      vertex 25 35 8.5
    endloop
  endfacet
  facet normal 0 0 1
    outer loop
      vertex 23.8353 42.1533 8.5
      vertex 24.4126 34.9615 8.5
      vertex 24.4126 42.0385 8.5
    endloop
  endfacet
  facet normal 0 0 1
    outer loop
      vertex 23.8353 42.1533 8.5
      vertex 23.8353 34.8467 8.5
      vertex 24.4126 34.9615 8.5
    endloop
  endfacet
  facet normal 0 0 1
    outer loop
      vertex 23.2779 42.3425 8.5
      vertex 23.8353 34.8467 8.5
      vertex 23.8353 42.1533 8.5
    endloop
  endfacet
  facet normal 0 0 1
    outer loop
      vertex 23.2779 42.3425 8.5
      vertex 23.2779 34.6575 8.5
      vertex 23.8353 34.8467 8.5
    endloop
  endfacet
  facet normal 0 0 1
    outer loop
      vertex 22.75 42.6029 8.5
      vertex 23.2779 34.6575 8.5
      vertex 23.2779 42.3425 8.5
    endloop
  endfacet
  facet normal 0 0 1
    outer loop
      vertex 22.75 42.6029 8.5
      vertex 22.75 34.3971 8.5
      vertex 23.2779 34.6575 8.5
    endloop
  endfacet
  facet normal 0 0 1
    outer loop
      vertex 22.2606 42.9299 8.5
      vertex 22.75 34.3971 8.5
      vertex 22.75 42.6029 8.5
    endloop
  endfacet
  facet normal 0 0 1
    outer loop
      vertex 22.2606 42.9299 8.5
      vertex 22.2606 34.0701 8.5
      vertex 22.75 34.3971 8.5
    endloop
  endfacet
  facet normal 0 0 1
    outer loop
      vertex 21.818 43.318 8.5
      vertex 22.2606 34.0701 8.5
      vertex 22.2606 42.9299 8.5
    endloop
  endfacet
  facet normal 0 0 1
    outer loop
      vertex 21.818 43.318 8.5
      vertex 21.818 33.682 8.5
      vertex 22.2606 34.0701 8.5
    endloop
  endfacet
  facet normal 0 0 1
    outer loop
      vertex 21.4299 43.7606 8.5
      vertex 21.818 33.682 8.5
      vertex 21.818 43.318 8.5
    endloop
  endfacet
  facet normal 0 0 1
    outer loop
      vertex 21.4299 43.7606 8.5
      vertex 21.4299 33.2394 8.5
      vertex 21.818 33.682 8.5
    endloop
  endfacet
  facet normal 0 0 1
    outer loop
      vertex 21.1029 44.25 8.5
      vertex 21.4299 33.2394 8.5
      vertex 21.4299 43.7606 8.5
    endloop
  endfacet
  facet normal 0 0 1
    outer loop
      vertex 21.1029 44.25 8.5
      vertex 21.1029 32.75 8.5
      vertex 21.4299 33.2394 8.5
    endloop
  endfacet
  facet normal 0 0 1
    outer loop
      vertex 20.8425 44.7779 8.5
      vertex 21.1029 32.75 8.5
      vertex 21.1029 44.25 8.5
    endloop
  endfacet
  facet normal 0 0 1
    outer loop
      vertex 20.8425 44.7779 8.5
      vertex 20.8425 32.2221 8.5
      vertex 21.1029 32.75 8.5
    endloop
  endfacet
  facet normal 0 0 1
    outer loop
      vertex 20.6533 45.3353 8.5
      vertex 20.8425 32.2221 8.5
      vertex 20.8425 44.7779 8.5
    endloop
  endfacet
  facet normal 0 0 1
    outer loop
      vertex 20.6533 45.3353 8.5
      vertex 20.6533 31.6647 8.5
      vertex 20.8425 32.2221 8.5
    endloop
  endfacet
  facet normal 0 0 1
    outer loop
      vertex 20.5385 45.9126 8.5
      vertex 20.6533 31.6647 8.5
      vertex 20.6533 45.3353 8.5
    endloop
  endfacet
  facet normal 0 0 1
    outer loop
      vertex 20.5385 45.9126 8.5
      vertex 20.5385 31.0874 8.5
      vertex 20.6533 31.6647 8.5
    endloop
  endfacet
  facet normal 0 0 1
    outer loop
      vertex 9.7 5.7 8.5
      vertex 20.5385 45.9126 8.5
      vertex 20.5 46.5 8.5
    endloop
  endfacet
  facet normal 0 0 1
    outer loop
      vertex 20.5385 45.9126 8.5
      vertex 9.7 5.7 8.5
      vertex 20.5385 31.0874 8.5
    endloop
  endfacet
  facet normal 0 0 1
    outer loop
      vertex 28.5701 59.7606 8.5
      vertex 34.4299 59.7606 8.5
      vertex 28.8971 60.25 8.5
    endloop
  endfacet
  facet normal 0 0 1
    outer loop
      vertex 34.4299 49.2394 8.5
      vertex 29.4615 47.0874 8.5
      vertex 29.5 46.5 8.5
    endloop
  endfacet
  facet normal 0 0 1
    outer loop
      vertex 34.4299 59.7606 8.5
      vertex 28.5701 59.7606 8.5
      vertex 34.818 59.318 8.5
    endloop
  endfacet
  facet normal 0 0 1
    outer loop
      vertex 34.4299 49.2394 8.5
      vertex 29.3467 47.6647 8.5
      vertex 29.4615 47.0874 8.5
    endloop
  endfacet
  facet normal 0 0 1
    outer loop
      vertex 28.182 59.318 8.5
      vertex 34.818 59.318 8.5
      vertex 28.5701 59.7606 8.5
    endloop
  endfacet
  facet normal 0 0 1
    outer loop
      vertex 34.4299 49.2394 8.5
      vertex 29.1575 48.2221 8.5
      vertex 29.3467 47.6647 8.5
    endloop
  endfacet
  facet normal 0 0 1
    outer loop
      vertex 27.7394 58.9299 8.5
      vertex 34.818 59.318 8.5
      vertex 28.182 59.318 8.5
    endloop
  endfacet
  facet normal 0 0 1
    outer loop
      vertex 34.4299 49.2394 8.5
      vertex 28.8971 48.75 8.5
      vertex 29.1575 48.2221 8.5
    endloop
  endfacet
  facet normal 0 0 1
    outer loop
      vertex 34.818 59.318 8.5
      vertex 27.7394 58.9299 8.5
      vertex 34.818 49.682 8.5
    endloop
  endfacet
  facet normal 0 0 1
    outer loop
      vertex 34.4299 49.2394 8.5
      vertex 28.5701 49.2394 8.5
      vertex 28.8971 48.75 8.5
    endloop
  endfacet
  facet normal -0 0 1
    outer loop
      vertex 27.7394 50.0701 8.5
      vertex 34.818 49.682 8.5
      vertex 27.7394 58.9299 8.5
    endloop
  endfacet
  facet normal 0 0 1
    outer loop
      vertex 34.4299 49.2394 8.5
      vertex 28.182 49.682 8.5
      vertex 28.5701 49.2394 8.5
    endloop
  endfacet
  facet normal 0 -0 1
    outer loop
      vertex 28.182 49.682 8.5
      vertex 34.818 49.682 8.5
      vertex 27.7394 50.0701 8.5
    endloop
  endfacet
  facet normal 0 0 1
    outer loop
      vertex 34.818 49.682 8.5
      vertex 28.182 49.682 8.5
      vertex 34.4299 49.2394 8.5
    endloop
  endfacet
  facet normal -0 0 1
    outer loop
      vertex 27.25 58.6029 8.5
      vertex 27.7394 50.0701 8.5
      vertex 27.7394 58.9299 8.5
    endloop
  endfacet
  facet normal 0 0 1
    outer loop
      vertex 27.25 58.6029 8.5
      vertex 27.25 50.3971 8.5
      vertex 27.7394 50.0701 8.5
    endloop
  endfacet
  facet normal -0 0 1
    outer loop
      vertex 26.7221 58.3425 8.5
      vertex 27.25 50.3971 8.5
      vertex 27.25 58.6029 8.5
    endloop
  endfacet
  facet normal 0 0 1
    outer loop
      vertex 26.7221 58.3425 8.5
      vertex 26.7221 50.6575 8.5
      vertex 27.25 50.3971 8.5
    endloop
  endfacet
  facet normal -0 0 1
    outer loop
      vertex 26.1647 58.1533 8.5
      vertex 26.7221 50.6575 8.5
      vertex 26.7221 58.3425 8.5
    endloop
  endfacet
  facet normal 0 0 1
    outer loop
      vertex 26.1647 58.1533 8.5
      vertex 26.1647 50.8467 8.5
      vertex 26.7221 50.6575 8.5
    endloop
  endfacet
  facet normal -0 0 1
    outer loop
      vertex 25.5874 58.0385 8.5
      vertex 26.1647 50.8467 8.5
      vertex 26.1647 58.1533 8.5
    endloop
  endfacet
  facet normal 0 0 1
    outer loop
      vertex 25.5874 58.0385 8.5
      vertex 25.5874 50.9615 8.5
      vertex 26.1647 50.8467 8.5
    endloop
  endfacet
  facet normal -0 0 1
    outer loop
      vertex 25 58 8.5
      vertex 25.5874 50.9615 8.5
      vertex 25.5874 58.0385 8.5
    endloop
  endfacet
  facet normal 0 0 1
    outer loop
      vertex 25 58 8.5
      vertex 25 51 8.5
      vertex 25.5874 50.9615 8.5
    endloop
  endfacet
  facet normal 0 0 1
    outer loop
      vertex 24.4126 58.0385 8.5
      vertex 25 51 8.5
      vertex 25 58 8.5
    endloop
  endfacet
  facet normal 0 0 1
    outer loop
      vertex 24.4126 58.0385 8.5
      vertex 24.4126 50.9615 8.5
      vertex 25 51 8.5
    endloop
  endfacet
  facet normal 0 0 1
    outer loop
      vertex 23.8353 58.1533 8.5
      vertex 24.4126 50.9615 8.5
      vertex 24.4126 58.0385 8.5
    endloop
  endfacet
  facet normal 0 0 1
    outer loop
      vertex 23.8353 58.1533 8.5
      vertex 23.8353 50.8467 8.5
      vertex 24.4126 50.9615 8.5
    endloop
  endfacet
  facet normal 0 0 1
    outer loop
      vertex 23.2779 58.3425 8.5
      vertex 23.8353 50.8467 8.5
      vertex 23.8353 58.1533 8.5
    endloop
  endfacet
  facet normal 0 0 1
    outer loop
      vertex 23.2779 58.3425 8.5
      vertex 23.2779 50.6575 8.5
      vertex 23.8353 50.8467 8.5
    endloop
  endfacet
  facet normal 0 0 1
    outer loop
      vertex 22.75 58.6029 8.5
      vertex 23.2779 50.6575 8.5
      vertex 23.2779 58.3425 8.5
    endloop
  endfacet
  facet normal 0 0 1
    outer loop
      vertex 22.75 58.6029 8.5
      vertex 22.75 50.3971 8.5
      vertex 23.2779 50.6575 8.5
    endloop
  endfacet
  facet normal 0 0 1
    outer loop
      vertex 22.2606 58.9299 8.5
      vertex 22.75 50.3971 8.5
      vertex 22.75 58.6029 8.5
    endloop
  endfacet
  facet normal 0 0 1
    outer loop
      vertex 22.2606 58.9299 8.5
      vertex 22.2606 50.0701 8.5
      vertex 22.75 50.3971 8.5
    endloop
  endfacet
  facet normal 0 0 1
    outer loop
      vertex 21.818 59.318 8.5
      vertex 22.2606 50.0701 8.5
      vertex 22.2606 58.9299 8.5
    endloop
  endfacet
  facet normal 0 0 1
    outer loop
      vertex 21.818 59.318 8.5
      vertex 21.818 49.682 8.5
      vertex 22.2606 50.0701 8.5
    endloop
  endfacet
  facet normal 0 0 1
    outer loop
      vertex 21.4299 59.7606 8.5
      vertex 21.818 49.682 8.5
      vertex 21.818 59.318 8.5
    endloop
  endfacet
  facet normal 0 0 1
    outer loop
      vertex 21.4299 59.7606 8.5
      vertex 21.4299 49.2394 8.5
      vertex 21.818 49.682 8.5
    endloop
  endfacet
  facet normal 0 0 1
    outer loop
      vertex 21.1029 60.25 8.5
      vertex 21.4299 49.2394 8.5
      vertex 21.4299 59.7606 8.5
    endloop
  endfacet
  facet normal 0 0 1
    outer loop
      vertex 21.1029 60.25 8.5
      vertex 21.1029 48.75 8.5
      vertex 21.4299 49.2394 8.5
    endloop
  endfacet
  facet normal 0 0 1
    outer loop
      vertex 20.8425 60.7779 8.5
      vertex 21.1029 48.75 8.5
      vertex 21.1029 60.25 8.5
    endloop
  endfacet
  facet normal 0 0 1
    outer loop
      vertex 20.8425 60.7779 8.5
      vertex 20.8425 48.2221 8.5
      vertex 21.1029 48.75 8.5
    endloop
  endfacet
  facet normal 0 0 1
    outer loop
      vertex 20.6533 61.3353 8.5
      vertex 20.8425 48.2221 8.5
      vertex 20.8425 60.7779 8.5
    endloop
  endfacet
  facet normal 0 0 1
    outer loop
      vertex 20.6533 61.3353 8.5
      vertex 20.6533 47.6647 8.5
      vertex 20.8425 48.2221 8.5
    endloop
  endfacet
  facet normal 0 0 1
    outer loop
      vertex 20.5385 61.9126 8.5
      vertex 20.6533 47.6647 8.5
      vertex 20.6533 61.3353 8.5
    endloop
  endfacet
  facet normal 0 0 1
    outer loop
      vertex 20.5385 61.9126 8.5
      vertex 20.5385 47.0874 8.5
      vertex 20.6533 47.6647 8.5
    endloop
  endfacet
  facet normal 0 0 1
    outer loop
      vertex 9.7 87.3 8.5
      vertex 20.5385 61.9126 8.5
      vertex 20.5 62.5 8.5
    endloop
  endfacet
  facet normal 0 0 1
    outer loop
      vertex 20.5385 61.9126 8.5
      vertex 9.7 87.3 8.5
      vertex 20.5385 47.0874 8.5
    endloop
  endfacet
  facet normal 0 0 1
    outer loop
      vertex 41.5701 43.7606 8.5
      vertex 47.4299 43.7606 8.5
      vertex 41.8971 44.25 8.5
    endloop
  endfacet
  facet normal 0 0 1
    outer loop
      vertex 47.4299 33.2394 8.5
      vertex 42.4615 31.0874 8.5
      vertex 42.5 30.5 8.5
    endloop
  endfacet
  facet normal 0 0 1
    outer loop
      vertex 47.4299 43.7606 8.5
      vertex 41.5701 43.7606 8.5
      vertex 47.818 43.318 8.5
    endloop
  endfacet
  facet normal 0 0 1
    outer loop
      vertex 47.4299 33.2394 8.5
      vertex 42.3467 31.6647 8.5
      vertex 42.4615 31.0874 8.5
    endloop
  endfacet
  facet normal 0 0 1
    outer loop
      vertex 41.182 43.318 8.5
      vertex 47.818 43.318 8.5
      vertex 41.5701 43.7606 8.5
    endloop
  endfacet
  facet normal 0 0 1
    outer loop
      vertex 47.4299 33.2394 8.5
      vertex 42.1575 32.2221 8.5
      vertex 42.3467 31.6647 8.5
    endloop
  endfacet
  facet normal 0 0 1
    outer loop
      vertex 40.7394 42.9299 8.5
      vertex 47.818 43.318 8.5
      vertex 41.182 43.318 8.5
    endloop
  endfacet
  facet normal 0 0 1
    outer loop
      vertex 47.4299 33.2394 8.5
      vertex 41.8971 32.75 8.5
      vertex 42.1575 32.2221 8.5
    endloop
  endfacet
  facet normal 0 0 1
    outer loop
      vertex 47.818 43.318 8.5
      vertex 40.7394 42.9299 8.5
      vertex 47.818 33.682 8.5
    endloop
  endfacet
  facet normal 0 0 1
    outer loop
      vertex 47.4299 33.2394 8.5
      vertex 41.5701 33.2394 8.5
      vertex 41.8971 32.75 8.5
    endloop
  endfacet
  facet normal -0 0 1
    outer loop
      vertex 40.7394 34.0701 8.5
      vertex 47.818 33.682 8.5
      vertex 40.7394 42.9299 8.5
    endloop
  endfacet
  facet normal 0 0 1
    outer loop
      vertex 47.4299 33.2394 8.5
      vertex 41.182 33.682 8.5
      vertex 41.5701 33.2394 8.5
    endloop
  endfacet
  facet normal 0 -0 1
    outer loop
      vertex 41.182 33.682 8.5
      vertex 47.818 33.682 8.5
      vertex 40.7394 34.0701 8.5
    endloop
  endfacet
  facet normal 0 0 1
    outer loop
      vertex 47.818 33.682 8.5
      vertex 41.182 33.682 8.5
      vertex 47.4299 33.2394 8.5
    endloop
  endfacet
  facet normal -0 0 1
    outer loop
      vertex 40.25 42.6029 8.5
      vertex 40.7394 34.0701 8.5
      vertex 40.7394 42.9299 8.5
    endloop
  endfacet
  facet normal 0 0 1
    outer loop
      vertex 40.25 42.6029 8.5
      vertex 40.25 34.3971 8.5
      vertex 40.7394 34.0701 8.5
    endloop
  endfacet
  facet normal -0 0 1
    outer loop
      vertex 39.7221 42.3425 8.5
      vertex 40.25 34.3971 8.5
      vertex 40.25 42.6029 8.5
    endloop
  endfacet
  facet normal 0 0 1
    outer loop
      vertex 39.7221 42.3425 8.5
      vertex 39.7221 34.6575 8.5
      vertex 40.25 34.3971 8.5
    endloop
  endfacet
  facet normal -0 0 1
    outer loop
      vertex 39.1647 42.1533 8.5
      vertex 39.7221 34.6575 8.5
      vertex 39.7221 42.3425 8.5
    endloop
  endfacet
  facet normal 0 0 1
    outer loop
      vertex 39.1647 42.1533 8.5
      vertex 39.1647 34.8467 8.5
      vertex 39.7221 34.6575 8.5
    endloop
  endfacet
  facet normal -0 0 1
    outer loop
      vertex 38.5874 42.0385 8.5
      vertex 39.1647 34.8467 8.5
      vertex 39.1647 42.1533 8.5
    endloop
  endfacet
  facet normal 0 0 1
    outer loop
      vertex 38.5874 42.0385 8.5
      vertex 38.5874 34.9615 8.5
      vertex 39.1647 34.8467 8.5
    endloop
  endfacet
  facet normal -0 0 1
    outer loop
      vertex 38 42 8.5
      vertex 38.5874 34.9615 8.5
      vertex 38.5874 42.0385 8.5
    endloop
  endfacet
  facet normal 0 0 1
    outer loop
      vertex 38 42 8.5
      vertex 38 35 8.5
      vertex 38.5874 34.9615 8.5
    endloop
  endfacet
  facet normal 0 0 1
    outer loop
      vertex 37.4126 42.0385 8.5
      vertex 38 35 8.5
      vertex 38 42 8.5
    endloop
  endfacet
  facet normal 0 0 1
    outer loop
      vertex 37.4126 42.0385 8.5
      vertex 37.4126 34.9615 8.5
      vertex 38 35 8.5
    endloop
  endfacet
  facet normal 0 0 1
    outer loop
      vertex 36.8353 42.1533 8.5
      vertex 37.4126 34.9615 8.5
      vertex 37.4126 42.0385 8.5
    endloop
  endfacet
  facet normal 0 0 1
    outer loop
      vertex 36.8353 42.1533 8.5
      vertex 36.8353 34.8467 8.5
      vertex 37.4126 34.9615 8.5
    endloop
  endfacet
  facet normal 0 0 1
    outer loop
      vertex 36.2779 42.3425 8.5
      vertex 36.8353 34.8467 8.5
      vertex 36.8353 42.1533 8.5
    endloop
  endfacet
  facet normal 0 0 1
    outer loop
      vertex 36.2779 42.3425 8.5
      vertex 36.2779 34.6575 8.5
      vertex 36.8353 34.8467 8.5
    endloop
  endfacet
  facet normal 0 0 1
    outer loop
      vertex 35.75 42.6029 8.5
      vertex 36.2779 34.6575 8.5
      vertex 36.2779 42.3425 8.5
    endloop
  endfacet
  facet normal 0 0 1
    outer loop
      vertex 35.75 42.6029 8.5
      vertex 35.75 34.3971 8.5
      vertex 36.2779 34.6575 8.5
    endloop
  endfacet
  facet normal 0 0 1
    outer loop
      vertex 35.2606 42.9299 8.5
      vertex 35.75 34.3971 8.5
      vertex 35.75 42.6029 8.5
    endloop
  endfacet
  facet normal 0 0 1
    outer loop
      vertex 35.2606 42.9299 8.5
      vertex 35.2606 34.0701 8.5
      vertex 35.75 34.3971 8.5
    endloop
  endfacet
  facet normal 0 0 1
    outer loop
      vertex 34.818 43.318 8.5
      vertex 35.2606 34.0701 8.5
      vertex 35.2606 42.9299 8.5
    endloop
  endfacet
  facet normal 0 0 1
    outer loop
      vertex 34.818 43.318 8.5
      vertex 34.818 33.682 8.5
      vertex 35.2606 34.0701 8.5
    endloop
  endfacet
  facet normal 0 0 1
    outer loop
      vertex 33.8425 44.7779 8.5
      vertex 29.1575 44.7779 8.5
      vertex 34.1029 44.25 8.5
    endloop
  endfacet
  facet normal 0 0 1
    outer loop
      vertex 28.8971 44.25 8.5
      vertex 34.1029 44.25 8.5
      vertex 29.1575 44.7779 8.5
    endloop
  endfacet
  facet normal 0 0 1
    outer loop
      vertex 33.6533 45.3353 8.5
      vertex 29.3467 45.3353 8.5
      vertex 33.8425 44.7779 8.5
    endloop
  endfacet
  facet normal 0 0 1
    outer loop
      vertex 29.1575 44.7779 8.5
      vertex 33.8425 44.7779 8.5
      vertex 29.3467 45.3353 8.5
    endloop
  endfacet
  facet normal 0 0 1
    outer loop
      vertex 29.3467 45.3353 8.5
      vertex 33.6533 45.3353 8.5
      vertex 29.4615 45.9126 8.5
    endloop
  endfacet
  facet normal 0 0 1
    outer loop
      vertex 34.1029 44.25 8.5
      vertex 28.8971 44.25 8.5
      vertex 34.4299 43.7606 8.5
    endloop
  endfacet
  facet normal 0 0 1
    outer loop
      vertex 33.5385 45.9126 8.5
      vertex 29.4615 45.9126 8.5
      vertex 33.6533 45.3353 8.5
    endloop
  endfacet
  facet normal 0 0 1
    outer loop
      vertex 34.4299 33.2394 8.5
      vertex 29.5 30.5 8.5
      vertex 34.1029 32.75 8.5
    endloop
  endfacet
  facet normal 0 0 1
    outer loop
      vertex 29.4615 45.9126 8.5
      vertex 33.5385 45.9126 8.5
      vertex 29.5 46.5 8.5
    endloop
  endfacet
  facet normal 0 0 1
    outer loop
      vertex 34.1029 32.75 8.5
      vertex 29.5 30.5 8.5
      vertex 33.8425 32.2221 8.5
    endloop
  endfacet
  facet normal -0 0 1
    outer loop
      vertex 29.5 46.5 8.5
      vertex 33.5385 45.9126 8.5
      vertex 33.5 46.5 8.5
    endloop
  endfacet
  facet normal 0 0 1
    outer loop
      vertex 33.8425 32.2221 8.5
      vertex 29.5 30.5 8.5
      vertex 33.6533 31.6647 8.5
    endloop
  endfacet
  facet normal 0 0 1
    outer loop
      vertex 41.5701 59.7606 8.5
      vertex 47.4299 59.7606 8.5
      vertex 41.8971 60.25 8.5
    endloop
  endfacet
  facet normal 0 0 1
    outer loop
      vertex 47.4299 49.2394 8.5
      vertex 42.4615 47.0874 8.5
      vertex 42.5 46.5 8.5
    endloop
  endfacet
  facet normal 0 0 1
    outer loop
      vertex 47.4299 59.7606 8.5
      vertex 41.5701 59.7606 8.5
      vertex 47.818 59.318 8.5
    endloop
  endfacet
  facet normal 0 0 1
    outer loop
      vertex 47.4299 49.2394 8.5
      vertex 42.3467 47.6647 8.5
      vertex 42.4615 47.0874 8.5
    endloop
  endfacet
  facet normal 0 0 1
    outer loop
      vertex 41.182 59.318 8.5
      vertex 47.818 59.318 8.5
      vertex 41.5701 59.7606 8.5
    endloop
  endfacet
  facet normal 0 0 1
    outer loop
      vertex 47.4299 49.2394 8.5
      vertex 42.1575 48.2221 8.5
      vertex 42.3467 47.6647 8.5
    endloop
  endfacet
  facet normal 0 0 1
    outer loop
      vertex 40.7394 58.9299 8.5
      vertex 47.818 59.318 8.5
      vertex 41.182 59.318 8.5
    endloop
  endfacet
  facet normal 0 0 1
    outer loop
      vertex 47.4299 49.2394 8.5
      vertex 41.8971 48.75 8.5
      vertex 42.1575 48.2221 8.5
    endloop
  endfacet
  facet normal 0 0 1
    outer loop
      vertex 47.818 59.318 8.5
      vertex 40.7394 58.9299 8.5
      vertex 47.818 49.682 8.5
    endloop
  endfacet
  facet normal 0 0 1
    outer loop
      vertex 47.4299 49.2394 8.5
      vertex 41.5701 49.2394 8.5
      vertex 41.8971 48.75 8.5
    endloop
  endfacet
  facet normal -0 0 1
    outer loop
      vertex 40.7394 50.0701 8.5
      vertex 47.818 49.682 8.5
      vertex 40.7394 58.9299 8.5
    endloop
  endfacet
  facet normal 0 0 1
    outer loop
      vertex 47.4299 49.2394 8.5
      vertex 41.182 49.682 8.5
      vertex 41.5701 49.2394 8.5
    endloop
  endfacet
  facet normal 0 -0 1
    outer loop
      vertex 41.182 49.682 8.5
      vertex 47.818 49.682 8.5
      vertex 40.7394 50.0701 8.5
    endloop
  endfacet
  facet normal 0 0 1
    outer loop
      vertex 47.818 49.682 8.5
      vertex 41.182 49.682 8.5
      vertex 47.4299 49.2394 8.5
    endloop
  endfacet
  facet normal -0 0 1
    outer loop
      vertex 40.25 58.6029 8.5
      vertex 40.7394 50.0701 8.5
      vertex 40.7394 58.9299 8.5
    endloop
  endfacet
  facet normal 0 0 1
    outer loop
      vertex 40.25 58.6029 8.5
      vertex 40.25 50.3971 8.5
      vertex 40.7394 50.0701 8.5
    endloop
  endfacet
  facet normal -0 0 1
    outer loop
      vertex 39.7221 58.3425 8.5
      vertex 40.25 50.3971 8.5
      vertex 40.25 58.6029 8.5
    endloop
  endfacet
  facet normal 0 0 1
    outer loop
      vertex 39.7221 58.3425 8.5
      vertex 39.7221 50.6575 8.5
      vertex 40.25 50.3971 8.5
    endloop
  endfacet
  facet normal -0 0 1
    outer loop
      vertex 39.1647 58.1533 8.5
      vertex 39.7221 50.6575 8.5
      vertex 39.7221 58.3425 8.5
    endloop
  endfacet
  facet normal 0 0 1
    outer loop
      vertex 39.1647 58.1533 8.5
      vertex 39.1647 50.8467 8.5
      vertex 39.7221 50.6575 8.5
    endloop
  endfacet
  facet normal -0 0 1
    outer loop
      vertex 38.5874 58.0385 8.5
      vertex 39.1647 50.8467 8.5
      vertex 39.1647 58.1533 8.5
    endloop
  endfacet
  facet normal 0 0 1
    outer loop
      vertex 38.5874 58.0385 8.5
      vertex 38.5874 50.9615 8.5
      vertex 39.1647 50.8467 8.5
    endloop
  endfacet
  facet normal -0 0 1
    outer loop
      vertex 38 58 8.5
      vertex 38.5874 50.9615 8.5
      vertex 38.5874 58.0385 8.5
    endloop
  endfacet
  facet normal 0 0 1
    outer loop
      vertex 38 58 8.5
      vertex 38 51 8.5
      vertex 38.5874 50.9615 8.5
    endloop
  endfacet
  facet normal 0 0 1
    outer loop
      vertex 37.4126 58.0385 8.5
      vertex 38 51 8.5
      vertex 38 58 8.5
    endloop
  endfacet
  facet normal 0 0 1
    outer loop
      vertex 37.4126 58.0385 8.5
      vertex 37.4126 50.9615 8.5
      vertex 38 51 8.5
    endloop
  endfacet
  facet normal 0 0 1
    outer loop
      vertex 36.8353 58.1533 8.5
      vertex 37.4126 50.9615 8.5
      vertex 37.4126 58.0385 8.5
    endloop
  endfacet
  facet normal 0 0 1
    outer loop
      vertex 36.8353 58.1533 8.5
      vertex 36.8353 50.8467 8.5
      vertex 37.4126 50.9615 8.5
    endloop
  endfacet
  facet normal 0 0 1
    outer loop
      vertex 36.2779 58.3425 8.5
      vertex 36.8353 50.8467 8.5
      vertex 36.8353 58.1533 8.5
    endloop
  endfacet
  facet normal 0 0 1
    outer loop
      vertex 36.2779 58.3425 8.5
      vertex 36.2779 50.6575 8.5
      vertex 36.8353 50.8467 8.5
    endloop
  endfacet
  facet normal 0 0 1
    outer loop
      vertex 35.75 58.6029 8.5
      vertex 36.2779 50.6575 8.5
      vertex 36.2779 58.3425 8.5
    endloop
  endfacet
  facet normal 0 0 1
    outer loop
      vertex 35.75 58.6029 8.5
      vertex 35.75 50.3971 8.5
      vertex 36.2779 50.6575 8.5
    endloop
  endfacet
  facet normal 0 0 1
    outer loop
      vertex 35.2606 58.9299 8.5
      vertex 35.75 50.3971 8.5
      vertex 35.75 58.6029 8.5
    endloop
  endfacet
  facet normal 0 0 1
    outer loop
      vertex 35.2606 58.9299 8.5
      vertex 35.2606 50.0701 8.5
      vertex 35.75 50.3971 8.5
    endloop
  endfacet
  facet normal 0 0 1
    outer loop
      vertex 34.818 59.318 8.5
      vertex 35.2606 50.0701 8.5
      vertex 35.2606 58.9299 8.5
    endloop
  endfacet
  facet normal 0 0 1
    outer loop
      vertex 34.818 59.318 8.5
      vertex 34.818 49.682 8.5
      vertex 35.2606 50.0701 8.5
    endloop
  endfacet
  facet normal 0 0 1
    outer loop
      vertex 33.8425 60.7779 8.5
      vertex 29.1575 60.7779 8.5
      vertex 34.1029 60.25 8.5
    endloop
  endfacet
  facet normal 0 0 1
    outer loop
      vertex 28.8971 60.25 8.5
      vertex 34.1029 60.25 8.5
      vertex 29.1575 60.7779 8.5
    endloop
  endfacet
  facet normal 0 0 1
    outer loop
      vertex 33.6533 61.3353 8.5
      vertex 29.3467 61.3353 8.5
      vertex 33.8425 60.7779 8.5
    endloop
  endfacet
  facet normal 0 0 1
    outer loop
      vertex 29.1575 60.7779 8.5
      vertex 33.8425 60.7779 8.5
      vertex 29.3467 61.3353 8.5
    endloop
  endfacet
  facet normal 0 0 1
    outer loop
      vertex 29.3467 61.3353 8.5
      vertex 33.6533 61.3353 8.5
      vertex 29.4615 61.9126 8.5
    endloop
  endfacet
  facet normal 0 0 1
    outer loop
      vertex 34.1029 60.25 8.5
      vertex 28.8971 60.25 8.5
      vertex 34.4299 59.7606 8.5
    endloop
  endfacet
  facet normal 0 0 1
    outer loop
      vertex 33.5385 61.9126 8.5
      vertex 29.4615 61.9126 8.5
      vertex 33.6533 61.3353 8.5
    endloop
  endfacet
  facet normal 0 0 1
    outer loop
      vertex 34.4299 49.2394 8.5
      vertex 29.5 46.5 8.5
      vertex 34.1029 48.75 8.5
    endloop
  endfacet
  facet normal 0 0 1
    outer loop
      vertex 29.4615 61.9126 8.5
      vertex 33.5385 61.9126 8.5
      vertex 29.5 62.5 8.5
    endloop
  endfacet
  facet normal 0 0 1
    outer loop
      vertex 34.1029 48.75 8.5
      vertex 29.5 46.5 8.5
      vertex 33.8425 48.2221 8.5
    endloop
  endfacet
  facet normal -0 0 1
    outer loop
      vertex 29.5 62.5 8.5
      vertex 33.5385 61.9126 8.5
      vertex 33.5 62.5 8.5
    endloop
  endfacet
  facet normal 0 0 1
    outer loop
      vertex 33.8425 48.2221 8.5
      vertex 29.5 46.5 8.5
      vertex 33.6533 47.6647 8.5
    endloop
  endfacet
  facet normal -0 0 1
    outer loop
      vertex 55.4615 31.0874 8.5
      vertex 66.3 5.7 8.5
      vertex 55.4615 45.9126 8.5
    endloop
  endfacet
  facet normal 0 0 1
    outer loop
      vertex 66.3 5.7 8.5
      vertex 55.4615 31.0874 8.5
      vertex 55.5 30.5 8.5
    endloop
  endfacet
  facet normal -0 0 1
    outer loop
      vertex 55.3467 45.3353 8.5
      vertex 55.4615 31.0874 8.5
      vertex 55.4615 45.9126 8.5
    endloop
  endfacet
  facet normal 0 0 1
    outer loop
      vertex 55.3467 45.3353 8.5
      vertex 55.3467 31.6647 8.5
      vertex 55.4615 31.0874 8.5
    endloop
  endfacet
  facet normal -0 0 1
    outer loop
      vertex 55.1575 44.7779 8.5
      vertex 55.3467 31.6647 8.5
      vertex 55.3467 45.3353 8.5
    endloop
  endfacet
  facet normal 0 0 1
    outer loop
      vertex 55.1575 44.7779 8.5
      vertex 55.1575 32.2221 8.5
      vertex 55.3467 31.6647 8.5
    endloop
  endfacet
  facet normal -0 0 1
    outer loop
      vertex 54.8971 44.25 8.5
      vertex 55.1575 32.2221 8.5
      vertex 55.1575 44.7779 8.5
    endloop
  endfacet
  facet normal 0 0 1
    outer loop
      vertex 54.8971 44.25 8.5
      vertex 54.8971 32.75 8.5
      vertex 55.1575 32.2221 8.5
    endloop
  endfacet
  facet normal -0 0 1
    outer loop
      vertex 54.5701 43.7606 8.5
      vertex 54.8971 32.75 8.5
      vertex 54.8971 44.25 8.5
    endloop
  endfacet
  facet normal 0 0 1
    outer loop
      vertex 54.5701 43.7606 8.5
      vertex 54.5701 33.2394 8.5
      vertex 54.8971 32.75 8.5
    endloop
  endfacet
  facet normal -0 0 1
    outer loop
      vertex 54.182 43.318 8.5
      vertex 54.5701 33.2394 8.5
      vertex 54.5701 43.7606 8.5
    endloop
  endfacet
  facet normal 0 0 1
    outer loop
      vertex 54.182 43.318 8.5
      vertex 54.182 33.682 8.5
      vertex 54.5701 33.2394 8.5
    endloop
  endfacet
  facet normal -0 0 1
    outer loop
      vertex 53.7394 42.9299 8.5
      vertex 54.182 33.682 8.5
      vertex 54.182 43.318 8.5
    endloop
  endfacet
  facet normal 0 0 1
    outer loop
      vertex 53.7394 42.9299 8.5
      vertex 53.7394 34.0701 8.5
      vertex 54.182 33.682 8.5
    endloop
  endfacet
  facet normal -0 0 1
    outer loop
      vertex 53.25 42.6029 8.5
      vertex 53.7394 34.0701 8.5
      vertex 53.7394 42.9299 8.5
    endloop
  endfacet
  facet normal 0 0 1
    outer loop
      vertex 53.25 42.6029 8.5
      vertex 53.25 34.3971 8.5
      vertex 53.7394 34.0701 8.5
    endloop
  endfacet
  facet normal -0 0 1
    outer loop
      vertex 52.7221 42.3425 8.5
      vertex 53.25 34.3971 8.5
      vertex 53.25 42.6029 8.5
    endloop
  endfacet
  facet normal 0 0 1
    outer loop
      vertex 52.7221 42.3425 8.5
      vertex 52.7221 34.6575 8.5
      vertex 53.25 34.3971 8.5
    endloop
  endfacet
  facet normal -0 0 1
    outer loop
      vertex 52.1647 42.1533 8.5
      vertex 52.7221 34.6575 8.5
      vertex 52.7221 42.3425 8.5
    endloop
  endfacet
  facet normal 0 0 1
    outer loop
      vertex 52.1647 42.1533 8.5
      vertex 52.1647 34.8467 8.5
      vertex 52.7221 34.6575 8.5
    endloop
  endfacet
  facet normal -0 0 1
    outer loop
      vertex 51.5874 42.0385 8.5
      vertex 52.1647 34.8467 8.5
      vertex 52.1647 42.1533 8.5
    endloop
  endfacet
  facet normal 0 0 1
    outer loop
      vertex 51.5874 42.0385 8.5
      vertex 51.5874 34.9615 8.5
      vertex 52.1647 34.8467 8.5
    endloop
  endfacet
  facet normal -0 0 1
    outer loop
      vertex 51 42 8.5
      vertex 51.5874 34.9615 8.5
      vertex 51.5874 42.0385 8.5
    endloop
  endfacet
  facet normal 0 0 1
    outer loop
      vertex 51 42 8.5
      vertex 51 35 8.5
      vertex 51.5874 34.9615 8.5
    endloop
  endfacet
  facet normal 0 0 1
    outer loop
      vertex 50.4126 42.0385 8.5
      vertex 51 35 8.5
      vertex 51 42 8.5
    endloop
  endfacet
  facet normal 0 0 1
    outer loop
      vertex 50.4126 42.0385 8.5
      vertex 50.4126 34.9615 8.5
      vertex 51 35 8.5
    endloop
  endfacet
  facet normal 0 0 1
    outer loop
      vertex 49.8353 42.1533 8.5
      vertex 50.4126 34.9615 8.5
      vertex 50.4126 42.0385 8.5
    endloop
  endfacet
  facet normal 0 0 1
    outer loop
      vertex 49.8353 42.1533 8.5
      vertex 49.8353 34.8467 8.5
      vertex 50.4126 34.9615 8.5
    endloop
  endfacet
  facet normal 0 0 1
    outer loop
      vertex 49.2779 42.3425 8.5
      vertex 49.8353 34.8467 8.5
      vertex 49.8353 42.1533 8.5
    endloop
  endfacet
  facet normal 0 0 1
    outer loop
      vertex 49.2779 42.3425 8.5
      vertex 49.2779 34.6575 8.5
      vertex 49.8353 34.8467 8.5
    endloop
  endfacet
  facet normal 0 0 1
    outer loop
      vertex 48.75 42.6029 8.5
      vertex 49.2779 34.6575 8.5
      vertex 49.2779 42.3425 8.5
    endloop
  endfacet
  facet normal 0 0 1
    outer loop
      vertex 48.75 42.6029 8.5
      vertex 48.75 34.3971 8.5
      vertex 49.2779 34.6575 8.5
    endloop
  endfacet
  facet normal 0 0 1
    outer loop
      vertex 48.2606 42.9299 8.5
      vertex 48.75 34.3971 8.5
      vertex 48.75 42.6029 8.5
    endloop
  endfacet
  facet normal 0 0 1
    outer loop
      vertex 48.2606 42.9299 8.5
      vertex 48.2606 34.0701 8.5
      vertex 48.75 34.3971 8.5
    endloop
  endfacet
  facet normal 0 0 1
    outer loop
      vertex 47.818 43.318 8.5
      vertex 48.2606 34.0701 8.5
      vertex 48.2606 42.9299 8.5
    endloop
  endfacet
  facet normal 0 0 1
    outer loop
      vertex 47.818 43.318 8.5
      vertex 47.818 33.682 8.5
      vertex 48.2606 34.0701 8.5
    endloop
  endfacet
  facet normal 0 0 1
    outer loop
      vertex 46.8425 44.7779 8.5
      vertex 42.1575 44.7779 8.5
      vertex 47.1029 44.25 8.5
    endloop
  endfacet
  facet normal 0 0 1
    outer loop
      vertex 41.8971 44.25 8.5
      vertex 47.1029 44.25 8.5
      vertex 42.1575 44.7779 8.5
    endloop
  endfacet
  facet normal 0 0 1
    outer loop
      vertex 46.6533 45.3353 8.5
      vertex 42.3467 45.3353 8.5
      vertex 46.8425 44.7779 8.5
    endloop
  endfacet
  facet normal 0 0 1
    outer loop
      vertex 42.1575 44.7779 8.5
      vertex 46.8425 44.7779 8.5
      vertex 42.3467 45.3353 8.5
    endloop
  endfacet
  facet normal 0 0 1
    outer loop
      vertex 42.3467 45.3353 8.5
      vertex 46.6533 45.3353 8.5
      vertex 42.4615 45.9126 8.5
    endloop
  endfacet
  facet normal 0 0 1
    outer loop
      vertex 47.1029 44.25 8.5
      vertex 41.8971 44.25 8.5
      vertex 47.4299 43.7606 8.5
    endloop
  endfacet
  facet normal 0 0 1
    outer loop
      vertex 46.5385 45.9126 8.5
      vertex 42.4615 45.9126 8.5
      vertex 46.6533 45.3353 8.5
    endloop
  endfacet
  facet normal 0 0 1
    outer loop
      vertex 47.4299 33.2394 8.5
      vertex 42.5 30.5 8.5
      vertex 47.1029 32.75 8.5
    endloop
  endfacet
  facet normal 0 0 1
    outer loop
      vertex 42.4615 45.9126 8.5
      vertex 46.5385 45.9126 8.5
      vertex 42.5 46.5 8.5
    endloop
  endfacet
  facet normal 0 0 1
    outer loop
      vertex 47.1029 32.75 8.5
      vertex 42.5 30.5 8.5
      vertex 46.8425 32.2221 8.5
    endloop
  endfacet
  facet normal -0 0 1
    outer loop
      vertex 42.5 46.5 8.5
      vertex 46.5385 45.9126 8.5
      vertex 46.5 46.5 8.5
    endloop
  endfacet
  facet normal 0 0 1
    outer loop
      vertex 46.8425 32.2221 8.5
      vertex 42.5 30.5 8.5
      vertex 46.6533 31.6647 8.5
    endloop
  endfacet
  facet normal 0 0 1
    outer loop
      vertex 55.4615 47.0874 8.5
      vertex 66.3 87.3 8.5
      vertex 55.4615 61.9126 8.5
    endloop
  endfacet
  facet normal 0 0 1
    outer loop
      vertex 66.3 87.3 8.5
      vertex 55.4615 47.0874 8.5
      vertex 55.5 46.5 8.5
    endloop
  endfacet
  facet normal -0 0 1
    outer loop
      vertex 55.3467 61.3353 8.5
      vertex 55.4615 47.0874 8.5
      vertex 55.4615 61.9126 8.5
    endloop
  endfacet
  facet normal 0 0 1
    outer loop
      vertex 55.3467 61.3353 8.5
      vertex 55.3467 47.6647 8.5
      vertex 55.4615 47.0874 8.5
    endloop
  endfacet
  facet normal -0 0 1
    outer loop
      vertex 55.1575 60.7779 8.5
      vertex 55.3467 47.6647 8.5
      vertex 55.3467 61.3353 8.5
    endloop
  endfacet
  facet normal 0 0 1
    outer loop
      vertex 55.1575 60.7779 8.5
      vertex 55.1575 48.2221 8.5
      vertex 55.3467 47.6647 8.5
    endloop
  endfacet
  facet normal -0 0 1
    outer loop
      vertex 54.8971 60.25 8.5
      vertex 55.1575 48.2221 8.5
      vertex 55.1575 60.7779 8.5
    endloop
  endfacet
  facet normal 0 0 1
    outer loop
      vertex 54.8971 60.25 8.5
      vertex 54.8971 48.75 8.5
      vertex 55.1575 48.2221 8.5
    endloop
  endfacet
  facet normal -0 0 1
    outer loop
      vertex 54.5701 59.7606 8.5
      vertex 54.8971 48.75 8.5
      vertex 54.8971 60.25 8.5
    endloop
  endfacet
  facet normal 0 0 1
    outer loop
      vertex 54.5701 59.7606 8.5
      vertex 54.5701 49.2394 8.5
      vertex 54.8971 48.75 8.5
    endloop
  endfacet
  facet normal -0 0 1
    outer loop
      vertex 54.182 59.318 8.5
      vertex 54.5701 49.2394 8.5
      vertex 54.5701 59.7606 8.5
    endloop
  endfacet
  facet normal 0 0 1
    outer loop
      vertex 54.182 59.318 8.5
      vertex 54.182 49.682 8.5
      vertex 54.5701 49.2394 8.5
    endloop
  endfacet
  facet normal -0 0 1
    outer loop
      vertex 53.7394 58.9299 8.5
      vertex 54.182 49.682 8.5
      vertex 54.182 59.318 8.5
    endloop
  endfacet
  facet normal 0 0 1
    outer loop
      vertex 53.7394 58.9299 8.5
      vertex 53.7394 50.0701 8.5
      vertex 54.182 49.682 8.5
    endloop
  endfacet
  facet normal -0 0 1
    outer loop
      vertex 53.25 58.6029 8.5
      vertex 53.7394 50.0701 8.5
      vertex 53.7394 58.9299 8.5
    endloop
  endfacet
  facet normal 0 0 1
    outer loop
      vertex 53.25 58.6029 8.5
      vertex 53.25 50.3971 8.5
      vertex 53.7394 50.0701 8.5
    endloop
  endfacet
  facet normal -0 0 1
    outer loop
      vertex 52.7221 58.3425 8.5
      vertex 53.25 50.3971 8.5
      vertex 53.25 58.6029 8.5
    endloop
  endfacet
  facet normal 0 0 1
    outer loop
      vertex 52.7221 58.3425 8.5
      vertex 52.7221 50.6575 8.5
      vertex 53.25 50.3971 8.5
    endloop
  endfacet
  facet normal -0 0 1
    outer loop
      vertex 52.1647 58.1533 8.5
      vertex 52.7221 50.6575 8.5
      vertex 52.7221 58.3425 8.5
    endloop
  endfacet
  facet normal 0 0 1
    outer loop
      vertex 52.1647 58.1533 8.5
      vertex 52.1647 50.8467 8.5
      vertex 52.7221 50.6575 8.5
    endloop
  endfacet
  facet normal -0 0 1
    outer loop
      vertex 51.5874 58.0385 8.5
      vertex 52.1647 50.8467 8.5
      vertex 52.1647 58.1533 8.5
    endloop
  endfacet
  facet normal 0 0 1
    outer loop
      vertex 51.5874 58.0385 8.5
      vertex 51.5874 50.9615 8.5
      vertex 52.1647 50.8467 8.5
    endloop
  endfacet
  facet normal -0 0 1
    outer loop
      vertex 51 58 8.5
      vertex 51.5874 50.9615 8.5
      vertex 51.5874 58.0385 8.5
    endloop
  endfacet
  facet normal 0 0 1
    outer loop
      vertex 51 58 8.5
      vertex 51 51 8.5
      vertex 51.5874 50.9615 8.5
    endloop
  endfacet
  facet normal 0 0 1
    outer loop
      vertex 50.4126 58.0385 8.5
      vertex 51 51 8.5
      vertex 51 58 8.5
    endloop
  endfacet
  facet normal 0 0 1
    outer loop
      vertex 50.4126 58.0385 8.5
      vertex 50.4126 50.9615 8.5
      vertex 51 51 8.5
    endloop
  endfacet
  facet normal 0 0 1
    outer loop
      vertex 49.8353 58.1533 8.5
      vertex 50.4126 50.9615 8.5
      vertex 50.4126 58.0385 8.5
    endloop
  endfacet
  facet normal 0 0 1
    outer loop
      vertex 49.8353 58.1533 8.5
      vertex 49.8353 50.8467 8.5
      vertex 50.4126 50.9615 8.5
    endloop
  endfacet
  facet normal 0 0 1
    outer loop
      vertex 49.2779 58.3425 8.5
      vertex 49.8353 50.8467 8.5
      vertex 49.8353 58.1533 8.5
    endloop
  endfacet
  facet normal 0 0 1
    outer loop
      vertex 49.2779 58.3425 8.5
      vertex 49.2779 50.6575 8.5
      vertex 49.8353 50.8467 8.5
    endloop
  endfacet
  facet normal 0 0 1
    outer loop
      vertex 48.75 58.6029 8.5
      vertex 49.2779 50.6575 8.5
      vertex 49.2779 58.3425 8.5
    endloop
  endfacet
  facet normal 0 0 1
    outer loop
      vertex 48.75 58.6029 8.5
      vertex 48.75 50.3971 8.5
      vertex 49.2779 50.6575 8.5
    endloop
  endfacet
  facet normal 0 0 1
    outer loop
      vertex 48.2606 58.9299 8.5
      vertex 48.75 50.3971 8.5
      vertex 48.75 58.6029 8.5
    endloop
  endfacet
  facet normal 0 0 1
    outer loop
      vertex 48.2606 58.9299 8.5
      vertex 48.2606 50.0701 8.5
      vertex 48.75 50.3971 8.5
    endloop
  endfacet
  facet normal 0 0 1
    outer loop
      vertex 47.818 59.318 8.5
      vertex 48.2606 50.0701 8.5
      vertex 48.2606 58.9299 8.5
    endloop
  endfacet
  facet normal 0 0 1
    outer loop
      vertex 47.818 59.318 8.5
      vertex 47.818 49.682 8.5
      vertex 48.2606 50.0701 8.5
    endloop
  endfacet
  facet normal 0 0 1
    outer loop
      vertex 46.8425 60.7779 8.5
      vertex 42.1575 60.7779 8.5
      vertex 47.1029 60.25 8.5
    endloop
  endfacet
  facet normal 0 0 1
    outer loop
      vertex 41.8971 60.25 8.5
      vertex 47.1029 60.25 8.5
      vertex 42.1575 60.7779 8.5
    endloop
  endfacet
  facet normal 0 0 1
    outer loop
      vertex 46.6533 61.3353 8.5
      vertex 42.3467 61.3353 8.5
      vertex 46.8425 60.7779 8.5
    endloop
  endfacet
  facet normal 0 0 1
    outer loop
      vertex 42.1575 60.7779 8.5
      vertex 46.8425 60.7779 8.5
      vertex 42.3467 61.3353 8.5
    endloop
  endfacet
  facet normal 0 0 1
    outer loop
      vertex 42.3467 61.3353 8.5
      vertex 46.6533 61.3353 8.5
      vertex 42.4615 61.9126 8.5
    endloop
  endfacet
  facet normal 0 0 1
    outer loop
      vertex 47.1029 60.25 8.5
      vertex 41.8971 60.25 8.5
      vertex 47.4299 59.7606 8.5
    endloop
  endfacet
  facet normal 0 0 1
    outer loop
      vertex 46.5385 61.9126 8.5
      vertex 42.4615 61.9126 8.5
      vertex 46.6533 61.3353 8.5
    endloop
  endfacet
  facet normal 0 0 1
    outer loop
      vertex 47.4299 49.2394 8.5
      vertex 42.5 46.5 8.5
      vertex 47.1029 48.75 8.5
    endloop
  endfacet
  facet normal 0 0 1
    outer loop
      vertex 42.4615 61.9126 8.5
      vertex 46.5385 61.9126 8.5
      vertex 42.5 62.5 8.5
    endloop
  endfacet
  facet normal 0 0 1
    outer loop
      vertex 47.1029 48.75 8.5
      vertex 42.5 46.5 8.5
      vertex 46.8425 48.2221 8.5
    endloop
  endfacet
  facet normal -0 0 1
    outer loop
      vertex 42.5 62.5 8.5
      vertex 46.5385 61.9126 8.5
      vertex 46.5 62.5 8.5
    endloop
  endfacet
  facet normal 0 0 1
    outer loop
      vertex 46.8425 48.2221 8.5
      vertex 42.5 46.5 8.5
      vertex 46.6533 47.6647 8.5
    endloop
  endfacet
  facet normal 0 0 1
    outer loop
      vertex 64.3 89.3 8.5
      vertex 66.3 87.3 8.5
      vertex 66.2829 87.5611 8.5
    endloop
  endfacet
  facet normal 0 0 1
    outer loop
      vertex 66.3 87.3 8.5
      vertex 55.5 46.5 8.5
      vertex 66.3 5.7 8.5
    endloop
  endfacet
  facet normal 0 0 1
    outer loop
      vertex 64.3 89.3 8.5
      vertex 66.2829 87.5611 8.5
      vertex 66.2318 87.8176 8.5
    endloop
  endfacet
  facet normal -0 0 1
    outer loop
      vertex 55.4615 45.9126 8.5
      vertex 66.3 5.7 8.5
      vertex 55.5 46.5 8.5
    endloop
  endfacet
  facet normal 0 0 1
    outer loop
      vertex 64.3 89.3 8.5
      vertex 66.2318 87.8176 8.5
      vertex 66.1478 88.0654 8.5
    endloop
  endfacet
  facet normal -0 0 1
    outer loop
      vertex 55.4615 29.9126 8.5
      vertex 66.3 5.7 8.5
      vertex 55.5 30.5 8.5
    endloop
  endfacet
  facet normal 0 0 1
    outer loop
      vertex 64.3 89.3 8.5
      vertex 66.1478 88.0654 8.5
      vertex 66.0321 88.3 8.5
    endloop
  endfacet
  facet normal -0 0 1
    outer loop
      vertex 55.3467 29.3353 8.5
      vertex 66.3 5.7 8.5
      vertex 55.4615 29.9126 8.5
    endloop
  endfacet
  facet normal 0 0 1
    outer loop
      vertex 64.3 89.3 8.5
      vertex 66.0321 88.3 8.5
      vertex 65.8867 88.5175 8.5
    endloop
  endfacet
  facet normal -0 0 1
    outer loop
      vertex 55.1575 28.7779 8.5
      vertex 66.3 5.7 8.5
      vertex 55.3467 29.3353 8.5
    endloop
  endfacet
  facet normal 0 0 1
    outer loop
      vertex 64.3 89.3 8.5
      vertex 65.8867 88.5175 8.5
      vertex 65.7142 88.7142 8.5
    endloop
  endfacet
  facet normal -0 0 1
    outer loop
      vertex 54.8971 28.25 8.5
      vertex 66.3 5.7 8.5
      vertex 55.1575 28.7779 8.5
    endloop
  endfacet
  facet normal 0 0 1
    outer loop
      vertex 64.3 89.3 8.5
      vertex 65.7142 88.7142 8.5
      vertex 65.5175 88.8867 8.5
    endloop
  endfacet
  facet normal -0 0 1
    outer loop
      vertex 54.5701 27.7606 8.5
      vertex 66.3 5.7 8.5
      vertex 54.8971 28.25 8.5
    endloop
  endfacet
  facet normal 0 0 1
    outer loop
      vertex 64.3 89.3 8.5
      vertex 65.5175 88.8867 8.5
      vertex 65.3 89.0321 8.5
    endloop
  endfacet
  facet normal -0 0 1
    outer loop
      vertex 54.182 27.318 8.5
      vertex 66.3 5.7 8.5
      vertex 54.5701 27.7606 8.5
    endloop
  endfacet
  facet normal 0 0 1
    outer loop
      vertex 64.3 89.3 8.5
      vertex 65.3 89.0321 8.5
      vertex 65.0654 89.1478 8.5
    endloop
  endfacet
  facet normal -0 0 1
    outer loop
      vertex 53.7394 26.9299 8.5
      vertex 66.3 5.7 8.5
      vertex 54.182 27.318 8.5
    endloop
  endfacet
  facet normal 0 0 1
    outer loop
      vertex 64.3 89.3 8.5
      vertex 65.0654 89.1478 8.5
      vertex 64.8176 89.2318 8.5
    endloop
  endfacet
  facet normal -0 0 1
    outer loop
      vertex 53.25 26.6029 8.5
      vertex 66.3 5.7 8.5
      vertex 53.7394 26.9299 8.5
    endloop
  endfacet
  facet normal 0 0 1
    outer loop
      vertex 64.3 89.3 8.5
      vertex 64.8176 89.2318 8.5
      vertex 64.5611 89.2829 8.5
    endloop
  endfacet
  facet normal -0 0 1
    outer loop
      vertex 52.7221 26.3425 8.5
      vertex 66.3 5.7 8.5
      vertex 53.25 26.6029 8.5
    endloop
  endfacet
  facet normal 0 0 1
    outer loop
      vertex 52.1647 66.8467 8.5
      vertex 66.3 87.3 8.5
      vertex 64.3 89.3 8.5
    endloop
  endfacet
  facet normal -0 0 1
    outer loop
      vertex 52.1647 26.1533 8.5
      vertex 66.3 5.7 8.5
      vertex 52.7221 26.3425 8.5
    endloop
  endfacet
  facet normal 0 0 1
    outer loop
      vertex 55.4615 61.9126 8.5
      vertex 66.3 87.3 8.5
      vertex 55.5 62.5 8.5
    endloop
  endfacet
  facet normal 0 0 1
    outer loop
      vertex 66.3 87.3 8.5
      vertex 55.4615 63.0874 8.5
      vertex 55.5 62.5 8.5
    endloop
  endfacet
  facet normal 0 0 1
    outer loop
      vertex 66.3 87.3 8.5
      vertex 55.3467 63.6647 8.5
      vertex 55.4615 63.0874 8.5
    endloop
  endfacet
  facet normal 0 0 1
    outer loop
      vertex 66.3 87.3 8.5
      vertex 55.1575 64.2221 8.5
      vertex 55.3467 63.6647 8.5
    endloop
  endfacet
  facet normal 0 0 1
    outer loop
      vertex 66.3 87.3 8.5
      vertex 54.8971 64.75 8.5
      vertex 55.1575 64.2221 8.5
    endloop
  endfacet
  facet normal 0 0 1
    outer loop
      vertex 66.3 87.3 8.5
      vertex 54.5701 65.2394 8.5
      vertex 54.8971 64.75 8.5
    endloop
  endfacet
  facet normal 0 0 1
    outer loop
      vertex 66.3 87.3 8.5
      vertex 54.182 65.682 8.5
      vertex 54.5701 65.2394 8.5
    endloop
  endfacet
  facet normal 0 0 1
    outer loop
      vertex 66.3 87.3 8.5
      vertex 53.7394 66.0701 8.5
      vertex 54.182 65.682 8.5
    endloop
  endfacet
  facet normal 0 0 1
    outer loop
      vertex 66.3 87.3 8.5
      vertex 53.25 66.3971 8.5
      vertex 53.7394 66.0701 8.5
    endloop
  endfacet
  facet normal 0 0 1
    outer loop
      vertex 66.3 87.3 8.5
      vertex 52.7221 66.6575 8.5
      vertex 53.25 66.3971 8.5
    endloop
  endfacet
  facet normal 0 0 1
    outer loop
      vertex 66.3 87.3 8.5
      vertex 52.1647 66.8467 8.5
      vertex 52.7221 66.6575 8.5
    endloop
  endfacet
  facet normal 0 0 1
    outer loop
      vertex 64.3 89.3 8.5
      vertex 51.5874 66.9615 8.5
      vertex 52.1647 66.8467 8.5
    endloop
  endfacet
  facet normal 0 0 1
    outer loop
      vertex 64.3 89.3 8.5
      vertex 51 67 8.5
      vertex 51.5874 66.9615 8.5
    endloop
  endfacet
  facet normal 0 0 1
    outer loop
      vertex 64.3 89.3 8.5
      vertex 50.4126 66.9615 8.5
      vertex 51 67 8.5
    endloop
  endfacet
  facet normal 0 0 1
    outer loop
      vertex 64.3 89.3 8.5
      vertex 49.8353 66.8467 8.5
      vertex 50.4126 66.9615 8.5
    endloop
  endfacet
  facet normal 0 0 1
    outer loop
      vertex 39.1647 66.8467 8.5
      vertex 49.8353 66.8467 8.5
      vertex 64.3 89.3 8.5
    endloop
  endfacet
  facet normal 0 0 1
    outer loop
      vertex 49.8353 66.8467 8.5
      vertex 39.1647 66.8467 8.5
      vertex 49.2779 66.6575 8.5
    endloop
  endfacet
  facet normal 0 -0 1
    outer loop
      vertex 39.7221 66.6575 8.5
      vertex 49.2779 66.6575 8.5
      vertex 39.1647 66.8467 8.5
    endloop
  endfacet
  facet normal 0 0 1
    outer loop
      vertex 49.2779 66.6575 8.5
      vertex 39.7221 66.6575 8.5
      vertex 48.75 66.3971 8.5
    endloop
  endfacet
  facet normal 0 0 1
    outer loop
      vertex 48.75 66.3971 8.5
      vertex 40.25 66.3971 8.5
      vertex 48.2606 66.0701 8.5
    endloop
  endfacet
  facet normal 0 0 1
    outer loop
      vertex 46.5385 47.0874 8.5
      vertex 42.5 46.5 8.5
      vertex 46.5 46.5 8.5
    endloop
  endfacet
  facet normal 0 0 1
    outer loop
      vertex 46.6533 47.6647 8.5
      vertex 42.5 46.5 8.5
      vertex 46.5385 47.0874 8.5
    endloop
  endfacet
  facet normal 0 0 1
    outer loop
      vertex 46.5385 63.0874 8.5
      vertex 42.5 62.5 8.5
      vertex 46.5 62.5 8.5
    endloop
  endfacet
  facet normal 0 0 1
    outer loop
      vertex 42.4615 63.0874 8.5
      vertex 46.5385 63.0874 8.5
      vertex 46.6533 63.6647 8.5
    endloop
  endfacet
  facet normal 0 0 1
    outer loop
      vertex 42.3467 63.6647 8.5
      vertex 46.6533 63.6647 8.5
      vertex 46.8425 64.2221 8.5
    endloop
  endfacet
  facet normal 0 0 1
    outer loop
      vertex 42.1575 64.2221 8.5
      vertex 46.8425 64.2221 8.5
      vertex 47.1029 64.75 8.5
    endloop
  endfacet
  facet normal 0 0 1
    outer loop
      vertex 41.8971 64.75 8.5
      vertex 47.1029 64.75 8.5
      vertex 47.4299 65.2394 8.5
    endloop
  endfacet
  facet normal 0 -0 1
    outer loop
      vertex 40.7394 66.0701 8.5
      vertex 48.2606 66.0701 8.5
      vertex 40.25 66.3971 8.5
    endloop
  endfacet
  facet normal 0 0 1
    outer loop
      vertex 46.5385 63.0874 8.5
      vertex 42.4615 63.0874 8.5
      vertex 42.5 62.5 8.5
    endloop
  endfacet
  facet normal 0 0 1
    outer loop
      vertex 46.6533 63.6647 8.5
      vertex 42.3467 63.6647 8.5
      vertex 42.4615 63.0874 8.5
    endloop
  endfacet
  facet normal 0 0 1
    outer loop
      vertex 46.8425 64.2221 8.5
      vertex 42.1575 64.2221 8.5
      vertex 42.3467 63.6647 8.5
    endloop
  endfacet
  facet normal 0 0 1
    outer loop
      vertex 47.1029 64.75 8.5
      vertex 41.8971 64.75 8.5
      vertex 42.1575 64.2221 8.5
    endloop
  endfacet
  facet normal 0 0 1
    outer loop
      vertex 47.4299 65.2394 8.5
      vertex 41.5701 65.2394 8.5
      vertex 41.8971 64.75 8.5
    endloop
  endfacet
  facet normal 0 0 1
    outer loop
      vertex 47.4299 65.2394 8.5
      vertex 41.182 65.682 8.5
      vertex 41.5701 65.2394 8.5
    endloop
  endfacet
  facet normal 0 0 1
    outer loop
      vertex 47.818 65.682 8.5
      vertex 41.182 65.682 8.5
      vertex 47.4299 65.2394 8.5
    endloop
  endfacet
  facet normal 0 -0 1
    outer loop
      vertex 41.182 65.682 8.5
      vertex 47.818 65.682 8.5
      vertex 40.7394 66.0701 8.5
    endloop
  endfacet
  facet normal 0 0 1
    outer loop
      vertex 48.2606 66.0701 8.5
      vertex 40.7394 66.0701 8.5
      vertex 47.818 65.682 8.5
    endloop
  endfacet
  facet normal 0 -0 1
    outer loop
      vertex 40.25 66.3971 8.5
      vertex 48.75 66.3971 8.5
      vertex 39.7221 66.6575 8.5
    endloop
  endfacet
  facet normal 0 0 1
    outer loop
      vertex 64.3 89.3 8.5
      vertex 38.5874 66.9615 8.5
      vertex 39.1647 66.8467 8.5
    endloop
  endfacet
  facet normal 0 0 1
    outer loop
      vertex 64.3 89.3 8.5
      vertex 38 67 8.5
      vertex 38.5874 66.9615 8.5
    endloop
  endfacet
  facet normal -0 0 1
    outer loop
      vertex 11.7 89.3 8.5
      vertex 38 67 8.5
      vertex 64.3 89.3 8.5
    endloop
  endfacet
  facet normal 0 0 1
    outer loop
      vertex 38 67 8.5
      vertex 11.7 89.3 8.5
      vertex 37.4126 66.9615 8.5
    endloop
  endfacet
  facet normal 0 0 1
    outer loop
      vertex 37.4126 66.9615 8.5
      vertex 11.7 89.3 8.5
      vertex 36.8353 66.8467 8.5
    endloop
  endfacet
  facet normal 0 -0 1
    outer loop
      vertex 26.1647 66.8467 8.5
      vertex 36.8353 66.8467 8.5
      vertex 11.7 89.3 8.5
    endloop
  endfacet
  facet normal 0 0 1
    outer loop
      vertex 36.8353 66.8467 8.5
      vertex 26.1647 66.8467 8.5
      vertex 36.2779 66.6575 8.5
    endloop
  endfacet
  facet normal 0 0 1
    outer loop
      vertex 33.5385 47.0874 8.5
      vertex 29.5 46.5 8.5
      vertex 33.5 46.5 8.5
    endloop
  endfacet
  facet normal 0 0 1
    outer loop
      vertex 33.6533 47.6647 8.5
      vertex 29.5 46.5 8.5
      vertex 33.5385 47.0874 8.5
    endloop
  endfacet
  facet normal 0 0 1
    outer loop
      vertex 33.5385 63.0874 8.5
      vertex 29.5 62.5 8.5
      vertex 33.5 62.5 8.5
    endloop
  endfacet
  facet normal 0 0 1
    outer loop
      vertex 29.4615 63.0874 8.5
      vertex 33.5385 63.0874 8.5
      vertex 33.6533 63.6647 8.5
    endloop
  endfacet
  facet normal 0 0 1
    outer loop
      vertex 29.3467 63.6647 8.5
      vertex 33.6533 63.6647 8.5
      vertex 33.8425 64.2221 8.5
    endloop
  endfacet
  facet normal 0 0 1
    outer loop
      vertex 29.1575 64.2221 8.5
      vertex 33.8425 64.2221 8.5
      vertex 34.1029 64.75 8.5
    endloop
  endfacet
  facet normal 0 0 1
    outer loop
      vertex 28.8971 64.75 8.5
      vertex 34.1029 64.75 8.5
      vertex 34.4299 65.2394 8.5
    endloop
  endfacet
  facet normal 0 0 1
    outer loop
      vertex 28.5701 65.2394 8.5
      vertex 34.4299 65.2394 8.5
      vertex 34.818 65.682 8.5
    endloop
  endfacet
  facet normal 0 0 1
    outer loop
      vertex 28.182 65.682 8.5
      vertex 34.818 65.682 8.5
      vertex 35.2606 66.0701 8.5
    endloop
  endfacet
  facet normal 0 -0 1
    outer loop
      vertex 26.7221 66.6575 8.5
      vertex 36.2779 66.6575 8.5
      vertex 26.1647 66.8467 8.5
    endloop
  endfacet
  facet normal 0 0 1
    outer loop
      vertex 33.5385 63.0874 8.5
      vertex 29.4615 63.0874 8.5
      vertex 29.5 62.5 8.5
    endloop
  endfacet
  facet normal 0 0 1
    outer loop
      vertex 33.6533 63.6647 8.5
      vertex 29.3467 63.6647 8.5
      vertex 29.4615 63.0874 8.5
    endloop
  endfacet
  facet normal 0 0 1
    outer loop
      vertex 33.8425 64.2221 8.5
      vertex 29.1575 64.2221 8.5
      vertex 29.3467 63.6647 8.5
    endloop
  endfacet
  facet normal 0 0 1
    outer loop
      vertex 34.1029 64.75 8.5
      vertex 28.8971 64.75 8.5
      vertex 29.1575 64.2221 8.5
    endloop
  endfacet
  facet normal 0 0 1
    outer loop
      vertex 34.4299 65.2394 8.5
      vertex 28.5701 65.2394 8.5
      vertex 28.8971 64.75 8.5
    endloop
  endfacet
  facet normal 0 0 1
    outer loop
      vertex 34.818 65.682 8.5
      vertex 28.182 65.682 8.5
      vertex 28.5701 65.2394 8.5
    endloop
  endfacet
  facet normal 0 0 1
    outer loop
      vertex 35.2606 66.0701 8.5
      vertex 27.7394 66.0701 8.5
      vertex 28.182 65.682 8.5
    endloop
  endfacet
  facet normal 0 0 1
    outer loop
      vertex 35.2606 66.0701 8.5
      vertex 27.25 66.3971 8.5
      vertex 27.7394 66.0701 8.5
    endloop
  endfacet
  facet normal 0 0 1
    outer loop
      vertex 35.75 66.3971 8.5
      vertex 27.25 66.3971 8.5
      vertex 35.2606 66.0701 8.5
    endloop
  endfacet
  facet normal 0 0 1
    outer loop
      vertex 36.2779 66.6575 8.5
      vertex 26.7221 66.6575 8.5
      vertex 35.75 66.3971 8.5
    endloop
  endfacet
  facet normal 0 -0 1
    outer loop
      vertex 27.25 66.3971 8.5
      vertex 35.75 66.3971 8.5
      vertex 26.7221 66.6575 8.5
    endloop
  endfacet
  facet normal 0 0 1
    outer loop
      vertex 26.1647 66.8467 8.5
      vertex 11.7 89.3 8.5
      vertex 25.5874 66.9615 8.5
    endloop
  endfacet
  facet normal 0 0 1
    outer loop
      vertex 25.5874 66.9615 8.5
      vertex 11.7 89.3 8.5
      vertex 25 67 8.5
    endloop
  endfacet
  facet normal 0 0 1
    outer loop
      vertex 25 67 8.5
      vertex 11.7 89.3 8.5
      vertex 24.4126 66.9615 8.5
    endloop
  endfacet
  facet normal 0 0 1
    outer loop
      vertex 24.4126 66.9615 8.5
      vertex 11.7 89.3 8.5
      vertex 23.8353 66.8467 8.5
    endloop
  endfacet
  facet normal -0 0 1
    outer loop
      vertex 9.7 87.3 8.5
      vertex 23.8353 66.8467 8.5
      vertex 11.7 89.3 8.5
    endloop
  endfacet
  facet normal 0 0 1
    outer loop
      vertex 20.5385 47.0874 8.5
      vertex 9.7 87.3 8.5
      vertex 20.5 46.5 8.5
    endloop
  endfacet
  facet normal 0 0 1
    outer loop
      vertex 20.5385 63.0874 8.5
      vertex 9.7 87.3 8.5
      vertex 20.5 62.5 8.5
    endloop
  endfacet
  facet normal 0 0 1
    outer loop
      vertex 20.6533 63.6647 8.5
      vertex 9.7 87.3 8.5
      vertex 20.5385 63.0874 8.5
    endloop
  endfacet
  facet normal 0 0 1
    outer loop
      vertex 20.8425 64.2221 8.5
      vertex 9.7 87.3 8.5
      vertex 20.6533 63.6647 8.5
    endloop
  endfacet
  facet normal 0 0 1
    outer loop
      vertex 21.1029 64.75 8.5
      vertex 9.7 87.3 8.5
      vertex 20.8425 64.2221 8.5
    endloop
  endfacet
  facet normal 0 0 1
    outer loop
      vertex 21.4299 65.2394 8.5
      vertex 9.7 87.3 8.5
      vertex 21.1029 64.75 8.5
    endloop
  endfacet
  facet normal 0 0 1
    outer loop
      vertex 21.818 65.682 8.5
      vertex 9.7 87.3 8.5
      vertex 21.4299 65.2394 8.5
    endloop
  endfacet
  facet normal 0 0 1
    outer loop
      vertex 22.2606 66.0701 8.5
      vertex 9.7 87.3 8.5
      vertex 21.818 65.682 8.5
    endloop
  endfacet
  facet normal 0 0 1
    outer loop
      vertex 22.75 66.3971 8.5
      vertex 9.7 87.3 8.5
      vertex 22.2606 66.0701 8.5
    endloop
  endfacet
  facet normal 0 0 1
    outer loop
      vertex 23.2779 66.6575 8.5
      vertex 9.7 87.3 8.5
      vertex 22.75 66.3971 8.5
    endloop
  endfacet
  facet normal 0 0 1
    outer loop
      vertex 23.8353 66.8467 8.5
      vertex 9.7 87.3 8.5
      vertex 23.2779 66.6575 8.5
    endloop
  endfacet
  facet normal 0 0 1
    outer loop
      vertex 66.3 5.7 8.5
      vertex 64.3 3.7 8.5
      vertex 66.2829 5.43895 8.5
    endloop
  endfacet
  facet normal 0 0 1
    outer loop
      vertex 66.2829 5.43895 8.5
      vertex 64.3 3.7 8.5
      vertex 66.2318 5.18236 8.5
    endloop
  endfacet
  facet normal 0 0 1
    outer loop
      vertex 66.1478 4.93463 8.5
      vertex 64.3 3.7 8.5
      vertex 66.0321 4.7 8.5
    endloop
  endfacet
  facet normal 0 0 1
    outer loop
      vertex 66.0321 4.7 8.5
      vertex 64.3 3.7 8.5
      vertex 65.8867 4.48248 8.5
    endloop
  endfacet
  facet normal 0 0 1
    outer loop
      vertex 65.7142 4.28579 8.5
      vertex 64.3 3.7 8.5
      vertex 65.5175 4.11329 8.5
    endloop
  endfacet
  facet normal 0 0 1
    outer loop
      vertex 65.5175 4.11329 8.5
      vertex 64.3 3.7 8.5
      vertex 65.3 3.96795 8.5
    endloop
  endfacet
  facet normal 0 0 1
    outer loop
      vertex 65.0654 3.85224 8.5
      vertex 64.3 3.7 8.5
      vertex 64.8176 3.76815 8.5
    endloop
  endfacet
  facet normal 0 0 1
    outer loop
      vertex 64.8176 3.76815 8.5
      vertex 64.3 3.7 8.5
      vertex 64.5611 3.71711 8.5
    endloop
  endfacet
  facet normal 0 0 1
    outer loop
      vertex 65.3 3.96795 8.5
      vertex 64.3 3.7 8.5
      vertex 65.0654 3.85224 8.5
    endloop
  endfacet
  facet normal 0 0 1
    outer loop
      vertex 65.8867 4.48248 8.5
      vertex 64.3 3.7 8.5
      vertex 65.7142 4.28579 8.5
    endloop
  endfacet
  facet normal 0 0 1
    outer loop
      vertex 66.2318 5.18236 8.5
      vertex 64.3 3.7 8.5
      vertex 66.1478 4.93463 8.5
    endloop
  endfacet
  facet normal 0 0 1
    outer loop
      vertex 66.3 5.7 8.5
      vertex 52.1647 26.1533 8.5
      vertex 64.3 3.7 8.5
    endloop
  endfacet
  facet normal -0 0 1
    outer loop
      vertex 51.5874 26.0385 8.5
      vertex 64.3 3.7 8.5
      vertex 52.1647 26.1533 8.5
    endloop
  endfacet
  facet normal -0 0 1
    outer loop
      vertex 51 26 8.5
      vertex 64.3 3.7 8.5
      vertex 51.5874 26.0385 8.5
    endloop
  endfacet
  facet normal 0 0 1
    outer loop
      vertex 50.4126 26.0385 8.5
      vertex 64.3 3.7 8.5
      vertex 51 26 8.5
    endloop
  endfacet
  facet normal 0 0 1
    outer loop
      vertex 49.8353 26.1533 8.5
      vertex 64.3 3.7 8.5
      vertex 50.4126 26.0385 8.5
    endloop
  endfacet
  facet normal 0 0 1
    outer loop
      vertex 39.1647 26.1533 8.5
      vertex 49.8353 26.1533 8.5
      vertex 49.2779 26.3425 8.5
    endloop
  endfacet
  facet normal 0 0 1
    outer loop
      vertex 39.7221 26.3425 8.5
      vertex 49.2779 26.3425 8.5
      vertex 48.75 26.6029 8.5
    endloop
  endfacet
  facet normal 0 0 1
    outer loop
      vertex 40.25 26.6029 8.5
      vertex 48.75 26.6029 8.5
      vertex 48.2606 26.9299 8.5
    endloop
  endfacet
  facet normal 0 0 1
    outer loop
      vertex 40.7394 26.9299 8.5
      vertex 48.2606 26.9299 8.5
      vertex 47.818 27.318 8.5
    endloop
  endfacet
  facet normal 0 0 1
    outer loop
      vertex 41.182 27.318 8.5
      vertex 47.818 27.318 8.5
      vertex 47.4299 27.7606 8.5
    endloop
  endfacet
  facet normal 0 0 1
    outer loop
      vertex 46.6533 31.6647 8.5
      vertex 42.5 30.5 8.5
      vertex 46.5385 31.0874 8.5
    endloop
  endfacet
  facet normal 0 0 1
    outer loop
      vertex 46.5385 31.0874 8.5
      vertex 42.5 30.5 8.5
      vertex 46.5 30.5 8.5
    endloop
  endfacet
  facet normal 0 0 1
    outer loop
      vertex 46.5 30.5 8.5
      vertex 42.5 30.5 8.5
      vertex 46.5385 29.9126 8.5
    endloop
  endfacet
  facet normal 0 0 1
    outer loop
      vertex 42.4615 29.9126 8.5
      vertex 46.5385 29.9126 8.5
      vertex 42.5 30.5 8.5
    endloop
  endfacet
  facet normal 0 0 1
    outer loop
      vertex 46.5385 29.9126 8.5
      vertex 42.4615 29.9126 8.5
      vertex 46.6533 29.3353 8.5
    endloop
  endfacet
  facet normal 0 0 1
    outer loop
      vertex 42.3467 29.3353 8.5
      vertex 46.6533 29.3353 8.5
      vertex 42.4615 29.9126 8.5
    endloop
  endfacet
  facet normal 0 0 1
    outer loop
      vertex 46.6533 29.3353 8.5
      vertex 42.3467 29.3353 8.5
      vertex 46.8425 28.7779 8.5
    endloop
  endfacet
  facet normal 0 0 1
    outer loop
      vertex 42.1575 28.7779 8.5
      vertex 46.8425 28.7779 8.5
      vertex 42.3467 29.3353 8.5
    endloop
  endfacet
  facet normal 0 0 1
    outer loop
      vertex 46.8425 28.7779 8.5
      vertex 42.1575 28.7779 8.5
      vertex 47.1029 28.25 8.5
    endloop
  endfacet
  facet normal 0 0 1
    outer loop
      vertex 41.8971 28.25 8.5
      vertex 47.1029 28.25 8.5
      vertex 42.1575 28.7779 8.5
    endloop
  endfacet
  facet normal 0 0 1
    outer loop
      vertex 47.1029 28.25 8.5
      vertex 41.8971 28.25 8.5
      vertex 47.4299 27.7606 8.5
    endloop
  endfacet
  facet normal 0 0 1
    outer loop
      vertex 41.5701 27.7606 8.5
      vertex 47.4299 27.7606 8.5
      vertex 41.8971 28.25 8.5
    endloop
  endfacet
  facet normal 0 0 1
    outer loop
      vertex 41.182 27.318 8.5
      vertex 47.4299 27.7606 8.5
      vertex 41.5701 27.7606 8.5
    endloop
  endfacet
  facet normal 0 0 1
    outer loop
      vertex 47.818 27.318 8.5
      vertex 41.182 27.318 8.5
      vertex 40.7394 26.9299 8.5
    endloop
  endfacet
  facet normal 0 0 1
    outer loop
      vertex 48.2606 26.9299 8.5
      vertex 40.7394 26.9299 8.5
      vertex 40.25 26.6029 8.5
    endloop
  endfacet
  facet normal 0 0 1
    outer loop
      vertex 48.75 26.6029 8.5
      vertex 40.25 26.6029 8.5
      vertex 39.7221 26.3425 8.5
    endloop
  endfacet
  facet normal 0 0 1
    outer loop
      vertex 49.2779 26.3425 8.5
      vertex 39.7221 26.3425 8.5
      vertex 39.1647 26.1533 8.5
    endloop
  endfacet
  facet normal 0 0 1
    outer loop
      vertex 49.8353 26.1533 8.5
      vertex 39.1647 26.1533 8.5
      vertex 64.3 3.7 8.5
    endloop
  endfacet
  facet normal -0 0 1
    outer loop
      vertex 38.5874 26.0385 8.5
      vertex 64.3 3.7 8.5
      vertex 39.1647 26.1533 8.5
    endloop
  endfacet
  facet normal -0 0 1
    outer loop
      vertex 38 26 8.5
      vertex 64.3 3.7 8.5
      vertex 38.5874 26.0385 8.5
    endloop
  endfacet
  facet normal 0 0 1
    outer loop
      vertex 11.7 3.7 8.5
      vertex 38 26 8.5
      vertex 37.4126 26.0385 8.5
    endloop
  endfacet
  facet normal 0 0 1
    outer loop
      vertex 11.7 3.7 8.5
      vertex 37.4126 26.0385 8.5
      vertex 36.8353 26.1533 8.5
    endloop
  endfacet
  facet normal 0 0 1
    outer loop
      vertex 26.1647 26.1533 8.5
      vertex 36.8353 26.1533 8.5
      vertex 36.2779 26.3425 8.5
    endloop
  endfacet
  facet normal 0 0 1
    outer loop
      vertex 26.7221 26.3425 8.5
      vertex 36.2779 26.3425 8.5
      vertex 35.75 26.6029 8.5
    endloop
  endfacet
  facet normal 0 0 1
    outer loop
      vertex 27.25 26.6029 8.5
      vertex 35.75 26.6029 8.5
      vertex 35.2606 26.9299 8.5
    endloop
  endfacet
  facet normal 0 0 1
    outer loop
      vertex 33.6533 31.6647 8.5
      vertex 29.5 30.5 8.5
      vertex 33.5385 31.0874 8.5
    endloop
  endfacet
  facet normal 0 0 1
    outer loop
      vertex 33.5385 31.0874 8.5
      vertex 29.5 30.5 8.5
      vertex 33.5 30.5 8.5
    endloop
  endfacet
  facet normal 0 0 1
    outer loop
      vertex 33.5 30.5 8.5
      vertex 29.5 30.5 8.5
      vertex 33.5385 29.9126 8.5
    endloop
  endfacet
  facet normal 0 0 1
    outer loop
      vertex 29.4615 29.9126 8.5
      vertex 33.5385 29.9126 8.5
      vertex 29.5 30.5 8.5
    endloop
  endfacet
  facet normal 0 0 1
    outer loop
      vertex 33.5385 29.9126 8.5
      vertex 29.4615 29.9126 8.5
      vertex 33.6533 29.3353 8.5
    endloop
  endfacet
  facet normal 0 0 1
    outer loop
      vertex 29.3467 29.3353 8.5
      vertex 33.6533 29.3353 8.5
      vertex 29.4615 29.9126 8.5
    endloop
  endfacet
  facet normal 0 0 1
    outer loop
      vertex 33.6533 29.3353 8.5
      vertex 29.3467 29.3353 8.5
      vertex 33.8425 28.7779 8.5
    endloop
  endfacet
  facet normal 0 0 1
    outer loop
      vertex 29.1575 28.7779 8.5
      vertex 33.8425 28.7779 8.5
      vertex 29.3467 29.3353 8.5
    endloop
  endfacet
  facet normal 0 0 1
    outer loop
      vertex 33.8425 28.7779 8.5
      vertex 29.1575 28.7779 8.5
      vertex 34.1029 28.25 8.5
    endloop
  endfacet
  facet normal 0 0 1
    outer loop
      vertex 28.8971 28.25 8.5
      vertex 34.1029 28.25 8.5
      vertex 29.1575 28.7779 8.5
    endloop
  endfacet
  facet normal 0 0 1
    outer loop
      vertex 34.1029 28.25 8.5
      vertex 28.8971 28.25 8.5
      vertex 34.4299 27.7606 8.5
    endloop
  endfacet
  facet normal 0 0 1
    outer loop
      vertex 28.5701 27.7606 8.5
      vertex 34.4299 27.7606 8.5
      vertex 28.8971 28.25 8.5
    endloop
  endfacet
  facet normal 0 0 1
    outer loop
      vertex 34.4299 27.7606 8.5
      vertex 28.5701 27.7606 8.5
      vertex 34.818 27.318 8.5
    endloop
  endfacet
  facet normal 0 0 1
    outer loop
      vertex 28.182 27.318 8.5
      vertex 34.818 27.318 8.5
      vertex 28.5701 27.7606 8.5
    endloop
  endfacet
  facet normal 0 0 1
    outer loop
      vertex 34.818 27.318 8.5
      vertex 28.182 27.318 8.5
      vertex 35.2606 26.9299 8.5
    endloop
  endfacet
  facet normal 0 0 1
    outer loop
      vertex 27.7394 26.9299 8.5
      vertex 35.2606 26.9299 8.5
      vertex 28.182 27.318 8.5
    endloop
  endfacet
  facet normal 0 0 1
    outer loop
      vertex 27.25 26.6029 8.5
      vertex 35.2606 26.9299 8.5
      vertex 27.7394 26.9299 8.5
    endloop
  endfacet
  facet normal 0 0 1
    outer loop
      vertex 35.75 26.6029 8.5
      vertex 27.25 26.6029 8.5
      vertex 26.7221 26.3425 8.5
    endloop
  endfacet
  facet normal 0 0 1
    outer loop
      vertex 36.2779 26.3425 8.5
      vertex 26.7221 26.3425 8.5
      vertex 26.1647 26.1533 8.5
    endloop
  endfacet
  facet normal 0 0 1
    outer loop
      vertex 36.8353 26.1533 8.5
      vertex 26.1647 26.1533 8.5
      vertex 11.7 3.7 8.5
    endloop
  endfacet
  facet normal 0 0 1
    outer loop
      vertex 11.7 3.7 8.5
      vertex 26.1647 26.1533 8.5
      vertex 25.5874 26.0385 8.5
    endloop
  endfacet
  facet normal 0 0 1
    outer loop
      vertex 11.7 3.7 8.5
      vertex 25.5874 26.0385 8.5
      vertex 25 26 8.5
    endloop
  endfacet
  facet normal 0 0 1
    outer loop
      vertex 11.7 3.7 8.5
      vertex 25 26 8.5
      vertex 24.4126 26.0385 8.5
    endloop
  endfacet
  facet normal 0 0 1
    outer loop
      vertex 11.7 3.7 8.5
      vertex 24.4126 26.0385 8.5
      vertex 23.8353 26.1533 8.5
    endloop
  endfacet
  facet normal 0 0 1
    outer loop
      vertex 9.7 5.7 8.5
      vertex 23.8353 26.1533 8.5
      vertex 23.2779 26.3425 8.5
    endloop
  endfacet
  facet normal 0 0 1
    outer loop
      vertex 9.7 5.7 8.5
      vertex 23.2779 26.3425 8.5
      vertex 22.75 26.6029 8.5
    endloop
  endfacet
  facet normal 0 0 1
    outer loop
      vertex 9.7 5.7 8.5
      vertex 20.5 46.5 8.5
      vertex 9.7 87.3 8.5
    endloop
  endfacet
  facet normal 0 0 1
    outer loop
      vertex 38 26 8.5
      vertex 11.7 3.7 8.5
      vertex 64.3 3.7 8.5
    endloop
  endfacet
  facet normal 0 0 1
    outer loop
      vertex 9.7 5.7 8.5
      vertex 22.75 26.6029 8.5
      vertex 22.2606 26.9299 8.5
    endloop
  endfacet
  facet normal 0 0 1
    outer loop
      vertex 9.7 5.7 8.5
      vertex 22.2606 26.9299 8.5
      vertex 21.818 27.318 8.5
    endloop
  endfacet
  facet normal 0 0 1
    outer loop
      vertex 9.7 5.7 8.5
      vertex 21.818 27.318 8.5
      vertex 21.4299 27.7606 8.5
    endloop
  endfacet
  facet normal 0 0 1
    outer loop
      vertex 9.7 5.7 8.5
      vertex 21.4299 27.7606 8.5
      vertex 21.1029 28.25 8.5
    endloop
  endfacet
  facet normal 0 0 1
    outer loop
      vertex 9.7 5.7 8.5
      vertex 21.1029 28.25 8.5
      vertex 20.8425 28.7779 8.5
    endloop
  endfacet
  facet normal 0 0 1
    outer loop
      vertex 9.7 5.7 8.5
      vertex 20.8425 28.7779 8.5
      vertex 20.6533 29.3353 8.5
    endloop
  endfacet
  facet normal 0 0 1
    outer loop
      vertex 9.7 5.7 8.5
      vertex 20.6533 29.3353 8.5
      vertex 20.5385 29.9126 8.5
    endloop
  endfacet
  facet normal 0 0 1
    outer loop
      vertex 20.5385 31.0874 8.5
      vertex 9.7 5.7 8.5
      vertex 20.5 30.5 8.5
    endloop
  endfacet
  facet normal 0 0 1
    outer loop
      vertex 9.7 87.3 8.5
      vertex 11.7 89.3 8.5
      vertex 11.4389 89.2829 8.5
    endloop
  endfacet
  facet normal 0 0 1
    outer loop
      vertex 20.5 30.5 8.5
      vertex 9.7 5.7 8.5
      vertex 20.5385 29.9126 8.5
    endloop
  endfacet
  facet normal 0 0 1
    outer loop
      vertex 9.7 87.3 8.5
      vertex 11.4389 89.2829 8.5
      vertex 11.1824 89.2318 8.5
    endloop
  endfacet
  facet normal 0 0 1
    outer loop
      vertex 23.8353 26.1533 8.5
      vertex 9.7 5.7 8.5
      vertex 11.7 3.7 8.5
    endloop
  endfacet
  facet normal 0 0 1
    outer loop
      vertex 9.7 87.3 8.5
      vertex 11.1824 89.2318 8.5
      vertex 10.9346 89.1478 8.5
    endloop
  endfacet
  facet normal 0 0 1
    outer loop
      vertex 11.7 3.7 8.5
      vertex 9.7 5.7 8.5
      vertex 11.4389 3.71711 8.5
    endloop
  endfacet
  facet normal 0 0 1
    outer loop
      vertex 9.7 87.3 8.5
      vertex 10.9346 89.1478 8.5
      vertex 10.7 89.0321 8.5
    endloop
  endfacet
  facet normal 0 0 1
    outer loop
      vertex 11.4389 3.71711 8.5
      vertex 9.7 5.7 8.5
      vertex 11.1824 3.76815 8.5
    endloop
  endfacet
  facet normal 0 0 1
    outer loop
      vertex 9.7 87.3 8.5
      vertex 10.7 89.0321 8.5
      vertex 10.4825 88.8867 8.5
    endloop
  endfacet
  facet normal 0 0 1
    outer loop
      vertex 11.1824 3.76815 8.5
      vertex 9.7 5.7 8.5
      vertex 10.9346 3.85224 8.5
    endloop
  endfacet
  facet normal 0 0 1
    outer loop
      vertex 9.7 87.3 8.5
      vertex 10.4825 88.8867 8.5
      vertex 10.2858 88.7142 8.5
    endloop
  endfacet
  facet normal 0 0 1
    outer loop
      vertex 10.9346 3.85224 8.5
      vertex 9.7 5.7 8.5
      vertex 10.7 3.96795 8.5
    endloop
  endfacet
  facet normal 0 0 1
    outer loop
      vertex 9.7 87.3 8.5
      vertex 10.2858 88.7142 8.5
      vertex 10.1133 88.5175 8.5
    endloop
  endfacet
  facet normal 0 0 1
    outer loop
      vertex 10.7 3.96795 8.5
      vertex 9.7 5.7 8.5
      vertex 10.4825 4.11329 8.5
    endloop
  endfacet
  facet normal 0 0 1
    outer loop
      vertex 9.7 87.3 8.5
      vertex 10.1133 88.5175 8.5
      vertex 9.96795 88.3 8.5
    endloop
  endfacet
  facet normal 0 0 1
    outer loop
      vertex 10.4825 4.11329 8.5
      vertex 9.7 5.7 8.5
      vertex 10.2858 4.28579 8.5
    endloop
  endfacet
  facet normal 0 0 1
    outer loop
      vertex 9.7 87.3 8.5
      vertex 9.96795 88.3 8.5
      vertex 9.85224 88.0654 8.5
    endloop
  endfacet
  facet normal 0 0 1
    outer loop
      vertex 10.2858 4.28579 8.5
      vertex 9.7 5.7 8.5
      vertex 10.1133 4.48248 8.5
    endloop
  endfacet
  facet normal 0 0 1
    outer loop
      vertex 9.7 87.3 8.5
      vertex 9.85224 88.0654 8.5
      vertex 9.76815 87.8176 8.5
    endloop
  endfacet
  facet normal 0 0 1
    outer loop
      vertex 10.1133 4.48248 8.5
      vertex 9.7 5.7 8.5
      vertex 9.96795 4.7 8.5
    endloop
  endfacet
  facet normal 0 0 1
    outer loop
      vertex 9.7 87.3 8.5
      vertex 9.76815 87.8176 8.5
      vertex 9.71711 87.5611 8.5
    endloop
  endfacet
  facet normal 0 0 1
    outer loop
      vertex 9.96795 4.7 8.5
      vertex 9.7 5.7 8.5
      vertex 9.85224 4.93463 8.5
    endloop
  endfacet
  facet normal 0 0 1
    outer loop
      vertex 9.85224 4.93463 8.5
      vertex 9.7 5.7 8.5
      vertex 9.76815 5.18236 8.5
    endloop
  endfacet
  facet normal 0 0 1
    outer loop
      vertex 9.76815 5.18236 8.5
      vertex 9.7 5.7 8.5
      vertex 9.71711 5.43895 8.5
    endloop
  endfacet
  facet normal 0 1 -0
    outer loop
      vertex 64.3 3.7 8.5
      vertex 11.7 3.7 11.5
      vertex 64.3 3.7 11.5
    endloop
  endfacet
  facet normal 0 1 0
    outer loop
      vertex 11.7 3.7 11.5
      vertex 64.3 3.7 8.5
      vertex 11.7 3.7 8.5
    endloop
  endfacet
  facet normal -1 0 0
    outer loop
      vertex 66.3 87.3 8.5
      vertex 66.3 86.78 11.5
      vertex 66.3 87.3 11.5
    endloop
  endfacet
  facet normal -1 0 0
    outer loop
      vertex 66.3 86.78 11.5
      vertex 66.3 66.8 11.5
      vertex 66.3 86.78 26.5
    endloop
  endfacet
  facet normal -1 0 0
    outer loop
      vertex 66.3 87.3 8.5
      vertex 66.3 66.8 11.5
      vertex 66.3 86.78 11.5
    endloop
  endfacet
  facet normal -1 0 0
    outer loop
      vertex 66.3 87.3 8.5
      vertex 66.3 26.2 11.5
      vertex 66.3 66.8 11.5
    endloop
  endfacet
  facet normal -1 0 0
    outer loop
      vertex 66.3 26.2 11.5
      vertex 66.3 6.22 11.5
      vertex 66.3 26.2 26.5
    endloop
  endfacet
  facet normal -1 0 0
    outer loop
      vertex 66.3 5.7 8.5
      vertex 66.3 26.2 11.5
      vertex 66.3 87.3 8.5
    endloop
  endfacet
  facet normal -1 -0 0
    outer loop
      vertex 66.3 26.2 11.5
      vertex 66.3 5.7 8.5
      vertex 66.3 6.22 11.5
    endloop
  endfacet
  facet normal -1 -0 0
    outer loop
      vertex 66.3 6.22 11.5
      vertex 66.3 5.7 8.5
      vertex 66.3 5.7 11.5
    endloop
  endfacet
  facet normal -1 -0 0
    outer loop
      vertex 66.3 86.78 26.5
      vertex 66.3 66.8 11.5
      vertex 66.3 66.8 26.5
    endloop
  endfacet
  facet normal -1 -0 0
    outer loop
      vertex 66.3 26.2 26.5
      vertex 66.3 6.22 11.5
      vertex 66.3 6.22 26.5
    endloop
  endfacet
  facet normal 0.831456 0.555591 0
    outer loop
      vertex 10.1133 4.48248 11.5
      vertex 9.96795 4.7 8.5
      vertex 9.96795 4.7 11.5
    endloop
  endfacet
  facet normal 0.831456 0.555591 0
    outer loop
      vertex 9.96795 4.7 8.5
      vertex 10.1133 4.48248 11.5
      vertex 10.1133 4.48248 8.5
    endloop
  endfacet
  facet normal -0.659343 0.751842 0
    outer loop
      vertex 65.7142 4.28579 8.5
      vertex 65.5175 4.11329 11.5
      vertex 65.7142 4.28579 11.5
    endloop
  endfacet
  facet normal -0.659343 0.751842 0
    outer loop
      vertex 65.5175 4.11329 11.5
      vertex 65.7142 4.28579 8.5
      vertex 65.5175 4.11329 8.5
    endloop
  endfacet
  facet normal -0.5556 0.83145 0
    outer loop
      vertex 65.5175 4.11329 8.5
      vertex 65.3 3.96795 11.5
      vertex 65.5175 4.11329 11.5
    endloop
  endfacet
  facet normal -0.5556 0.83145 0
    outer loop
      vertex 65.3 3.96795 11.5
      vertex 65.5175 4.11329 8.5
      vertex 65.3 3.96795 8.5
    endloop
  endfacet
  facet normal -0.89686 -0.442314 0
    outer loop
      vertex 66.1478 88.0654 8.5
      vertex 66.0321 88.3 11.5
      vertex 66.0321 88.3 8.5
    endloop
  endfacet
  facet normal -0.89686 -0.442314 0
    outer loop
      vertex 66.0321 88.3 11.5
      vertex 66.1478 88.0654 8.5
      vertex 66.1478 88.0654 11.5
    endloop
  endfacet
  facet normal -0.896883 0.442268 0
    outer loop
      vertex 66.0321 4.7 8.5
      vertex 66.1478 4.93463 11.5
      vertex 66.1478 4.93463 8.5
    endloop
  endfacet
  facet normal -0.896883 0.442268 0
    outer loop
      vertex 66.1478 4.93463 11.5
      vertex 66.0321 4.7 8.5
      vertex 66.0321 4.7 11.5
    endloop
  endfacet
  facet normal 0.659343 -0.751842 0
    outer loop
      vertex 10.2858 88.7142 8.5
      vertex 10.4825 88.8867 11.5
      vertex 10.2858 88.7142 11.5
    endloop
  endfacet
  facet normal 0.659343 -0.751842 0
    outer loop
      vertex 10.4825 88.8867 11.5
      vertex 10.2858 88.7142 8.5
      vertex 10.4825 88.8867 8.5
    endloop
  endfacet
  facet normal -0.321039 -0.947066 0
    outer loop
      vertex 64.8176 89.2318 8.5
      vertex 65.0654 89.1478 11.5
      vertex 64.8176 89.2318 11.5
    endloop
  endfacet
  facet normal -0.321039 -0.947066 -0
    outer loop
      vertex 65.0654 89.1478 11.5
      vertex 64.8176 89.2318 8.5
      vertex 65.0654 89.1478 8.5
    endloop
  endfacet
  facet normal 0.946961 -0.321348 0
    outer loop
      vertex 9.76815 87.8176 11.5
      vertex 9.85224 88.0654 8.5
      vertex 9.85224 88.0654 11.5
    endloop
  endfacet
  facet normal 0.946961 -0.321348 0
    outer loop
      vertex 9.85224 88.0654 8.5
      vertex 9.76815 87.8176 11.5
      vertex 9.76815 87.8176 8.5
    endloop
  endfacet
  facet normal -0.947066 -0.321039 0
    outer loop
      vertex 66.2318 87.8176 8.5
      vertex 66.1478 88.0654 11.5
      vertex 66.1478 88.0654 8.5
    endloop
  endfacet
  facet normal -0.947066 -0.321039 0
    outer loop
      vertex 66.1478 88.0654 11.5
      vertex 66.2318 87.8176 8.5
      vertex 66.2318 87.8176 11.5
    endloop
  endfacet
  facet normal -0.997862 -0.0653521 0
    outer loop
      vertex 66.3 87.3 8.5
      vertex 66.2829 87.5611 11.5
      vertex 66.2829 87.5611 8.5
    endloop
  endfacet
  facet normal -0.997862 -0.0653521 0
    outer loop
      vertex 66.2829 87.5611 11.5
      vertex 66.3 87.3 8.5
      vertex 66.3 87.3 11.5
    endloop
  endfacet
  facet normal -0.980727 -0.195381 0
    outer loop
      vertex 66.2829 87.5611 8.5
      vertex 66.2318 87.8176 11.5
      vertex 66.2318 87.8176 8.5
    endloop
  endfacet
  facet normal -0.980727 -0.195381 0
    outer loop
      vertex 66.2318 87.8176 11.5
      vertex 66.2829 87.5611 8.5
      vertex 66.2829 87.5611 11.5
    endloop
  endfacet
  facet normal 0.442314 -0.89686 0
    outer loop
      vertex 10.7 89.0321 8.5
      vertex 10.9346 89.1478 11.5
      vertex 10.7 89.0321 11.5
    endloop
  endfacet
  facet normal 0.442314 -0.89686 0
    outer loop
      vertex 10.9346 89.1478 11.5
      vertex 10.7 89.0321 8.5
      vertex 10.9346 89.1478 8.5
    endloop
  endfacet
  facet normal 0.980784 0.195094 0
    outer loop
      vertex 9.76815 5.18236 11.5
      vertex 9.71711 5.43895 8.5
      vertex 9.71711 5.43895 11.5
    endloop
  endfacet
  facet normal 0.980784 0.195094 0
    outer loop
      vertex 9.71711 5.43895 8.5
      vertex 9.76815 5.18236 11.5
      vertex 9.76815 5.18236 8.5
    endloop
  endfacet
  facet normal -0.321348 0.946961 0
    outer loop
      vertex 65.0654 3.85224 8.5
      vertex 64.8176 3.76815 11.5
      vertex 65.0654 3.85224 11.5
    endloop
  endfacet
  facet normal -0.321348 0.946961 0
    outer loop
      vertex 64.8176 3.76815 11.5
      vertex 65.0654 3.85224 8.5
      vertex 64.8176 3.76815 8.5
    endloop
  endfacet
  facet normal -0.831344 -0.555758 0
    outer loop
      vertex 66.0321 88.3 8.5
      vertex 65.8867 88.5175 11.5
      vertex 65.8867 88.5175 8.5
    endloop
  endfacet
  facet normal -0.831344 -0.555758 0
    outer loop
      vertex 65.8867 88.5175 11.5
      vertex 66.0321 88.3 8.5
      vertex 66.0321 88.3 11.5
    endloop
  endfacet
  facet normal -0.831368 0.555723 0
    outer loop
      vertex 65.8867 4.48248 8.5
      vertex 66.0321 4.7 11.5
      vertex 66.0321 4.7 8.5
    endloop
  endfacet
  facet normal -0.831368 0.555723 0
    outer loop
      vertex 66.0321 4.7 11.5
      vertex 65.8867 4.48248 8.5
      vertex 65.8867 4.48248 11.5
    endloop
  endfacet
  facet normal -0.659343 -0.751842 0
    outer loop
      vertex 65.5175 88.8867 8.5
      vertex 65.7142 88.7142 11.5
      vertex 65.5175 88.8867 11.5
    endloop
  endfacet
  facet normal -0.659343 -0.751842 -0
    outer loop
      vertex 65.7142 88.7142 11.5
      vertex 65.5175 88.8867 8.5
      vertex 65.7142 88.7142 8.5
    endloop
  endfacet
  facet normal 0.0653521 -0.997862 0
    outer loop
      vertex 11.4389 89.2829 8.5
      vertex 11.7 89.3 11.5
      vertex 11.4389 89.2829 11.5
    endloop
  endfacet
  facet normal 0.0653521 -0.997862 0
    outer loop
      vertex 11.7 89.3 11.5
      vertex 11.4389 89.2829 8.5
      vertex 11.7 89.3 8.5
    endloop
  endfacet
  facet normal 0.555758 -0.831344 0
    outer loop
      vertex 10.4825 88.8867 8.5
      vertex 10.7 89.0321 11.5
      vertex 10.4825 88.8867 11.5
    endloop
  endfacet
  facet normal 0.555758 -0.831344 0
    outer loop
      vertex 10.7 89.0321 11.5
      vertex 10.4825 88.8867 8.5
      vertex 10.7 89.0321 8.5
    endloop
  endfacet
  facet normal 0.751842 -0.659343 0
    outer loop
      vertex 10.1133 88.5175 11.5
      vertex 10.2858 88.7142 8.5
      vertex 10.2858 88.7142 11.5
    endloop
  endfacet
  facet normal 0.751842 -0.659343 0
    outer loop
      vertex 10.2858 88.7142 8.5
      vertex 10.1133 88.5175 11.5
      vertex 10.1133 88.5175 8.5
    endloop
  endfacet
  facet normal 0.0653902 0.99786 -0
    outer loop
      vertex 11.7 3.7 8.5
      vertex 11.4389 3.71711 11.5
      vertex 11.7 3.7 11.5
    endloop
  endfacet
  facet normal 0.0653902 0.99786 0
    outer loop
      vertex 11.4389 3.71711 11.5
      vertex 11.7 3.7 8.5
      vertex 11.4389 3.71711 8.5
    endloop
  endfacet
  facet normal -0.195381 -0.980727 0
    outer loop
      vertex 64.5611 89.2829 8.5
      vertex 64.8176 89.2318 11.5
      vertex 64.5611 89.2829 11.5
    endloop
  endfacet
  facet normal -0.195381 -0.980727 -0
    outer loop
      vertex 64.8176 89.2318 11.5
      vertex 64.5611 89.2829 8.5
      vertex 64.8176 89.2318 8.5
    endloop
  endfacet
  facet normal -0.19516 0.980771 0
    outer loop
      vertex 64.8176 3.76815 8.5
      vertex 64.5611 3.71711 11.5
      vertex 64.8176 3.76815 11.5
    endloop
  endfacet
  facet normal -0.19516 0.980771 0
    outer loop
      vertex 64.5611 3.71711 11.5
      vertex 64.8176 3.76815 8.5
      vertex 64.5611 3.71711 8.5
    endloop
  endfacet
  facet normal -0.980741 0.195315 0
    outer loop
      vertex 66.2318 5.18236 8.5
      vertex 66.2829 5.43895 11.5
      vertex 66.2829 5.43895 8.5
    endloop
  endfacet
  facet normal -0.980741 0.195315 0
    outer loop
      vertex 66.2829 5.43895 11.5
      vertex 66.2318 5.18236 8.5
      vertex 66.2318 5.18236 11.5
    endloop
  endfacet
  facet normal 0.195381 -0.980727 0
    outer loop
      vertex 11.1824 89.2318 8.5
      vertex 11.4389 89.2829 11.5
      vertex 11.1824 89.2318 11.5
    endloop
  endfacet
  facet normal 0.195381 -0.980727 0
    outer loop
      vertex 11.4389 89.2829 11.5
      vertex 11.1824 89.2318 8.5
      vertex 11.4389 89.2829 8.5
    endloop
  endfacet
  facet normal -0.555758 -0.831344 0
    outer loop
      vertex 65.3 89.0321 8.5
      vertex 65.5175 88.8867 11.5
      vertex 65.3 89.0321 11.5
    endloop
  endfacet
  facet normal -0.555758 -0.831344 -0
    outer loop
      vertex 65.5175 88.8867 11.5
      vertex 65.3 89.0321 8.5
      vertex 65.5175 88.8867 8.5
    endloop
  endfacet
  facet normal 0.321348 0.946961 -0
    outer loop
      vertex 11.1824 3.76815 8.5
      vertex 10.9346 3.85224 11.5
      vertex 11.1824 3.76815 11.5
    endloop
  endfacet
  facet normal 0.321348 0.946961 0
    outer loop
      vertex 10.9346 3.85224 11.5
      vertex 11.1824 3.76815 8.5
      vertex 10.9346 3.85224 8.5
    endloop
  endfacet
  facet normal -0.0653521 -0.997862 0
    outer loop
      vertex 64.3 89.3 8.5
      vertex 64.5611 89.2829 11.5
      vertex 64.3 89.3 11.5
    endloop
  endfacet
  facet normal -0.0653521 -0.997862 -0
    outer loop
      vertex 64.5611 89.2829 11.5
      vertex 64.3 89.3 8.5
      vertex 64.5611 89.2829 8.5
    endloop
  endfacet
  facet normal -0.442314 -0.89686 0
    outer loop
      vertex 65.0654 89.1478 8.5
      vertex 65.3 89.0321 11.5
      vertex 65.0654 89.1478 11.5
    endloop
  endfacet
  facet normal -0.442314 -0.89686 -0
    outer loop
      vertex 65.3 89.0321 11.5
      vertex 65.0654 89.1478 8.5
      vertex 65.3 89.0321 8.5
    endloop
  endfacet
  facet normal 0.442344 0.896845 -0
    outer loop
      vertex 10.9346 3.85224 8.5
      vertex 10.7 3.96795 11.5
      vertex 10.9346 3.85224 11.5
    endloop
  endfacet
  facet normal 0.442344 0.896845 0
    outer loop
      vertex 10.7 3.96795 11.5
      vertex 10.9346 3.85224 8.5
      vertex 10.7 3.96795 8.5
    endloop
  endfacet
  facet normal 0.321039 -0.947066 0
    outer loop
      vertex 10.9346 89.1478 8.5
      vertex 11.1824 89.2318 11.5
      vertex 10.9346 89.1478 11.5
    endloop
  endfacet
  facet normal 0.321039 -0.947066 0
    outer loop
      vertex 11.1824 89.2318 11.5
      vertex 10.9346 89.1478 8.5
      vertex 11.1824 89.2318 8.5
    endloop
  endfacet
endsolid OpenSCAD_Model
