solid OpenSCAD_Model
  facet normal -0.946885 -0.321574 0
    outer loop
      vertex 10.7284 16.3519 8.5
      vertex 10.6022 16.7235 12.5
      vertex 10.6022 16.7235 8.5
    endloop
  endfacet
  facet normal -0.946885 -0.321574 0
    outer loop
      vertex 10.6022 16.7235 12.5
      vertex 10.7284 16.3519 8.5
      vertex 10.7284 16.3519 12.5
    endloop
  endfacet
  facet normal 0.19494 -0.980815 0
    outer loop
      vertex 13.8916 14.5257 8.5
      vertex 14.2765 14.6022 12.5
      vertex 13.8916 14.5257 12.5
    endloop
  endfacet
  facet normal 0.19494 -0.980815 0
    outer loop
      vertex 14.2765 14.6022 12.5
      vertex 13.8916 14.5257 8.5
      vertex 14.2765 14.6022 8.5
    endloop
  endfacet
  facet normal 0.980815 0.19494 0
    outer loop
      vertex 16.4743 17.8916 12.5
      vertex 16.3978 18.2765 8.5
      vertex 16.3978 18.2765 12.5
    endloop
  endfacet
  facet normal 0.980815 0.19494 0
    outer loop
      vertex 16.3978 18.2765 8.5
      vertex 16.4743 17.8916 12.5
      vertex 16.4743 17.8916 8.5
    endloop
  endfacet
  facet normal 0.997853 0.0654873 0
    outer loop
      vertex 16.5 17.5 12.5
      vertex 16.4743 17.8916 8.5
      vertex 16.4743 17.8916 12.5
    endloop
  endfacet
  facet normal 0.997853 0.0654873 0
    outer loop
      vertex 16.4743 17.8916 8.5
      vertex 16.5 17.5 12.5
      vertex 16.5 17.5 8.5
    endloop
  endfacet
  facet normal -0.442211 0.896911 0
    outer loop
      vertex 12.3519 20.2716 8.5
      vertex 12 20.0981 12.5
      vertex 12.3519 20.2716 12.5
    endloop
  endfacet
  facet normal -0.442211 0.896911 0
    outer loop
      vertex 12 20.0981 12.5
      vertex 12.3519 20.2716 8.5
      vertex 12 20.0981 8.5
    endloop
  endfacet
  facet normal 0.946858 0.321651 0
    outer loop
      vertex 16.3978 18.2765 12.5
      vertex 16.2716 18.648 8.5
      vertex 16.2716 18.648 12.5
    endloop
  endfacet
  facet normal 0.946858 0.321651 0
    outer loop
      vertex 16.2716 18.648 8.5
      vertex 16.3978 18.2765 12.5
      vertex 16.3978 18.2765 8.5
    endloop
  endfacet
  facet normal 0.896911 -0.442211 0
    outer loop
      vertex 16.0981 16 12.5
      vertex 16.2716 16.3519 8.5
      vertex 16.2716 16.3519 12.5
    endloop
  endfacet
  facet normal 0.896911 -0.442211 0
    outer loop
      vertex 16.2716 16.3519 8.5
      vertex 16.0981 16 12.5
      vertex 16.0981 16 8.5
    endloop
  endfacet
  facet normal 0.997853 -0.0654873 0
    outer loop
      vertex 16.4743 17.1084 12.5
      vertex 16.5 17.5 8.5
      vertex 16.5 17.5 12.5
    endloop
  endfacet
  facet normal 0.997853 -0.0654873 0
    outer loop
      vertex 16.5 17.5 8.5
      vertex 16.4743 17.1084 12.5
      vertex 16.4743 17.1084 8.5
    endloop
  endfacet
  facet normal 0.659478 0.751724 -0
    outer loop
      vertex 15.6213 19.6213 8.5
      vertex 15.3263 19.8801 12.5
      vertex 15.6213 19.6213 12.5
    endloop
  endfacet
  facet normal 0.659478 0.751724 0
    outer loop
      vertex 15.3263 19.8801 12.5
      vertex 15.6213 19.6213 8.5
      vertex 15.3263 19.8801 8.5
    endloop
  endfacet
  facet normal -0.659478 0.751724 0
    outer loop
      vertex 11.6737 19.8801 8.5
      vertex 11.3787 19.6213 12.5
      vertex 11.6737 19.8801 12.5
    endloop
  endfacet
  facet normal -0.659478 0.751724 0
    outer loop
      vertex 11.3787 19.6213 12.5
      vertex 11.6737 19.8801 8.5
      vertex 11.3787 19.6213 8.5
    endloop
  endfacet
  facet normal 0.0654873 0.997853 -0
    outer loop
      vertex 13.8916 20.4743 8.5
      vertex 13.5 20.5 12.5
      vertex 13.8916 20.4743 12.5
    endloop
  endfacet
  facet normal 0.0654873 0.997853 0
    outer loop
      vertex 13.5 20.5 12.5
      vertex 13.8916 20.4743 8.5
      vertex 13.5 20.5 8.5
    endloop
  endfacet
  facet normal -0.997853 0.0654873 0
    outer loop
      vertex 10.5 17.5 8.5
      vertex 10.5257 17.8916 12.5
      vertex 10.5257 17.8916 8.5
    endloop
  endfacet
  facet normal -0.997853 0.0654873 0
    outer loop
      vertex 10.5257 17.8916 12.5
      vertex 10.5 17.5 8.5
      vertex 10.5 17.5 12.5
    endloop
  endfacet
  facet normal -0.751724 -0.659478 0
    outer loop
      vertex 11.3787 15.3787 8.5
      vertex 11.1199 15.6737 12.5
      vertex 11.1199 15.6737 8.5
    endloop
  endfacet
  facet normal -0.751724 -0.659478 0
    outer loop
      vertex 11.1199 15.6737 12.5
      vertex 11.3787 15.3787 8.5
      vertex 11.3787 15.3787 12.5
    endloop
  endfacet
  facet normal -0.980815 -0.19494 0
    outer loop
      vertex 10.6022 16.7235 8.5
      vertex 10.5257 17.1084 12.5
      vertex 10.5257 17.1084 8.5
    endloop
  endfacet
  facet normal -0.980815 -0.19494 0
    outer loop
      vertex 10.5257 17.1084 12.5
      vertex 10.6022 16.7235 8.5
      vertex 10.6022 16.7235 12.5
    endloop
  endfacet
  facet normal 0.831501 -0.555523 0
    outer loop
      vertex 15.8801 15.6737 12.5
      vertex 16.0981 16 8.5
      vertex 16.0981 16 12.5
    endloop
  endfacet
  facet normal 0.831501 -0.555523 0
    outer loop
      vertex 16.0981 16 8.5
      vertex 15.8801 15.6737 12.5
      vertex 15.8801 15.6737 8.5
    endloop
  endfacet
  facet normal -0.896961 0.44211 0
    outer loop
      vertex 10.7284 18.648 8.5
      vertex 10.9019 19 12.5
      vertex 10.9019 19 8.5
    endloop
  endfacet
  facet normal -0.896961 0.44211 0
    outer loop
      vertex 10.9019 19 12.5
      vertex 10.7284 18.648 8.5
      vertex 10.7284 18.648 12.5
    endloop
  endfacet
  facet normal -0.831501 0.555523 0
    outer loop
      vertex 10.9019 19 8.5
      vertex 11.1199 19.3263 12.5
      vertex 11.1199 19.3263 8.5
    endloop
  endfacet
  facet normal -0.831501 0.555523 0
    outer loop
      vertex 11.1199 19.3263 12.5
      vertex 10.9019 19 8.5
      vertex 10.9019 19 12.5
    endloop
  endfacet
  facet normal -0.0654873 0.997853 0
    outer loop
      vertex 13.5 20.5 8.5
      vertex 13.1084 20.4743 12.5
      vertex 13.5 20.5 12.5
    endloop
  endfacet
  facet normal -0.0654873 0.997853 0
    outer loop
      vertex 13.1084 20.4743 12.5
      vertex 13.5 20.5 8.5
      vertex 13.1084 20.4743 8.5
    endloop
  endfacet
  facet normal -0.321574 0.946885 0
    outer loop
      vertex 12.7235 20.3978 8.5
      vertex 12.3519 20.2716 12.5
      vertex 12.7235 20.3978 12.5
    endloop
  endfacet
  facet normal -0.321574 0.946885 0
    outer loop
      vertex 12.3519 20.2716 12.5
      vertex 12.7235 20.3978 8.5
      vertex 12.3519 20.2716 8.5
    endloop
  endfacet
  facet normal -0.321574 -0.946885 0
    outer loop
      vertex 12.3519 14.7284 8.5
      vertex 12.7235 14.6022 12.5
      vertex 12.3519 14.7284 12.5
    endloop
  endfacet
  facet normal -0.321574 -0.946885 -0
    outer loop
      vertex 12.7235 14.6022 12.5
      vertex 12.3519 14.7284 8.5
      vertex 12.7235 14.6022 8.5
    endloop
  endfacet
  facet normal 0.44211 0.896961 -0
    outer loop
      vertex 15 20.0981 8.5
      vertex 14.648 20.2716 12.5
      vertex 15 20.0981 12.5
    endloop
  endfacet
  facet normal 0.44211 0.896961 0
    outer loop
      vertex 14.648 20.2716 12.5
      vertex 15 20.0981 8.5
      vertex 14.648 20.2716 8.5
    endloop
  endfacet
  facet normal 0.0654873 -0.997853 0
    outer loop
      vertex 13.5 14.5 8.5
      vertex 13.8916 14.5257 12.5
      vertex 13.5 14.5 12.5
    endloop
  endfacet
  facet normal 0.0654873 -0.997853 0
    outer loop
      vertex 13.8916 14.5257 12.5
      vertex 13.5 14.5 8.5
      vertex 13.8916 14.5257 8.5
    endloop
  endfacet
  facet normal 0.555523 -0.831501 0
    outer loop
      vertex 15 14.9019 8.5
      vertex 15.3263 15.1199 12.5
      vertex 15 14.9019 12.5
    endloop
  endfacet
  facet normal 0.555523 -0.831501 0
    outer loop
      vertex 15.3263 15.1199 12.5
      vertex 15 14.9019 8.5
      vertex 15.3263 15.1199 8.5
    endloop
  endfacet
  facet normal 0.980815 -0.19494 0
    outer loop
      vertex 16.3978 16.7235 12.5
      vertex 16.4743 17.1084 8.5
      vertex 16.4743 17.1084 12.5
    endloop
  endfacet
  facet normal 0.980815 -0.19494 0
    outer loop
      vertex 16.4743 17.1084 8.5
      vertex 16.3978 16.7235 12.5
      vertex 16.3978 16.7235 8.5
    endloop
  endfacet
  facet normal -0.751724 0.659478 0
    outer loop
      vertex 11.1199 19.3263 8.5
      vertex 11.3787 19.6213 12.5
      vertex 11.3787 19.6213 8.5
    endloop
  endfacet
  facet normal -0.751724 0.659478 0
    outer loop
      vertex 11.3787 19.6213 12.5
      vertex 11.1199 19.3263 8.5
      vertex 11.1199 19.3263 12.5
    endloop
  endfacet
  facet normal -0.980815 0.19494 0
    outer loop
      vertex 10.5257 17.8916 8.5
      vertex 10.6022 18.2765 12.5
      vertex 10.6022 18.2765 8.5
    endloop
  endfacet
  facet normal -0.980815 0.19494 0
    outer loop
      vertex 10.6022 18.2765 12.5
      vertex 10.5257 17.8916 8.5
      vertex 10.5257 17.8916 12.5
    endloop
  endfacet
  facet normal 0.831501 0.555523 0
    outer loop
      vertex 16.0981 19 12.5
      vertex 15.8801 19.3263 8.5
      vertex 15.8801 19.3263 12.5
    endloop
  endfacet
  facet normal 0.831501 0.555523 0
    outer loop
      vertex 15.8801 19.3263 8.5
      vertex 16.0981 19 12.5
      vertex 16.0981 19 8.5
    endloop
  endfacet
  facet normal 0.555523 0.831501 -0
    outer loop
      vertex 15.3263 19.8801 8.5
      vertex 15 20.0981 12.5
      vertex 15.3263 19.8801 12.5
    endloop
  endfacet
  facet normal 0.555523 0.831501 0
    outer loop
      vertex 15 20.0981 12.5
      vertex 15.3263 19.8801 8.5
      vertex 15 20.0981 8.5
    endloop
  endfacet
  facet normal -0.997853 -0.0654873 0
    outer loop
      vertex 10.5257 17.1084 8.5
      vertex 10.5 17.5 12.5
      vertex 10.5 17.5 8.5
    endloop
  endfacet
  facet normal -0.997853 -0.0654873 0
    outer loop
      vertex 10.5 17.5 12.5
      vertex 10.5257 17.1084 8.5
      vertex 10.5257 17.1084 12.5
    endloop
  endfacet
  facet normal 0.321651 0.946858 -0
    outer loop
      vertex 14.648 20.2716 8.5
      vertex 14.2765 20.3978 12.5
      vertex 14.648 20.2716 12.5
    endloop
  endfacet
  facet normal 0.321651 0.946858 0
    outer loop
      vertex 14.2765 20.3978 12.5
      vertex 14.648 20.2716 8.5
      vertex 14.2765 20.3978 8.5
    endloop
  endfacet
  facet normal 0.659478 -0.751724 0
    outer loop
      vertex 15.3263 15.1199 8.5
      vertex 15.6213 15.3787 12.5
      vertex 15.3263 15.1199 12.5
    endloop
  endfacet
  facet normal 0.659478 -0.751724 0
    outer loop
      vertex 15.6213 15.3787 12.5
      vertex 15.3263 15.1199 8.5
      vertex 15.6213 15.3787 8.5
    endloop
  endfacet
  facet normal -0.19494 0.980815 0
    outer loop
      vertex 13.1084 20.4743 8.5
      vertex 12.7235 20.3978 12.5
      vertex 13.1084 20.4743 12.5
    endloop
  endfacet
  facet normal -0.19494 0.980815 0
    outer loop
      vertex 12.7235 20.3978 12.5
      vertex 13.1084 20.4743 8.5
      vertex 12.7235 20.3978 8.5
    endloop
  endfacet
  facet normal 0.896961 0.44211 0
    outer loop
      vertex 16.2716 18.648 12.5
      vertex 16.0981 19 8.5
      vertex 16.0981 19 12.5
    endloop
  endfacet
  facet normal 0.896961 0.44211 0
    outer loop
      vertex 16.0981 19 8.5
      vertex 16.2716 18.648 12.5
      vertex 16.2716 18.648 8.5
    endloop
  endfacet
  facet normal -0.555523 -0.831501 0
    outer loop
      vertex 11.6737 15.1199 8.5
      vertex 12 14.9019 12.5
      vertex 11.6737 15.1199 12.5
    endloop
  endfacet
  facet normal -0.555523 -0.831501 -0
    outer loop
      vertex 12 14.9019 12.5
      vertex 11.6737 15.1199 8.5
      vertex 12 14.9019 8.5
    endloop
  endfacet
  facet normal -0.659478 -0.751724 0
    outer loop
      vertex 11.3787 15.3787 8.5
      vertex 11.6737 15.1199 12.5
      vertex 11.3787 15.3787 12.5
    endloop
  endfacet
  facet normal -0.659478 -0.751724 -0
    outer loop
      vertex 11.6737 15.1199 12.5
      vertex 11.3787 15.3787 8.5
      vertex 11.6737 15.1199 8.5
    endloop
  endfacet
  facet normal 0.751724 -0.659478 0
    outer loop
      vertex 15.6213 15.3787 12.5
      vertex 15.8801 15.6737 8.5
      vertex 15.8801 15.6737 12.5
    endloop
  endfacet
  facet normal 0.751724 -0.659478 0
    outer loop
      vertex 15.8801 15.6737 8.5
      vertex 15.6213 15.3787 12.5
      vertex 15.6213 15.3787 8.5
    endloop
  endfacet
  facet normal -0.896911 -0.442211 0
    outer loop
      vertex 10.9019 16 8.5
      vertex 10.7284 16.3519 12.5
      vertex 10.7284 16.3519 8.5
    endloop
  endfacet
  facet normal -0.896911 -0.442211 0
    outer loop
      vertex 10.7284 16.3519 12.5
      vertex 10.9019 16 8.5
      vertex 10.9019 16 12.5
    endloop
  endfacet
  facet normal -0.0654873 -0.997853 0
    outer loop
      vertex 13.1084 14.5257 8.5
      vertex 13.5 14.5 12.5
      vertex 13.1084 14.5257 12.5
    endloop
  endfacet
  facet normal -0.0654873 -0.997853 -0
    outer loop
      vertex 13.5 14.5 12.5
      vertex 13.1084 14.5257 8.5
      vertex 13.5 14.5 8.5
    endloop
  endfacet
  facet normal 0.751724 0.659478 0
    outer loop
      vertex 15.8801 19.3263 12.5
      vertex 15.6213 19.6213 8.5
      vertex 15.6213 19.6213 12.5
    endloop
  endfacet
  facet normal 0.751724 0.659478 0
    outer loop
      vertex 15.6213 19.6213 8.5
      vertex 15.8801 19.3263 12.5
      vertex 15.8801 19.3263 8.5
    endloop
  endfacet
  facet normal -0.555523 0.831501 0
    outer loop
      vertex 12 20.0981 8.5
      vertex 11.6737 19.8801 12.5
      vertex 12 20.0981 12.5
    endloop
  endfacet
  facet normal -0.555523 0.831501 0
    outer loop
      vertex 11.6737 19.8801 12.5
      vertex 12 20.0981 8.5
      vertex 11.6737 19.8801 8.5
    endloop
  endfacet
  facet normal 0 0 1
    outer loop
      vertex 14.655 17.5 12.5
      vertex 16.5 17.5 12.5
      vertex 16.4743 17.8916 12.5
    endloop
  endfacet
  facet normal 0 0 1
    outer loop
      vertex 14.6451 17.6508 12.5
      vertex 16.4743 17.8916 12.5
      vertex 16.3978 18.2765 12.5
    endloop
  endfacet
  facet normal 0 0 1
    outer loop
      vertex 16.5 17.5 12.5
      vertex 14.655 17.5 12.5
      vertex 16.4743 17.1084 12.5
    endloop
  endfacet
  facet normal 0 0 1
    outer loop
      vertex 14.6156 17.7989 12.5
      vertex 16.3978 18.2765 12.5
      vertex 16.2716 18.648 12.5
    endloop
  endfacet
  facet normal -0 0 1
    outer loop
      vertex 14.6451 17.3492 12.5
      vertex 16.4743 17.1084 12.5
      vertex 14.655 17.5 12.5
    endloop
  endfacet
  facet normal 0 0 1
    outer loop
      vertex 14.5671 17.942 12.5
      vertex 16.2716 18.648 12.5
      vertex 16.0981 19 12.5
    endloop
  endfacet
  facet normal 0 0 1
    outer loop
      vertex 16.4743 17.1084 12.5
      vertex 14.6451 17.3492 12.5
      vertex 16.3978 16.7235 12.5
    endloop
  endfacet
  facet normal 0 0 1
    outer loop
      vertex 14.5003 18.0775 12.5
      vertex 16.0981 19 12.5
      vertex 15.8801 19.3263 12.5
    endloop
  endfacet
  facet normal -0 0 1
    outer loop
      vertex 14.6156 17.2011 12.5
      vertex 16.3978 16.7235 12.5
      vertex 14.6451 17.3492 12.5
    endloop
  endfacet
  facet normal 0 0 1
    outer loop
      vertex 14.4163 18.2031 12.5
      vertex 15.8801 19.3263 12.5
      vertex 15.6213 19.6213 12.5
    endloop
  endfacet
  facet normal 0 0 1
    outer loop
      vertex 16.3978 16.7235 12.5
      vertex 14.6156 17.2011 12.5
      vertex 16.2716 16.3519 12.5
    endloop
  endfacet
  facet normal 0 0 1
    outer loop
      vertex 14.3167 18.3167 12.5
      vertex 15.6213 19.6213 12.5
      vertex 15.3263 19.8801 12.5
    endloop
  endfacet
  facet normal -0 0 1
    outer loop
      vertex 14.5671 17.058 12.5
      vertex 16.2716 16.3519 12.5
      vertex 14.6156 17.2011 12.5
    endloop
  endfacet
  facet normal 0 0 1
    outer loop
      vertex 14.2031 18.4163 12.5
      vertex 15.3263 19.8801 12.5
      vertex 15 20.0981 12.5
    endloop
  endfacet
  facet normal 0 0 1
    outer loop
      vertex 16.2716 16.3519 12.5
      vertex 14.5671 17.058 12.5
      vertex 16.0981 16 12.5
    endloop
  endfacet
  facet normal -0 0 1
    outer loop
      vertex 14.5003 16.9225 12.5
      vertex 16.0981 16 12.5
      vertex 14.5671 17.058 12.5
    endloop
  endfacet
  facet normal 0 0 1
    outer loop
      vertex 14.0775 18.5003 12.5
      vertex 15 20.0981 12.5
      vertex 14.648 20.2716 12.5
    endloop
  endfacet
  facet normal 0 0 1
    outer loop
      vertex 16.4743 17.8916 12.5
      vertex 14.6451 17.6508 12.5
      vertex 14.655 17.5 12.5
    endloop
  endfacet
  facet normal 0 0 1
    outer loop
      vertex 16.3978 18.2765 12.5
      vertex 14.6156 17.7989 12.5
      vertex 14.6451 17.6508 12.5
    endloop
  endfacet
  facet normal 0 0 1
    outer loop
      vertex 16.2716 18.648 12.5
      vertex 14.5671 17.942 12.5
      vertex 14.6156 17.7989 12.5
    endloop
  endfacet
  facet normal 0 0 1
    outer loop
      vertex 16.0981 19 12.5
      vertex 14.5003 18.0775 12.5
      vertex 14.5671 17.942 12.5
    endloop
  endfacet
  facet normal 0 0 1
    outer loop
      vertex 15.8801 19.3263 12.5
      vertex 14.4163 18.2031 12.5
      vertex 14.5003 18.0775 12.5
    endloop
  endfacet
  facet normal 0 0 1
    outer loop
      vertex 15.6213 19.6213 12.5
      vertex 14.3167 18.3167 12.5
      vertex 14.4163 18.2031 12.5
    endloop
  endfacet
  facet normal 0 0 1
    outer loop
      vertex 13.942 18.5671 12.5
      vertex 14.648 20.2716 12.5
      vertex 14.2765 20.3978 12.5
    endloop
  endfacet
  facet normal 0 0 1
    outer loop
      vertex 15.3263 19.8801 12.5
      vertex 14.2031 18.4163 12.5
      vertex 14.3167 18.3167 12.5
    endloop
  endfacet
  facet normal 0 0 1
    outer loop
      vertex 15 20.0981 12.5
      vertex 14.0775 18.5003 12.5
      vertex 14.2031 18.4163 12.5
    endloop
  endfacet
  facet normal 0 0 1
    outer loop
      vertex 14.648 20.2716 12.5
      vertex 13.942 18.5671 12.5
      vertex 14.0775 18.5003 12.5
    endloop
  endfacet
  facet normal 0 0 1
    outer loop
      vertex 13.7989 18.6156 12.5
      vertex 14.2765 20.3978 12.5
      vertex 13.8916 20.4743 12.5
    endloop
  endfacet
  facet normal 0 0 1
    outer loop
      vertex 14.2765 20.3978 12.5
      vertex 13.7989 18.6156 12.5
      vertex 13.942 18.5671 12.5
    endloop
  endfacet
  facet normal 0 0 1
    outer loop
      vertex 13.8916 20.4743 12.5
      vertex 13.6508 18.6451 12.5
      vertex 13.7989 18.6156 12.5
    endloop
  endfacet
  facet normal 0 0 1
    outer loop
      vertex 13.5 20.5 12.5
      vertex 13.6508 18.6451 12.5
      vertex 13.8916 20.4743 12.5
    endloop
  endfacet
  facet normal 0 0 1
    outer loop
      vertex 13.5 20.5 12.5
      vertex 13.5 18.655 12.5
      vertex 13.6508 18.6451 12.5
    endloop
  endfacet
  facet normal 0 0 1
    outer loop
      vertex 13.5 20.5 12.5
      vertex 13.3492 18.6451 12.5
      vertex 13.5 18.655 12.5
    endloop
  endfacet
  facet normal -0 0 1
    outer loop
      vertex 13.1084 20.4743 12.5
      vertex 13.3492 18.6451 12.5
      vertex 13.5 20.5 12.5
    endloop
  endfacet
  facet normal 0 0 1
    outer loop
      vertex 13.3492 18.6451 12.5
      vertex 13.1084 20.4743 12.5
      vertex 13.2011 18.6156 12.5
    endloop
  endfacet
  facet normal -0 0 1
    outer loop
      vertex 12.7235 20.3978 12.5
      vertex 13.2011 18.6156 12.5
      vertex 13.1084 20.4743 12.5
    endloop
  endfacet
  facet normal 0 0 1
    outer loop
      vertex 13.2011 18.6156 12.5
      vertex 12.7235 20.3978 12.5
      vertex 13.058 18.5671 12.5
    endloop
  endfacet
  facet normal -0 0 1
    outer loop
      vertex 12.3519 20.2716 12.5
      vertex 13.058 18.5671 12.5
      vertex 12.7235 20.3978 12.5
    endloop
  endfacet
  facet normal 0 0 1
    outer loop
      vertex 13.058 18.5671 12.5
      vertex 12.3519 20.2716 12.5
      vertex 12.9225 18.5003 12.5
    endloop
  endfacet
  facet normal -0 0 1
    outer loop
      vertex 12 20.0981 12.5
      vertex 12.9225 18.5003 12.5
      vertex 12.3519 20.2716 12.5
    endloop
  endfacet
  facet normal 0 0 1
    outer loop
      vertex 12.9225 18.5003 12.5
      vertex 12 20.0981 12.5
      vertex 12.7969 18.4163 12.5
    endloop
  endfacet
  facet normal -0 0 1
    outer loop
      vertex 11.6737 19.8801 12.5
      vertex 12.7969 18.4163 12.5
      vertex 12 20.0981 12.5
    endloop
  endfacet
  facet normal 0 0 1
    outer loop
      vertex 12.7969 18.4163 12.5
      vertex 11.6737 19.8801 12.5
      vertex 12.6833 18.3167 12.5
    endloop
  endfacet
  facet normal -0 0 1
    outer loop
      vertex 11.3787 19.6213 12.5
      vertex 12.6833 18.3167 12.5
      vertex 11.6737 19.8801 12.5
    endloop
  endfacet
  facet normal 0 0 1
    outer loop
      vertex 12.6833 18.3167 12.5
      vertex 11.3787 19.6213 12.5
      vertex 12.5837 18.2031 12.5
    endloop
  endfacet
  facet normal -0 0 1
    outer loop
      vertex 11.1199 19.3263 12.5
      vertex 12.5837 18.2031 12.5
      vertex 11.3787 19.6213 12.5
    endloop
  endfacet
  facet normal 0 0 1
    outer loop
      vertex 12.5837 18.2031 12.5
      vertex 11.1199 19.3263 12.5
      vertex 12.4997 18.0775 12.5
    endloop
  endfacet
  facet normal -0 0 1
    outer loop
      vertex 10.9019 19 12.5
      vertex 12.4997 18.0775 12.5
      vertex 11.1199 19.3263 12.5
    endloop
  endfacet
  facet normal 0 0 1
    outer loop
      vertex 16.0981 16 12.5
      vertex 14.5003 16.9225 12.5
      vertex 15.8801 15.6737 12.5
    endloop
  endfacet
  facet normal -0 0 1
    outer loop
      vertex 14.4163 16.7969 12.5
      vertex 15.8801 15.6737 12.5
      vertex 14.5003 16.9225 12.5
    endloop
  endfacet
  facet normal 0 0 1
    outer loop
      vertex 15.8801 15.6737 12.5
      vertex 14.4163 16.7969 12.5
      vertex 15.6213 15.3787 12.5
    endloop
  endfacet
  facet normal -0 0 1
    outer loop
      vertex 14.3167 16.6833 12.5
      vertex 15.6213 15.3787 12.5
      vertex 14.4163 16.7969 12.5
    endloop
  endfacet
  facet normal 0 0 1
    outer loop
      vertex 15.6213 15.3787 12.5
      vertex 14.3167 16.6833 12.5
      vertex 15.3263 15.1199 12.5
    endloop
  endfacet
  facet normal -0 0 1
    outer loop
      vertex 14.2031 16.5837 12.5
      vertex 15.3263 15.1199 12.5
      vertex 14.3167 16.6833 12.5
    endloop
  endfacet
  facet normal 0 0 1
    outer loop
      vertex 15.3263 15.1199 12.5
      vertex 14.2031 16.5837 12.5
      vertex 15 14.9019 12.5
    endloop
  endfacet
  facet normal -0 0 1
    outer loop
      vertex 14.0775 16.4997 12.5
      vertex 15 14.9019 12.5
      vertex 14.2031 16.5837 12.5
    endloop
  endfacet
  facet normal 0 0 1
    outer loop
      vertex 15 14.9019 12.5
      vertex 14.0775 16.4997 12.5
      vertex 14.648 14.7284 12.5
    endloop
  endfacet
  facet normal -0 0 1
    outer loop
      vertex 13.942 16.4329 12.5
      vertex 14.648 14.7284 12.5
      vertex 14.0775 16.4997 12.5
    endloop
  endfacet
  facet normal 0 0 1
    outer loop
      vertex 14.648 14.7284 12.5
      vertex 13.942 16.4329 12.5
      vertex 14.2765 14.6022 12.5
    endloop
  endfacet
  facet normal -0 0 1
    outer loop
      vertex 13.7989 16.3844 12.5
      vertex 14.2765 14.6022 12.5
      vertex 13.942 16.4329 12.5
    endloop
  endfacet
  facet normal 0 0 1
    outer loop
      vertex 14.2765 14.6022 12.5
      vertex 13.7989 16.3844 12.5
      vertex 13.8916 14.5257 12.5
    endloop
  endfacet
  facet normal -0 0 1
    outer loop
      vertex 13.6508 16.3549 12.5
      vertex 13.8916 14.5257 12.5
      vertex 13.7989 16.3844 12.5
    endloop
  endfacet
  facet normal -0 0 1
    outer loop
      vertex 13.5 16.345 12.5
      vertex 13.8916 14.5257 12.5
      vertex 13.6508 16.3549 12.5
    endloop
  endfacet
  facet normal 0 0 1
    outer loop
      vertex 13.5 16.345 12.5
      vertex 13.5 14.5 12.5
      vertex 13.8916 14.5257 12.5
    endloop
  endfacet
  facet normal 0 0 1
    outer loop
      vertex 13.3492 16.3549 12.5
      vertex 13.5 14.5 12.5
      vertex 13.5 16.345 12.5
    endloop
  endfacet
  facet normal 0 0 1
    outer loop
      vertex 13.1084 14.5257 12.5
      vertex 13.3492 16.3549 12.5
      vertex 13.2011 16.3844 12.5
    endloop
  endfacet
  facet normal 0 0 1
    outer loop
      vertex 13.3492 16.3549 12.5
      vertex 13.1084 14.5257 12.5
      vertex 13.5 14.5 12.5
    endloop
  endfacet
  facet normal 0 0 1
    outer loop
      vertex 12.7235 14.6022 12.5
      vertex 13.2011 16.3844 12.5
      vertex 13.058 16.4329 12.5
    endloop
  endfacet
  facet normal 0 0 1
    outer loop
      vertex 12.3519 14.7284 12.5
      vertex 13.058 16.4329 12.5
      vertex 12.9225 16.4997 12.5
    endloop
  endfacet
  facet normal 0 0 1
    outer loop
      vertex 12 14.9019 12.5
      vertex 12.9225 16.4997 12.5
      vertex 12.7969 16.5837 12.5
    endloop
  endfacet
  facet normal 0 0 1
    outer loop
      vertex 13.2011 16.3844 12.5
      vertex 12.7235 14.6022 12.5
      vertex 13.1084 14.5257 12.5
    endloop
  endfacet
  facet normal 0 0 1
    outer loop
      vertex 11.6737 15.1199 12.5
      vertex 12.7969 16.5837 12.5
      vertex 12.6833 16.6833 12.5
    endloop
  endfacet
  facet normal 0 0 1
    outer loop
      vertex 11.3787 15.3787 12.5
      vertex 12.6833 16.6833 12.5
      vertex 12.5837 16.7969 12.5
    endloop
  endfacet
  facet normal 0 0 1
    outer loop
      vertex 11.1199 15.6737 12.5
      vertex 12.5837 16.7969 12.5
      vertex 12.4997 16.9225 12.5
    endloop
  endfacet
  facet normal 0 0 1
    outer loop
      vertex 10.9019 16 12.5
      vertex 12.4997 16.9225 12.5
      vertex 12.4329 17.058 12.5
    endloop
  endfacet
  facet normal 0 0 1
    outer loop
      vertex 10.7284 16.3519 12.5
      vertex 12.4329 17.058 12.5
      vertex 12.3844 17.2011 12.5
    endloop
  endfacet
  facet normal 0 0 1
    outer loop
      vertex 10.6022 16.7235 12.5
      vertex 12.3844 17.2011 12.5
      vertex 12.3549 17.3492 12.5
    endloop
  endfacet
  facet normal 0 0 1
    outer loop
      vertex 13.058 16.4329 12.5
      vertex 12.3519 14.7284 12.5
      vertex 12.7235 14.6022 12.5
    endloop
  endfacet
  facet normal 0 0 1
    outer loop
      vertex 10.5257 17.1084 12.5
      vertex 12.3549 17.3492 12.5
      vertex 12.345 17.5 12.5
    endloop
  endfacet
  facet normal 0 0 1
    outer loop
      vertex 12.4997 18.0775 12.5
      vertex 10.9019 19 12.5
      vertex 12.4329 17.942 12.5
    endloop
  endfacet
  facet normal 0 0 1
    outer loop
      vertex 12.9225 16.4997 12.5
      vertex 12 14.9019 12.5
      vertex 12.3519 14.7284 12.5
    endloop
  endfacet
  facet normal -0 0 1
    outer loop
      vertex 10.7284 18.648 12.5
      vertex 12.4329 17.942 12.5
      vertex 10.9019 19 12.5
    endloop
  endfacet
  facet normal 0 0 1
    outer loop
      vertex 12.7969 16.5837 12.5
      vertex 11.6737 15.1199 12.5
      vertex 12 14.9019 12.5
    endloop
  endfacet
  facet normal 0 0 1
    outer loop
      vertex 12.4329 17.942 12.5
      vertex 10.7284 18.648 12.5
      vertex 12.3844 17.7989 12.5
    endloop
  endfacet
  facet normal 0 0 1
    outer loop
      vertex 12.6833 16.6833 12.5
      vertex 11.3787 15.3787 12.5
      vertex 11.6737 15.1199 12.5
    endloop
  endfacet
  facet normal -0 0 1
    outer loop
      vertex 10.6022 18.2765 12.5
      vertex 12.3844 17.7989 12.5
      vertex 10.7284 18.648 12.5
    endloop
  endfacet
  facet normal 0 0 1
    outer loop
      vertex 12.5837 16.7969 12.5
      vertex 11.1199 15.6737 12.5
      vertex 11.3787 15.3787 12.5
    endloop
  endfacet
  facet normal 0 0 1
    outer loop
      vertex 12.3844 17.7989 12.5
      vertex 10.6022 18.2765 12.5
      vertex 12.3549 17.6508 12.5
    endloop
  endfacet
  facet normal 0 0 1
    outer loop
      vertex 12.4997 16.9225 12.5
      vertex 10.9019 16 12.5
      vertex 11.1199 15.6737 12.5
    endloop
  endfacet
  facet normal -0 0 1
    outer loop
      vertex 10.5257 17.8916 12.5
      vertex 12.3549 17.6508 12.5
      vertex 10.6022 18.2765 12.5
    endloop
  endfacet
  facet normal 0 0 1
    outer loop
      vertex 12.4329 17.058 12.5
      vertex 10.7284 16.3519 12.5
      vertex 10.9019 16 12.5
    endloop
  endfacet
  facet normal 0 0 1
    outer loop
      vertex 12.3549 17.6508 12.5
      vertex 10.5257 17.8916 12.5
      vertex 12.345 17.5 12.5
    endloop
  endfacet
  facet normal 0 0 1
    outer loop
      vertex 12.3844 17.2011 12.5
      vertex 10.6022 16.7235 12.5
      vertex 10.7284 16.3519 12.5
    endloop
  endfacet
  facet normal 0 0 1
    outer loop
      vertex 10.5 17.5 12.5
      vertex 12.345 17.5 12.5
      vertex 10.5257 17.8916 12.5
    endloop
  endfacet
  facet normal 0 0 1
    outer loop
      vertex 12.3549 17.3492 12.5
      vertex 10.5257 17.1084 12.5
      vertex 10.6022 16.7235 12.5
    endloop
  endfacet
  facet normal 0 0 1
    outer loop
      vertex 12.345 17.5 12.5
      vertex 10.5 17.5 12.5
      vertex 10.5257 17.1084 12.5
    endloop
  endfacet
  facet normal 0.321651 -0.946858 0
    outer loop
      vertex 14.2765 14.6022 8.5
      vertex 14.648 14.7284 12.5
      vertex 14.2765 14.6022 12.5
    endloop
  endfacet
  facet normal 0.321651 -0.946858 0
    outer loop
      vertex 14.648 14.7284 12.5
      vertex 14.2765 14.6022 8.5
      vertex 14.648 14.7284 8.5
    endloop
  endfacet
  facet normal 0.44211 -0.896961 0
    outer loop
      vertex 14.648 14.7284 8.5
      vertex 15 14.9019 12.5
      vertex 14.648 14.7284 12.5
    endloop
  endfacet
  facet normal 0.44211 -0.896961 0
    outer loop
      vertex 15 14.9019 12.5
      vertex 14.648 14.7284 8.5
      vertex 15 14.9019 8.5
    endloop
  endfacet
  facet normal 0.946885 -0.321574 0
    outer loop
      vertex 16.2716 16.3519 12.5
      vertex 16.3978 16.7235 8.5
      vertex 16.3978 16.7235 12.5
    endloop
  endfacet
  facet normal 0.946885 -0.321574 0
    outer loop
      vertex 16.3978 16.7235 8.5
      vertex 16.2716 16.3519 12.5
      vertex 16.2716 16.3519 8.5
    endloop
  endfacet
  facet normal -0.19494 -0.980815 0
    outer loop
      vertex 12.7235 14.6022 8.5
      vertex 13.1084 14.5257 12.5
      vertex 12.7235 14.6022 12.5
    endloop
  endfacet
  facet normal -0.19494 -0.980815 -0
    outer loop
      vertex 13.1084 14.5257 12.5
      vertex 12.7235 14.6022 8.5
      vertex 13.1084 14.5257 8.5
    endloop
  endfacet
  facet normal 0.19494 0.980815 -0
    outer loop
      vertex 14.2765 20.3978 8.5
      vertex 13.8916 20.4743 12.5
      vertex 14.2765 20.3978 12.5
    endloop
  endfacet
  facet normal 0.19494 0.980815 0
    outer loop
      vertex 13.8916 20.4743 12.5
      vertex 14.2765 20.3978 8.5
      vertex 13.8916 20.4743 8.5
    endloop
  endfacet
  facet normal -0.442211 -0.896911 0
    outer loop
      vertex 12 14.9019 8.5
      vertex 12.3519 14.7284 12.5
      vertex 12 14.9019 12.5
    endloop
  endfacet
  facet normal -0.442211 -0.896911 -0
    outer loop
      vertex 12.3519 14.7284 12.5
      vertex 12 14.9019 8.5
      vertex 12.3519 14.7284 8.5
    endloop
  endfacet
  facet normal -0.831501 -0.555523 0
    outer loop
      vertex 11.1199 15.6737 8.5
      vertex 10.9019 16 12.5
      vertex 10.9019 16 8.5
    endloop
  endfacet
  facet normal -0.831501 -0.555523 0
    outer loop
      vertex 10.9019 16 12.5
      vertex 11.1199 15.6737 8.5
      vertex 11.1199 15.6737 12.5
    endloop
  endfacet
  facet normal -0.946858 0.321651 0
    outer loop
      vertex 10.6022 18.2765 8.5
      vertex 10.7284 18.648 12.5
      vertex 10.7284 18.648 8.5
    endloop
  endfacet
  facet normal -0.946858 0.321651 0
    outer loop
      vertex 10.7284 18.648 12.5
      vertex 10.6022 18.2765 8.5
      vertex 10.6022 18.2765 12.5
    endloop
  endfacet
  facet normal -0.442211 0.896911 0
    outer loop
      vertex 12.3519 78.2716 8.5
      vertex 12 78.0981 12.5
      vertex 12.3519 78.2716 12.5
    endloop
  endfacet
  facet normal -0.442211 0.896911 0
    outer loop
      vertex 12 78.0981 12.5
      vertex 12.3519 78.2716 8.5
      vertex 12 78.0981 8.5
    endloop
  endfacet
  facet normal 0.831501 0.555523 0
    outer loop
      vertex 16.0981 77 12.5
      vertex 15.8801 77.3263 8.5
      vertex 15.8801 77.3263 12.5
    endloop
  endfacet
  facet normal 0.831501 0.555523 0
    outer loop
      vertex 15.8801 77.3263 8.5
      vertex 16.0981 77 12.5
      vertex 16.0981 77 8.5
    endloop
  endfacet
  facet normal 0.980815 0.19494 0
    outer loop
      vertex 16.4743 75.8916 12.5
      vertex 16.3978 76.2765 8.5
      vertex 16.3978 76.2765 12.5
    endloop
  endfacet
  facet normal 0.980815 0.19494 0
    outer loop
      vertex 16.3978 76.2765 8.5
      vertex 16.4743 75.8916 12.5
      vertex 16.4743 75.8916 8.5
    endloop
  endfacet
  facet normal -0.19494 -0.980815 0
    outer loop
      vertex 12.7235 72.6022 8.5
      vertex 13.1084 72.5257 12.5
      vertex 12.7235 72.6022 12.5
    endloop
  endfacet
  facet normal -0.19494 -0.980815 -0
    outer loop
      vertex 13.1084 72.5257 12.5
      vertex 12.7235 72.6022 8.5
      vertex 13.1084 72.5257 8.5
    endloop
  endfacet
  facet normal -0.0654873 0.997853 0
    outer loop
      vertex 13.5 78.5 8.5
      vertex 13.1084 78.4743 12.5
      vertex 13.5 78.5 12.5
    endloop
  endfacet
  facet normal -0.0654873 0.997853 0
    outer loop
      vertex 13.1084 78.4743 12.5
      vertex 13.5 78.5 8.5
      vertex 13.1084 78.4743 8.5
    endloop
  endfacet
  facet normal 0.44211 -0.896961 0
    outer loop
      vertex 14.648 72.7284 8.5
      vertex 15 72.9019 12.5
      vertex 14.648 72.7284 12.5
    endloop
  endfacet
  facet normal 0.44211 -0.896961 0
    outer loop
      vertex 15 72.9019 12.5
      vertex 14.648 72.7284 8.5
      vertex 15 72.9019 8.5
    endloop
  endfacet
  facet normal 0.555523 0.831501 -0
    outer loop
      vertex 15.3263 77.8801 8.5
      vertex 15 78.0981 12.5
      vertex 15.3263 77.8801 12.5
    endloop
  endfacet
  facet normal 0.555523 0.831501 0
    outer loop
      vertex 15 78.0981 12.5
      vertex 15.3263 77.8801 8.5
      vertex 15 78.0981 8.5
    endloop
  endfacet
  facet normal 0.44211 0.896961 -0
    outer loop
      vertex 15 78.0981 8.5
      vertex 14.648 78.2716 12.5
      vertex 15 78.0981 12.5
    endloop
  endfacet
  facet normal 0.44211 0.896961 0
    outer loop
      vertex 14.648 78.2716 12.5
      vertex 15 78.0981 8.5
      vertex 14.648 78.2716 8.5
    endloop
  endfacet
  facet normal 0.659478 0.751724 -0
    outer loop
      vertex 15.6213 77.6213 8.5
      vertex 15.3263 77.8801 12.5
      vertex 15.6213 77.6213 12.5
    endloop
  endfacet
  facet normal 0.659478 0.751724 0
    outer loop
      vertex 15.3263 77.8801 12.5
      vertex 15.6213 77.6213 8.5
      vertex 15.3263 77.8801 8.5
    endloop
  endfacet
  facet normal 0.19494 -0.980815 0
    outer loop
      vertex 13.8916 72.5257 8.5
      vertex 14.2765 72.6022 12.5
      vertex 13.8916 72.5257 12.5
    endloop
  endfacet
  facet normal 0.19494 -0.980815 0
    outer loop
      vertex 14.2765 72.6022 12.5
      vertex 13.8916 72.5257 8.5
      vertex 14.2765 72.6022 8.5
    endloop
  endfacet
  facet normal -0.980815 -0.19494 0
    outer loop
      vertex 10.6022 74.7235 8.5
      vertex 10.5257 75.1084 12.5
      vertex 10.5257 75.1084 8.5
    endloop
  endfacet
  facet normal -0.980815 -0.19494 0
    outer loop
      vertex 10.5257 75.1084 12.5
      vertex 10.6022 74.7235 8.5
      vertex 10.6022 74.7235 12.5
    endloop
  endfacet
  facet normal 0.946858 0.321651 0
    outer loop
      vertex 16.3978 76.2765 12.5
      vertex 16.2716 76.648 8.5
      vertex 16.2716 76.648 12.5
    endloop
  endfacet
  facet normal 0.946858 0.321651 0
    outer loop
      vertex 16.2716 76.648 8.5
      vertex 16.3978 76.2765 12.5
      vertex 16.3978 76.2765 8.5
    endloop
  endfacet
  facet normal -0.896961 -0.44211 0
    outer loop
      vertex 10.9019 74 8.5
      vertex 10.7284 74.352 12.5
      vertex 10.7284 74.352 8.5
    endloop
  endfacet
  facet normal -0.896961 -0.44211 0
    outer loop
      vertex 10.7284 74.352 12.5
      vertex 10.9019 74 8.5
      vertex 10.9019 74 12.5
    endloop
  endfacet
  facet normal 0.555523 -0.831501 0
    outer loop
      vertex 15 72.9019 8.5
      vertex 15.3263 73.1199 12.5
      vertex 15 72.9019 12.5
    endloop
  endfacet
  facet normal 0.555523 -0.831501 0
    outer loop
      vertex 15.3263 73.1199 12.5
      vertex 15 72.9019 8.5
      vertex 15.3263 73.1199 8.5
    endloop
  endfacet
  facet normal 0.997853 0.0654873 0
    outer loop
      vertex 16.5 75.5 12.5
      vertex 16.4743 75.8916 8.5
      vertex 16.4743 75.8916 12.5
    endloop
  endfacet
  facet normal 0.997853 0.0654873 0
    outer loop
      vertex 16.4743 75.8916 8.5
      vertex 16.5 75.5 12.5
      vertex 16.5 75.5 8.5
    endloop
  endfacet
  facet normal 0.0654873 0.997853 -0
    outer loop
      vertex 13.8916 78.4743 8.5
      vertex 13.5 78.5 12.5
      vertex 13.8916 78.4743 12.5
    endloop
  endfacet
  facet normal 0.0654873 0.997853 0
    outer loop
      vertex 13.5 78.5 12.5
      vertex 13.8916 78.4743 8.5
      vertex 13.5 78.5 8.5
    endloop
  endfacet
  facet normal 0.831501 -0.555523 0
    outer loop
      vertex 15.8801 73.6737 12.5
      vertex 16.0981 74 8.5
      vertex 16.0981 74 12.5
    endloop
  endfacet
  facet normal 0.831501 -0.555523 0
    outer loop
      vertex 16.0981 74 8.5
      vertex 15.8801 73.6737 12.5
      vertex 15.8801 73.6737 8.5
    endloop
  endfacet
  facet normal 0.751724 0.659478 0
    outer loop
      vertex 15.8801 77.3263 12.5
      vertex 15.6213 77.6213 8.5
      vertex 15.6213 77.6213 12.5
    endloop
  endfacet
  facet normal 0.751724 0.659478 0
    outer loop
      vertex 15.6213 77.6213 8.5
      vertex 15.8801 77.3263 12.5
      vertex 15.8801 77.3263 8.5
    endloop
  endfacet
  facet normal 0.751724 -0.659478 0
    outer loop
      vertex 15.6213 73.3787 12.5
      vertex 15.8801 73.6737 8.5
      vertex 15.8801 73.6737 12.5
    endloop
  endfacet
  facet normal 0.751724 -0.659478 0
    outer loop
      vertex 15.8801 73.6737 8.5
      vertex 15.6213 73.3787 12.5
      vertex 15.6213 73.3787 8.5
    endloop
  endfacet
  facet normal -0.0654873 -0.997853 0
    outer loop
      vertex 13.1084 72.5257 8.5
      vertex 13.5 72.5 12.5
      vertex 13.1084 72.5257 12.5
    endloop
  endfacet
  facet normal -0.0654873 -0.997853 -0
    outer loop
      vertex 13.5 72.5 12.5
      vertex 13.1084 72.5257 8.5
      vertex 13.5 72.5 8.5
    endloop
  endfacet
  facet normal -0.946858 -0.321651 0
    outer loop
      vertex 10.7284 74.352 8.5
      vertex 10.6022 74.7235 12.5
      vertex 10.6022 74.7235 8.5
    endloop
  endfacet
  facet normal -0.946858 -0.321651 0
    outer loop
      vertex 10.6022 74.7235 12.5
      vertex 10.7284 74.352 8.5
      vertex 10.7284 74.352 12.5
    endloop
  endfacet
  facet normal -0.997853 0.0654873 0
    outer loop
      vertex 10.5 75.5 8.5
      vertex 10.5257 75.8916 12.5
      vertex 10.5257 75.8916 8.5
    endloop
  endfacet
  facet normal -0.997853 0.0654873 0
    outer loop
      vertex 10.5257 75.8916 12.5
      vertex 10.5 75.5 8.5
      vertex 10.5 75.5 12.5
    endloop
  endfacet
  facet normal -0.19494 0.980815 0
    outer loop
      vertex 13.1084 78.4743 8.5
      vertex 12.7235 78.3978 12.5
      vertex 13.1084 78.4743 12.5
    endloop
  endfacet
  facet normal -0.19494 0.980815 0
    outer loop
      vertex 12.7235 78.3978 12.5
      vertex 13.1084 78.4743 8.5
      vertex 12.7235 78.3978 8.5
    endloop
  endfacet
  facet normal -0.831501 -0.555523 0
    outer loop
      vertex 11.1199 73.6737 8.5
      vertex 10.9019 74 12.5
      vertex 10.9019 74 8.5
    endloop
  endfacet
  facet normal -0.831501 -0.555523 0
    outer loop
      vertex 10.9019 74 12.5
      vertex 11.1199 73.6737 8.5
      vertex 11.1199 73.6737 12.5
    endloop
  endfacet
  facet normal -0.751724 0.659478 0
    outer loop
      vertex 11.1199 77.3263 8.5
      vertex 11.3787 77.6213 12.5
      vertex 11.3787 77.6213 8.5
    endloop
  endfacet
  facet normal -0.751724 0.659478 0
    outer loop
      vertex 11.3787 77.6213 12.5
      vertex 11.1199 77.3263 8.5
      vertex 11.1199 77.3263 12.5
    endloop
  endfacet
  facet normal 0.0654873 -0.997853 0
    outer loop
      vertex 13.5 72.5 8.5
      vertex 13.8916 72.5257 12.5
      vertex 13.5 72.5 12.5
    endloop
  endfacet
  facet normal 0.0654873 -0.997853 0
    outer loop
      vertex 13.8916 72.5257 12.5
      vertex 13.5 72.5 8.5
      vertex 13.8916 72.5257 8.5
    endloop
  endfacet
  facet normal 0.321651 0.946858 -0
    outer loop
      vertex 14.648 78.2716 8.5
      vertex 14.2765 78.3978 12.5
      vertex 14.648 78.2716 12.5
    endloop
  endfacet
  facet normal 0.321651 0.946858 0
    outer loop
      vertex 14.2765 78.3978 12.5
      vertex 14.648 78.2716 8.5
      vertex 14.2765 78.3978 8.5
    endloop
  endfacet
  facet normal 0.896961 -0.44211 0
    outer loop
      vertex 16.0981 74 12.5
      vertex 16.2716 74.352 8.5
      vertex 16.2716 74.352 12.5
    endloop
  endfacet
  facet normal 0.896961 -0.44211 0
    outer loop
      vertex 16.2716 74.352 8.5
      vertex 16.0981 74 12.5
      vertex 16.0981 74 8.5
    endloop
  endfacet
  facet normal 0.946858 -0.321651 0
    outer loop
      vertex 16.2716 74.352 12.5
      vertex 16.3978 74.7235 8.5
      vertex 16.3978 74.7235 12.5
    endloop
  endfacet
  facet normal 0.946858 -0.321651 0
    outer loop
      vertex 16.3978 74.7235 8.5
      vertex 16.2716 74.352 12.5
      vertex 16.2716 74.352 8.5
    endloop
  endfacet
  facet normal -0.896961 0.44211 0
    outer loop
      vertex 10.7284 76.648 8.5
      vertex 10.9019 77 12.5
      vertex 10.9019 77 8.5
    endloop
  endfacet
  facet normal -0.896961 0.44211 0
    outer loop
      vertex 10.9019 77 12.5
      vertex 10.7284 76.648 8.5
      vertex 10.7284 76.648 12.5
    endloop
  endfacet
  facet normal -0.980815 0.19494 0
    outer loop
      vertex 10.5257 75.8916 8.5
      vertex 10.6022 76.2765 12.5
      vertex 10.6022 76.2765 8.5
    endloop
  endfacet
  facet normal -0.980815 0.19494 0
    outer loop
      vertex 10.6022 76.2765 12.5
      vertex 10.5257 75.8916 8.5
      vertex 10.5257 75.8916 12.5
    endloop
  endfacet
  facet normal 0.896961 0.44211 0
    outer loop
      vertex 16.2716 76.648 12.5
      vertex 16.0981 77 8.5
      vertex 16.0981 77 12.5
    endloop
  endfacet
  facet normal 0.896961 0.44211 0
    outer loop
      vertex 16.0981 77 8.5
      vertex 16.2716 76.648 12.5
      vertex 16.2716 76.648 8.5
    endloop
  endfacet
  facet normal 0.997853 -0.0654873 0
    outer loop
      vertex 16.4743 75.1084 12.5
      vertex 16.5 75.5 8.5
      vertex 16.5 75.5 12.5
    endloop
  endfacet
  facet normal 0.997853 -0.0654873 0
    outer loop
      vertex 16.5 75.5 8.5
      vertex 16.4743 75.1084 12.5
      vertex 16.4743 75.1084 8.5
    endloop
  endfacet
  facet normal -0.555523 0.831501 0
    outer loop
      vertex 12 78.0981 8.5
      vertex 11.6737 77.8801 12.5
      vertex 12 78.0981 12.5
    endloop
  endfacet
  facet normal -0.555523 0.831501 0
    outer loop
      vertex 11.6737 77.8801 12.5
      vertex 12 78.0981 8.5
      vertex 11.6737 77.8801 8.5
    endloop
  endfacet
  facet normal 0.19494 0.980815 -0
    outer loop
      vertex 14.2765 78.3978 8.5
      vertex 13.8916 78.4743 12.5
      vertex 14.2765 78.3978 12.5
    endloop
  endfacet
  facet normal 0.19494 0.980815 0
    outer loop
      vertex 13.8916 78.4743 12.5
      vertex 14.2765 78.3978 8.5
      vertex 13.8916 78.4743 8.5
    endloop
  endfacet
  facet normal -0.997853 -0.0654873 0
    outer loop
      vertex 10.5257 75.1084 8.5
      vertex 10.5 75.5 12.5
      vertex 10.5 75.5 8.5
    endloop
  endfacet
  facet normal -0.997853 -0.0654873 0
    outer loop
      vertex 10.5 75.5 12.5
      vertex 10.5257 75.1084 8.5
      vertex 10.5257 75.1084 12.5
    endloop
  endfacet
  facet normal -0.659478 -0.751724 0
    outer loop
      vertex 11.3787 73.3787 8.5
      vertex 11.6737 73.1199 12.5
      vertex 11.3787 73.3787 12.5
    endloop
  endfacet
  facet normal -0.659478 -0.751724 -0
    outer loop
      vertex 11.6737 73.1199 12.5
      vertex 11.3787 73.3787 8.5
      vertex 11.6737 73.1199 8.5
    endloop
  endfacet
  facet normal -0.321574 0.946885 0
    outer loop
      vertex 12.7235 78.3978 8.5
      vertex 12.3519 78.2716 12.5
      vertex 12.7235 78.3978 12.5
    endloop
  endfacet
  facet normal -0.321574 0.946885 0
    outer loop
      vertex 12.3519 78.2716 12.5
      vertex 12.7235 78.3978 8.5
      vertex 12.3519 78.2716 8.5
    endloop
  endfacet
  facet normal -0.946858 0.321651 0
    outer loop
      vertex 10.6022 76.2765 8.5
      vertex 10.7284 76.648 12.5
      vertex 10.7284 76.648 8.5
    endloop
  endfacet
  facet normal -0.946858 0.321651 0
    outer loop
      vertex 10.7284 76.648 12.5
      vertex 10.6022 76.2765 8.5
      vertex 10.6022 76.2765 12.5
    endloop
  endfacet
  facet normal 0.980815 -0.19494 0
    outer loop
      vertex 16.3978 74.7235 12.5
      vertex 16.4743 75.1084 8.5
      vertex 16.4743 75.1084 12.5
    endloop
  endfacet
  facet normal 0.980815 -0.19494 0
    outer loop
      vertex 16.4743 75.1084 8.5
      vertex 16.3978 74.7235 12.5
      vertex 16.3978 74.7235 8.5
    endloop
  endfacet
  facet normal -0.831501 0.555523 0
    outer loop
      vertex 10.9019 77 8.5
      vertex 11.1199 77.3263 12.5
      vertex 11.1199 77.3263 8.5
    endloop
  endfacet
  facet normal -0.831501 0.555523 0
    outer loop
      vertex 11.1199 77.3263 12.5
      vertex 10.9019 77 8.5
      vertex 10.9019 77 12.5
    endloop
  endfacet
  facet normal -0.659478 0.751724 0
    outer loop
      vertex 11.6737 77.8801 8.5
      vertex 11.3787 77.6213 12.5
      vertex 11.6737 77.8801 12.5
    endloop
  endfacet
  facet normal -0.659478 0.751724 0
    outer loop
      vertex 11.3787 77.6213 12.5
      vertex 11.6737 77.8801 8.5
      vertex 11.3787 77.6213 8.5
    endloop
  endfacet
  facet normal 0.321651 -0.946858 0
    outer loop
      vertex 14.2765 72.6022 8.5
      vertex 14.648 72.7284 12.5
      vertex 14.2765 72.6022 12.5
    endloop
  endfacet
  facet normal 0.321651 -0.946858 0
    outer loop
      vertex 14.648 72.7284 12.5
      vertex 14.2765 72.6022 8.5
      vertex 14.648 72.7284 8.5
    endloop
  endfacet
  facet normal -0.555523 -0.831501 0
    outer loop
      vertex 11.6737 73.1199 8.5
      vertex 12 72.9019 12.5
      vertex 11.6737 73.1199 12.5
    endloop
  endfacet
  facet normal -0.555523 -0.831501 -0
    outer loop
      vertex 12 72.9019 12.5
      vertex 11.6737 73.1199 8.5
      vertex 12 72.9019 8.5
    endloop
  endfacet
  facet normal -0.751724 -0.659478 0
    outer loop
      vertex 11.3787 73.3787 8.5
      vertex 11.1199 73.6737 12.5
      vertex 11.1199 73.6737 8.5
    endloop
  endfacet
  facet normal -0.751724 -0.659478 0
    outer loop
      vertex 11.1199 73.6737 12.5
      vertex 11.3787 73.3787 8.5
      vertex 11.3787 73.3787 12.5
    endloop
  endfacet
  facet normal 0 0 1
    outer loop
      vertex 14.655 75.5 12.5
      vertex 16.5 75.5 12.5
      vertex 16.4743 75.8916 12.5
    endloop
  endfacet
  facet normal 0 0 1
    outer loop
      vertex 14.6451 75.6508 12.5
      vertex 16.4743 75.8916 12.5
      vertex 16.3978 76.2765 12.5
    endloop
  endfacet
  facet normal 0 0 1
    outer loop
      vertex 16.5 75.5 12.5
      vertex 14.655 75.5 12.5
      vertex 16.4743 75.1084 12.5
    endloop
  endfacet
  facet normal 0 0 1
    outer loop
      vertex 14.6156 75.7989 12.5
      vertex 16.3978 76.2765 12.5
      vertex 16.2716 76.648 12.5
    endloop
  endfacet
  facet normal -0 0 1
    outer loop
      vertex 14.6451 75.3492 12.5
      vertex 16.4743 75.1084 12.5
      vertex 14.655 75.5 12.5
    endloop
  endfacet
  facet normal 0 0 1
    outer loop
      vertex 14.5671 75.942 12.5
      vertex 16.2716 76.648 12.5
      vertex 16.0981 77 12.5
    endloop
  endfacet
  facet normal 0 0 1
    outer loop
      vertex 16.4743 75.1084 12.5
      vertex 14.6451 75.3492 12.5
      vertex 16.3978 74.7235 12.5
    endloop
  endfacet
  facet normal 0 0 1
    outer loop
      vertex 14.5003 76.0775 12.5
      vertex 16.0981 77 12.5
      vertex 15.8801 77.3263 12.5
    endloop
  endfacet
  facet normal -0 0 1
    outer loop
      vertex 14.6156 75.2011 12.5
      vertex 16.3978 74.7235 12.5
      vertex 14.6451 75.3492 12.5
    endloop
  endfacet
  facet normal 0 0 1
    outer loop
      vertex 14.4163 76.2031 12.5
      vertex 15.8801 77.3263 12.5
      vertex 15.6213 77.6213 12.5
    endloop
  endfacet
  facet normal 0 0 1
    outer loop
      vertex 16.3978 74.7235 12.5
      vertex 14.6156 75.2011 12.5
      vertex 16.2716 74.352 12.5
    endloop
  endfacet
  facet normal 0 0 1
    outer loop
      vertex 14.3167 76.3167 12.5
      vertex 15.6213 77.6213 12.5
      vertex 15.3263 77.8801 12.5
    endloop
  endfacet
  facet normal -0 0 1
    outer loop
      vertex 14.5671 75.058 12.5
      vertex 16.2716 74.352 12.5
      vertex 14.6156 75.2011 12.5
    endloop
  endfacet
  facet normal 0 0 1
    outer loop
      vertex 14.2031 76.4163 12.5
      vertex 15.3263 77.8801 12.5
      vertex 15 78.0981 12.5
    endloop
  endfacet
  facet normal 0 0 1
    outer loop
      vertex 16.2716 74.352 12.5
      vertex 14.5671 75.058 12.5
      vertex 16.0981 74 12.5
    endloop
  endfacet
  facet normal -0 0 1
    outer loop
      vertex 14.5003 74.9225 12.5
      vertex 16.0981 74 12.5
      vertex 14.5671 75.058 12.5
    endloop
  endfacet
  facet normal 0 0 1
    outer loop
      vertex 14.0775 76.5003 12.5
      vertex 15 78.0981 12.5
      vertex 14.648 78.2716 12.5
    endloop
  endfacet
  facet normal 0 0 1
    outer loop
      vertex 16.4743 75.8916 12.5
      vertex 14.6451 75.6508 12.5
      vertex 14.655 75.5 12.5
    endloop
  endfacet
  facet normal 0 0 1
    outer loop
      vertex 16.3978 76.2765 12.5
      vertex 14.6156 75.7989 12.5
      vertex 14.6451 75.6508 12.5
    endloop
  endfacet
  facet normal 0 0 1
    outer loop
      vertex 16.2716 76.648 12.5
      vertex 14.5671 75.942 12.5
      vertex 14.6156 75.7989 12.5
    endloop
  endfacet
  facet normal 0 0 1
    outer loop
      vertex 16.0981 77 12.5
      vertex 14.5003 76.0775 12.5
      vertex 14.5671 75.942 12.5
    endloop
  endfacet
  facet normal 0 0 1
    outer loop
      vertex 15.8801 77.3263 12.5
      vertex 14.4163 76.2031 12.5
      vertex 14.5003 76.0775 12.5
    endloop
  endfacet
  facet normal 0 0 1
    outer loop
      vertex 15.6213 77.6213 12.5
      vertex 14.3167 76.3167 12.5
      vertex 14.4163 76.2031 12.5
    endloop
  endfacet
  facet normal 0 0 1
    outer loop
      vertex 13.942 76.5671 12.5
      vertex 14.648 78.2716 12.5
      vertex 14.2765 78.3978 12.5
    endloop
  endfacet
  facet normal 0 0 1
    outer loop
      vertex 15.3263 77.8801 12.5
      vertex 14.2031 76.4163 12.5
      vertex 14.3167 76.3167 12.5
    endloop
  endfacet
  facet normal 0 0 1
    outer loop
      vertex 15 78.0981 12.5
      vertex 14.0775 76.5003 12.5
      vertex 14.2031 76.4163 12.5
    endloop
  endfacet
  facet normal 0 0 1
    outer loop
      vertex 14.648 78.2716 12.5
      vertex 13.942 76.5671 12.5
      vertex 14.0775 76.5003 12.5
    endloop
  endfacet
  facet normal 0 0 1
    outer loop
      vertex 13.7989 76.6156 12.5
      vertex 14.2765 78.3978 12.5
      vertex 13.8916 78.4743 12.5
    endloop
  endfacet
  facet normal 0 0 1
    outer loop
      vertex 14.2765 78.3978 12.5
      vertex 13.7989 76.6156 12.5
      vertex 13.942 76.5671 12.5
    endloop
  endfacet
  facet normal 0 0 1
    outer loop
      vertex 13.8916 78.4743 12.5
      vertex 13.6508 76.6451 12.5
      vertex 13.7989 76.6156 12.5
    endloop
  endfacet
  facet normal 0 0 1
    outer loop
      vertex 13.5 78.5 12.5
      vertex 13.6508 76.6451 12.5
      vertex 13.8916 78.4743 12.5
    endloop
  endfacet
  facet normal 0 0 1
    outer loop
      vertex 13.5 78.5 12.5
      vertex 13.5 76.655 12.5
      vertex 13.6508 76.6451 12.5
    endloop
  endfacet
  facet normal 0 0 1
    outer loop
      vertex 13.5 78.5 12.5
      vertex 13.3492 76.6451 12.5
      vertex 13.5 76.655 12.5
    endloop
  endfacet
  facet normal -0 0 1
    outer loop
      vertex 13.1084 78.4743 12.5
      vertex 13.3492 76.6451 12.5
      vertex 13.5 78.5 12.5
    endloop
  endfacet
  facet normal 0 0 1
    outer loop
      vertex 13.3492 76.6451 12.5
      vertex 13.1084 78.4743 12.5
      vertex 13.2011 76.6156 12.5
    endloop
  endfacet
  facet normal -0 0 1
    outer loop
      vertex 12.7235 78.3978 12.5
      vertex 13.2011 76.6156 12.5
      vertex 13.1084 78.4743 12.5
    endloop
  endfacet
  facet normal 0 0 1
    outer loop
      vertex 13.2011 76.6156 12.5
      vertex 12.7235 78.3978 12.5
      vertex 13.058 76.5671 12.5
    endloop
  endfacet
  facet normal -0 0 1
    outer loop
      vertex 12.3519 78.2716 12.5
      vertex 13.058 76.5671 12.5
      vertex 12.7235 78.3978 12.5
    endloop
  endfacet
  facet normal 0 0 1
    outer loop
      vertex 13.058 76.5671 12.5
      vertex 12.3519 78.2716 12.5
      vertex 12.9225 76.5003 12.5
    endloop
  endfacet
  facet normal -0 0 1
    outer loop
      vertex 12 78.0981 12.5
      vertex 12.9225 76.5003 12.5
      vertex 12.3519 78.2716 12.5
    endloop
  endfacet
  facet normal 0 0 1
    outer loop
      vertex 12.9225 76.5003 12.5
      vertex 12 78.0981 12.5
      vertex 12.7969 76.4163 12.5
    endloop
  endfacet
  facet normal -0 0 1
    outer loop
      vertex 11.6737 77.8801 12.5
      vertex 12.7969 76.4163 12.5
      vertex 12 78.0981 12.5
    endloop
  endfacet
  facet normal 0 0 1
    outer loop
      vertex 12.7969 76.4163 12.5
      vertex 11.6737 77.8801 12.5
      vertex 12.6833 76.3167 12.5
    endloop
  endfacet
  facet normal -0 0 1
    outer loop
      vertex 11.3787 77.6213 12.5
      vertex 12.6833 76.3167 12.5
      vertex 11.6737 77.8801 12.5
    endloop
  endfacet
  facet normal 0 0 1
    outer loop
      vertex 12.6833 76.3167 12.5
      vertex 11.3787 77.6213 12.5
      vertex 12.5837 76.2031 12.5
    endloop
  endfacet
  facet normal -0 0 1
    outer loop
      vertex 11.1199 77.3263 12.5
      vertex 12.5837 76.2031 12.5
      vertex 11.3787 77.6213 12.5
    endloop
  endfacet
  facet normal 0 0 1
    outer loop
      vertex 12.5837 76.2031 12.5
      vertex 11.1199 77.3263 12.5
      vertex 12.4997 76.0775 12.5
    endloop
  endfacet
  facet normal -0 0 1
    outer loop
      vertex 10.9019 77 12.5
      vertex 12.4997 76.0775 12.5
      vertex 11.1199 77.3263 12.5
    endloop
  endfacet
  facet normal 0 0 1
    outer loop
      vertex 16.0981 74 12.5
      vertex 14.5003 74.9225 12.5
      vertex 15.8801 73.6737 12.5
    endloop
  endfacet
  facet normal -0 0 1
    outer loop
      vertex 14.4163 74.7969 12.5
      vertex 15.8801 73.6737 12.5
      vertex 14.5003 74.9225 12.5
    endloop
  endfacet
  facet normal 0 0 1
    outer loop
      vertex 15.8801 73.6737 12.5
      vertex 14.4163 74.7969 12.5
      vertex 15.6213 73.3787 12.5
    endloop
  endfacet
  facet normal -0 0 1
    outer loop
      vertex 14.3167 74.6833 12.5
      vertex 15.6213 73.3787 12.5
      vertex 14.4163 74.7969 12.5
    endloop
  endfacet
  facet normal 0 0 1
    outer loop
      vertex 15.6213 73.3787 12.5
      vertex 14.3167 74.6833 12.5
      vertex 15.3263 73.1199 12.5
    endloop
  endfacet
  facet normal -0 0 1
    outer loop
      vertex 14.2031 74.5837 12.5
      vertex 15.3263 73.1199 12.5
      vertex 14.3167 74.6833 12.5
    endloop
  endfacet
  facet normal 0 0 1
    outer loop
      vertex 15.3263 73.1199 12.5
      vertex 14.2031 74.5837 12.5
      vertex 15 72.9019 12.5
    endloop
  endfacet
  facet normal -0 0 1
    outer loop
      vertex 14.0775 74.4997 12.5
      vertex 15 72.9019 12.5
      vertex 14.2031 74.5837 12.5
    endloop
  endfacet
  facet normal 0 0 1
    outer loop
      vertex 15 72.9019 12.5
      vertex 14.0775 74.4997 12.5
      vertex 14.648 72.7284 12.5
    endloop
  endfacet
  facet normal -0 0 1
    outer loop
      vertex 13.942 74.4329 12.5
      vertex 14.648 72.7284 12.5
      vertex 14.0775 74.4997 12.5
    endloop
  endfacet
  facet normal 0 0 1
    outer loop
      vertex 14.648 72.7284 12.5
      vertex 13.942 74.4329 12.5
      vertex 14.2765 72.6022 12.5
    endloop
  endfacet
  facet normal -0 0 1
    outer loop
      vertex 13.7989 74.3844 12.5
      vertex 14.2765 72.6022 12.5
      vertex 13.942 74.4329 12.5
    endloop
  endfacet
  facet normal 0 0 1
    outer loop
      vertex 14.2765 72.6022 12.5
      vertex 13.7989 74.3844 12.5
      vertex 13.8916 72.5257 12.5
    endloop
  endfacet
  facet normal -0 0 1
    outer loop
      vertex 13.6508 74.3549 12.5
      vertex 13.8916 72.5257 12.5
      vertex 13.7989 74.3844 12.5
    endloop
  endfacet
  facet normal -0 0 1
    outer loop
      vertex 13.5 74.345 12.5
      vertex 13.8916 72.5257 12.5
      vertex 13.6508 74.3549 12.5
    endloop
  endfacet
  facet normal 0 0 1
    outer loop
      vertex 13.5 74.345 12.5
      vertex 13.5 72.5 12.5
      vertex 13.8916 72.5257 12.5
    endloop
  endfacet
  facet normal 0 0 1
    outer loop
      vertex 13.3492 74.3549 12.5
      vertex 13.5 72.5 12.5
      vertex 13.5 74.345 12.5
    endloop
  endfacet
  facet normal 0 0 1
    outer loop
      vertex 13.1084 72.5257 12.5
      vertex 13.3492 74.3549 12.5
      vertex 13.2011 74.3844 12.5
    endloop
  endfacet
  facet normal 0 0 1
    outer loop
      vertex 13.3492 74.3549 12.5
      vertex 13.1084 72.5257 12.5
      vertex 13.5 72.5 12.5
    endloop
  endfacet
  facet normal 0 0 1
    outer loop
      vertex 12.7235 72.6022 12.5
      vertex 13.2011 74.3844 12.5
      vertex 13.058 74.4329 12.5
    endloop
  endfacet
  facet normal 0 0 1
    outer loop
      vertex 12.3519 72.7284 12.5
      vertex 13.058 74.4329 12.5
      vertex 12.9225 74.4997 12.5
    endloop
  endfacet
  facet normal 0 0 1
    outer loop
      vertex 12 72.9019 12.5
      vertex 12.9225 74.4997 12.5
      vertex 12.7969 74.5837 12.5
    endloop
  endfacet
  facet normal 0 0 1
    outer loop
      vertex 13.2011 74.3844 12.5
      vertex 12.7235 72.6022 12.5
      vertex 13.1084 72.5257 12.5
    endloop
  endfacet
  facet normal 0 0 1
    outer loop
      vertex 11.6737 73.1199 12.5
      vertex 12.7969 74.5837 12.5
      vertex 12.6833 74.6833 12.5
    endloop
  endfacet
  facet normal 0 0 1
    outer loop
      vertex 11.3787 73.3787 12.5
      vertex 12.6833 74.6833 12.5
      vertex 12.5837 74.7969 12.5
    endloop
  endfacet
  facet normal 0 0 1
    outer loop
      vertex 11.1199 73.6737 12.5
      vertex 12.5837 74.7969 12.5
      vertex 12.4997 74.9225 12.5
    endloop
  endfacet
  facet normal 0 0 1
    outer loop
      vertex 10.9019 74 12.5
      vertex 12.4997 74.9225 12.5
      vertex 12.4329 75.058 12.5
    endloop
  endfacet
  facet normal 0 0 1
    outer loop
      vertex 10.7284 74.352 12.5
      vertex 12.4329 75.058 12.5
      vertex 12.3844 75.2011 12.5
    endloop
  endfacet
  facet normal 0 0 1
    outer loop
      vertex 10.6022 74.7235 12.5
      vertex 12.3844 75.2011 12.5
      vertex 12.3549 75.3492 12.5
    endloop
  endfacet
  facet normal 0 0 1
    outer loop
      vertex 13.058 74.4329 12.5
      vertex 12.3519 72.7284 12.5
      vertex 12.7235 72.6022 12.5
    endloop
  endfacet
  facet normal 0 0 1
    outer loop
      vertex 10.5257 75.1084 12.5
      vertex 12.3549 75.3492 12.5
      vertex 12.345 75.5 12.5
    endloop
  endfacet
  facet normal 0 0 1
    outer loop
      vertex 12.4997 76.0775 12.5
      vertex 10.9019 77 12.5
      vertex 12.4329 75.942 12.5
    endloop
  endfacet
  facet normal 0 0 1
    outer loop
      vertex 12.9225 74.4997 12.5
      vertex 12 72.9019 12.5
      vertex 12.3519 72.7284 12.5
    endloop
  endfacet
  facet normal -0 0 1
    outer loop
      vertex 10.7284 76.648 12.5
      vertex 12.4329 75.942 12.5
      vertex 10.9019 77 12.5
    endloop
  endfacet
  facet normal 0 0 1
    outer loop
      vertex 12.7969 74.5837 12.5
      vertex 11.6737 73.1199 12.5
      vertex 12 72.9019 12.5
    endloop
  endfacet
  facet normal 0 0 1
    outer loop
      vertex 12.4329 75.942 12.5
      vertex 10.7284 76.648 12.5
      vertex 12.3844 75.7989 12.5
    endloop
  endfacet
  facet normal 0 0 1
    outer loop
      vertex 12.6833 74.6833 12.5
      vertex 11.3787 73.3787 12.5
      vertex 11.6737 73.1199 12.5
    endloop
  endfacet
  facet normal -0 0 1
    outer loop
      vertex 10.6022 76.2765 12.5
      vertex 12.3844 75.7989 12.5
      vertex 10.7284 76.648 12.5
    endloop
  endfacet
  facet normal 0 0 1
    outer loop
      vertex 12.5837 74.7969 12.5
      vertex 11.1199 73.6737 12.5
      vertex 11.3787 73.3787 12.5
    endloop
  endfacet
  facet normal 0 0 1
    outer loop
      vertex 12.3844 75.7989 12.5
      vertex 10.6022 76.2765 12.5
      vertex 12.3549 75.6508 12.5
    endloop
  endfacet
  facet normal 0 0 1
    outer loop
      vertex 12.4997 74.9225 12.5
      vertex 10.9019 74 12.5
      vertex 11.1199 73.6737 12.5
    endloop
  endfacet
  facet normal -0 0 1
    outer loop
      vertex 10.5257 75.8916 12.5
      vertex 12.3549 75.6508 12.5
      vertex 10.6022 76.2765 12.5
    endloop
  endfacet
  facet normal 0 0 1
    outer loop
      vertex 12.4329 75.058 12.5
      vertex 10.7284 74.352 12.5
      vertex 10.9019 74 12.5
    endloop
  endfacet
  facet normal 0 0 1
    outer loop
      vertex 12.3549 75.6508 12.5
      vertex 10.5257 75.8916 12.5
      vertex 12.345 75.5 12.5
    endloop
  endfacet
  facet normal 0 0 1
    outer loop
      vertex 12.3844 75.2011 12.5
      vertex 10.6022 74.7235 12.5
      vertex 10.7284 74.352 12.5
    endloop
  endfacet
  facet normal 0 0 1
    outer loop
      vertex 10.5 75.5 12.5
      vertex 12.345 75.5 12.5
      vertex 10.5257 75.8916 12.5
    endloop
  endfacet
  facet normal 0 0 1
    outer loop
      vertex 12.3549 75.3492 12.5
      vertex 10.5257 75.1084 12.5
      vertex 10.6022 74.7235 12.5
    endloop
  endfacet
  facet normal 0 0 1
    outer loop
      vertex 12.345 75.5 12.5
      vertex 10.5 75.5 12.5
      vertex 10.5257 75.1084 12.5
    endloop
  endfacet
  facet normal 0.659478 -0.751724 0
    outer loop
      vertex 15.3263 73.1199 8.5
      vertex 15.6213 73.3787 12.5
      vertex 15.3263 73.1199 12.5
    endloop
  endfacet
  facet normal 0.659478 -0.751724 0
    outer loop
      vertex 15.6213 73.3787 12.5
      vertex 15.3263 73.1199 8.5
      vertex 15.6213 73.3787 8.5
    endloop
  endfacet
  facet normal -0.321574 -0.946885 0
    outer loop
      vertex 12.3519 72.7284 8.5
      vertex 12.7235 72.6022 12.5
      vertex 12.3519 72.7284 12.5
    endloop
  endfacet
  facet normal -0.321574 -0.946885 -0
    outer loop
      vertex 12.7235 72.6022 12.5
      vertex 12.3519 72.7284 8.5
      vertex 12.7235 72.6022 8.5
    endloop
  endfacet
  facet normal -0.442211 -0.896911 0
    outer loop
      vertex 12 72.9019 8.5
      vertex 12.3519 72.7284 12.5
      vertex 12 72.9019 12.5
    endloop
  endfacet
  facet normal -0.442211 -0.896911 -0
    outer loop
      vertex 12.3519 72.7284 12.5
      vertex 12 72.9019 8.5
      vertex 12.3519 72.7284 8.5
    endloop
  endfacet
  facet normal -0.946885 -0.321574 0
    outer loop
      vertex 59.7284 16.3519 8.5
      vertex 59.6022 16.7235 12.5
      vertex 59.6022 16.7235 8.5
    endloop
  endfacet
  facet normal -0.946885 -0.321574 0
    outer loop
      vertex 59.6022 16.7235 12.5
      vertex 59.7284 16.3519 8.5
      vertex 59.7284 16.3519 12.5
    endloop
  endfacet
  facet normal 0.19494 -0.980815 0
    outer loop
      vertex 62.8916 14.5257 8.5
      vertex 63.2765 14.6022 12.5
      vertex 62.8916 14.5257 12.5
    endloop
  endfacet
  facet normal 0.19494 -0.980815 0
    outer loop
      vertex 63.2765 14.6022 12.5
      vertex 62.8916 14.5257 8.5
      vertex 63.2765 14.6022 8.5
    endloop
  endfacet
  facet normal 0.980815 0.19494 0
    outer loop
      vertex 65.4743 17.8916 12.5
      vertex 65.3978 18.2765 8.5
      vertex 65.3978 18.2765 12.5
    endloop
  endfacet
  facet normal 0.980815 0.19494 0
    outer loop
      vertex 65.3978 18.2765 8.5
      vertex 65.4743 17.8916 12.5
      vertex 65.4743 17.8916 8.5
    endloop
  endfacet
  facet normal 0.997853 0.0654873 0
    outer loop
      vertex 65.5 17.5 12.5
      vertex 65.4743 17.8916 8.5
      vertex 65.4743 17.8916 12.5
    endloop
  endfacet
  facet normal 0.997853 0.0654873 0
    outer loop
      vertex 65.4743 17.8916 8.5
      vertex 65.5 17.5 12.5
      vertex 65.5 17.5 8.5
    endloop
  endfacet
  facet normal -0.44211 0.896961 0
    outer loop
      vertex 61.352 20.2716 8.5
      vertex 61 20.0981 12.5
      vertex 61.352 20.2716 12.5
    endloop
  endfacet
  facet normal -0.44211 0.896961 0
    outer loop
      vertex 61 20.0981 12.5
      vertex 61.352 20.2716 8.5
      vertex 61 20.0981 8.5
    endloop
  endfacet
  facet normal 0.896911 -0.442211 0
    outer loop
      vertex 65.0981 16 12.5
      vertex 65.2716 16.3519 8.5
      vertex 65.2716 16.3519 12.5
    endloop
  endfacet
  facet normal 0.896911 -0.442211 0
    outer loop
      vertex 65.2716 16.3519 8.5
      vertex 65.0981 16 12.5
      vertex 65.0981 16 8.5
    endloop
  endfacet
  facet normal 0.997853 -0.0654873 0
    outer loop
      vertex 65.4743 17.1084 12.5
      vertex 65.5 17.5 8.5
      vertex 65.5 17.5 12.5
    endloop
  endfacet
  facet normal 0.997853 -0.0654873 0
    outer loop
      vertex 65.5 17.5 8.5
      vertex 65.4743 17.1084 12.5
      vertex 65.4743 17.1084 8.5
    endloop
  endfacet
  facet normal 0.659478 0.751724 -0
    outer loop
      vertex 64.6213 19.6213 8.5
      vertex 64.3263 19.8801 12.5
      vertex 64.6213 19.6213 12.5
    endloop
  endfacet
  facet normal 0.659478 0.751724 0
    outer loop
      vertex 64.3263 19.8801 12.5
      vertex 64.6213 19.6213 8.5
      vertex 64.3263 19.8801 8.5
    endloop
  endfacet
  facet normal -0.659478 0.751724 0
    outer loop
      vertex 60.6737 19.8801 8.5
      vertex 60.3787 19.6213 12.5
      vertex 60.6737 19.8801 12.5
    endloop
  endfacet
  facet normal -0.659478 0.751724 0
    outer loop
      vertex 60.3787 19.6213 12.5
      vertex 60.6737 19.8801 8.5
      vertex 60.3787 19.6213 8.5
    endloop
  endfacet
  facet normal 0.0654873 0.997853 -0
    outer loop
      vertex 62.8916 20.4743 8.5
      vertex 62.5 20.5 12.5
      vertex 62.8916 20.4743 12.5
    endloop
  endfacet
  facet normal 0.0654873 0.997853 0
    outer loop
      vertex 62.5 20.5 12.5
      vertex 62.8916 20.4743 8.5
      vertex 62.5 20.5 8.5
    endloop
  endfacet
  facet normal -0.19494 -0.980815 0
    outer loop
      vertex 61.7235 14.6022 8.5
      vertex 62.1084 14.5257 12.5
      vertex 61.7235 14.6022 12.5
    endloop
  endfacet
  facet normal -0.19494 -0.980815 -0
    outer loop
      vertex 62.1084 14.5257 12.5
      vertex 61.7235 14.6022 8.5
      vertex 62.1084 14.5257 8.5
    endloop
  endfacet
  facet normal -0.997853 0.0654873 0
    outer loop
      vertex 59.5 17.5 8.5
      vertex 59.5257 17.8916 12.5
      vertex 59.5257 17.8916 8.5
    endloop
  endfacet
  facet normal -0.997853 0.0654873 0
    outer loop
      vertex 59.5257 17.8916 12.5
      vertex 59.5 17.5 8.5
      vertex 59.5 17.5 12.5
    endloop
  endfacet
  facet normal -0.751724 -0.659478 0
    outer loop
      vertex 60.3787 15.3787 8.5
      vertex 60.1199 15.6737 12.5
      vertex 60.1199 15.6737 8.5
    endloop
  endfacet
  facet normal -0.751724 -0.659478 0
    outer loop
      vertex 60.1199 15.6737 12.5
      vertex 60.3787 15.3787 8.5
      vertex 60.3787 15.3787 12.5
    endloop
  endfacet
  facet normal -0.980815 -0.19494 0
    outer loop
      vertex 59.6022 16.7235 8.5
      vertex 59.5257 17.1084 12.5
      vertex 59.5257 17.1084 8.5
    endloop
  endfacet
  facet normal -0.980815 -0.19494 0
    outer loop
      vertex 59.5257 17.1084 12.5
      vertex 59.6022 16.7235 8.5
      vertex 59.6022 16.7235 12.5
    endloop
  endfacet
  facet normal 0.831501 -0.555523 0
    outer loop
      vertex 64.8801 15.6737 12.5
      vertex 65.0981 16 8.5
      vertex 65.0981 16 12.5
    endloop
  endfacet
  facet normal 0.831501 -0.555523 0
    outer loop
      vertex 65.0981 16 8.5
      vertex 64.8801 15.6737 12.5
      vertex 64.8801 15.6737 8.5
    endloop
  endfacet
  facet normal -0.896961 0.44211 0
    outer loop
      vertex 59.7284 18.648 8.5
      vertex 59.9019 19 12.5
      vertex 59.9019 19 8.5
    endloop
  endfacet
  facet normal -0.896961 0.44211 0
    outer loop
      vertex 59.9019 19 12.5
      vertex 59.7284 18.648 8.5
      vertex 59.7284 18.648 12.5
    endloop
  endfacet
  facet normal -0.831501 -0.555523 0
    outer loop
      vertex 60.1199 15.6737 8.5
      vertex 59.9019 16 12.5
      vertex 59.9019 16 8.5
    endloop
  endfacet
  facet normal -0.831501 -0.555523 0
    outer loop
      vertex 59.9019 16 12.5
      vertex 60.1199 15.6737 8.5
      vertex 60.1199 15.6737 12.5
    endloop
  endfacet
  facet normal -0.831501 0.555523 0
    outer loop
      vertex 59.9019 19 8.5
      vertex 60.1199 19.3263 12.5
      vertex 60.1199 19.3263 8.5
    endloop
  endfacet
  facet normal -0.831501 0.555523 0
    outer loop
      vertex 60.1199 19.3263 12.5
      vertex 59.9019 19 8.5
      vertex 59.9019 19 12.5
    endloop
  endfacet
  facet normal -0.0654873 0.997853 0
    outer loop
      vertex 62.5 20.5 8.5
      vertex 62.1084 20.4743 12.5
      vertex 62.5 20.5 12.5
    endloop
  endfacet
  facet normal -0.0654873 0.997853 0
    outer loop
      vertex 62.1084 20.4743 12.5
      vertex 62.5 20.5 8.5
      vertex 62.1084 20.4743 8.5
    endloop
  endfacet
  facet normal -0.321651 -0.946858 0
    outer loop
      vertex 61.352 14.7284 8.5
      vertex 61.7235 14.6022 12.5
      vertex 61.352 14.7284 12.5
    endloop
  endfacet
  facet normal -0.321651 -0.946858 -0
    outer loop
      vertex 61.7235 14.6022 12.5
      vertex 61.352 14.7284 8.5
      vertex 61.7235 14.6022 8.5
    endloop
  endfacet
  facet normal 0.44211 0.896961 -0
    outer loop
      vertex 64 20.0981 8.5
      vertex 63.648 20.2716 12.5
      vertex 64 20.0981 12.5
    endloop
  endfacet
  facet normal 0.44211 0.896961 0
    outer loop
      vertex 63.648 20.2716 12.5
      vertex 64 20.0981 8.5
      vertex 63.648 20.2716 8.5
    endloop
  endfacet
  facet normal 0.0654873 -0.997853 0
    outer loop
      vertex 62.5 14.5 8.5
      vertex 62.8916 14.5257 12.5
      vertex 62.5 14.5 12.5
    endloop
  endfacet
  facet normal 0.0654873 -0.997853 0
    outer loop
      vertex 62.8916 14.5257 12.5
      vertex 62.5 14.5 8.5
      vertex 62.8916 14.5257 8.5
    endloop
  endfacet
  facet normal 0.555523 -0.831501 0
    outer loop
      vertex 64 14.9019 8.5
      vertex 64.3263 15.1199 12.5
      vertex 64 14.9019 12.5
    endloop
  endfacet
  facet normal 0.555523 -0.831501 0
    outer loop
      vertex 64.3263 15.1199 12.5
      vertex 64 14.9019 8.5
      vertex 64.3263 15.1199 8.5
    endloop
  endfacet
  facet normal 0.980815 -0.19494 0
    outer loop
      vertex 65.3978 16.7235 12.5
      vertex 65.4743 17.1084 8.5
      vertex 65.4743 17.1084 12.5
    endloop
  endfacet
  facet normal 0.980815 -0.19494 0
    outer loop
      vertex 65.4743 17.1084 8.5
      vertex 65.3978 16.7235 12.5
      vertex 65.3978 16.7235 8.5
    endloop
  endfacet
  facet normal -0.751724 0.659478 0
    outer loop
      vertex 60.1199 19.3263 8.5
      vertex 60.3787 19.6213 12.5
      vertex 60.3787 19.6213 8.5
    endloop
  endfacet
  facet normal -0.751724 0.659478 0
    outer loop
      vertex 60.3787 19.6213 12.5
      vertex 60.1199 19.3263 8.5
      vertex 60.1199 19.3263 12.5
    endloop
  endfacet
  facet normal -0.980815 0.19494 0
    outer loop
      vertex 59.5257 17.8916 8.5
      vertex 59.6022 18.2765 12.5
      vertex 59.6022 18.2765 8.5
    endloop
  endfacet
  facet normal -0.980815 0.19494 0
    outer loop
      vertex 59.6022 18.2765 12.5
      vertex 59.5257 17.8916 8.5
      vertex 59.5257 17.8916 12.5
    endloop
  endfacet
  facet normal 0.831501 0.555523 0
    outer loop
      vertex 65.0981 19 12.5
      vertex 64.8801 19.3263 8.5
      vertex 64.8801 19.3263 12.5
    endloop
  endfacet
  facet normal 0.831501 0.555523 0
    outer loop
      vertex 64.8801 19.3263 8.5
      vertex 65.0981 19 12.5
      vertex 65.0981 19 8.5
    endloop
  endfacet
  facet normal 0.555523 0.831501 -0
    outer loop
      vertex 64.3263 19.8801 8.5
      vertex 64 20.0981 12.5
      vertex 64.3263 19.8801 12.5
    endloop
  endfacet
  facet normal 0.555523 0.831501 0
    outer loop
      vertex 64 20.0981 12.5
      vertex 64.3263 19.8801 8.5
      vertex 64 20.0981 8.5
    endloop
  endfacet
  facet normal -0.997853 -0.0654873 0
    outer loop
      vertex 59.5257 17.1084 8.5
      vertex 59.5 17.5 12.5
      vertex 59.5 17.5 8.5
    endloop
  endfacet
  facet normal -0.997853 -0.0654873 0
    outer loop
      vertex 59.5 17.5 12.5
      vertex 59.5257 17.1084 8.5
      vertex 59.5257 17.1084 12.5
    endloop
  endfacet
  facet normal 0.321651 0.946858 -0
    outer loop
      vertex 63.648 20.2716 8.5
      vertex 63.2765 20.3978 12.5
      vertex 63.648 20.2716 12.5
    endloop
  endfacet
  facet normal 0.321651 0.946858 0
    outer loop
      vertex 63.2765 20.3978 12.5
      vertex 63.648 20.2716 8.5
      vertex 63.2765 20.3978 8.5
    endloop
  endfacet
  facet normal 0.659478 -0.751724 0
    outer loop
      vertex 64.3263 15.1199 8.5
      vertex 64.6213 15.3787 12.5
      vertex 64.3263 15.1199 12.5
    endloop
  endfacet
  facet normal 0.659478 -0.751724 0
    outer loop
      vertex 64.6213 15.3787 12.5
      vertex 64.3263 15.1199 8.5
      vertex 64.6213 15.3787 8.5
    endloop
  endfacet
  facet normal -0.19494 0.980815 0
    outer loop
      vertex 62.1084 20.4743 8.5
      vertex 61.7235 20.3978 12.5
      vertex 62.1084 20.4743 12.5
    endloop
  endfacet
  facet normal -0.19494 0.980815 0
    outer loop
      vertex 61.7235 20.3978 12.5
      vertex 62.1084 20.4743 8.5
      vertex 61.7235 20.3978 8.5
    endloop
  endfacet
  facet normal 0.896961 0.44211 0
    outer loop
      vertex 65.2716 18.648 12.5
      vertex 65.0981 19 8.5
      vertex 65.0981 19 12.5
    endloop
  endfacet
  facet normal 0.896961 0.44211 0
    outer loop
      vertex 65.0981 19 8.5
      vertex 65.2716 18.648 12.5
      vertex 65.2716 18.648 8.5
    endloop
  endfacet
  facet normal 0.946885 -0.321574 0
    outer loop
      vertex 65.2716 16.3519 12.5
      vertex 65.3978 16.7235 8.5
      vertex 65.3978 16.7235 12.5
    endloop
  endfacet
  facet normal 0.946885 -0.321574 0
    outer loop
      vertex 65.3978 16.7235 8.5
      vertex 65.2716 16.3519 12.5
      vertex 65.2716 16.3519 8.5
    endloop
  endfacet
  facet normal -0.555523 -0.831501 0
    outer loop
      vertex 60.6737 15.1199 8.5
      vertex 61 14.9019 12.5
      vertex 60.6737 15.1199 12.5
    endloop
  endfacet
  facet normal -0.555523 -0.831501 -0
    outer loop
      vertex 61 14.9019 12.5
      vertex 60.6737 15.1199 8.5
      vertex 61 14.9019 8.5
    endloop
  endfacet
  facet normal -0.659478 -0.751724 0
    outer loop
      vertex 60.3787 15.3787 8.5
      vertex 60.6737 15.1199 12.5
      vertex 60.3787 15.3787 12.5
    endloop
  endfacet
  facet normal -0.659478 -0.751724 -0
    outer loop
      vertex 60.6737 15.1199 12.5
      vertex 60.3787 15.3787 8.5
      vertex 60.6737 15.1199 8.5
    endloop
  endfacet
  facet normal 0.751724 -0.659478 0
    outer loop
      vertex 64.6213 15.3787 12.5
      vertex 64.8801 15.6737 8.5
      vertex 64.8801 15.6737 12.5
    endloop
  endfacet
  facet normal 0.751724 -0.659478 0
    outer loop
      vertex 64.8801 15.6737 8.5
      vertex 64.6213 15.3787 12.5
      vertex 64.6213 15.3787 8.5
    endloop
  endfacet
  facet normal -0.896911 -0.442211 0
    outer loop
      vertex 59.9019 16 8.5
      vertex 59.7284 16.3519 12.5
      vertex 59.7284 16.3519 8.5
    endloop
  endfacet
  facet normal -0.896911 -0.442211 0
    outer loop
      vertex 59.7284 16.3519 12.5
      vertex 59.9019 16 8.5
      vertex 59.9019 16 12.5
    endloop
  endfacet
  facet normal -0.0654873 -0.997853 0
    outer loop
      vertex 62.1084 14.5257 8.5
      vertex 62.5 14.5 12.5
      vertex 62.1084 14.5257 12.5
    endloop
  endfacet
  facet normal -0.0654873 -0.997853 -0
    outer loop
      vertex 62.5 14.5 12.5
      vertex 62.1084 14.5257 8.5
      vertex 62.5 14.5 8.5
    endloop
  endfacet
  facet normal 0.751724 0.659478 0
    outer loop
      vertex 64.8801 19.3263 12.5
      vertex 64.6213 19.6213 8.5
      vertex 64.6213 19.6213 12.5
    endloop
  endfacet
  facet normal 0.751724 0.659478 0
    outer loop
      vertex 64.6213 19.6213 8.5
      vertex 64.8801 19.3263 12.5
      vertex 64.8801 19.3263 8.5
    endloop
  endfacet
  facet normal -0.555523 0.831501 0
    outer loop
      vertex 61 20.0981 8.5
      vertex 60.6737 19.8801 12.5
      vertex 61 20.0981 12.5
    endloop
  endfacet
  facet normal -0.555523 0.831501 0
    outer loop
      vertex 60.6737 19.8801 12.5
      vertex 61 20.0981 8.5
      vertex 60.6737 19.8801 8.5
    endloop
  endfacet
  facet normal 0.946858 0.321651 0
    outer loop
      vertex 65.3978 18.2765 12.5
      vertex 65.2716 18.648 8.5
      vertex 65.2716 18.648 12.5
    endloop
  endfacet
  facet normal 0.946858 0.321651 0
    outer loop
      vertex 65.2716 18.648 8.5
      vertex 65.3978 18.2765 12.5
      vertex 65.3978 18.2765 8.5
    endloop
  endfacet
  facet normal 0.321651 -0.946858 0
    outer loop
      vertex 63.2765 14.6022 8.5
      vertex 63.648 14.7284 12.5
      vertex 63.2765 14.6022 12.5
    endloop
  endfacet
  facet normal 0.321651 -0.946858 0
    outer loop
      vertex 63.648 14.7284 12.5
      vertex 63.2765 14.6022 8.5
      vertex 63.648 14.7284 8.5
    endloop
  endfacet
  facet normal 0.44211 -0.896961 0
    outer loop
      vertex 63.648 14.7284 8.5
      vertex 64 14.9019 12.5
      vertex 63.648 14.7284 12.5
    endloop
  endfacet
  facet normal 0.44211 -0.896961 0
    outer loop
      vertex 64 14.9019 12.5
      vertex 63.648 14.7284 8.5
      vertex 64 14.9019 8.5
    endloop
  endfacet
  facet normal -0.321651 0.946858 0
    outer loop
      vertex 61.7235 20.3978 8.5
      vertex 61.352 20.2716 12.5
      vertex 61.7235 20.3978 12.5
    endloop
  endfacet
  facet normal -0.321651 0.946858 0
    outer loop
      vertex 61.352 20.2716 12.5
      vertex 61.7235 20.3978 8.5
      vertex 61.352 20.2716 8.5
    endloop
  endfacet
  facet normal 0 0 1
    outer loop
      vertex 63.655 17.5 12.5
      vertex 65.5 17.5 12.5
      vertex 65.4743 17.8916 12.5
    endloop
  endfacet
  facet normal 0 0 1
    outer loop
      vertex 63.6451 17.6508 12.5
      vertex 65.4743 17.8916 12.5
      vertex 65.3978 18.2765 12.5
    endloop
  endfacet
  facet normal 0 0 1
    outer loop
      vertex 65.5 17.5 12.5
      vertex 63.655 17.5 12.5
      vertex 65.4743 17.1084 12.5
    endloop
  endfacet
  facet normal 0 0 1
    outer loop
      vertex 63.6156 17.7989 12.5
      vertex 65.3978 18.2765 12.5
      vertex 65.2716 18.648 12.5
    endloop
  endfacet
  facet normal -0 0 1
    outer loop
      vertex 63.6451 17.3492 12.5
      vertex 65.4743 17.1084 12.5
      vertex 63.655 17.5 12.5
    endloop
  endfacet
  facet normal 0 0 1
    outer loop
      vertex 63.5671 17.942 12.5
      vertex 65.2716 18.648 12.5
      vertex 65.0981 19 12.5
    endloop
  endfacet
  facet normal 0 0 1
    outer loop
      vertex 65.4743 17.1084 12.5
      vertex 63.6451 17.3492 12.5
      vertex 65.3978 16.7235 12.5
    endloop
  endfacet
  facet normal 0 0 1
    outer loop
      vertex 63.5003 18.0775 12.5
      vertex 65.0981 19 12.5
      vertex 64.8801 19.3263 12.5
    endloop
  endfacet
  facet normal -0 0 1
    outer loop
      vertex 63.6156 17.2011 12.5
      vertex 65.3978 16.7235 12.5
      vertex 63.6451 17.3492 12.5
    endloop
  endfacet
  facet normal 0 0 1
    outer loop
      vertex 63.4163 18.2031 12.5
      vertex 64.8801 19.3263 12.5
      vertex 64.6213 19.6213 12.5
    endloop
  endfacet
  facet normal 0 0 1
    outer loop
      vertex 65.3978 16.7235 12.5
      vertex 63.6156 17.2011 12.5
      vertex 65.2716 16.3519 12.5
    endloop
  endfacet
  facet normal 0 0 1
    outer loop
      vertex 63.3167 18.3167 12.5
      vertex 64.6213 19.6213 12.5
      vertex 64.3263 19.8801 12.5
    endloop
  endfacet
  facet normal -0 0 1
    outer loop
      vertex 63.5671 17.058 12.5
      vertex 65.2716 16.3519 12.5
      vertex 63.6156 17.2011 12.5
    endloop
  endfacet
  facet normal 0 0 1
    outer loop
      vertex 63.2031 18.4163 12.5
      vertex 64.3263 19.8801 12.5
      vertex 64 20.0981 12.5
    endloop
  endfacet
  facet normal 0 0 1
    outer loop
      vertex 65.2716 16.3519 12.5
      vertex 63.5671 17.058 12.5
      vertex 65.0981 16 12.5
    endloop
  endfacet
  facet normal -0 0 1
    outer loop
      vertex 63.5003 16.9225 12.5
      vertex 65.0981 16 12.5
      vertex 63.5671 17.058 12.5
    endloop
  endfacet
  facet normal 0 0 1
    outer loop
      vertex 63.0775 18.5003 12.5
      vertex 64 20.0981 12.5
      vertex 63.648 20.2716 12.5
    endloop
  endfacet
  facet normal 0 0 1
    outer loop
      vertex 65.4743 17.8916 12.5
      vertex 63.6451 17.6508 12.5
      vertex 63.655 17.5 12.5
    endloop
  endfacet
  facet normal 0 0 1
    outer loop
      vertex 65.3978 18.2765 12.5
      vertex 63.6156 17.7989 12.5
      vertex 63.6451 17.6508 12.5
    endloop
  endfacet
  facet normal 0 0 1
    outer loop
      vertex 65.2716 18.648 12.5
      vertex 63.5671 17.942 12.5
      vertex 63.6156 17.7989 12.5
    endloop
  endfacet
  facet normal 0 0 1
    outer loop
      vertex 65.0981 19 12.5
      vertex 63.5003 18.0775 12.5
      vertex 63.5671 17.942 12.5
    endloop
  endfacet
  facet normal 0 0 1
    outer loop
      vertex 64.8801 19.3263 12.5
      vertex 63.4163 18.2031 12.5
      vertex 63.5003 18.0775 12.5
    endloop
  endfacet
  facet normal 0 0 1
    outer loop
      vertex 64.6213 19.6213 12.5
      vertex 63.3167 18.3167 12.5
      vertex 63.4163 18.2031 12.5
    endloop
  endfacet
  facet normal 0 0 1
    outer loop
      vertex 62.942 18.5671 12.5
      vertex 63.648 20.2716 12.5
      vertex 63.2765 20.3978 12.5
    endloop
  endfacet
  facet normal 0 0 1
    outer loop
      vertex 64.3263 19.8801 12.5
      vertex 63.2031 18.4163 12.5
      vertex 63.3167 18.3167 12.5
    endloop
  endfacet
  facet normal 0 0 1
    outer loop
      vertex 64 20.0981 12.5
      vertex 63.0775 18.5003 12.5
      vertex 63.2031 18.4163 12.5
    endloop
  endfacet
  facet normal 0 0 1
    outer loop
      vertex 63.648 20.2716 12.5
      vertex 62.942 18.5671 12.5
      vertex 63.0775 18.5003 12.5
    endloop
  endfacet
  facet normal 0 0 1
    outer loop
      vertex 62.7989 18.6156 12.5
      vertex 63.2765 20.3978 12.5
      vertex 62.8916 20.4743 12.5
    endloop
  endfacet
  facet normal 0 0 1
    outer loop
      vertex 63.2765 20.3978 12.5
      vertex 62.7989 18.6156 12.5
      vertex 62.942 18.5671 12.5
    endloop
  endfacet
  facet normal 0 0 1
    outer loop
      vertex 62.8916 20.4743 12.5
      vertex 62.6508 18.6451 12.5
      vertex 62.7989 18.6156 12.5
    endloop
  endfacet
  facet normal 0 0 1
    outer loop
      vertex 62.5 20.5 12.5
      vertex 62.6508 18.6451 12.5
      vertex 62.8916 20.4743 12.5
    endloop
  endfacet
  facet normal 0 0 1
    outer loop
      vertex 62.5 20.5 12.5
      vertex 62.5 18.655 12.5
      vertex 62.6508 18.6451 12.5
    endloop
  endfacet
  facet normal 0 0 1
    outer loop
      vertex 62.5 20.5 12.5
      vertex 62.3492 18.6451 12.5
      vertex 62.5 18.655 12.5
    endloop
  endfacet
  facet normal -0 0 1
    outer loop
      vertex 62.1084 20.4743 12.5
      vertex 62.3492 18.6451 12.5
      vertex 62.5 20.5 12.5
    endloop
  endfacet
  facet normal 0 0 1
    outer loop
      vertex 62.3492 18.6451 12.5
      vertex 62.1084 20.4743 12.5
      vertex 62.2011 18.6156 12.5
    endloop
  endfacet
  facet normal -0 0 1
    outer loop
      vertex 61.7235 20.3978 12.5
      vertex 62.2011 18.6156 12.5
      vertex 62.1084 20.4743 12.5
    endloop
  endfacet
  facet normal 0 0 1
    outer loop
      vertex 62.2011 18.6156 12.5
      vertex 61.7235 20.3978 12.5
      vertex 62.058 18.5671 12.5
    endloop
  endfacet
  facet normal -0 0 1
    outer loop
      vertex 61.352 20.2716 12.5
      vertex 62.058 18.5671 12.5
      vertex 61.7235 20.3978 12.5
    endloop
  endfacet
  facet normal 0 0 1
    outer loop
      vertex 62.058 18.5671 12.5
      vertex 61.352 20.2716 12.5
      vertex 61.9225 18.5003 12.5
    endloop
  endfacet
  facet normal -0 0 1
    outer loop
      vertex 61 20.0981 12.5
      vertex 61.9225 18.5003 12.5
      vertex 61.352 20.2716 12.5
    endloop
  endfacet
  facet normal 0 0 1
    outer loop
      vertex 61.9225 18.5003 12.5
      vertex 61 20.0981 12.5
      vertex 61.7969 18.4163 12.5
    endloop
  endfacet
  facet normal -0 0 1
    outer loop
      vertex 60.6737 19.8801 12.5
      vertex 61.7969 18.4163 12.5
      vertex 61 20.0981 12.5
    endloop
  endfacet
  facet normal 0 0 1
    outer loop
      vertex 61.7969 18.4163 12.5
      vertex 60.6737 19.8801 12.5
      vertex 61.6833 18.3167 12.5
    endloop
  endfacet
  facet normal -0 0 1
    outer loop
      vertex 60.3787 19.6213 12.5
      vertex 61.6833 18.3167 12.5
      vertex 60.6737 19.8801 12.5
    endloop
  endfacet
  facet normal 0 0 1
    outer loop
      vertex 61.6833 18.3167 12.5
      vertex 60.3787 19.6213 12.5
      vertex 61.5837 18.2031 12.5
    endloop
  endfacet
  facet normal -0 0 1
    outer loop
      vertex 60.1199 19.3263 12.5
      vertex 61.5837 18.2031 12.5
      vertex 60.3787 19.6213 12.5
    endloop
  endfacet
  facet normal 0 0 1
    outer loop
      vertex 61.5837 18.2031 12.5
      vertex 60.1199 19.3263 12.5
      vertex 61.4997 18.0775 12.5
    endloop
  endfacet
  facet normal -0 0 1
    outer loop
      vertex 59.9019 19 12.5
      vertex 61.4997 18.0775 12.5
      vertex 60.1199 19.3263 12.5
    endloop
  endfacet
  facet normal 0 0 1
    outer loop
      vertex 65.0981 16 12.5
      vertex 63.5003 16.9225 12.5
      vertex 64.8801 15.6737 12.5
    endloop
  endfacet
  facet normal -0 0 1
    outer loop
      vertex 63.4163 16.7969 12.5
      vertex 64.8801 15.6737 12.5
      vertex 63.5003 16.9225 12.5
    endloop
  endfacet
  facet normal 0 0 1
    outer loop
      vertex 64.8801 15.6737 12.5
      vertex 63.4163 16.7969 12.5
      vertex 64.6213 15.3787 12.5
    endloop
  endfacet
  facet normal -0 0 1
    outer loop
      vertex 63.3167 16.6833 12.5
      vertex 64.6213 15.3787 12.5
      vertex 63.4163 16.7969 12.5
    endloop
  endfacet
  facet normal 0 0 1
    outer loop
      vertex 64.6213 15.3787 12.5
      vertex 63.3167 16.6833 12.5
      vertex 64.3263 15.1199 12.5
    endloop
  endfacet
  facet normal -0 0 1
    outer loop
      vertex 63.2031 16.5837 12.5
      vertex 64.3263 15.1199 12.5
      vertex 63.3167 16.6833 12.5
    endloop
  endfacet
  facet normal 0 0 1
    outer loop
      vertex 64.3263 15.1199 12.5
      vertex 63.2031 16.5837 12.5
      vertex 64 14.9019 12.5
    endloop
  endfacet
  facet normal -0 0 1
    outer loop
      vertex 63.0775 16.4997 12.5
      vertex 64 14.9019 12.5
      vertex 63.2031 16.5837 12.5
    endloop
  endfacet
  facet normal 0 0 1
    outer loop
      vertex 64 14.9019 12.5
      vertex 63.0775 16.4997 12.5
      vertex 63.648 14.7284 12.5
    endloop
  endfacet
  facet normal -0 0 1
    outer loop
      vertex 62.942 16.4329 12.5
      vertex 63.648 14.7284 12.5
      vertex 63.0775 16.4997 12.5
    endloop
  endfacet
  facet normal 0 0 1
    outer loop
      vertex 63.648 14.7284 12.5
      vertex 62.942 16.4329 12.5
      vertex 63.2765 14.6022 12.5
    endloop
  endfacet
  facet normal -0 0 1
    outer loop
      vertex 62.7989 16.3844 12.5
      vertex 63.2765 14.6022 12.5
      vertex 62.942 16.4329 12.5
    endloop
  endfacet
  facet normal 0 0 1
    outer loop
      vertex 63.2765 14.6022 12.5
      vertex 62.7989 16.3844 12.5
      vertex 62.8916 14.5257 12.5
    endloop
  endfacet
  facet normal -0 0 1
    outer loop
      vertex 62.6508 16.3549 12.5
      vertex 62.8916 14.5257 12.5
      vertex 62.7989 16.3844 12.5
    endloop
  endfacet
  facet normal -0 0 1
    outer loop
      vertex 62.5 16.345 12.5
      vertex 62.8916 14.5257 12.5
      vertex 62.6508 16.3549 12.5
    endloop
  endfacet
  facet normal 0 0 1
    outer loop
      vertex 62.5 16.345 12.5
      vertex 62.5 14.5 12.5
      vertex 62.8916 14.5257 12.5
    endloop
  endfacet
  facet normal 0 0 1
    outer loop
      vertex 62.3492 16.3549 12.5
      vertex 62.5 14.5 12.5
      vertex 62.5 16.345 12.5
    endloop
  endfacet
  facet normal 0 0 1
    outer loop
      vertex 62.1084 14.5257 12.5
      vertex 62.3492 16.3549 12.5
      vertex 62.2011 16.3844 12.5
    endloop
  endfacet
  facet normal 0 0 1
    outer loop
      vertex 62.3492 16.3549 12.5
      vertex 62.1084 14.5257 12.5
      vertex 62.5 14.5 12.5
    endloop
  endfacet
  facet normal 0 0 1
    outer loop
      vertex 61.7235 14.6022 12.5
      vertex 62.2011 16.3844 12.5
      vertex 62.058 16.4329 12.5
    endloop
  endfacet
  facet normal 0 0 1
    outer loop
      vertex 61.352 14.7284 12.5
      vertex 62.058 16.4329 12.5
      vertex 61.9225 16.4997 12.5
    endloop
  endfacet
  facet normal 0 0 1
    outer loop
      vertex 61 14.9019 12.5
      vertex 61.9225 16.4997 12.5
      vertex 61.7969 16.5837 12.5
    endloop
  endfacet
  facet normal 0 0 1
    outer loop
      vertex 62.2011 16.3844 12.5
      vertex 61.7235 14.6022 12.5
      vertex 62.1084 14.5257 12.5
    endloop
  endfacet
  facet normal 0 0 1
    outer loop
      vertex 60.6737 15.1199 12.5
      vertex 61.7969 16.5837 12.5
      vertex 61.6833 16.6833 12.5
    endloop
  endfacet
  facet normal 0 0 1
    outer loop
      vertex 60.3787 15.3787 12.5
      vertex 61.6833 16.6833 12.5
      vertex 61.5837 16.7969 12.5
    endloop
  endfacet
  facet normal 0 0 1
    outer loop
      vertex 60.1199 15.6737 12.5
      vertex 61.5837 16.7969 12.5
      vertex 61.4997 16.9225 12.5
    endloop
  endfacet
  facet normal 0 0 1
    outer loop
      vertex 59.9019 16 12.5
      vertex 61.4997 16.9225 12.5
      vertex 61.4329 17.058 12.5
    endloop
  endfacet
  facet normal 0 0 1
    outer loop
      vertex 59.7284 16.3519 12.5
      vertex 61.4329 17.058 12.5
      vertex 61.3844 17.2011 12.5
    endloop
  endfacet
  facet normal 0 0 1
    outer loop
      vertex 59.6022 16.7235 12.5
      vertex 61.3844 17.2011 12.5
      vertex 61.3549 17.3492 12.5
    endloop
  endfacet
  facet normal 0 0 1
    outer loop
      vertex 62.058 16.4329 12.5
      vertex 61.352 14.7284 12.5
      vertex 61.7235 14.6022 12.5
    endloop
  endfacet
  facet normal 0 0 1
    outer loop
      vertex 59.5257 17.1084 12.5
      vertex 61.3549 17.3492 12.5
      vertex 61.345 17.5 12.5
    endloop
  endfacet
  facet normal 0 0 1
    outer loop
      vertex 61.4997 18.0775 12.5
      vertex 59.9019 19 12.5
      vertex 61.4329 17.942 12.5
    endloop
  endfacet
  facet normal 0 0 1
    outer loop
      vertex 61.9225 16.4997 12.5
      vertex 61 14.9019 12.5
      vertex 61.352 14.7284 12.5
    endloop
  endfacet
  facet normal -0 0 1
    outer loop
      vertex 59.7284 18.648 12.5
      vertex 61.4329 17.942 12.5
      vertex 59.9019 19 12.5
    endloop
  endfacet
  facet normal 0 0 1
    outer loop
      vertex 61.7969 16.5837 12.5
      vertex 60.6737 15.1199 12.5
      vertex 61 14.9019 12.5
    endloop
  endfacet
  facet normal 0 0 1
    outer loop
      vertex 61.4329 17.942 12.5
      vertex 59.7284 18.648 12.5
      vertex 61.3844 17.7989 12.5
    endloop
  endfacet
  facet normal 0 0 1
    outer loop
      vertex 61.6833 16.6833 12.5
      vertex 60.3787 15.3787 12.5
      vertex 60.6737 15.1199 12.5
    endloop
  endfacet
  facet normal -0 0 1
    outer loop
      vertex 59.6022 18.2765 12.5
      vertex 61.3844 17.7989 12.5
      vertex 59.7284 18.648 12.5
    endloop
  endfacet
  facet normal 0 0 1
    outer loop
      vertex 61.5837 16.7969 12.5
      vertex 60.1199 15.6737 12.5
      vertex 60.3787 15.3787 12.5
    endloop
  endfacet
  facet normal 0 0 1
    outer loop
      vertex 61.3844 17.7989 12.5
      vertex 59.6022 18.2765 12.5
      vertex 61.3549 17.6508 12.5
    endloop
  endfacet
  facet normal 0 0 1
    outer loop
      vertex 61.4997 16.9225 12.5
      vertex 59.9019 16 12.5
      vertex 60.1199 15.6737 12.5
    endloop
  endfacet
  facet normal -0 0 1
    outer loop
      vertex 59.5257 17.8916 12.5
      vertex 61.3549 17.6508 12.5
      vertex 59.6022 18.2765 12.5
    endloop
  endfacet
  facet normal 0 0 1
    outer loop
      vertex 61.4329 17.058 12.5
      vertex 59.7284 16.3519 12.5
      vertex 59.9019 16 12.5
    endloop
  endfacet
  facet normal 0 0 1
    outer loop
      vertex 61.3549 17.6508 12.5
      vertex 59.5257 17.8916 12.5
      vertex 61.345 17.5 12.5
    endloop
  endfacet
  facet normal 0 0 1
    outer loop
      vertex 61.3844 17.2011 12.5
      vertex 59.6022 16.7235 12.5
      vertex 59.7284 16.3519 12.5
    endloop
  endfacet
  facet normal 0 0 1
    outer loop
      vertex 59.5 17.5 12.5
      vertex 61.345 17.5 12.5
      vertex 59.5257 17.8916 12.5
    endloop
  endfacet
  facet normal 0 0 1
    outer loop
      vertex 61.3549 17.3492 12.5
      vertex 59.5257 17.1084 12.5
      vertex 59.6022 16.7235 12.5
    endloop
  endfacet
  facet normal 0 0 1
    outer loop
      vertex 61.345 17.5 12.5
      vertex 59.5 17.5 12.5
      vertex 59.5257 17.1084 12.5
    endloop
  endfacet
  facet normal 0.19494 0.980815 -0
    outer loop
      vertex 63.2765 20.3978 8.5
      vertex 62.8916 20.4743 12.5
      vertex 63.2765 20.3978 12.5
    endloop
  endfacet
  facet normal 0.19494 0.980815 0
    outer loop
      vertex 62.8916 20.4743 12.5
      vertex 63.2765 20.3978 8.5
      vertex 62.8916 20.4743 8.5
    endloop
  endfacet
  facet normal -0.44211 -0.896961 0
    outer loop
      vertex 61 14.9019 8.5
      vertex 61.352 14.7284 12.5
      vertex 61 14.9019 12.5
    endloop
  endfacet
  facet normal -0.44211 -0.896961 -0
    outer loop
      vertex 61.352 14.7284 12.5
      vertex 61 14.9019 8.5
      vertex 61.352 14.7284 8.5
    endloop
  endfacet
  facet normal -0.946858 0.321651 0
    outer loop
      vertex 59.6022 18.2765 8.5
      vertex 59.7284 18.648 12.5
      vertex 59.7284 18.648 8.5
    endloop
  endfacet
  facet normal -0.946858 0.321651 0
    outer loop
      vertex 59.7284 18.648 12.5
      vertex 59.6022 18.2765 8.5
      vertex 59.6022 18.2765 12.5
    endloop
  endfacet
  facet normal -0.946858 -0.321651 0
    outer loop
      vertex 59.7284 74.352 8.5
      vertex 59.6022 74.7235 12.5
      vertex 59.6022 74.7235 8.5
    endloop
  endfacet
  facet normal -0.946858 -0.321651 0
    outer loop
      vertex 59.6022 74.7235 12.5
      vertex 59.7284 74.352 8.5
      vertex 59.7284 74.352 12.5
    endloop
  endfacet
  facet normal 0.19494 -0.980815 0
    outer loop
      vertex 62.8916 72.5257 8.5
      vertex 63.2765 72.6022 12.5
      vertex 62.8916 72.5257 12.5
    endloop
  endfacet
  facet normal 0.19494 -0.980815 0
    outer loop
      vertex 63.2765 72.6022 12.5
      vertex 62.8916 72.5257 8.5
      vertex 63.2765 72.6022 8.5
    endloop
  endfacet
  facet normal 0.980815 0.19494 0
    outer loop
      vertex 65.4743 75.8916 12.5
      vertex 65.3978 76.2765 8.5
      vertex 65.3978 76.2765 12.5
    endloop
  endfacet
  facet normal 0.980815 0.19494 0
    outer loop
      vertex 65.3978 76.2765 8.5
      vertex 65.4743 75.8916 12.5
      vertex 65.4743 75.8916 8.5
    endloop
  endfacet
  facet normal 0.997853 0.0654873 0
    outer loop
      vertex 65.5 75.5 12.5
      vertex 65.4743 75.8916 8.5
      vertex 65.4743 75.8916 12.5
    endloop
  endfacet
  facet normal 0.997853 0.0654873 0
    outer loop
      vertex 65.4743 75.8916 8.5
      vertex 65.5 75.5 12.5
      vertex 65.5 75.5 8.5
    endloop
  endfacet
  facet normal -0.44211 0.896961 0
    outer loop
      vertex 61.352 78.2716 8.5
      vertex 61 78.0981 12.5
      vertex 61.352 78.2716 12.5
    endloop
  endfacet
  facet normal -0.44211 0.896961 0
    outer loop
      vertex 61 78.0981 12.5
      vertex 61.352 78.2716 8.5
      vertex 61 78.0981 8.5
    endloop
  endfacet
  facet normal 0.946858 0.321651 0
    outer loop
      vertex 65.3978 76.2765 12.5
      vertex 65.2716 76.648 8.5
      vertex 65.2716 76.648 12.5
    endloop
  endfacet
  facet normal 0.946858 0.321651 0
    outer loop
      vertex 65.2716 76.648 8.5
      vertex 65.3978 76.2765 12.5
      vertex 65.3978 76.2765 8.5
    endloop
  endfacet
  facet normal 0.896961 -0.44211 0
    outer loop
      vertex 65.0981 74 12.5
      vertex 65.2716 74.352 8.5
      vertex 65.2716 74.352 12.5
    endloop
  endfacet
  facet normal 0.896961 -0.44211 0
    outer loop
      vertex 65.2716 74.352 8.5
      vertex 65.0981 74 12.5
      vertex 65.0981 74 8.5
    endloop
  endfacet
  facet normal 0.997853 -0.0654873 0
    outer loop
      vertex 65.4743 75.1084 12.5
      vertex 65.5 75.5 8.5
      vertex 65.5 75.5 12.5
    endloop
  endfacet
  facet normal 0.997853 -0.0654873 0
    outer loop
      vertex 65.5 75.5 8.5
      vertex 65.4743 75.1084 12.5
      vertex 65.4743 75.1084 8.5
    endloop
  endfacet
  facet normal 0.659478 0.751724 -0
    outer loop
      vertex 64.6213 77.6213 8.5
      vertex 64.3263 77.8801 12.5
      vertex 64.6213 77.6213 12.5
    endloop
  endfacet
  facet normal 0.659478 0.751724 0
    outer loop
      vertex 64.3263 77.8801 12.5
      vertex 64.6213 77.6213 8.5
      vertex 64.3263 77.8801 8.5
    endloop
  endfacet
  facet normal -0.659478 0.751724 0
    outer loop
      vertex 60.6737 77.8801 8.5
      vertex 60.3787 77.6213 12.5
      vertex 60.6737 77.8801 12.5
    endloop
  endfacet
  facet normal -0.659478 0.751724 0
    outer loop
      vertex 60.3787 77.6213 12.5
      vertex 60.6737 77.8801 8.5
      vertex 60.3787 77.6213 8.5
    endloop
  endfacet
  facet normal 0.0654873 0.997853 -0
    outer loop
      vertex 62.8916 78.4743 8.5
      vertex 62.5 78.5 12.5
      vertex 62.8916 78.4743 12.5
    endloop
  endfacet
  facet normal 0.0654873 0.997853 0
    outer loop
      vertex 62.5 78.5 12.5
      vertex 62.8916 78.4743 8.5
      vertex 62.5 78.5 8.5
    endloop
  endfacet
  facet normal -0.19494 -0.980815 0
    outer loop
      vertex 61.7235 72.6022 8.5
      vertex 62.1084 72.5257 12.5
      vertex 61.7235 72.6022 12.5
    endloop
  endfacet
  facet normal -0.19494 -0.980815 -0
    outer loop
      vertex 62.1084 72.5257 12.5
      vertex 61.7235 72.6022 8.5
      vertex 62.1084 72.5257 8.5
    endloop
  endfacet
  facet normal -0.997853 0.0654873 0
    outer loop
      vertex 59.5 75.5 8.5
      vertex 59.5257 75.8916 12.5
      vertex 59.5257 75.8916 8.5
    endloop
  endfacet
  facet normal -0.997853 0.0654873 0
    outer loop
      vertex 59.5257 75.8916 12.5
      vertex 59.5 75.5 8.5
      vertex 59.5 75.5 12.5
    endloop
  endfacet
  facet normal -0.751724 -0.659478 0
    outer loop
      vertex 60.3787 73.3787 8.5
      vertex 60.1199 73.6737 12.5
      vertex 60.1199 73.6737 8.5
    endloop
  endfacet
  facet normal -0.751724 -0.659478 0
    outer loop
      vertex 60.1199 73.6737 12.5
      vertex 60.3787 73.3787 8.5
      vertex 60.3787 73.3787 12.5
    endloop
  endfacet
  facet normal -0.980815 -0.19494 0
    outer loop
      vertex 59.6022 74.7235 8.5
      vertex 59.5257 75.1084 12.5
      vertex 59.5257 75.1084 8.5
    endloop
  endfacet
  facet normal -0.980815 -0.19494 0
    outer loop
      vertex 59.5257 75.1084 12.5
      vertex 59.6022 74.7235 8.5
      vertex 59.6022 74.7235 12.5
    endloop
  endfacet
  facet normal 0.831501 -0.555523 0
    outer loop
      vertex 64.8801 73.6737 12.5
      vertex 65.0981 74 8.5
      vertex 65.0981 74 12.5
    endloop
  endfacet
  facet normal 0.831501 -0.555523 0
    outer loop
      vertex 65.0981 74 8.5
      vertex 64.8801 73.6737 12.5
      vertex 64.8801 73.6737 8.5
    endloop
  endfacet
  facet normal -0.896961 0.44211 0
    outer loop
      vertex 59.7284 76.648 8.5
      vertex 59.9019 77 12.5
      vertex 59.9019 77 8.5
    endloop
  endfacet
  facet normal -0.896961 0.44211 0
    outer loop
      vertex 59.9019 77 12.5
      vertex 59.7284 76.648 8.5
      vertex 59.7284 76.648 12.5
    endloop
  endfacet
  facet normal -0.831501 -0.555523 0
    outer loop
      vertex 60.1199 73.6737 8.5
      vertex 59.9019 74 12.5
      vertex 59.9019 74 8.5
    endloop
  endfacet
  facet normal -0.831501 -0.555523 0
    outer loop
      vertex 59.9019 74 12.5
      vertex 60.1199 73.6737 8.5
      vertex 60.1199 73.6737 12.5
    endloop
  endfacet
  facet normal -0.831501 0.555523 0
    outer loop
      vertex 59.9019 77 8.5
      vertex 60.1199 77.3263 12.5
      vertex 60.1199 77.3263 8.5
    endloop
  endfacet
  facet normal -0.831501 0.555523 0
    outer loop
      vertex 60.1199 77.3263 12.5
      vertex 59.9019 77 8.5
      vertex 59.9019 77 12.5
    endloop
  endfacet
  facet normal -0.0654873 0.997853 0
    outer loop
      vertex 62.5 78.5 8.5
      vertex 62.1084 78.4743 12.5
      vertex 62.5 78.5 12.5
    endloop
  endfacet
  facet normal -0.0654873 0.997853 0
    outer loop
      vertex 62.1084 78.4743 12.5
      vertex 62.5 78.5 8.5
      vertex 62.1084 78.4743 8.5
    endloop
  endfacet
  facet normal -0.321651 0.946858 0
    outer loop
      vertex 61.7235 78.3978 8.5
      vertex 61.352 78.2716 12.5
      vertex 61.7235 78.3978 12.5
    endloop
  endfacet
  facet normal -0.321651 0.946858 0
    outer loop
      vertex 61.352 78.2716 12.5
      vertex 61.7235 78.3978 8.5
      vertex 61.352 78.2716 8.5
    endloop
  endfacet
  facet normal -0.321651 -0.946858 0
    outer loop
      vertex 61.352 72.7284 8.5
      vertex 61.7235 72.6022 12.5
      vertex 61.352 72.7284 12.5
    endloop
  endfacet
  facet normal -0.321651 -0.946858 -0
    outer loop
      vertex 61.7235 72.6022 12.5
      vertex 61.352 72.7284 8.5
      vertex 61.7235 72.6022 8.5
    endloop
  endfacet
  facet normal 0.44211 0.896961 -0
    outer loop
      vertex 64 78.0981 8.5
      vertex 63.648 78.2716 12.5
      vertex 64 78.0981 12.5
    endloop
  endfacet
  facet normal 0.44211 0.896961 0
    outer loop
      vertex 63.648 78.2716 12.5
      vertex 64 78.0981 8.5
      vertex 63.648 78.2716 8.5
    endloop
  endfacet
  facet normal 0.0654873 -0.997853 0
    outer loop
      vertex 62.5 72.5 8.5
      vertex 62.8916 72.5257 12.5
      vertex 62.5 72.5 12.5
    endloop
  endfacet
  facet normal 0.0654873 -0.997853 0
    outer loop
      vertex 62.8916 72.5257 12.5
      vertex 62.5 72.5 8.5
      vertex 62.8916 72.5257 8.5
    endloop
  endfacet
  facet normal 0.555523 -0.831501 0
    outer loop
      vertex 64 72.9019 8.5
      vertex 64.3263 73.1199 12.5
      vertex 64 72.9019 12.5
    endloop
  endfacet
  facet normal 0.555523 -0.831501 0
    outer loop
      vertex 64.3263 73.1199 12.5
      vertex 64 72.9019 8.5
      vertex 64.3263 73.1199 8.5
    endloop
  endfacet
  facet normal 0.980815 -0.19494 0
    outer loop
      vertex 65.3978 74.7235 12.5
      vertex 65.4743 75.1084 8.5
      vertex 65.4743 75.1084 12.5
    endloop
  endfacet
  facet normal 0.980815 -0.19494 0
    outer loop
      vertex 65.4743 75.1084 8.5
      vertex 65.3978 74.7235 12.5
      vertex 65.3978 74.7235 8.5
    endloop
  endfacet
  facet normal -0.751724 0.659478 0
    outer loop
      vertex 60.1199 77.3263 8.5
      vertex 60.3787 77.6213 12.5
      vertex 60.3787 77.6213 8.5
    endloop
  endfacet
  facet normal -0.751724 0.659478 0
    outer loop
      vertex 60.3787 77.6213 12.5
      vertex 60.1199 77.3263 8.5
      vertex 60.1199 77.3263 12.5
    endloop
  endfacet
  facet normal -0.980815 0.19494 0
    outer loop
      vertex 59.5257 75.8916 8.5
      vertex 59.6022 76.2765 12.5
      vertex 59.6022 76.2765 8.5
    endloop
  endfacet
  facet normal -0.980815 0.19494 0
    outer loop
      vertex 59.6022 76.2765 12.5
      vertex 59.5257 75.8916 8.5
      vertex 59.5257 75.8916 12.5
    endloop
  endfacet
  facet normal 0.831501 0.555523 0
    outer loop
      vertex 65.0981 77 12.5
      vertex 64.8801 77.3263 8.5
      vertex 64.8801 77.3263 12.5
    endloop
  endfacet
  facet normal 0.831501 0.555523 0
    outer loop
      vertex 64.8801 77.3263 8.5
      vertex 65.0981 77 12.5
      vertex 65.0981 77 8.5
    endloop
  endfacet
  facet normal 0.555523 0.831501 -0
    outer loop
      vertex 64.3263 77.8801 8.5
      vertex 64 78.0981 12.5
      vertex 64.3263 77.8801 12.5
    endloop
  endfacet
  facet normal 0.555523 0.831501 0
    outer loop
      vertex 64 78.0981 12.5
      vertex 64.3263 77.8801 8.5
      vertex 64 78.0981 8.5
    endloop
  endfacet
  facet normal -0.997853 -0.0654873 0
    outer loop
      vertex 59.5257 75.1084 8.5
      vertex 59.5 75.5 12.5
      vertex 59.5 75.5 8.5
    endloop
  endfacet
  facet normal -0.997853 -0.0654873 0
    outer loop
      vertex 59.5 75.5 12.5
      vertex 59.5257 75.1084 8.5
      vertex 59.5257 75.1084 12.5
    endloop
  endfacet
  facet normal 0.321651 0.946858 -0
    outer loop
      vertex 63.648 78.2716 8.5
      vertex 63.2765 78.3978 12.5
      vertex 63.648 78.2716 12.5
    endloop
  endfacet
  facet normal 0.321651 0.946858 0
    outer loop
      vertex 63.2765 78.3978 12.5
      vertex 63.648 78.2716 8.5
      vertex 63.2765 78.3978 8.5
    endloop
  endfacet
  facet normal 0.659478 -0.751724 0
    outer loop
      vertex 64.3263 73.1199 8.5
      vertex 64.6213 73.3787 12.5
      vertex 64.3263 73.1199 12.5
    endloop
  endfacet
  facet normal 0.659478 -0.751724 0
    outer loop
      vertex 64.6213 73.3787 12.5
      vertex 64.3263 73.1199 8.5
      vertex 64.6213 73.3787 8.5
    endloop
  endfacet
  facet normal -0.19494 0.980815 0
    outer loop
      vertex 62.1084 78.4743 8.5
      vertex 61.7235 78.3978 12.5
      vertex 62.1084 78.4743 12.5
    endloop
  endfacet
  facet normal -0.19494 0.980815 0
    outer loop
      vertex 61.7235 78.3978 12.5
      vertex 62.1084 78.4743 8.5
      vertex 61.7235 78.3978 8.5
    endloop
  endfacet
  facet normal 0.896961 0.44211 0
    outer loop
      vertex 65.2716 76.648 12.5
      vertex 65.0981 77 8.5
      vertex 65.0981 77 12.5
    endloop
  endfacet
  facet normal 0.896961 0.44211 0
    outer loop
      vertex 65.0981 77 8.5
      vertex 65.2716 76.648 12.5
      vertex 65.2716 76.648 8.5
    endloop
  endfacet
  facet normal -0.555523 -0.831501 0
    outer loop
      vertex 60.6737 73.1199 8.5
      vertex 61 72.9019 12.5
      vertex 60.6737 73.1199 12.5
    endloop
  endfacet
  facet normal -0.555523 -0.831501 -0
    outer loop
      vertex 61 72.9019 12.5
      vertex 60.6737 73.1199 8.5
      vertex 61 72.9019 8.5
    endloop
  endfacet
  facet normal -0.659478 -0.751724 0
    outer loop
      vertex 60.3787 73.3787 8.5
      vertex 60.6737 73.1199 12.5
      vertex 60.3787 73.3787 12.5
    endloop
  endfacet
  facet normal -0.659478 -0.751724 -0
    outer loop
      vertex 60.6737 73.1199 12.5
      vertex 60.3787 73.3787 8.5
      vertex 60.6737 73.1199 8.5
    endloop
  endfacet
  facet normal 0.751724 -0.659478 0
    outer loop
      vertex 64.6213 73.3787 12.5
      vertex 64.8801 73.6737 8.5
      vertex 64.8801 73.6737 12.5
    endloop
  endfacet
  facet normal 0.751724 -0.659478 0
    outer loop
      vertex 64.8801 73.6737 8.5
      vertex 64.6213 73.3787 12.5
      vertex 64.6213 73.3787 8.5
    endloop
  endfacet
  facet normal -0.896961 -0.44211 0
    outer loop
      vertex 59.9019 74 8.5
      vertex 59.7284 74.352 12.5
      vertex 59.7284 74.352 8.5
    endloop
  endfacet
  facet normal -0.896961 -0.44211 0
    outer loop
      vertex 59.7284 74.352 12.5
      vertex 59.9019 74 8.5
      vertex 59.9019 74 12.5
    endloop
  endfacet
  facet normal -0.0654873 -0.997853 0
    outer loop
      vertex 62.1084 72.5257 8.5
      vertex 62.5 72.5 12.5
      vertex 62.1084 72.5257 12.5
    endloop
  endfacet
  facet normal -0.0654873 -0.997853 -0
    outer loop
      vertex 62.5 72.5 12.5
      vertex 62.1084 72.5257 8.5
      vertex 62.5 72.5 8.5
    endloop
  endfacet
  facet normal 0.751724 0.659478 0
    outer loop
      vertex 64.8801 77.3263 12.5
      vertex 64.6213 77.6213 8.5
      vertex 64.6213 77.6213 12.5
    endloop
  endfacet
  facet normal 0.751724 0.659478 0
    outer loop
      vertex 64.6213 77.6213 8.5
      vertex 64.8801 77.3263 12.5
      vertex 64.8801 77.3263 8.5
    endloop
  endfacet
  facet normal -0.555523 0.831501 0
    outer loop
      vertex 61 78.0981 8.5
      vertex 60.6737 77.8801 12.5
      vertex 61 78.0981 12.5
    endloop
  endfacet
  facet normal -0.555523 0.831501 0
    outer loop
      vertex 60.6737 77.8801 12.5
      vertex 61 78.0981 8.5
      vertex 60.6737 77.8801 8.5
    endloop
  endfacet
  facet normal 0 0 1
    outer loop
      vertex 63.655 75.5 12.5
      vertex 65.5 75.5 12.5
      vertex 65.4743 75.8916 12.5
    endloop
  endfacet
  facet normal 0 0 1
    outer loop
      vertex 63.6451 75.6508 12.5
      vertex 65.4743 75.8916 12.5
      vertex 65.3978 76.2765 12.5
    endloop
  endfacet
  facet normal 0 0 1
    outer loop
      vertex 65.5 75.5 12.5
      vertex 63.655 75.5 12.5
      vertex 65.4743 75.1084 12.5
    endloop
  endfacet
  facet normal 0 0 1
    outer loop
      vertex 63.6156 75.7989 12.5
      vertex 65.3978 76.2765 12.5
      vertex 65.2716 76.648 12.5
    endloop
  endfacet
  facet normal -0 0 1
    outer loop
      vertex 63.6451 75.3492 12.5
      vertex 65.4743 75.1084 12.5
      vertex 63.655 75.5 12.5
    endloop
  endfacet
  facet normal 0 0 1
    outer loop
      vertex 63.5671 75.942 12.5
      vertex 65.2716 76.648 12.5
      vertex 65.0981 77 12.5
    endloop
  endfacet
  facet normal 0 0 1
    outer loop
      vertex 65.4743 75.1084 12.5
      vertex 63.6451 75.3492 12.5
      vertex 65.3978 74.7235 12.5
    endloop
  endfacet
  facet normal 0 0 1
    outer loop
      vertex 63.5003 76.0775 12.5
      vertex 65.0981 77 12.5
      vertex 64.8801 77.3263 12.5
    endloop
  endfacet
  facet normal -0 0 1
    outer loop
      vertex 63.6156 75.2011 12.5
      vertex 65.3978 74.7235 12.5
      vertex 63.6451 75.3492 12.5
    endloop
  endfacet
  facet normal 0 0 1
    outer loop
      vertex 63.4163 76.2031 12.5
      vertex 64.8801 77.3263 12.5
      vertex 64.6213 77.6213 12.5
    endloop
  endfacet
  facet normal 0 0 1
    outer loop
      vertex 65.3978 74.7235 12.5
      vertex 63.6156 75.2011 12.5
      vertex 65.2716 74.352 12.5
    endloop
  endfacet
  facet normal 0 0 1
    outer loop
      vertex 63.3167 76.3167 12.5
      vertex 64.6213 77.6213 12.5
      vertex 64.3263 77.8801 12.5
    endloop
  endfacet
  facet normal -0 0 1
    outer loop
      vertex 63.5671 75.058 12.5
      vertex 65.2716 74.352 12.5
      vertex 63.6156 75.2011 12.5
    endloop
  endfacet
  facet normal 0 0 1
    outer loop
      vertex 63.2031 76.4163 12.5
      vertex 64.3263 77.8801 12.5
      vertex 64 78.0981 12.5
    endloop
  endfacet
  facet normal 0 0 1
    outer loop
      vertex 65.2716 74.352 12.5
      vertex 63.5671 75.058 12.5
      vertex 65.0981 74 12.5
    endloop
  endfacet
  facet normal -0 0 1
    outer loop
      vertex 63.5003 74.9225 12.5
      vertex 65.0981 74 12.5
      vertex 63.5671 75.058 12.5
    endloop
  endfacet
  facet normal 0 0 1
    outer loop
      vertex 63.0775 76.5003 12.5
      vertex 64 78.0981 12.5
      vertex 63.648 78.2716 12.5
    endloop
  endfacet
  facet normal 0 0 1
    outer loop
      vertex 65.4743 75.8916 12.5
      vertex 63.6451 75.6508 12.5
      vertex 63.655 75.5 12.5
    endloop
  endfacet
  facet normal 0 0 1
    outer loop
      vertex 65.3978 76.2765 12.5
      vertex 63.6156 75.7989 12.5
      vertex 63.6451 75.6508 12.5
    endloop
  endfacet
  facet normal 0 0 1
    outer loop
      vertex 65.2716 76.648 12.5
      vertex 63.5671 75.942 12.5
      vertex 63.6156 75.7989 12.5
    endloop
  endfacet
  facet normal 0 0 1
    outer loop
      vertex 65.0981 77 12.5
      vertex 63.5003 76.0775 12.5
      vertex 63.5671 75.942 12.5
    endloop
  endfacet
  facet normal 0 0 1
    outer loop
      vertex 64.8801 77.3263 12.5
      vertex 63.4163 76.2031 12.5
      vertex 63.5003 76.0775 12.5
    endloop
  endfacet
  facet normal 0 0 1
    outer loop
      vertex 64.6213 77.6213 12.5
      vertex 63.3167 76.3167 12.5
      vertex 63.4163 76.2031 12.5
    endloop
  endfacet
  facet normal 0 0 1
    outer loop
      vertex 62.942 76.5671 12.5
      vertex 63.648 78.2716 12.5
      vertex 63.2765 78.3978 12.5
    endloop
  endfacet
  facet normal 0 0 1
    outer loop
      vertex 64.3263 77.8801 12.5
      vertex 63.2031 76.4163 12.5
      vertex 63.3167 76.3167 12.5
    endloop
  endfacet
  facet normal 0 0 1
    outer loop
      vertex 64 78.0981 12.5
      vertex 63.0775 76.5003 12.5
      vertex 63.2031 76.4163 12.5
    endloop
  endfacet
  facet normal 0 0 1
    outer loop
      vertex 63.648 78.2716 12.5
      vertex 62.942 76.5671 12.5
      vertex 63.0775 76.5003 12.5
    endloop
  endfacet
  facet normal 0 0 1
    outer loop
      vertex 62.7989 76.6156 12.5
      vertex 63.2765 78.3978 12.5
      vertex 62.8916 78.4743 12.5
    endloop
  endfacet
  facet normal 0 0 1
    outer loop
      vertex 63.2765 78.3978 12.5
      vertex 62.7989 76.6156 12.5
      vertex 62.942 76.5671 12.5
    endloop
  endfacet
  facet normal 0 0 1
    outer loop
      vertex 62.8916 78.4743 12.5
      vertex 62.6508 76.6451 12.5
      vertex 62.7989 76.6156 12.5
    endloop
  endfacet
  facet normal 0 0 1
    outer loop
      vertex 62.5 78.5 12.5
      vertex 62.6508 76.6451 12.5
      vertex 62.8916 78.4743 12.5
    endloop
  endfacet
  facet normal 0 0 1
    outer loop
      vertex 62.5 78.5 12.5
      vertex 62.5 76.655 12.5
      vertex 62.6508 76.6451 12.5
    endloop
  endfacet
  facet normal 0 0 1
    outer loop
      vertex 62.5 78.5 12.5
      vertex 62.3492 76.6451 12.5
      vertex 62.5 76.655 12.5
    endloop
  endfacet
  facet normal -0 0 1
    outer loop
      vertex 62.1084 78.4743 12.5
      vertex 62.3492 76.6451 12.5
      vertex 62.5 78.5 12.5
    endloop
  endfacet
  facet normal 0 0 1
    outer loop
      vertex 62.3492 76.6451 12.5
      vertex 62.1084 78.4743 12.5
      vertex 62.2011 76.6156 12.5
    endloop
  endfacet
  facet normal -0 0 1
    outer loop
      vertex 61.7235 78.3978 12.5
      vertex 62.2011 76.6156 12.5
      vertex 62.1084 78.4743 12.5
    endloop
  endfacet
  facet normal 0 0 1
    outer loop
      vertex 62.2011 76.6156 12.5
      vertex 61.7235 78.3978 12.5
      vertex 62.058 76.5671 12.5
    endloop
  endfacet
  facet normal -0 0 1
    outer loop
      vertex 61.352 78.2716 12.5
      vertex 62.058 76.5671 12.5
      vertex 61.7235 78.3978 12.5
    endloop
  endfacet
  facet normal 0 0 1
    outer loop
      vertex 62.058 76.5671 12.5
      vertex 61.352 78.2716 12.5
      vertex 61.9225 76.5003 12.5
    endloop
  endfacet
  facet normal -0 0 1
    outer loop
      vertex 61 78.0981 12.5
      vertex 61.9225 76.5003 12.5
      vertex 61.352 78.2716 12.5
    endloop
  endfacet
  facet normal 0 0 1
    outer loop
      vertex 61.9225 76.5003 12.5
      vertex 61 78.0981 12.5
      vertex 61.7969 76.4163 12.5
    endloop
  endfacet
  facet normal -0 0 1
    outer loop
      vertex 60.6737 77.8801 12.5
      vertex 61.7969 76.4163 12.5
      vertex 61 78.0981 12.5
    endloop
  endfacet
  facet normal 0 0 1
    outer loop
      vertex 61.7969 76.4163 12.5
      vertex 60.6737 77.8801 12.5
      vertex 61.6833 76.3167 12.5
    endloop
  endfacet
  facet normal -0 0 1
    outer loop
      vertex 60.3787 77.6213 12.5
      vertex 61.6833 76.3167 12.5
      vertex 60.6737 77.8801 12.5
    endloop
  endfacet
  facet normal 0 0 1
    outer loop
      vertex 61.6833 76.3167 12.5
      vertex 60.3787 77.6213 12.5
      vertex 61.5837 76.2031 12.5
    endloop
  endfacet
  facet normal -0 0 1
    outer loop
      vertex 60.1199 77.3263 12.5
      vertex 61.5837 76.2031 12.5
      vertex 60.3787 77.6213 12.5
    endloop
  endfacet
  facet normal 0 0 1
    outer loop
      vertex 61.5837 76.2031 12.5
      vertex 60.1199 77.3263 12.5
      vertex 61.4997 76.0775 12.5
    endloop
  endfacet
  facet normal -0 0 1
    outer loop
      vertex 59.9019 77 12.5
      vertex 61.4997 76.0775 12.5
      vertex 60.1199 77.3263 12.5
    endloop
  endfacet
  facet normal 0 0 1
    outer loop
      vertex 65.0981 74 12.5
      vertex 63.5003 74.9225 12.5
      vertex 64.8801 73.6737 12.5
    endloop
  endfacet
  facet normal -0 0 1
    outer loop
      vertex 63.4163 74.7969 12.5
      vertex 64.8801 73.6737 12.5
      vertex 63.5003 74.9225 12.5
    endloop
  endfacet
  facet normal 0 0 1
    outer loop
      vertex 64.8801 73.6737 12.5
      vertex 63.4163 74.7969 12.5
      vertex 64.6213 73.3787 12.5
    endloop
  endfacet
  facet normal -0 0 1
    outer loop
      vertex 63.3167 74.6833 12.5
      vertex 64.6213 73.3787 12.5
      vertex 63.4163 74.7969 12.5
    endloop
  endfacet
  facet normal 0 0 1
    outer loop
      vertex 64.6213 73.3787 12.5
      vertex 63.3167 74.6833 12.5
      vertex 64.3263 73.1199 12.5
    endloop
  endfacet
  facet normal -0 0 1
    outer loop
      vertex 63.2031 74.5837 12.5
      vertex 64.3263 73.1199 12.5
      vertex 63.3167 74.6833 12.5
    endloop
  endfacet
  facet normal 0 0 1
    outer loop
      vertex 64.3263 73.1199 12.5
      vertex 63.2031 74.5837 12.5
      vertex 64 72.9019 12.5
    endloop
  endfacet
  facet normal -0 0 1
    outer loop
      vertex 63.0775 74.4997 12.5
      vertex 64 72.9019 12.5
      vertex 63.2031 74.5837 12.5
    endloop
  endfacet
  facet normal 0 0 1
    outer loop
      vertex 64 72.9019 12.5
      vertex 63.0775 74.4997 12.5
      vertex 63.648 72.7284 12.5
    endloop
  endfacet
  facet normal -0 0 1
    outer loop
      vertex 62.942 74.4329 12.5
      vertex 63.648 72.7284 12.5
      vertex 63.0775 74.4997 12.5
    endloop
  endfacet
  facet normal 0 0 1
    outer loop
      vertex 63.648 72.7284 12.5
      vertex 62.942 74.4329 12.5
      vertex 63.2765 72.6022 12.5
    endloop
  endfacet
  facet normal -0 0 1
    outer loop
      vertex 62.7989 74.3844 12.5
      vertex 63.2765 72.6022 12.5
      vertex 62.942 74.4329 12.5
    endloop
  endfacet
  facet normal 0 0 1
    outer loop
      vertex 63.2765 72.6022 12.5
      vertex 62.7989 74.3844 12.5
      vertex 62.8916 72.5257 12.5
    endloop
  endfacet
  facet normal -0 0 1
    outer loop
      vertex 62.6508 74.3549 12.5
      vertex 62.8916 72.5257 12.5
      vertex 62.7989 74.3844 12.5
    endloop
  endfacet
  facet normal -0 0 1
    outer loop
      vertex 62.5 74.345 12.5
      vertex 62.8916 72.5257 12.5
      vertex 62.6508 74.3549 12.5
    endloop
  endfacet
  facet normal 0 0 1
    outer loop
      vertex 62.5 74.345 12.5
      vertex 62.5 72.5 12.5
      vertex 62.8916 72.5257 12.5
    endloop
  endfacet
  facet normal 0 0 1
    outer loop
      vertex 62.3492 74.3549 12.5
      vertex 62.5 72.5 12.5
      vertex 62.5 74.345 12.5
    endloop
  endfacet
  facet normal 0 0 1
    outer loop
      vertex 62.1084 72.5257 12.5
      vertex 62.3492 74.3549 12.5
      vertex 62.2011 74.3844 12.5
    endloop
  endfacet
  facet normal 0 0 1
    outer loop
      vertex 62.3492 74.3549 12.5
      vertex 62.1084 72.5257 12.5
      vertex 62.5 72.5 12.5
    endloop
  endfacet
  facet normal 0 0 1
    outer loop
      vertex 61.7235 72.6022 12.5
      vertex 62.2011 74.3844 12.5
      vertex 62.058 74.4329 12.5
    endloop
  endfacet
  facet normal 0 0 1
    outer loop
      vertex 61.352 72.7284 12.5
      vertex 62.058 74.4329 12.5
      vertex 61.9225 74.4997 12.5
    endloop
  endfacet
  facet normal 0 0 1
    outer loop
      vertex 61 72.9019 12.5
      vertex 61.9225 74.4997 12.5
      vertex 61.7969 74.5837 12.5
    endloop
  endfacet
  facet normal 0 0 1
    outer loop
      vertex 62.2011 74.3844 12.5
      vertex 61.7235 72.6022 12.5
      vertex 62.1084 72.5257 12.5
    endloop
  endfacet
  facet normal 0 0 1
    outer loop
      vertex 60.6737 73.1199 12.5
      vertex 61.7969 74.5837 12.5
      vertex 61.6833 74.6833 12.5
    endloop
  endfacet
  facet normal 0 0 1
    outer loop
      vertex 60.3787 73.3787 12.5
      vertex 61.6833 74.6833 12.5
      vertex 61.5837 74.7969 12.5
    endloop
  endfacet
  facet normal 0 0 1
    outer loop
      vertex 60.1199 73.6737 12.5
      vertex 61.5837 74.7969 12.5
      vertex 61.4997 74.9225 12.5
    endloop
  endfacet
  facet normal 0 0 1
    outer loop
      vertex 59.9019 74 12.5
      vertex 61.4997 74.9225 12.5
      vertex 61.4329 75.058 12.5
    endloop
  endfacet
  facet normal 0 0 1
    outer loop
      vertex 59.7284 74.352 12.5
      vertex 61.4329 75.058 12.5
      vertex 61.3844 75.2011 12.5
    endloop
  endfacet
  facet normal 0 0 1
    outer loop
      vertex 59.6022 74.7235 12.5
      vertex 61.3844 75.2011 12.5
      vertex 61.3549 75.3492 12.5
    endloop
  endfacet
  facet normal 0 0 1
    outer loop
      vertex 62.058 74.4329 12.5
      vertex 61.352 72.7284 12.5
      vertex 61.7235 72.6022 12.5
    endloop
  endfacet
  facet normal 0 0 1
    outer loop
      vertex 59.5257 75.1084 12.5
      vertex 61.3549 75.3492 12.5
      vertex 61.345 75.5 12.5
    endloop
  endfacet
  facet normal 0 0 1
    outer loop
      vertex 61.4997 76.0775 12.5
      vertex 59.9019 77 12.5
      vertex 61.4329 75.942 12.5
    endloop
  endfacet
  facet normal 0 0 1
    outer loop
      vertex 61.9225 74.4997 12.5
      vertex 61 72.9019 12.5
      vertex 61.352 72.7284 12.5
    endloop
  endfacet
  facet normal -0 0 1
    outer loop
      vertex 59.7284 76.648 12.5
      vertex 61.4329 75.942 12.5
      vertex 59.9019 77 12.5
    endloop
  endfacet
  facet normal 0 0 1
    outer loop
      vertex 61.7969 74.5837 12.5
      vertex 60.6737 73.1199 12.5
      vertex 61 72.9019 12.5
    endloop
  endfacet
  facet normal 0 0 1
    outer loop
      vertex 61.4329 75.942 12.5
      vertex 59.7284 76.648 12.5
      vertex 61.3844 75.7989 12.5
    endloop
  endfacet
  facet normal 0 0 1
    outer loop
      vertex 61.6833 74.6833 12.5
      vertex 60.3787 73.3787 12.5
      vertex 60.6737 73.1199 12.5
    endloop
  endfacet
  facet normal -0 0 1
    outer loop
      vertex 59.6022 76.2765 12.5
      vertex 61.3844 75.7989 12.5
      vertex 59.7284 76.648 12.5
    endloop
  endfacet
  facet normal 0 0 1
    outer loop
      vertex 61.5837 74.7969 12.5
      vertex 60.1199 73.6737 12.5
      vertex 60.3787 73.3787 12.5
    endloop
  endfacet
  facet normal 0 0 1
    outer loop
      vertex 61.3844 75.7989 12.5
      vertex 59.6022 76.2765 12.5
      vertex 61.3549 75.6508 12.5
    endloop
  endfacet
  facet normal 0 0 1
    outer loop
      vertex 61.4997 74.9225 12.5
      vertex 59.9019 74 12.5
      vertex 60.1199 73.6737 12.5
    endloop
  endfacet
  facet normal -0 0 1
    outer loop
      vertex 59.5257 75.8916 12.5
      vertex 61.3549 75.6508 12.5
      vertex 59.6022 76.2765 12.5
    endloop
  endfacet
  facet normal 0 0 1
    outer loop
      vertex 61.4329 75.058 12.5
      vertex 59.7284 74.352 12.5
      vertex 59.9019 74 12.5
    endloop
  endfacet
  facet normal 0 0 1
    outer loop
      vertex 61.3549 75.6508 12.5
      vertex 59.5257 75.8916 12.5
      vertex 61.345 75.5 12.5
    endloop
  endfacet
  facet normal 0 0 1
    outer loop
      vertex 61.3844 75.2011 12.5
      vertex 59.6022 74.7235 12.5
      vertex 59.7284 74.352 12.5
    endloop
  endfacet
  facet normal 0 0 1
    outer loop
      vertex 59.5 75.5 12.5
      vertex 61.345 75.5 12.5
      vertex 59.5257 75.8916 12.5
    endloop
  endfacet
  facet normal 0 0 1
    outer loop
      vertex 61.3549 75.3492 12.5
      vertex 59.5257 75.1084 12.5
      vertex 59.6022 74.7235 12.5
    endloop
  endfacet
  facet normal 0 0 1
    outer loop
      vertex 61.345 75.5 12.5
      vertex 59.5 75.5 12.5
      vertex 59.5257 75.1084 12.5
    endloop
  endfacet
  facet normal 0.321651 -0.946858 0
    outer loop
      vertex 63.2765 72.6022 8.5
      vertex 63.648 72.7284 12.5
      vertex 63.2765 72.6022 12.5
    endloop
  endfacet
  facet normal 0.321651 -0.946858 0
    outer loop
      vertex 63.648 72.7284 12.5
      vertex 63.2765 72.6022 8.5
      vertex 63.648 72.7284 8.5
    endloop
  endfacet
  facet normal 0.44211 -0.896961 0
    outer loop
      vertex 63.648 72.7284 8.5
      vertex 64 72.9019 12.5
      vertex 63.648 72.7284 12.5
    endloop
  endfacet
  facet normal 0.44211 -0.896961 0
    outer loop
      vertex 64 72.9019 12.5
      vertex 63.648 72.7284 8.5
      vertex 64 72.9019 8.5
    endloop
  endfacet
  facet normal 0.946858 -0.321651 0
    outer loop
      vertex 65.2716 74.352 12.5
      vertex 65.3978 74.7235 8.5
      vertex 65.3978 74.7235 12.5
    endloop
  endfacet
  facet normal 0.946858 -0.321651 0
    outer loop
      vertex 65.3978 74.7235 8.5
      vertex 65.2716 74.352 12.5
      vertex 65.2716 74.352 8.5
    endloop
  endfacet
  facet normal 0.19494 0.980815 -0
    outer loop
      vertex 63.2765 78.3978 8.5
      vertex 62.8916 78.4743 12.5
      vertex 63.2765 78.3978 12.5
    endloop
  endfacet
  facet normal 0.19494 0.980815 0
    outer loop
      vertex 62.8916 78.4743 12.5
      vertex 63.2765 78.3978 8.5
      vertex 62.8916 78.4743 8.5
    endloop
  endfacet
  facet normal -0.44211 -0.896961 0
    outer loop
      vertex 61 72.9019 8.5
      vertex 61.352 72.7284 12.5
      vertex 61 72.9019 12.5
    endloop
  endfacet
  facet normal -0.44211 -0.896961 -0
    outer loop
      vertex 61.352 72.7284 12.5
      vertex 61 72.9019 8.5
      vertex 61.352 72.7284 8.5
    endloop
  endfacet
  facet normal -0.946858 0.321651 0
    outer loop
      vertex 59.6022 76.2765 8.5
      vertex 59.7284 76.648 12.5
      vertex 59.7284 76.648 8.5
    endloop
  endfacet
  facet normal -0.946858 0.321651 0
    outer loop
      vertex 59.7284 76.648 12.5
      vertex 59.6022 76.2765 8.5
      vertex 59.6022 76.2765 12.5
    endloop
  endfacet
  facet normal 0 1 -0
    outer loop
      vertex 67.2 68.5 3.995
      vertex 53.0414 68.5 4
      vertex 67.2 68.5 4
    endloop
  endfacet
  facet normal 0 1 0
    outer loop
      vertex 67.2 68.5 3.995
      vertex 53.0414 68.5 3
      vertex 53.0414 68.5 4
    endloop
  endfacet
  facet normal 0 1 0
    outer loop
      vertex 67.0953 68.5 -0.00499916
      vertex 48.9586 68.5 3
      vertex 53.0414 68.5 3
    endloop
  endfacet
  facet normal 0 1 0
    outer loop
      vertex 48.9586 68.5 3
      vertex 67.0953 68.5 -0.00499916
      vertex 40.0414 68.5 3
    endloop
  endfacet
  facet normal 0 1 0
    outer loop
      vertex 40.0414 68.5 3
      vertex 67.0953 68.5 -0.00499916
      vertex 35.9586 68.5 3
    endloop
  endfacet
  facet normal 0 1 0
    outer loop
      vertex 8.90474 68.5 -0.00499916
      vertex 35.9586 68.5 3
      vertex 67.0953 68.5 -0.00499916
    endloop
  endfacet
  facet normal 0 1 0
    outer loop
      vertex 35.9586 68.5 3
      vertex 8.90474 68.5 -0.00499916
      vertex 27.0414 68.5 3
    endloop
  endfacet
  facet normal 0 1 -0
    outer loop
      vertex 67.0953 68.5 -0.00499916
      vertex 53.0414 68.5 3
      vertex 67.2 68.5 3.995
    endloop
  endfacet
  facet normal 0 1 -0
    outer loop
      vertex 48.9586 68.5 3
      vertex 40.0414 68.5 4
      vertex 48.9586 68.5 4
    endloop
  endfacet
  facet normal 0 1 0
    outer loop
      vertex 40.0414 68.5 4
      vertex 48.9586 68.5 3
      vertex 40.0414 68.5 3
    endloop
  endfacet
  facet normal 0 1 -0
    outer loop
      vertex 35.9586 68.5 3
      vertex 27.0414 68.5 4
      vertex 35.9586 68.5 4
    endloop
  endfacet
  facet normal 0 1 0
    outer loop
      vertex 27.0414 68.5 4
      vertex 35.9586 68.5 3
      vertex 27.0414 68.5 3
    endloop
  endfacet
  facet normal 0 1 0
    outer loop
      vertex 22.9586 68.5 4
      vertex 8.8 68.5 3.995
      vertex 8.8 68.5 4
    endloop
  endfacet
  facet normal 0 1 -0
    outer loop
      vertex 22.9586 68.5 3
      vertex 8.8 68.5 3.995
      vertex 22.9586 68.5 4
    endloop
  endfacet
  facet normal 0 1 0
    outer loop
      vertex 22.9586 68.5 3
      vertex 8.90474 68.5 -0.00499916
      vertex 8.8 68.5 3.995
    endloop
  endfacet
  facet normal 0 1 0
    outer loop
      vertex 27.0414 68.5 3
      vertex 8.90474 68.5 -0.00499916
      vertex 22.9586 68.5 3
    endloop
  endfacet
  facet normal 0 -1 0
    outer loop
      vertex 8.8 24.5 3.995
      vertex 22.9586 24.5 4
      vertex 8.8 24.5 4
    endloop
  endfacet
  facet normal 0 -1 0
    outer loop
      vertex 8.8 24.5 3.995
      vertex 22.9586 24.5 3
      vertex 22.9586 24.5 4
    endloop
  endfacet
  facet normal 0 -1 0
    outer loop
      vertex 8.90474 24.5 -0.00499916
      vertex 27.0414 24.5 3
      vertex 22.9586 24.5 3
    endloop
  endfacet
  facet normal 0 -1 -0
    outer loop
      vertex 27.0414 24.5 3
      vertex 8.90474 24.5 -0.00499916
      vertex 35.9586 24.5 3
    endloop
  endfacet
  facet normal 0 -1 -0
    outer loop
      vertex 35.9586 24.5 3
      vertex 8.90474 24.5 -0.00499916
      vertex 40.0414 24.5 3
    endloop
  endfacet
  facet normal 0 -1 0
    outer loop
      vertex 67.0953 24.5 -0.00499916
      vertex 40.0414 24.5 3
      vertex 8.90474 24.5 -0.00499916
    endloop
  endfacet
  facet normal 0 -1 0
    outer loop
      vertex 40.0414 24.5 3
      vertex 67.0953 24.5 -0.00499916
      vertex 48.9586 24.5 3
    endloop
  endfacet
  facet normal 0 -1 0
    outer loop
      vertex 8.90474 24.5 -0.00499916
      vertex 22.9586 24.5 3
      vertex 8.8 24.5 3.995
    endloop
  endfacet
  facet normal 0 -1 0
    outer loop
      vertex 27.0414 24.5 3
      vertex 35.9586 24.5 4
      vertex 27.0414 24.5 4
    endloop
  endfacet
  facet normal 0 -1 -0
    outer loop
      vertex 35.9586 24.5 4
      vertex 27.0414 24.5 3
      vertex 35.9586 24.5 3
    endloop
  endfacet
  facet normal 0 -1 0
    outer loop
      vertex 40.0414 24.5 3
      vertex 48.9586 24.5 4
      vertex 40.0414 24.5 4
    endloop
  endfacet
  facet normal 0 -1 -0
    outer loop
      vertex 48.9586 24.5 4
      vertex 40.0414 24.5 3
      vertex 48.9586 24.5 3
    endloop
  endfacet
  facet normal 0 -1 0
    outer loop
      vertex 53.0414 24.5 4
      vertex 67.2 24.5 3.995
      vertex 67.2 24.5 4
    endloop
  endfacet
  facet normal 0 -1 0
    outer loop
      vertex 53.0414 24.5 3
      vertex 67.2 24.5 3.995
      vertex 53.0414 24.5 4
    endloop
  endfacet
  facet normal 0 -1 0
    outer loop
      vertex 53.0414 24.5 3
      vertex 67.0953 24.5 -0.00499916
      vertex 67.2 24.5 3.995
    endloop
  endfacet
  facet normal 0 -1 0
    outer loop
      vertex 48.9586 24.5 3
      vertex 67.0953 24.5 -0.00499916
      vertex 53.0414 24.5 3
    endloop
  endfacet
  facet normal 0 0 -1
    outer loop
      vertex 8.90474 24.5 -0.00499916
      vertex 67.0953 68.5 -0.00499916
      vertex 67.0953 24.5 -0.00499916
    endloop
  endfacet
  facet normal -0 0 -1
    outer loop
      vertex 67.0953 68.5 -0.00499916
      vertex 8.90474 24.5 -0.00499916
      vertex 8.90474 68.5 -0.00499916
    endloop
  endfacet
  facet normal 0.999658 0 -0.026166
    outer loop
      vertex 67.2 24.5 3.995
      vertex 67.0953 68.5 -0.00499916
      vertex 67.2 68.5 3.995
    endloop
  endfacet
  facet normal 0.999658 0 -0.026166
    outer loop
      vertex 67.0953 68.5 -0.00499916
      vertex 67.2 24.5 3.995
      vertex 67.0953 24.5 -0.00499916
    endloop
  endfacet
  facet normal 1 -0 0
    outer loop
      vertex 67.2 24.5 4
      vertex 67.2 68.5 3.995
      vertex 67.2 68.5 4
    endloop
  endfacet
  facet normal 1 0 0
    outer loop
      vertex 67.2 68.5 3.995
      vertex 67.2 24.5 4
      vertex 67.2 24.5 3.995
    endloop
  endfacet
  facet normal -1 0 0
    outer loop
      vertex 8.8 24.5 3.995
      vertex 8.8 68.5 4
      vertex 8.8 68.5 3.995
    endloop
  endfacet
  facet normal -1 -0 0
    outer loop
      vertex 8.8 68.5 4
      vertex 8.8 24.5 3.995
      vertex 8.8 24.5 4
    endloop
  endfacet
  facet normal -0.999657 0 -0.026176
    outer loop
      vertex 8.90474 24.5 -0.00499916
      vertex 8.8 68.5 3.995
      vertex 8.90474 68.5 -0.00499916
    endloop
  endfacet
  facet normal -0.999657 -0 -0.026176
    outer loop
      vertex 8.8 68.5 3.995
      vertex 8.90474 24.5 -0.00499916
      vertex 8.8 24.5 3.995
    endloop
  endfacet
  facet normal 0.44211 0.896961 -0
    outer loop
      vertex 74.5 92.5981 4
      vertex 74.148 92.7716 8.5
      vertex 74.5 92.5981 8.5
    endloop
  endfacet
  facet normal 0.44211 0.896961 0
    outer loop
      vertex 74.148 92.7716 8.5
      vertex 74.5 92.5981 4
      vertex 74.148 92.7716 4
    endloop
  endfacet
  facet normal -0.19495 0.980813 0
    outer loop
      vertex 2.60842 92.9743 4
      vertex 2.22354 92.8978 8.5
      vertex 2.60842 92.9743 8.5
    endloop
  endfacet
  facet normal -0.19495 0.980813 0
    outer loop
      vertex 2.22354 92.8978 8.5
      vertex 2.60842 92.9743 4
      vertex 2.22354 92.8978 4
    endloop
  endfacet
  facet normal -0.896898 0.442237 0
    outer loop
      vertex 0.228361 91.148 4
      vertex 0.401923 91.5 8.5
      vertex 0.401923 91.5 4
    endloop
  endfacet
  facet normal -0.896898 0.442237 0
    outer loop
      vertex 0.401923 91.5 8.5
      vertex 0.228361 91.148 4
      vertex 0.228361 91.148 8.5
    endloop
  endfacet
  facet normal -0.980788 0.195079 0
    outer loop
      vertex 0.0256653 90.3916 4
      vertex 0.102222 90.7765 8.5
      vertex 0.102222 90.7765 4
    endloop
  endfacet
  facet normal -0.980788 0.195079 0
    outer loop
      vertex 0.102222 90.7765 8.5
      vertex 0.0256653 90.3916 4
      vertex 0.0256653 90.3916 8.5
    endloop
  endfacet
  facet normal 0 1 -0
    outer loop
      vertex 73 93 4
      vertex 3 93 8.5
      vertex 73 93 8.5
    endloop
  endfacet
  facet normal 0 1 0
    outer loop
      vertex 3 93 8.5
      vertex 73 93 4
      vertex 3 93 4
    endloop
  endfacet
  facet normal -0.997859 0.0653993 0
    outer loop
      vertex 0 90 4
      vertex 0.0256653 90.3916 8.5
      vertex 0.0256653 90.3916 4
    endloop
  endfacet
  facet normal -0.997859 0.0653993 0
    outer loop
      vertex 0.0256653 90.3916 8.5
      vertex 0 90 4
      vertex 0 90 8.5
    endloop
  endfacet
  facet normal 0.659478 0.751724 -0
    outer loop
      vertex 75.1213 92.1213 4
      vertex 74.8263 92.3801 8.5
      vertex 75.1213 92.1213 8.5
    endloop
  endfacet
  facet normal 0.659478 0.751724 0
    outer loop
      vertex 74.8263 92.3801 8.5
      vertex 75.1213 92.1213 4
      vertex 74.8263 92.3801 4
    endloop
  endfacet
  facet normal -0.946905 0.321512 0
    outer loop
      vertex 0.102222 90.7765 4
      vertex 0.228361 91.148 8.5
      vertex 0.228361 91.148 4
    endloop
  endfacet
  facet normal -0.946905 0.321512 0
    outer loop
      vertex 0.228361 91.148 8.5
      vertex 0.102222 90.7765 4
      vertex 0.102222 90.7765 8.5
    endloop
  endfacet
  facet normal 0 -1 0
    outer loop
      vertex 3 0 4
      vertex 73 0 8.5
      vertex 3 0 8.5
    endloop
  endfacet
  facet normal 0 -1 -0
    outer loop
      vertex 73 0 8.5
      vertex 3 0 4
      vertex 73 0 4
    endloop
  endfacet
  facet normal 0.751769 -0.659426 0
    outer loop
      vertex 75.1213 0.878679 8.5
      vertex 75.3801 1.17372 4
      vertex 75.3801 1.17372 8.5
    endloop
  endfacet
  facet normal 0.751769 -0.659426 0
    outer loop
      vertex 75.3801 1.17372 4
      vertex 75.1213 0.878679 8.5
      vertex 75.1213 0.878679 4
    endloop
  endfacet
  facet normal 0.19494 0.980815 -0
    outer loop
      vertex 73.7765 92.8978 4
      vertex 73.3916 92.9743 8.5
      vertex 73.7765 92.8978 8.5
    endloop
  endfacet
  facet normal 0.19494 0.980815 0
    outer loop
      vertex 73.3916 92.9743 8.5
      vertex 73.7765 92.8978 4
      vertex 73.3916 92.9743 4
    endloop
  endfacet
  facet normal 0 0 -1
    outer loop
      vertex 8.8 68.5 4
      vertex 9.6 75.5 4
      vertex 22.9586 68.5 4
    endloop
  endfacet
  facet normal 0 0 -1
    outer loop
      vertex 8.8 68.5 4
      vertex 6.4 75.5 4
      vertex 9.6 75.5 4
    endloop
  endfacet
  facet normal 0 0 -1
    outer loop
      vertex 6.4 75.5 4
      vertex 8.8 68.5 4
      vertex 6.4 17.5 4
    endloop
  endfacet
  facet normal -0 0 -1
    outer loop
      vertex 23.2779 24.3425 4
      vertex 9.6 17.5 4
      vertex 22.9586 24.5 4
    endloop
  endfacet
  facet normal 0 0 -1
    outer loop
      vertex 9.6 17.5 4
      vertex 8.8 24.5 4
      vertex 22.9586 24.5 4
    endloop
  endfacet
  facet normal -0 0 -1
    outer loop
      vertex 8.8 24.5 4
      vertex 6.4 17.5 4
      vertex 8.8 68.5 4
    endloop
  endfacet
  facet normal 0 0 -1
    outer loop
      vertex 6.4 17.5 4
      vertex 8.8 24.5 4
      vertex 9.6 17.5 4
    endloop
  endfacet
  facet normal 0 0 -1
    outer loop
      vertex 69.6 17.5 4
      vertex 67.2 24.5 4
      vertex 69.6 75.5 4
    endloop
  endfacet
  facet normal 0 0 -1
    outer loop
      vertex 66.4 17.5 4
      vertex 67.2 24.5 4
      vertex 69.6 17.5 4
    endloop
  endfacet
  facet normal -0 0 -1
    outer loop
      vertex 67.2 24.5 4
      vertex 66.4 17.5 4
      vertex 53.0414 24.5 4
    endloop
  endfacet
  facet normal 0 0 -1
    outer loop
      vertex 73 0 4
      vertex 76 3 4
      vertex 75.9743 2.60842 4
    endloop
  endfacet
  facet normal 0 0 -1
    outer loop
      vertex 76 3 4
      vertex 69.6 17.5 4
      vertex 76 90 4
    endloop
  endfacet
  facet normal 0 0 -1
    outer loop
      vertex 73 0 4
      vertex 75.9743 2.60842 4
      vertex 75.8978 2.22354 4
    endloop
  endfacet
  facet normal 0 0 -1
    outer loop
      vertex 69.6 75.5 4
      vertex 76 90 4
      vertex 69.6 17.5 4
    endloop
  endfacet
  facet normal 0 0 -1
    outer loop
      vertex 73 0 4
      vertex 75.8978 2.22354 4
      vertex 75.7716 1.85195 4
    endloop
  endfacet
  facet normal 0 0 -1
    outer loop
      vertex 69.6 85.5 4
      vertex 76 90 4
      vertex 69.6 75.5 4
    endloop
  endfacet
  facet normal 0 0 -1
    outer loop
      vertex 73 0 4
      vertex 75.7716 1.85195 4
      vertex 75.5981 1.5 4
    endloop
  endfacet
  facet normal 0 -0 -1
    outer loop
      vertex 73 93 4
      vertex 76 90 4
      vertex 69.6 85.5 4
    endloop
  endfacet
  facet normal 0 0 -1
    outer loop
      vertex 73 0 4
      vertex 75.5981 1.5 4
      vertex 75.3801 1.17372 4
    endloop
  endfacet
  facet normal 0 0 -1
    outer loop
      vertex 76 90 4
      vertex 73 93 4
      vertex 75.9743 90.3916 4
    endloop
  endfacet
  facet normal 0 0 -1
    outer loop
      vertex 73 0 4
      vertex 75.3801 1.17372 4
      vertex 75.1213 0.878679 4
    endloop
  endfacet
  facet normal 0 0 -1
    outer loop
      vertex 75.9743 90.3916 4
      vertex 73 93 4
      vertex 75.8978 90.7765 4
    endloop
  endfacet
  facet normal 0 0 -1
    outer loop
      vertex 73 0 4
      vertex 75.1213 0.878679 4
      vertex 74.8263 0.61994 4
    endloop
  endfacet
  facet normal 0 0 -1
    outer loop
      vertex 75.8978 90.7765 4
      vertex 73 93 4
      vertex 75.7716 91.148 4
    endloop
  endfacet
  facet normal 0 0 -1
    outer loop
      vertex 73 0 4
      vertex 74.8263 0.61994 4
      vertex 74.5 0.401923 4
    endloop
  endfacet
  facet normal 0 0 -1
    outer loop
      vertex 75.7716 91.148 4
      vertex 73 93 4
      vertex 75.5981 91.5 4
    endloop
  endfacet
  facet normal 0 0 -1
    outer loop
      vertex 73 0 4
      vertex 74.5 0.401923 4
      vertex 74.148 0.228361 4
    endloop
  endfacet
  facet normal 0 0 -1
    outer loop
      vertex 75.5981 91.5 4
      vertex 73 93 4
      vertex 75.3801 91.8263 4
    endloop
  endfacet
  facet normal 0 0 -1
    outer loop
      vertex 73 0 4
      vertex 74.148 0.228361 4
      vertex 73.7765 0.102222 4
    endloop
  endfacet
  facet normal 0 0 -1
    outer loop
      vertex 75.3801 91.8263 4
      vertex 73 93 4
      vertex 75.1213 92.1213 4
    endloop
  endfacet
  facet normal 0 0 -1
    outer loop
      vertex 73 0 4
      vertex 73.7765 0.102222 4
      vertex 73.3916 0.0256653 4
    endloop
  endfacet
  facet normal 0 0 -1
    outer loop
      vertex 75.1213 92.1213 4
      vertex 73 93 4
      vertex 74.8263 92.3801 4
    endloop
  endfacet
  facet normal -0 0 -1
    outer loop
      vertex 76 3 4
      vertex 73 0 4
      vertex 69.6 7.5 4
    endloop
  endfacet
  facet normal 0 0 -1
    outer loop
      vertex 74.8263 92.3801 4
      vertex 73 93 4
      vertex 74.5 92.5981 4
    endloop
  endfacet
  facet normal 0 0 -1
    outer loop
      vertex 76 3 4
      vertex 69.6 7.5 4
      vertex 69.6 17.5 4
    endloop
  endfacet
  facet normal 0 0 -1
    outer loop
      vertex 73 0 4
      vertex 66.4 7.5 4
      vertex 69.6 7.5 4
    endloop
  endfacet
  facet normal 0 0 -1
    outer loop
      vertex 52.1647 24.1533 4
      vertex 66.4 17.5 4
      vertex 66.4 7.5 4
    endloop
  endfacet
  facet normal 0 0 -1
    outer loop
      vertex 66.4 17.5 4
      vertex 52.7221 24.3425 4
      vertex 53.0414 24.5 4
    endloop
  endfacet
  facet normal 0 0 -1
    outer loop
      vertex 66.4 17.5 4
      vertex 52.1647 24.1533 4
      vertex 52.7221 24.3425 4
    endloop
  endfacet
  facet normal 0 0 -1
    outer loop
      vertex 66.4 7.5 4
      vertex 51.5874 24.0385 4
      vertex 52.1647 24.1533 4
    endloop
  endfacet
  facet normal 0 0 -1
    outer loop
      vertex 9.6 7.5 4
      vertex 66.4 7.5 4
      vertex 73 0 4
    endloop
  endfacet
  facet normal 0 0 -1
    outer loop
      vertex 66.4 7.5 4
      vertex 51 24 4
      vertex 51.5874 24.0385 4
    endloop
  endfacet
  facet normal 0 0 -1
    outer loop
      vertex 66.4 7.5 4
      vertex 50.4126 24.0385 4
      vertex 51 24 4
    endloop
  endfacet
  facet normal 0 0 -1
    outer loop
      vertex 66.4 7.5 4
      vertex 49.8353 24.1533 4
      vertex 50.4126 24.0385 4
    endloop
  endfacet
  facet normal 0 0 -1
    outer loop
      vertex 66.4 7.5 4
      vertex 39.1647 24.1533 4
      vertex 49.8353 24.1533 4
    endloop
  endfacet
  facet normal 0 0 -1
    outer loop
      vertex 49.8353 24.1533 4
      vertex 39.1647 24.1533 4
      vertex 49.2779 24.3425 4
    endloop
  endfacet
  facet normal 0 -0 -1
    outer loop
      vertex 39.7221 24.3425 4
      vertex 49.2779 24.3425 4
      vertex 39.1647 24.1533 4
    endloop
  endfacet
  facet normal -0 0 -1
    outer loop
      vertex 48.9586 24.5 4
      vertex 39.7221 24.3425 4
      vertex 40.0414 24.5 4
    endloop
  endfacet
  facet normal 0 0 -1
    outer loop
      vertex 49.2779 24.3425 4
      vertex 39.7221 24.3425 4
      vertex 48.9586 24.5 4
    endloop
  endfacet
  facet normal 0 0 -1
    outer loop
      vertex 66.4 7.5 4
      vertex 38.5874 24.0385 4
      vertex 39.1647 24.1533 4
    endloop
  endfacet
  facet normal 0 0 -1
    outer loop
      vertex 66.4 7.5 4
      vertex 38 24 4
      vertex 38.5874 24.0385 4
    endloop
  endfacet
  facet normal 0 0 -1
    outer loop
      vertex 66.4 7.5 4
      vertex 9.6 7.5 4
      vertex 38 24 4
    endloop
  endfacet
  facet normal -0 0 -1
    outer loop
      vertex 38 24 4
      vertex 9.6 7.5 4
      vertex 37.4126 24.0385 4
    endloop
  endfacet
  facet normal -0 0 -1
    outer loop
      vertex 37.4126 24.0385 4
      vertex 9.6 7.5 4
      vertex 36.8353 24.1533 4
    endloop
  endfacet
  facet normal 0 -0 -1
    outer loop
      vertex 26.1647 24.1533 4
      vertex 36.8353 24.1533 4
      vertex 9.6 7.5 4
    endloop
  endfacet
  facet normal 0 0 -1
    outer loop
      vertex 36.8353 24.1533 4
      vertex 26.1647 24.1533 4
      vertex 36.2779 24.3425 4
    endloop
  endfacet
  facet normal -0 0 -1
    outer loop
      vertex 35.9586 24.5 4
      vertex 26.7221 24.3425 4
      vertex 27.0414 24.5 4
    endloop
  endfacet
  facet normal 0 -0 -1
    outer loop
      vertex 26.7221 24.3425 4
      vertex 36.2779 24.3425 4
      vertex 26.1647 24.1533 4
    endloop
  endfacet
  facet normal 0 0 -1
    outer loop
      vertex 36.2779 24.3425 4
      vertex 26.7221 24.3425 4
      vertex 35.9586 24.5 4
    endloop
  endfacet
  facet normal 0 0 -1
    outer loop
      vertex 26.1647 24.1533 4
      vertex 9.6 7.5 4
      vertex 25.5874 24.0385 4
    endloop
  endfacet
  facet normal 0 0 -1
    outer loop
      vertex 25.5874 24.0385 4
      vertex 9.6 7.5 4
      vertex 25 24 4
    endloop
  endfacet
  facet normal -0 0 -1
    outer loop
      vertex 25 24 4
      vertex 9.6 7.5 4
      vertex 24.4126 24.0385 4
    endloop
  endfacet
  facet normal -0 0 -1
    outer loop
      vertex 24.4126 24.0385 4
      vertex 9.6 7.5 4
      vertex 23.8353 24.1533 4
    endloop
  endfacet
  facet normal -0 0 -1
    outer loop
      vertex 23.8353 24.1533 4
      vertex 9.6 17.5 4
      vertex 23.2779 24.3425 4
    endloop
  endfacet
  facet normal 0 0 -1
    outer loop
      vertex 9.6 17.5 4
      vertex 23.8353 24.1533 4
      vertex 9.6 7.5 4
    endloop
  endfacet
  facet normal 0 0 -1
    outer loop
      vertex 3 0 4
      vertex 9.6 7.5 4
      vertex 73 0 4
    endloop
  endfacet
  facet normal 0 0 -1
    outer loop
      vertex 0 3 4
      vertex 6.4 17.5 4
      vertex 6.4 7.5 4
    endloop
  endfacet
  facet normal -0 0 -1
    outer loop
      vertex 6.4 17.5 4
      vertex 0 3 4
      vertex 6.4 75.5 4
    endloop
  endfacet
  facet normal 0 0 -1
    outer loop
      vertex 0 3 4
      vertex 6.4 7.5 4
      vertex 3 0 4
    endloop
  endfacet
  facet normal -0 0 -1
    outer loop
      vertex 9.6 7.5 4
      vertex 3 0 4
      vertex 6.4 7.5 4
    endloop
  endfacet
  facet normal 0 0 -1
    outer loop
      vertex 74.5 92.5981 4
      vertex 73 93 4
      vertex 74.148 92.7716 4
    endloop
  endfacet
  facet normal 0 0 -1
    outer loop
      vertex 74.148 92.7716 4
      vertex 73 93 4
      vertex 73.7765 92.8978 4
    endloop
  endfacet
  facet normal 0 0 -1
    outer loop
      vertex 73.7765 92.8978 4
      vertex 73 93 4
      vertex 73.3916 92.9743 4
    endloop
  endfacet
  facet normal 0 0 -1
    outer loop
      vertex 66.4 85.5 4
      vertex 73 93 4
      vertex 69.6 85.5 4
    endloop
  endfacet
  facet normal 0 0 -1
    outer loop
      vertex 52.1647 68.8467 4
      vertex 66.4 75.5 4
      vertex 52.7221 68.6575 4
    endloop
  endfacet
  facet normal -0 0 -1
    outer loop
      vertex 66.4 75.5 4
      vertex 52.1647 68.8467 4
      vertex 66.4 85.5 4
    endloop
  endfacet
  facet normal 0 0 -1
    outer loop
      vertex 51.5874 68.9615 4
      vertex 66.4 85.5 4
      vertex 52.1647 68.8467 4
    endloop
  endfacet
  facet normal 0 0 -1
    outer loop
      vertex 51 69 4
      vertex 66.4 85.5 4
      vertex 51.5874 68.9615 4
    endloop
  endfacet
  facet normal 0 0 -1
    outer loop
      vertex 50.4126 68.9615 4
      vertex 66.4 85.5 4
      vertex 51 69 4
    endloop
  endfacet
  facet normal 0 0 -1
    outer loop
      vertex 49.8353 68.8467 4
      vertex 66.4 85.5 4
      vertex 50.4126 68.9615 4
    endloop
  endfacet
  facet normal 0 0 -1
    outer loop
      vertex 39.1647 68.8467 4
      vertex 66.4 85.5 4
      vertex 49.8353 68.8467 4
    endloop
  endfacet
  facet normal 0 0 -1
    outer loop
      vertex 39.1647 68.8467 4
      vertex 49.8353 68.8467 4
      vertex 49.2779 68.6575 4
    endloop
  endfacet
  facet normal 0 0 -1
    outer loop
      vertex 39.7221 68.6575 4
      vertex 49.2779 68.6575 4
      vertex 48.9586 68.5 4
    endloop
  endfacet
  facet normal 0 0 -1
    outer loop
      vertex 39.7221 68.6575 4
      vertex 48.9586 68.5 4
      vertex 40.0414 68.5 4
    endloop
  endfacet
  facet normal 0 0 -1
    outer loop
      vertex 49.2779 68.6575 4
      vertex 39.7221 68.6575 4
      vertex 39.1647 68.8467 4
    endloop
  endfacet
  facet normal 0 0 -1
    outer loop
      vertex 38.5874 68.9615 4
      vertex 66.4 85.5 4
      vertex 39.1647 68.8467 4
    endloop
  endfacet
  facet normal 0 0 -1
    outer loop
      vertex 38 69 4
      vertex 66.4 85.5 4
      vertex 38.5874 68.9615 4
    endloop
  endfacet
  facet normal 0 0 -1
    outer loop
      vertex 9.6 85.5 4
      vertex 66.4 85.5 4
      vertex 38 69 4
    endloop
  endfacet
  facet normal 0 0 -1
    outer loop
      vertex 9.6 85.5 4
      vertex 38 69 4
      vertex 37.4126 68.9615 4
    endloop
  endfacet
  facet normal 0 0 -1
    outer loop
      vertex 9.6 85.5 4
      vertex 37.4126 68.9615 4
      vertex 36.8353 68.8467 4
    endloop
  endfacet
  facet normal 0 0 -1
    outer loop
      vertex 26.1647 68.8467 4
      vertex 36.8353 68.8467 4
      vertex 36.2779 68.6575 4
    endloop
  endfacet
  facet normal 0 0 -1
    outer loop
      vertex 26.7221 68.6575 4
      vertex 36.2779 68.6575 4
      vertex 35.9586 68.5 4
    endloop
  endfacet
  facet normal 0 0 -1
    outer loop
      vertex 26.7221 68.6575 4
      vertex 35.9586 68.5 4
      vertex 27.0414 68.5 4
    endloop
  endfacet
  facet normal 0 0 -1
    outer loop
      vertex 36.2779 68.6575 4
      vertex 26.7221 68.6575 4
      vertex 26.1647 68.8467 4
    endloop
  endfacet
  facet normal 0 0 -1
    outer loop
      vertex 36.8353 68.8467 4
      vertex 26.1647 68.8467 4
      vertex 9.6 85.5 4
    endloop
  endfacet
  facet normal 0 0 -1
    outer loop
      vertex 9.6 85.5 4
      vertex 26.1647 68.8467 4
      vertex 25.5874 68.9615 4
    endloop
  endfacet
  facet normal 0 0 -1
    outer loop
      vertex 9.6 85.5 4
      vertex 25.5874 68.9615 4
      vertex 25 69 4
    endloop
  endfacet
  facet normal 0 0 -1
    outer loop
      vertex 9.6 85.5 4
      vertex 25 69 4
      vertex 24.4126 68.9615 4
    endloop
  endfacet
  facet normal 0 0 -1
    outer loop
      vertex 9.6 85.5 4
      vertex 24.4126 68.9615 4
      vertex 23.8353 68.8467 4
    endloop
  endfacet
  facet normal 0 0 -1
    outer loop
      vertex 9.6 75.5 4
      vertex 23.8353 68.8467 4
      vertex 23.2779 68.6575 4
    endloop
  endfacet
  facet normal 0 0 -1
    outer loop
      vertex 9.6 75.5 4
      vertex 23.2779 68.6575 4
      vertex 22.9586 68.5 4
    endloop
  endfacet
  facet normal 0 0 -1
    outer loop
      vertex 23.8353 68.8467 4
      vertex 9.6 75.5 4
      vertex 9.6 85.5 4
    endloop
  endfacet
  facet normal 0 0 -1
    outer loop
      vertex 66.4 85.5 4
      vertex 9.6 85.5 4
      vertex 73 93 4
    endloop
  endfacet
  facet normal 0 0 -1
    outer loop
      vertex 3 93 4
      vertex 9.6 85.5 4
      vertex 6.4 85.5 4
    endloop
  endfacet
  facet normal 0 0 -1
    outer loop
      vertex 9.6 85.5 4
      vertex 3 93 4
      vertex 73 93 4
    endloop
  endfacet
  facet normal 0 0 -1
    outer loop
      vertex 0 90 4
      vertex 6.4 75.5 4
      vertex 0 3 4
    endloop
  endfacet
  facet normal 0 0 -1
    outer loop
      vertex 0 3 4
      vertex 3 0 4
      vertex 2.60842 0.0256653 4
    endloop
  endfacet
  facet normal 0 0 -1
    outer loop
      vertex 6.4 75.5 4
      vertex 0 90 4
      vertex 6.4 85.5 4
    endloop
  endfacet
  facet normal 0 0 -1
    outer loop
      vertex 0 3 4
      vertex 2.60842 0.0256653 4
      vertex 2.22354 0.102222 4
    endloop
  endfacet
  facet normal 0 0 -1
    outer loop
      vertex 6.4 85.5 4
      vertex 0 90 4
      vertex 3 93 4
    endloop
  endfacet
  facet normal 0 0 -1
    outer loop
      vertex 0 3 4
      vertex 2.22354 0.102222 4
      vertex 1.85195 0.228361 4
    endloop
  endfacet
  facet normal 0 0 -1
    outer loop
      vertex 3 93 4
      vertex 0 90 4
      vertex 2.60842 92.9743 4
    endloop
  endfacet
  facet normal 0 0 -1
    outer loop
      vertex 0 3 4
      vertex 1.85195 0.228361 4
      vertex 1.5 0.401923 4
    endloop
  endfacet
  facet normal 0 0 -1
    outer loop
      vertex 2.60842 92.9743 4
      vertex 0 90 4
      vertex 2.22354 92.8978 4
    endloop
  endfacet
  facet normal 0 0 -1
    outer loop
      vertex 0 3 4
      vertex 1.5 0.401923 4
      vertex 1.17372 0.61994 4
    endloop
  endfacet
  facet normal 0 0 -1
    outer loop
      vertex 2.22354 92.8978 4
      vertex 0 90 4
      vertex 1.85195 92.7716 4
    endloop
  endfacet
  facet normal 0 0 -1
    outer loop
      vertex 0 3 4
      vertex 1.17372 0.61994 4
      vertex 0.878679 0.878679 4
    endloop
  endfacet
  facet normal 0 0 -1
    outer loop
      vertex 1.85195 92.7716 4
      vertex 0 90 4
      vertex 1.5 92.5981 4
    endloop
  endfacet
  facet normal 0 0 -1
    outer loop
      vertex 0 3 4
      vertex 0.878679 0.878679 4
      vertex 0.61994 1.17372 4
    endloop
  endfacet
  facet normal 0 0 -1
    outer loop
      vertex 1.5 92.5981 4
      vertex 0 90 4
      vertex 1.17372 92.3801 4
    endloop
  endfacet
  facet normal 0 0 -1
    outer loop
      vertex 0 3 4
      vertex 0.61994 1.17372 4
      vertex 0.401923 1.5 4
    endloop
  endfacet
  facet normal 0 0 -1
    outer loop
      vertex 1.17372 92.3801 4
      vertex 0 90 4
      vertex 0.878679 92.1213 4
    endloop
  endfacet
  facet normal 0 0 -1
    outer loop
      vertex 0 3 4
      vertex 0.401923 1.5 4
      vertex 0.228361 1.85195 4
    endloop
  endfacet
  facet normal 0 0 -1
    outer loop
      vertex 0.878679 92.1213 4
      vertex 0 90 4
      vertex 0.61994 91.8263 4
    endloop
  endfacet
  facet normal 0 0 -1
    outer loop
      vertex 0 3 4
      vertex 0.228361 1.85195 4
      vertex 0.102222 2.22354 4
    endloop
  endfacet
  facet normal 0 0 -1
    outer loop
      vertex 0.61994 91.8263 4
      vertex 0 90 4
      vertex 0.401923 91.5 4
    endloop
  endfacet
  facet normal 0 0 -1
    outer loop
      vertex 0 3 4
      vertex 0.102222 2.22354 4
      vertex 0.0256653 2.60842 4
    endloop
  endfacet
  facet normal 0 0 -1
    outer loop
      vertex 0.401923 91.5 4
      vertex 0 90 4
      vertex 0.228361 91.148 4
    endloop
  endfacet
  facet normal 0 0 -1
    outer loop
      vertex 0.228361 91.148 4
      vertex 0 90 4
      vertex 0.102222 90.7765 4
    endloop
  endfacet
  facet normal 0 0 -1
    outer loop
      vertex 0.102222 90.7765 4
      vertex 0 90 4
      vertex 0.0256653 90.3916 4
    endloop
  endfacet
  facet normal 0 0 -1
    outer loop
      vertex 67.2 68.5 4
      vertex 69.6 75.5 4
      vertex 67.2 24.5 4
    endloop
  endfacet
  facet normal 0 0 -1
    outer loop
      vertex 67.2 68.5 4
      vertex 66.4 75.5 4
      vertex 69.6 75.5 4
    endloop
  endfacet
  facet normal 0 0 -1
    outer loop
      vertex 52.7221 68.6575 4
      vertex 66.4 75.5 4
      vertex 53.0414 68.5 4
    endloop
  endfacet
  facet normal 0 0 -1
    outer loop
      vertex 53.0414 68.5 4
      vertex 66.4 75.5 4
      vertex 67.2 68.5 4
    endloop
  endfacet
  facet normal -0.0654906 0.997853 0
    outer loop
      vertex 3 93 4
      vertex 2.60842 92.9743 8.5
      vertex 3 93 8.5
    endloop
  endfacet
  facet normal -0.0654906 0.997853 0
    outer loop
      vertex 2.60842 92.9743 8.5
      vertex 3 93 4
      vertex 2.60842 92.9743 4
    endloop
  endfacet
  facet normal 0.831501 0.555523 0
    outer loop
      vertex 75.5981 91.5 8.5
      vertex 75.3801 91.8263 4
      vertex 75.3801 91.8263 8.5
    endloop
  endfacet
  facet normal 0.831501 0.555523 0
    outer loop
      vertex 75.3801 91.8263 4
      vertex 75.5981 91.5 8.5
      vertex 75.5981 91.5 4
    endloop
  endfacet
  facet normal -0.555547 0.831485 0
    outer loop
      vertex 1.5 92.5981 4
      vertex 1.17372 92.3801 8.5
      vertex 1.5 92.5981 8.5
    endloop
  endfacet
  facet normal -0.555547 0.831485 0
    outer loop
      vertex 1.17372 92.3801 8.5
      vertex 1.5 92.5981 4
      vertex 1.17372 92.3801 4
    endloop
  endfacet
  facet normal 0.321512 -0.946905 0
    outer loop
      vertex 73.7765 0.102222 4
      vertex 74.148 0.228361 8.5
      vertex 73.7765 0.102222 8.5
    endloop
  endfacet
  facet normal 0.321512 -0.946905 0
    outer loop
      vertex 74.148 0.228361 8.5
      vertex 73.7765 0.102222 4
      vertex 74.148 0.228361 4
    endloop
  endfacet
  facet normal -0.659339 -0.751846 0
    outer loop
      vertex 0.878679 0.878679 4
      vertex 1.17372 0.61994 8.5
      vertex 0.878679 0.878679 8.5
    endloop
  endfacet
  facet normal -0.659339 -0.751846 -0
    outer loop
      vertex 1.17372 0.61994 8.5
      vertex 0.878679 0.878679 4
      vertex 1.17372 0.61994 4
    endloop
  endfacet
  facet normal 0.555553 -0.831481 0
    outer loop
      vertex 74.5 0.401923 4
      vertex 74.8263 0.61994 8.5
      vertex 74.5 0.401923 8.5
    endloop
  endfacet
  facet normal 0.555553 -0.831481 0
    outer loop
      vertex 74.8263 0.61994 8.5
      vertex 74.5 0.401923 4
      vertex 74.8263 0.61994 4
    endloop
  endfacet
  facet normal -0.831465 -0.555577 0
    outer loop
      vertex 0.61994 1.17372 4
      vertex 0.401923 1.5 8.5
      vertex 0.401923 1.5 4
    endloop
  endfacet
  facet normal -0.831465 -0.555577 0
    outer loop
      vertex 0.401923 1.5 8.5
      vertex 0.61994 1.17372 4
      vertex 0.61994 1.17372 8.5
    endloop
  endfacet
  facet normal -0.442288 -0.896873 0
    outer loop
      vertex 1.5 0.401923 4
      vertex 1.85195 0.228361 8.5
      vertex 1.5 0.401923 8.5
    endloop
  endfacet
  facet normal -0.442288 -0.896873 -0
    outer loop
      vertex 1.85195 0.228361 8.5
      vertex 1.5 0.401923 4
      vertex 1.85195 0.228361 4
    endloop
  endfacet
  facet normal -1 0 0
    outer loop
      vertex 0 3 4
      vertex 0 90 8.5
      vertex 0 90 4
    endloop
  endfacet
  facet normal -1 -0 0
    outer loop
      vertex 0 90 8.5
      vertex 0 3 4
      vertex 0 3 8.5
    endloop
  endfacet
  facet normal -0.321582 0.946882 0
    outer loop
      vertex 2.22354 92.8978 4
      vertex 1.85195 92.7716 8.5
      vertex 2.22354 92.8978 8.5
    endloop
  endfacet
  facet normal -0.321582 0.946882 0
    outer loop
      vertex 1.85195 92.7716 8.5
      vertex 2.22354 92.8978 4
      vertex 1.85195 92.7716 4
    endloop
  endfacet
  facet normal 0 0 1
    outer loop
      vertex 11.3787 19.6213 8.5
      vertex 6.4 17.5 8.5
      vertex 11.1199 19.3263 8.5
    endloop
  endfacet
  facet normal 0 0 1
    outer loop
      vertex 11.1199 19.3263 8.5
      vertex 6.4 17.5 8.5
      vertex 9.6 17.5 8.5
    endloop
  endfacet
  facet normal -0 0 1
    outer loop
      vertex 14.648 72.7284 8.5
      vertex 21.1029 66.75 8.5
      vertex 15 72.9019 8.5
    endloop
  endfacet
  facet normal 0 0 1
    outer loop
      vertex 20.6533 29.6647 8.5
      vertex 16.4743 17.8916 8.5
      vertex 16.5 17.5 8.5
    endloop
  endfacet
  facet normal 0 0 1
    outer loop
      vertex 21.1029 66.75 8.5
      vertex 14.648 72.7284 8.5
      vertex 20.8425 66.2221 8.5
    endloop
  endfacet
  facet normal 0 0 1
    outer loop
      vertex 20.6533 29.6647 8.5
      vertex 16.3978 18.2765 8.5
      vertex 16.4743 17.8916 8.5
    endloop
  endfacet
  facet normal -0 0 1
    outer loop
      vertex 14.2765 72.6022 8.5
      vertex 20.8425 66.2221 8.5
      vertex 14.648 72.7284 8.5
    endloop
  endfacet
  facet normal 0 0 1
    outer loop
      vertex 20.6533 29.6647 8.5
      vertex 16.2716 18.648 8.5
      vertex 16.3978 18.2765 8.5
    endloop
  endfacet
  facet normal 0 0 1
    outer loop
      vertex 20.8425 66.2221 8.5
      vertex 14.2765 72.6022 8.5
      vertex 20.6533 65.6647 8.5
    endloop
  endfacet
  facet normal 0 0 1
    outer loop
      vertex 20.6533 29.6647 8.5
      vertex 16.0981 19 8.5
      vertex 16.2716 18.648 8.5
    endloop
  endfacet
  facet normal -0 0 1
    outer loop
      vertex 13.8916 72.5257 8.5
      vertex 20.6533 65.6647 8.5
      vertex 14.2765 72.6022 8.5
    endloop
  endfacet
  facet normal 0 0 1
    outer loop
      vertex 20.6533 29.6647 8.5
      vertex 15.8801 19.3263 8.5
      vertex 16.0981 19 8.5
    endloop
  endfacet
  facet normal 0 0 1
    outer loop
      vertex 20.6533 65.6647 8.5
      vertex 13.8916 72.5257 8.5
      vertex 20.5385 65.0874 8.5
    endloop
  endfacet
  facet normal 0 0 1
    outer loop
      vertex 20.6533 29.6647 8.5
      vertex 15.6213 19.6213 8.5
      vertex 15.8801 19.3263 8.5
    endloop
  endfacet
  facet normal -0 0 1
    outer loop
      vertex 13.5 72.5 8.5
      vertex 20.5385 65.0874 8.5
      vertex 13.8916 72.5257 8.5
    endloop
  endfacet
  facet normal 0 0 1
    outer loop
      vertex 20.6533 29.6647 8.5
      vertex 15.3263 19.8801 8.5
      vertex 15.6213 19.6213 8.5
    endloop
  endfacet
  facet normal 0 0 1
    outer loop
      vertex 20.5385 65.0874 8.5
      vertex 13.5 72.5 8.5
      vertex 20.5 64.5 8.5
    endloop
  endfacet
  facet normal 0 0 1
    outer loop
      vertex 20.6533 29.6647 8.5
      vertex 15 20.0981 8.5
      vertex 15.3263 19.8801 8.5
    endloop
  endfacet
  facet normal 0 0 1
    outer loop
      vertex 13.1084 72.5257 8.5
      vertex 20.5 64.5 8.5
      vertex 13.5 72.5 8.5
    endloop
  endfacet
  facet normal 0 0 1
    outer loop
      vertex 20.6533 29.6647 8.5
      vertex 14.648 20.2716 8.5
      vertex 15 20.0981 8.5
    endloop
  endfacet
  facet normal 0 0 1
    outer loop
      vertex 20.5 64.5 8.5
      vertex 13.1084 72.5257 8.5
      vertex 20.5385 63.9126 8.5
    endloop
  endfacet
  facet normal 0 0 1
    outer loop
      vertex 20.6533 29.6647 8.5
      vertex 14.2765 20.3978 8.5
      vertex 14.648 20.2716 8.5
    endloop
  endfacet
  facet normal 0 0 1
    outer loop
      vertex 12.7235 72.6022 8.5
      vertex 20.5385 63.9126 8.5
      vertex 13.1084 72.5257 8.5
    endloop
  endfacet
  facet normal 0 0 1
    outer loop
      vertex 20.6533 29.6647 8.5
      vertex 13.8916 20.4743 8.5
      vertex 14.2765 20.3978 8.5
    endloop
  endfacet
  facet normal 0 0 1
    outer loop
      vertex 20.5385 63.9126 8.5
      vertex 12.7235 72.6022 8.5
      vertex 20.6533 63.3353 8.5
    endloop
  endfacet
  facet normal 0 0 1
    outer loop
      vertex 20.6533 29.6647 8.5
      vertex 13.5 20.5 8.5
      vertex 13.8916 20.4743 8.5
    endloop
  endfacet
  facet normal 0 0 1
    outer loop
      vertex 12.3519 72.7284 8.5
      vertex 20.6533 63.3353 8.5
      vertex 12.7235 72.6022 8.5
    endloop
  endfacet
  facet normal 0 0 1
    outer loop
      vertex 20.6533 29.6647 8.5
      vertex 13.1084 20.4743 8.5
      vertex 13.5 20.5 8.5
    endloop
  endfacet
  facet normal 0 0 1
    outer loop
      vertex 12 72.9019 8.5
      vertex 20.6533 63.3353 8.5
      vertex 12.3519 72.7284 8.5
    endloop
  endfacet
  facet normal 0 0 1
    outer loop
      vertex 20.6533 29.6647 8.5
      vertex 12.7235 20.3978 8.5
      vertex 13.1084 20.4743 8.5
    endloop
  endfacet
  facet normal 0 0 1
    outer loop
      vertex 6.4 75.5 8.5
      vertex 12 72.9019 8.5
      vertex 11.6737 73.1199 8.5
    endloop
  endfacet
  facet normal 0 0 1
    outer loop
      vertex 20.6533 29.6647 8.5
      vertex 12.3519 20.2716 8.5
      vertex 12.7235 20.3978 8.5
    endloop
  endfacet
  facet normal 0 0 1
    outer loop
      vertex 12 72.9019 8.5
      vertex 6.4 75.5 8.5
      vertex 20.6533 63.3353 8.5
    endloop
  endfacet
  facet normal 0 0 1
    outer loop
      vertex 20.6533 29.6647 8.5
      vertex 12 20.0981 8.5
      vertex 12.3519 20.2716 8.5
    endloop
  endfacet
  facet normal 0 0 1
    outer loop
      vertex 6.4 17.5 8.5
      vertex 20.8425 30.2221 8.5
      vertex 21.1029 30.75 8.5
    endloop
  endfacet
  facet normal 0 0 1
    outer loop
      vertex 20.8425 30.2221 8.5
      vertex 12 20.0981 8.5
      vertex 20.6533 29.6647 8.5
    endloop
  endfacet
  facet normal 0 0 1
    outer loop
      vertex 6.4 75.5 8.5
      vertex 11.6737 73.1199 8.5
      vertex 11.3787 73.3787 8.5
    endloop
  endfacet
  facet normal 0 0 1
    outer loop
      vertex 6.4 17.5 8.5
      vertex 12 20.0981 8.5
      vertex 20.8425 30.2221 8.5
    endloop
  endfacet
  facet normal 0 0 1
    outer loop
      vertex 6.4 75.5 8.5
      vertex 11.3787 73.3787 8.5
      vertex 11.1199 73.6737 8.5
    endloop
  endfacet
  facet normal 0 0 1
    outer loop
      vertex 12 20.0981 8.5
      vertex 6.4 17.5 8.5
      vertex 11.6737 19.8801 8.5
    endloop
  endfacet
  facet normal -0 0 1
    outer loop
      vertex 6.4 75.5 8.5
      vertex 10.9019 74 8.5
      vertex 9.6 75.5 8.5
    endloop
  endfacet
  facet normal 0 0 1
    outer loop
      vertex 10.9019 74 8.5
      vertex 6.4 75.5 8.5
      vertex 11.1199 73.6737 8.5
    endloop
  endfacet
  facet normal 0 0 1
    outer loop
      vertex 9.6 75.5 8.5
      vertex 10.9019 74 8.5
      vertex 10.7284 74.352 8.5
    endloop
  endfacet
  facet normal 0 0 1
    outer loop
      vertex 11.6737 19.8801 8.5
      vertex 6.4 17.5 8.5
      vertex 11.3787 19.6213 8.5
    endloop
  endfacet
  facet normal 0 0 1
    outer loop
      vertex 9.6 75.5 8.5
      vertex 10.7284 74.352 8.5
      vertex 10.6022 74.7235 8.5
    endloop
  endfacet
  facet normal 0 0 1
    outer loop
      vertex 11.1199 19.3263 8.5
      vertex 9.6 17.5 8.5
      vertex 10.9019 19 8.5
    endloop
  endfacet
  facet normal 0 0 1
    outer loop
      vertex 9.6 75.5 8.5
      vertex 10.6022 74.7235 8.5
      vertex 10.5257 75.1084 8.5
    endloop
  endfacet
  facet normal 0 0 1
    outer loop
      vertex 10.9019 19 8.5
      vertex 9.6 17.5 8.5
      vertex 10.7284 18.648 8.5
    endloop
  endfacet
  facet normal -0 0 1
    outer loop
      vertex 9.6 75.5 8.5
      vertex 10.5257 75.1084 8.5
      vertex 10.5 75.5 8.5
    endloop
  endfacet
  facet normal 0 0 1
    outer loop
      vertex 10.7284 18.648 8.5
      vertex 9.6 17.5 8.5
      vertex 10.6022 18.2765 8.5
    endloop
  endfacet
  facet normal 0 0 1
    outer loop
      vertex 34.818 61.318 8.5
      vertex 28.182 61.318 8.5
      vertex 35.2606 60.9299 8.5
    endloop
  endfacet
  facet normal 0 0 1
    outer loop
      vertex 34.818 31.682 8.5
      vertex 29.4615 29.0874 8.5
      vertex 29.5 28.5 8.5
    endloop
  endfacet
  facet normal 0 0 1
    outer loop
      vertex 27.7394 60.9299 8.5
      vertex 35.2606 60.9299 8.5
      vertex 28.182 61.318 8.5
    endloop
  endfacet
  facet normal 0 0 1
    outer loop
      vertex 34.818 31.682 8.5
      vertex 29.3467 29.6647 8.5
      vertex 29.4615 29.0874 8.5
    endloop
  endfacet
  facet normal 0 0 1
    outer loop
      vertex 35.2606 60.9299 8.5
      vertex 27.7394 60.9299 8.5
      vertex 35.75 60.6029 8.5
    endloop
  endfacet
  facet normal 0 0 1
    outer loop
      vertex 34.818 31.682 8.5
      vertex 29.1575 30.2221 8.5
      vertex 29.3467 29.6647 8.5
    endloop
  endfacet
  facet normal 0 0 1
    outer loop
      vertex 27.25 60.6029 8.5
      vertex 35.75 60.6029 8.5
      vertex 27.7394 60.9299 8.5
    endloop
  endfacet
  facet normal 0 0 1
    outer loop
      vertex 34.818 31.682 8.5
      vertex 28.8971 30.75 8.5
      vertex 29.1575 30.2221 8.5
    endloop
  endfacet
  facet normal 0 0 1
    outer loop
      vertex 26.7221 60.3425 8.5
      vertex 35.75 60.6029 8.5
      vertex 27.25 60.6029 8.5
    endloop
  endfacet
  facet normal 0 0 1
    outer loop
      vertex 34.818 31.682 8.5
      vertex 28.5701 31.2394 8.5
      vertex 28.8971 30.75 8.5
    endloop
  endfacet
  facet normal 0 0 1
    outer loop
      vertex 35.75 60.6029 8.5
      vertex 26.7221 60.3425 8.5
      vertex 35.75 32.3971 8.5
    endloop
  endfacet
  facet normal 0 0 1
    outer loop
      vertex 34.818 31.682 8.5
      vertex 28.182 31.682 8.5
      vertex 28.5701 31.2394 8.5
    endloop
  endfacet
  facet normal -0 0 1
    outer loop
      vertex 26.7221 32.6575 8.5
      vertex 35.75 32.3971 8.5
      vertex 26.7221 60.3425 8.5
    endloop
  endfacet
  facet normal 0 0 1
    outer loop
      vertex 34.818 31.682 8.5
      vertex 27.7394 32.0701 8.5
      vertex 28.182 31.682 8.5
    endloop
  endfacet
  facet normal 0 -0 1
    outer loop
      vertex 27.25 32.3971 8.5
      vertex 35.75 32.3971 8.5
      vertex 26.7221 32.6575 8.5
    endloop
  endfacet
  facet normal 0 0 1
    outer loop
      vertex 35.2606 32.0701 8.5
      vertex 27.7394 32.0701 8.5
      vertex 34.818 31.682 8.5
    endloop
  endfacet
  facet normal 0 0 1
    outer loop
      vertex 35.75 32.3971 8.5
      vertex 27.25 32.3971 8.5
      vertex 35.2606 32.0701 8.5
    endloop
  endfacet
  facet normal 0 -0 1
    outer loop
      vertex 27.7394 32.0701 8.5
      vertex 35.2606 32.0701 8.5
      vertex 27.25 32.3971 8.5
    endloop
  endfacet
  facet normal -0 0 1
    outer loop
      vertex 26.1647 60.1533 8.5
      vertex 26.7221 32.6575 8.5
      vertex 26.7221 60.3425 8.5
    endloop
  endfacet
  facet normal 0 0 1
    outer loop
      vertex 26.1647 60.1533 8.5
      vertex 26.1647 32.8467 8.5
      vertex 26.7221 32.6575 8.5
    endloop
  endfacet
  facet normal -0 0 1
    outer loop
      vertex 25.5874 60.0385 8.5
      vertex 26.1647 32.8467 8.5
      vertex 26.1647 60.1533 8.5
    endloop
  endfacet
  facet normal 0 0 1
    outer loop
      vertex 25.5874 60.0385 8.5
      vertex 25.5874 32.9615 8.5
      vertex 26.1647 32.8467 8.5
    endloop
  endfacet
  facet normal -0 0 1
    outer loop
      vertex 25 60 8.5
      vertex 25.5874 32.9615 8.5
      vertex 25.5874 60.0385 8.5
    endloop
  endfacet
  facet normal 0 0 1
    outer loop
      vertex 25 60 8.5
      vertex 25 33 8.5
      vertex 25.5874 32.9615 8.5
    endloop
  endfacet
  facet normal 0 0 1
    outer loop
      vertex 24.4126 60.0385 8.5
      vertex 25 33 8.5
      vertex 25 60 8.5
    endloop
  endfacet
  facet normal 0 0 1
    outer loop
      vertex 24.4126 60.0385 8.5
      vertex 24.4126 32.9615 8.5
      vertex 25 33 8.5
    endloop
  endfacet
  facet normal 0 0 1
    outer loop
      vertex 23.8353 60.1533 8.5
      vertex 24.4126 32.9615 8.5
      vertex 24.4126 60.0385 8.5
    endloop
  endfacet
  facet normal 0 0 1
    outer loop
      vertex 23.8353 60.1533 8.5
      vertex 23.8353 32.8467 8.5
      vertex 24.4126 32.9615 8.5
    endloop
  endfacet
  facet normal 0 0 1
    outer loop
      vertex 23.2779 60.3425 8.5
      vertex 23.8353 32.8467 8.5
      vertex 23.8353 60.1533 8.5
    endloop
  endfacet
  facet normal 0 0 1
    outer loop
      vertex 23.2779 60.3425 8.5
      vertex 23.2779 32.6575 8.5
      vertex 23.8353 32.8467 8.5
    endloop
  endfacet
  facet normal 0 0 1
    outer loop
      vertex 22.75 60.6029 8.5
      vertex 23.2779 32.6575 8.5
      vertex 23.2779 60.3425 8.5
    endloop
  endfacet
  facet normal 0 0 1
    outer loop
      vertex 22.75 60.6029 8.5
      vertex 22.75 32.3971 8.5
      vertex 23.2779 32.6575 8.5
    endloop
  endfacet
  facet normal 0 0 1
    outer loop
      vertex 22.2606 60.9299 8.5
      vertex 22.75 32.3971 8.5
      vertex 22.75 60.6029 8.5
    endloop
  endfacet
  facet normal 0 0 1
    outer loop
      vertex 22.2606 60.9299 8.5
      vertex 22.2606 32.0701 8.5
      vertex 22.75 32.3971 8.5
    endloop
  endfacet
  facet normal 0 0 1
    outer loop
      vertex 21.818 61.318 8.5
      vertex 22.2606 32.0701 8.5
      vertex 22.2606 60.9299 8.5
    endloop
  endfacet
  facet normal 0 0 1
    outer loop
      vertex 21.818 61.318 8.5
      vertex 21.818 31.682 8.5
      vertex 22.2606 32.0701 8.5
    endloop
  endfacet
  facet normal 0 0 1
    outer loop
      vertex 21.4299 61.7606 8.5
      vertex 21.818 31.682 8.5
      vertex 21.818 61.318 8.5
    endloop
  endfacet
  facet normal 0 0 1
    outer loop
      vertex 21.4299 61.7606 8.5
      vertex 21.4299 31.2394 8.5
      vertex 21.818 31.682 8.5
    endloop
  endfacet
  facet normal 0 0 1
    outer loop
      vertex 21.1029 62.25 8.5
      vertex 21.4299 31.2394 8.5
      vertex 21.4299 61.7606 8.5
    endloop
  endfacet
  facet normal 0 0 1
    outer loop
      vertex 21.1029 62.25 8.5
      vertex 21.1029 30.75 8.5
      vertex 21.4299 31.2394 8.5
    endloop
  endfacet
  facet normal 0 0 1
    outer loop
      vertex 6.4 75.5 8.5
      vertex 21.1029 62.25 8.5
      vertex 20.8425 62.7779 8.5
    endloop
  endfacet
  facet normal 0 0 1
    outer loop
      vertex 21.1029 62.25 8.5
      vertex 6.4 75.5 8.5
      vertex 21.1029 30.75 8.5
    endloop
  endfacet
  facet normal 0 0 1
    outer loop
      vertex 6.4 75.5 8.5
      vertex 20.8425 62.7779 8.5
      vertex 20.6533 63.3353 8.5
    endloop
  endfacet
  facet normal 0 0 1
    outer loop
      vertex 6.4 17.5 8.5
      vertex 21.1029 30.75 8.5
      vertex 6.4 75.5 8.5
    endloop
  endfacet
  facet normal -0 0 1
    outer loop
      vertex 15.3263 73.1199 8.5
      vertex 21.4299 67.2394 8.5
      vertex 15.6213 73.3787 8.5
    endloop
  endfacet
  facet normal 0 0 1
    outer loop
      vertex 21.4299 67.2394 8.5
      vertex 15.3263 73.1199 8.5
      vertex 21.1029 66.75 8.5
    endloop
  endfacet
  facet normal 0 0 1
    outer loop
      vertex 21.818 67.682 8.5
      vertex 15.6213 73.3787 8.5
      vertex 21.4299 67.2394 8.5
    endloop
  endfacet
  facet normal -0 0 1
    outer loop
      vertex 15 72.9019 8.5
      vertex 21.1029 66.75 8.5
      vertex 15.3263 73.1199 8.5
    endloop
  endfacet
  facet normal 0 0 1
    outer loop
      vertex 47.818 61.318 8.5
      vertex 41.182 61.318 8.5
      vertex 48.2606 60.9299 8.5
    endloop
  endfacet
  facet normal 0 0 1
    outer loop
      vertex 47.818 31.682 8.5
      vertex 42.4615 29.0874 8.5
      vertex 42.5 28.5 8.5
    endloop
  endfacet
  facet normal 0 0 1
    outer loop
      vertex 40.7394 60.9299 8.5
      vertex 48.2606 60.9299 8.5
      vertex 41.182 61.318 8.5
    endloop
  endfacet
  facet normal 0 0 1
    outer loop
      vertex 47.818 31.682 8.5
      vertex 42.3467 29.6647 8.5
      vertex 42.4615 29.0874 8.5
    endloop
  endfacet
  facet normal 0 0 1
    outer loop
      vertex 48.2606 60.9299 8.5
      vertex 40.7394 60.9299 8.5
      vertex 48.75 60.6029 8.5
    endloop
  endfacet
  facet normal 0 0 1
    outer loop
      vertex 47.818 31.682 8.5
      vertex 42.1575 30.2221 8.5
      vertex 42.3467 29.6647 8.5
    endloop
  endfacet
  facet normal 0 0 1
    outer loop
      vertex 40.25 60.6029 8.5
      vertex 48.75 60.6029 8.5
      vertex 40.7394 60.9299 8.5
    endloop
  endfacet
  facet normal 0 0 1
    outer loop
      vertex 47.818 31.682 8.5
      vertex 41.8971 30.75 8.5
      vertex 42.1575 30.2221 8.5
    endloop
  endfacet
  facet normal 0 0 1
    outer loop
      vertex 39.7221 60.3425 8.5
      vertex 48.75 60.6029 8.5
      vertex 40.25 60.6029 8.5
    endloop
  endfacet
  facet normal 0 0 1
    outer loop
      vertex 47.818 31.682 8.5
      vertex 41.5701 31.2394 8.5
      vertex 41.8971 30.75 8.5
    endloop
  endfacet
  facet normal 0 0 1
    outer loop
      vertex 48.75 60.6029 8.5
      vertex 39.7221 60.3425 8.5
      vertex 48.75 32.3971 8.5
    endloop
  endfacet
  facet normal 0 0 1
    outer loop
      vertex 47.818 31.682 8.5
      vertex 41.182 31.682 8.5
      vertex 41.5701 31.2394 8.5
    endloop
  endfacet
  facet normal -0 0 1
    outer loop
      vertex 39.7221 32.6575 8.5
      vertex 48.75 32.3971 8.5
      vertex 39.7221 60.3425 8.5
    endloop
  endfacet
  facet normal 0 0 1
    outer loop
      vertex 47.818 31.682 8.5
      vertex 40.7394 32.0701 8.5
      vertex 41.182 31.682 8.5
    endloop
  endfacet
  facet normal 0 -0 1
    outer loop
      vertex 40.25 32.3971 8.5
      vertex 48.75 32.3971 8.5
      vertex 39.7221 32.6575 8.5
    endloop
  endfacet
  facet normal 0 0 1
    outer loop
      vertex 48.2606 32.0701 8.5
      vertex 40.7394 32.0701 8.5
      vertex 47.818 31.682 8.5
    endloop
  endfacet
  facet normal 0 0 1
    outer loop
      vertex 48.75 32.3971 8.5
      vertex 40.25 32.3971 8.5
      vertex 48.2606 32.0701 8.5
    endloop
  endfacet
  facet normal 0 -0 1
    outer loop
      vertex 40.7394 32.0701 8.5
      vertex 48.2606 32.0701 8.5
      vertex 40.25 32.3971 8.5
    endloop
  endfacet
  facet normal -0 0 1
    outer loop
      vertex 39.1647 60.1533 8.5
      vertex 39.7221 32.6575 8.5
      vertex 39.7221 60.3425 8.5
    endloop
  endfacet
  facet normal 0 0 1
    outer loop
      vertex 39.1647 60.1533 8.5
      vertex 39.1647 32.8467 8.5
      vertex 39.7221 32.6575 8.5
    endloop
  endfacet
  facet normal -0 0 1
    outer loop
      vertex 38.5874 60.0385 8.5
      vertex 39.1647 32.8467 8.5
      vertex 39.1647 60.1533 8.5
    endloop
  endfacet
  facet normal 0 0 1
    outer loop
      vertex 38.5874 60.0385 8.5
      vertex 38.5874 32.9615 8.5
      vertex 39.1647 32.8467 8.5
    endloop
  endfacet
  facet normal -0 0 1
    outer loop
      vertex 38 60 8.5
      vertex 38.5874 32.9615 8.5
      vertex 38.5874 60.0385 8.5
    endloop
  endfacet
  facet normal 0 0 1
    outer loop
      vertex 38 60 8.5
      vertex 38 33 8.5
      vertex 38.5874 32.9615 8.5
    endloop
  endfacet
  facet normal 0 0 1
    outer loop
      vertex 37.4126 60.0385 8.5
      vertex 38 33 8.5
      vertex 38 60 8.5
    endloop
  endfacet
  facet normal 0 0 1
    outer loop
      vertex 37.4126 60.0385 8.5
      vertex 37.4126 32.9615 8.5
      vertex 38 33 8.5
    endloop
  endfacet
  facet normal 0 0 1
    outer loop
      vertex 36.8353 60.1533 8.5
      vertex 37.4126 32.9615 8.5
      vertex 37.4126 60.0385 8.5
    endloop
  endfacet
  facet normal 0 0 1
    outer loop
      vertex 36.8353 60.1533 8.5
      vertex 36.8353 32.8467 8.5
      vertex 37.4126 32.9615 8.5
    endloop
  endfacet
  facet normal 0 0 1
    outer loop
      vertex 36.2779 60.3425 8.5
      vertex 36.8353 32.8467 8.5
      vertex 36.8353 60.1533 8.5
    endloop
  endfacet
  facet normal 0 0 1
    outer loop
      vertex 36.2779 60.3425 8.5
      vertex 36.2779 32.6575 8.5
      vertex 36.8353 32.8467 8.5
    endloop
  endfacet
  facet normal 0 0 1
    outer loop
      vertex 35.75 60.6029 8.5
      vertex 36.2779 32.6575 8.5
      vertex 36.2779 60.3425 8.5
    endloop
  endfacet
  facet normal 0 0 1
    outer loop
      vertex 35.75 60.6029 8.5
      vertex 35.75 32.3971 8.5
      vertex 36.2779 32.6575 8.5
    endloop
  endfacet
  facet normal 0 0 1
    outer loop
      vertex 34.4299 61.7606 8.5
      vertex 28.5701 61.7606 8.5
      vertex 34.818 61.318 8.5
    endloop
  endfacet
  facet normal 0 0 1
    outer loop
      vertex 28.182 61.318 8.5
      vertex 34.818 61.318 8.5
      vertex 28.5701 61.7606 8.5
    endloop
  endfacet
  facet normal 0 0 1
    outer loop
      vertex 28.8971 62.25 8.5
      vertex 34.1029 62.25 8.5
      vertex 29.1575 62.7779 8.5
    endloop
  endfacet
  facet normal 0 0 1
    outer loop
      vertex 34.1029 62.25 8.5
      vertex 28.8971 62.25 8.5
      vertex 34.4299 61.7606 8.5
    endloop
  endfacet
  facet normal 0 0 1
    outer loop
      vertex 29.1575 62.7779 8.5
      vertex 33.8425 62.7779 8.5
      vertex 29.3467 63.3353 8.5
    endloop
  endfacet
  facet normal 0 0 1
    outer loop
      vertex 33.8425 62.7779 8.5
      vertex 29.1575 62.7779 8.5
      vertex 34.1029 62.25 8.5
    endloop
  endfacet
  facet normal 0 0 1
    outer loop
      vertex 33.6533 63.3353 8.5
      vertex 29.3467 63.3353 8.5
      vertex 33.8425 62.7779 8.5
    endloop
  endfacet
  facet normal 0 0 1
    outer loop
      vertex 28.5701 61.7606 8.5
      vertex 34.4299 61.7606 8.5
      vertex 28.8971 62.25 8.5
    endloop
  endfacet
  facet normal 0 0 1
    outer loop
      vertex 29.3467 63.3353 8.5
      vertex 33.6533 63.3353 8.5
      vertex 29.4615 63.9126 8.5
    endloop
  endfacet
  facet normal 0 0 1
    outer loop
      vertex 34.818 31.682 8.5
      vertex 29.5 28.5 8.5
      vertex 34.4299 31.2394 8.5
    endloop
  endfacet
  facet normal 0 0 1
    outer loop
      vertex 33.5385 63.9126 8.5
      vertex 29.4615 63.9126 8.5
      vertex 33.6533 63.3353 8.5
    endloop
  endfacet
  facet normal 0 0 1
    outer loop
      vertex 34.4299 31.2394 8.5
      vertex 29.5 28.5 8.5
      vertex 34.1029 30.75 8.5
    endloop
  endfacet
  facet normal 0 0 1
    outer loop
      vertex 29.4615 63.9126 8.5
      vertex 33.5385 63.9126 8.5
      vertex 29.5 64.5 8.5
    endloop
  endfacet
  facet normal 0 0 1
    outer loop
      vertex 34.1029 30.75 8.5
      vertex 29.5 28.5 8.5
      vertex 33.8425 30.2221 8.5
    endloop
  endfacet
  facet normal -0 0 1
    outer loop
      vertex 29.5 64.5 8.5
      vertex 33.5385 63.9126 8.5
      vertex 33.5 64.5 8.5
    endloop
  endfacet
  facet normal 0 0 1
    outer loop
      vertex 33.8425 30.2221 8.5
      vertex 29.5 28.5 8.5
      vertex 33.6533 29.6647 8.5
    endloop
  endfacet
  facet normal -0 0 1
    outer loop
      vertex 64 72.9019 8.5
      vertex 55.1575 62.7779 8.5
      vertex 69.6 75.5 8.5
    endloop
  endfacet
  facet normal 0 0 1
    outer loop
      vertex 69.6 17.5 8.5
      vertex 55.4615 29.0874 8.5
      vertex 55.5 28.5 8.5
    endloop
  endfacet
  facet normal 0 0 1
    outer loop
      vertex 54.8971 62.25 8.5
      vertex 69.6 75.5 8.5
      vertex 55.1575 62.7779 8.5
    endloop
  endfacet
  facet normal 0 0 1
    outer loop
      vertex 69.6 17.5 8.5
      vertex 55.3467 29.6647 8.5
      vertex 55.4615 29.0874 8.5
    endloop
  endfacet
  facet normal 0 0 1
    outer loop
      vertex 69.6 75.5 8.5
      vertex 54.8971 62.25 8.5
      vertex 69.6 17.5 8.5
    endloop
  endfacet
  facet normal 0 0 1
    outer loop
      vertex 69.6 17.5 8.5
      vertex 55.1575 30.2221 8.5
      vertex 55.3467 29.6647 8.5
    endloop
  endfacet
  facet normal -0 0 1
    outer loop
      vertex 54.8971 30.75 8.5
      vertex 69.6 17.5 8.5
      vertex 54.8971 62.25 8.5
    endloop
  endfacet
  facet normal 0 0 1
    outer loop
      vertex 69.6 17.5 8.5
      vertex 54.8971 30.75 8.5
      vertex 55.1575 30.2221 8.5
    endloop
  endfacet
  facet normal -0 0 1
    outer loop
      vertex 54.5701 61.7606 8.5
      vertex 54.8971 30.75 8.5
      vertex 54.8971 62.25 8.5
    endloop
  endfacet
  facet normal 0 0 1
    outer loop
      vertex 54.5701 61.7606 8.5
      vertex 54.5701 31.2394 8.5
      vertex 54.8971 30.75 8.5
    endloop
  endfacet
  facet normal -0 0 1
    outer loop
      vertex 54.182 61.318 8.5
      vertex 54.5701 31.2394 8.5
      vertex 54.5701 61.7606 8.5
    endloop
  endfacet
  facet normal 0 0 1
    outer loop
      vertex 54.182 61.318 8.5
      vertex 54.182 31.682 8.5
      vertex 54.5701 31.2394 8.5
    endloop
  endfacet
  facet normal -0 0 1
    outer loop
      vertex 53.7394 60.9299 8.5
      vertex 54.182 31.682 8.5
      vertex 54.182 61.318 8.5
    endloop
  endfacet
  facet normal 0 0 1
    outer loop
      vertex 53.7394 60.9299 8.5
      vertex 53.7394 32.0701 8.5
      vertex 54.182 31.682 8.5
    endloop
  endfacet
  facet normal -0 0 1
    outer loop
      vertex 53.25 60.6029 8.5
      vertex 53.7394 32.0701 8.5
      vertex 53.7394 60.9299 8.5
    endloop
  endfacet
  facet normal 0 0 1
    outer loop
      vertex 53.25 60.6029 8.5
      vertex 53.25 32.3971 8.5
      vertex 53.7394 32.0701 8.5
    endloop
  endfacet
  facet normal -0 0 1
    outer loop
      vertex 52.7221 60.3425 8.5
      vertex 53.25 32.3971 8.5
      vertex 53.25 60.6029 8.5
    endloop
  endfacet
  facet normal 0 0 1
    outer loop
      vertex 52.7221 60.3425 8.5
      vertex 52.7221 32.6575 8.5
      vertex 53.25 32.3971 8.5
    endloop
  endfacet
  facet normal -0 0 1
    outer loop
      vertex 52.1647 60.1533 8.5
      vertex 52.7221 32.6575 8.5
      vertex 52.7221 60.3425 8.5
    endloop
  endfacet
  facet normal 0 0 1
    outer loop
      vertex 52.1647 60.1533 8.5
      vertex 52.1647 32.8467 8.5
      vertex 52.7221 32.6575 8.5
    endloop
  endfacet
  facet normal -0 0 1
    outer loop
      vertex 51.5874 60.0385 8.5
      vertex 52.1647 32.8467 8.5
      vertex 52.1647 60.1533 8.5
    endloop
  endfacet
  facet normal 0 0 1
    outer loop
      vertex 51.5874 60.0385 8.5
      vertex 51.5874 32.9615 8.5
      vertex 52.1647 32.8467 8.5
    endloop
  endfacet
  facet normal -0 0 1
    outer loop
      vertex 51 60 8.5
      vertex 51.5874 32.9615 8.5
      vertex 51.5874 60.0385 8.5
    endloop
  endfacet
  facet normal 0 0 1
    outer loop
      vertex 51 60 8.5
      vertex 51 33 8.5
      vertex 51.5874 32.9615 8.5
    endloop
  endfacet
  facet normal 0 0 1
    outer loop
      vertex 50.4126 60.0385 8.5
      vertex 51 33 8.5
      vertex 51 60 8.5
    endloop
  endfacet
  facet normal 0 0 1
    outer loop
      vertex 50.4126 60.0385 8.5
      vertex 50.4126 32.9615 8.5
      vertex 51 33 8.5
    endloop
  endfacet
  facet normal 0 0 1
    outer loop
      vertex 49.8353 60.1533 8.5
      vertex 50.4126 32.9615 8.5
      vertex 50.4126 60.0385 8.5
    endloop
  endfacet
  facet normal 0 0 1
    outer loop
      vertex 49.8353 60.1533 8.5
      vertex 49.8353 32.8467 8.5
      vertex 50.4126 32.9615 8.5
    endloop
  endfacet
  facet normal 0 0 1
    outer loop
      vertex 49.2779 60.3425 8.5
      vertex 49.8353 32.8467 8.5
      vertex 49.8353 60.1533 8.5
    endloop
  endfacet
  facet normal 0 0 1
    outer loop
      vertex 49.2779 60.3425 8.5
      vertex 49.2779 32.6575 8.5
      vertex 49.8353 32.8467 8.5
    endloop
  endfacet
  facet normal 0 0 1
    outer loop
      vertex 48.75 60.6029 8.5
      vertex 49.2779 32.6575 8.5
      vertex 49.2779 60.3425 8.5
    endloop
  endfacet
  facet normal 0 0 1
    outer loop
      vertex 48.75 60.6029 8.5
      vertex 48.75 32.3971 8.5
      vertex 49.2779 32.6575 8.5
    endloop
  endfacet
  facet normal 0 0 1
    outer loop
      vertex 47.4299 61.7606 8.5
      vertex 41.5701 61.7606 8.5
      vertex 47.818 61.318 8.5
    endloop
  endfacet
  facet normal 0 0 1
    outer loop
      vertex 41.182 61.318 8.5
      vertex 47.818 61.318 8.5
      vertex 41.5701 61.7606 8.5
    endloop
  endfacet
  facet normal 0 0 1
    outer loop
      vertex 41.8971 62.25 8.5
      vertex 47.1029 62.25 8.5
      vertex 42.1575 62.7779 8.5
    endloop
  endfacet
  facet normal 0 0 1
    outer loop
      vertex 47.1029 62.25 8.5
      vertex 41.8971 62.25 8.5
      vertex 47.4299 61.7606 8.5
    endloop
  endfacet
  facet normal 0 0 1
    outer loop
      vertex 42.1575 62.7779 8.5
      vertex 46.8425 62.7779 8.5
      vertex 42.3467 63.3353 8.5
    endloop
  endfacet
  facet normal 0 0 1
    outer loop
      vertex 46.8425 62.7779 8.5
      vertex 42.1575 62.7779 8.5
      vertex 47.1029 62.25 8.5
    endloop
  endfacet
  facet normal 0 0 1
    outer loop
      vertex 46.6533 63.3353 8.5
      vertex 42.3467 63.3353 8.5
      vertex 46.8425 62.7779 8.5
    endloop
  endfacet
  facet normal 0 0 1
    outer loop
      vertex 41.5701 61.7606 8.5
      vertex 47.4299 61.7606 8.5
      vertex 41.8971 62.25 8.5
    endloop
  endfacet
  facet normal 0 0 1
    outer loop
      vertex 42.3467 63.3353 8.5
      vertex 46.6533 63.3353 8.5
      vertex 42.4615 63.9126 8.5
    endloop
  endfacet
  facet normal 0 0 1
    outer loop
      vertex 47.818 31.682 8.5
      vertex 42.5 28.5 8.5
      vertex 47.4299 31.2394 8.5
    endloop
  endfacet
  facet normal 0 0 1
    outer loop
      vertex 46.5385 63.9126 8.5
      vertex 42.4615 63.9126 8.5
      vertex 46.6533 63.3353 8.5
    endloop
  endfacet
  facet normal 0 0 1
    outer loop
      vertex 47.4299 31.2394 8.5
      vertex 42.5 28.5 8.5
      vertex 47.1029 30.75 8.5
    endloop
  endfacet
  facet normal 0 0 1
    outer loop
      vertex 42.4615 63.9126 8.5
      vertex 46.5385 63.9126 8.5
      vertex 42.5 64.5 8.5
    endloop
  endfacet
  facet normal 0 0 1
    outer loop
      vertex 47.1029 30.75 8.5
      vertex 42.5 28.5 8.5
      vertex 46.8425 30.2221 8.5
    endloop
  endfacet
  facet normal -0 0 1
    outer loop
      vertex 42.5 64.5 8.5
      vertex 46.5385 63.9126 8.5
      vertex 46.5 64.5 8.5
    endloop
  endfacet
  facet normal 0 0 1
    outer loop
      vertex 46.8425 30.2221 8.5
      vertex 42.5 28.5 8.5
      vertex 46.6533 29.6647 8.5
    endloop
  endfacet
  facet normal 0 0 1
    outer loop
      vertex 65.0981 74 8.5
      vertex 69.6 75.5 8.5
      vertex 65.2716 74.352 8.5
    endloop
  endfacet
  facet normal 0 0 1
    outer loop
      vertex 66.4 17.5 8.5
      vertex 65.4743 17.8916 8.5
      vertex 65.5 17.5 8.5
    endloop
  endfacet
  facet normal 0 0 1
    outer loop
      vertex 64.8801 73.6737 8.5
      vertex 69.6 75.5 8.5
      vertex 65.0981 74 8.5
    endloop
  endfacet
  facet normal 0 0 1
    outer loop
      vertex 66.4 17.5 8.5
      vertex 65.3978 18.2765 8.5
      vertex 65.4743 17.8916 8.5
    endloop
  endfacet
  facet normal 0 0 1
    outer loop
      vertex 64.6213 73.3787 8.5
      vertex 69.6 75.5 8.5
      vertex 64.8801 73.6737 8.5
    endloop
  endfacet
  facet normal 0 0 1
    outer loop
      vertex 66.4 17.5 8.5
      vertex 65.2716 18.648 8.5
      vertex 65.3978 18.2765 8.5
    endloop
  endfacet
  facet normal 0 0 1
    outer loop
      vertex 64.3263 73.1199 8.5
      vertex 69.6 75.5 8.5
      vertex 64.6213 73.3787 8.5
    endloop
  endfacet
  facet normal 0 0 1
    outer loop
      vertex 66.4 17.5 8.5
      vertex 65.0981 19 8.5
      vertex 65.2716 18.648 8.5
    endloop
  endfacet
  facet normal -0 -0 1
    outer loop
      vertex 65.0981 19 8.5
      vertex 69.6 17.5 8.5
      vertex 64.8801 19.3263 8.5
    endloop
  endfacet
  facet normal 0 0 1
    outer loop
      vertex 69.6 17.5 8.5
      vertex 65.0981 19 8.5
      vertex 66.4 17.5 8.5
    endloop
  endfacet
  facet normal 0 0 1
    outer loop
      vertex 64 72.9019 8.5
      vertex 69.6 75.5 8.5
      vertex 64.3263 73.1199 8.5
    endloop
  endfacet
  facet normal 0 0 1
    outer loop
      vertex 69.6 17.5 8.5
      vertex 64.6213 19.6213 8.5
      vertex 64.8801 19.3263 8.5
    endloop
  endfacet
  facet normal -0 0 1
    outer loop
      vertex 63.2765 72.6022 8.5
      vertex 55.3467 63.3353 8.5
      vertex 63.648 72.7284 8.5
    endloop
  endfacet
  facet normal 0 0 1
    outer loop
      vertex 69.6 17.5 8.5
      vertex 64.3263 19.8801 8.5
      vertex 64.6213 19.6213 8.5
    endloop
  endfacet
  facet normal -0 0 1
    outer loop
      vertex 63.648 72.7284 8.5
      vertex 55.3467 63.3353 8.5
      vertex 64 72.9019 8.5
    endloop
  endfacet
  facet normal 0 0 1
    outer loop
      vertex 69.6 17.5 8.5
      vertex 64 20.0981 8.5
      vertex 64.3263 19.8801 8.5
    endloop
  endfacet
  facet normal 0 0 1
    outer loop
      vertex 55.3467 63.3353 8.5
      vertex 63.2765 72.6022 8.5
      vertex 55.4615 63.9126 8.5
    endloop
  endfacet
  facet normal 0 0 1
    outer loop
      vertex 55.1575 62.7779 8.5
      vertex 64 72.9019 8.5
      vertex 55.3467 63.3353 8.5
    endloop
  endfacet
  facet normal -0 0 1
    outer loop
      vertex 62.8916 72.5257 8.5
      vertex 55.4615 63.9126 8.5
      vertex 63.2765 72.6022 8.5
    endloop
  endfacet
  facet normal 0 0 1
    outer loop
      vertex 69.6 17.5 8.5
      vertex 55.5 28.5 8.5
      vertex 64 20.0981 8.5
    endloop
  endfacet
  facet normal 0 0 1
    outer loop
      vertex 55.4615 63.9126 8.5
      vertex 62.8916 72.5257 8.5
      vertex 55.5 64.5 8.5
    endloop
  endfacet
  facet normal 0 0 1
    outer loop
      vertex 64 20.0981 8.5
      vertex 55.5 28.5 8.5
      vertex 63.648 20.2716 8.5
    endloop
  endfacet
  facet normal 0 0 1
    outer loop
      vertex 55.5 64.5 8.5
      vertex 62.8916 72.5257 8.5
      vertex 62.5 72.5 8.5
    endloop
  endfacet
  facet normal 0 0 1
    outer loop
      vertex 63.648 20.2716 8.5
      vertex 55.5 28.5 8.5
      vertex 63.2765 20.3978 8.5
    endloop
  endfacet
  facet normal 0 0 1
    outer loop
      vertex 55.4615 65.0874 8.5
      vertex 62.5 72.5 8.5
      vertex 62.1084 72.5257 8.5
    endloop
  endfacet
  facet normal 0 0 1
    outer loop
      vertex 63.2765 20.3978 8.5
      vertex 55.5 28.5 8.5
      vertex 62.8916 20.4743 8.5
    endloop
  endfacet
  facet normal 0 0 1
    outer loop
      vertex 55.3467 65.6647 8.5
      vertex 62.1084 72.5257 8.5
      vertex 61.7235 72.6022 8.5
    endloop
  endfacet
  facet normal 0 0 1
    outer loop
      vertex 62.8916 20.4743 8.5
      vertex 55.5 28.5 8.5
      vertex 62.5 20.5 8.5
    endloop
  endfacet
  facet normal 0 0 1
    outer loop
      vertex 55.1575 66.2221 8.5
      vertex 61.7235 72.6022 8.5
      vertex 61.352 72.7284 8.5
    endloop
  endfacet
  facet normal -0 0 1
    outer loop
      vertex 55.4615 27.9126 8.5
      vertex 62.5 20.5 8.5
      vertex 55.5 28.5 8.5
    endloop
  endfacet
  facet normal 0 0 1
    outer loop
      vertex 54.8971 66.75 8.5
      vertex 61.352 72.7284 8.5
      vertex 61 72.9019 8.5
    endloop
  endfacet
  facet normal 0 0 1
    outer loop
      vertex 62.5 20.5 8.5
      vertex 55.4615 27.9126 8.5
      vertex 62.1084 20.4743 8.5
    endloop
  endfacet
  facet normal 0 0 1
    outer loop
      vertex 54.8971 66.75 8.5
      vertex 61 72.9019 8.5
      vertex 60.6737 73.1199 8.5
    endloop
  endfacet
  facet normal -0 0 1
    outer loop
      vertex 55.3467 27.3353 8.5
      vertex 62.1084 20.4743 8.5
      vertex 55.4615 27.9126 8.5
    endloop
  endfacet
  facet normal 0 0 1
    outer loop
      vertex 54.5701 67.2394 8.5
      vertex 60.6737 73.1199 8.5
      vertex 60.3787 73.3787 8.5
    endloop
  endfacet
  facet normal 0 0 1
    outer loop
      vertex 62.1084 20.4743 8.5
      vertex 55.3467 27.3353 8.5
      vertex 61.7235 20.3978 8.5
    endloop
  endfacet
  facet normal 0 0 1
    outer loop
      vertex 54.182 67.682 8.5
      vertex 60.3787 73.3787 8.5
      vertex 60.1199 73.6737 8.5
    endloop
  endfacet
  facet normal -0 0 1
    outer loop
      vertex 55.1575 26.7779 8.5
      vertex 61.7235 20.3978 8.5
      vertex 55.3467 27.3353 8.5
    endloop
  endfacet
  facet normal 0 0 1
    outer loop
      vertex 53.7394 68.0701 8.5
      vertex 60.1199 73.6737 8.5
      vertex 59.9019 74 8.5
    endloop
  endfacet
  facet normal 0 0 1
    outer loop
      vertex 61.7235 20.3978 8.5
      vertex 55.1575 26.7779 8.5
      vertex 61.352 20.2716 8.5
    endloop
  endfacet
  facet normal 0 0 1
    outer loop
      vertex 53.25 68.3971 8.5
      vertex 59.9019 74 8.5
      vertex 59.7284 74.352 8.5
    endloop
  endfacet
  facet normal -0 0 1
    outer loop
      vertex 54.8971 26.25 8.5
      vertex 61.352 20.2716 8.5
      vertex 55.1575 26.7779 8.5
    endloop
  endfacet
  facet normal 0 0 1
    outer loop
      vertex 52.7221 68.6575 8.5
      vertex 59.7284 74.352 8.5
      vertex 59.6022 74.7235 8.5
    endloop
  endfacet
  facet normal 0 0 1
    outer loop
      vertex 61.352 20.2716 8.5
      vertex 54.8971 26.25 8.5
      vertex 61 20.0981 8.5
    endloop
  endfacet
  facet normal 0 0 1
    outer loop
      vertex 52.7221 68.6575 8.5
      vertex 59.6022 74.7235 8.5
      vertex 59.5257 75.1084 8.5
    endloop
  endfacet
  facet normal 0 0 1
    outer loop
      vertex 61 20.0981 8.5
      vertex 54.8971 26.25 8.5
      vertex 60.6737 19.8801 8.5
    endloop
  endfacet
  facet normal 0 0 1
    outer loop
      vertex 52.1647 68.8467 8.5
      vertex 59.5257 75.1084 8.5
      vertex 59.5 75.5 8.5
    endloop
  endfacet
  facet normal -0 0 1
    outer loop
      vertex 54.5701 25.7606 8.5
      vertex 60.6737 19.8801 8.5
      vertex 54.8971 26.25 8.5
    endloop
  endfacet
  facet normal 0 0 1
    outer loop
      vertex 65.3978 74.7235 8.5
      vertex 66.4 75.5 8.5
      vertex 65.4743 75.1084 8.5
    endloop
  endfacet
  facet normal 0 0 1
    outer loop
      vertex 65.2716 74.352 8.5
      vertex 66.4 75.5 8.5
      vertex 65.3978 74.7235 8.5
    endloop
  endfacet
  facet normal 0 0 1
    outer loop
      vertex 73 93 8.5
      vertex 76 90 8.5
      vertex 75.9743 90.3916 8.5
    endloop
  endfacet
  facet normal 0 0 1
    outer loop
      vertex 76 90 8.5
      vertex 69.6 75.5 8.5
      vertex 76 3 8.5
    endloop
  endfacet
  facet normal 0 0 1
    outer loop
      vertex 73 93 8.5
      vertex 75.9743 90.3916 8.5
      vertex 75.8978 90.7765 8.5
    endloop
  endfacet
  facet normal -0 0 1
    outer loop
      vertex 69.6 17.5 8.5
      vertex 76 3 8.5
      vertex 69.6 75.5 8.5
    endloop
  endfacet
  facet normal 0 0 1
    outer loop
      vertex 73 93 8.5
      vertex 75.8978 90.7765 8.5
      vertex 75.7716 91.148 8.5
    endloop
  endfacet
  facet normal -0 0 1
    outer loop
      vertex 69.6 7.5 8.5
      vertex 76 3 8.5
      vertex 69.6 17.5 8.5
    endloop
  endfacet
  facet normal 0 0 1
    outer loop
      vertex 73 93 8.5
      vertex 75.7716 91.148 8.5
      vertex 75.5981 91.5 8.5
    endloop
  endfacet
  facet normal 0 -0 1
    outer loop
      vertex 73 0 8.5
      vertex 76 3 8.5
      vertex 69.6 7.5 8.5
    endloop
  endfacet
  facet normal 0 0 1
    outer loop
      vertex 73 93 8.5
      vertex 75.5981 91.5 8.5
      vertex 75.3801 91.8263 8.5
    endloop
  endfacet
  facet normal 0 0 1
    outer loop
      vertex 76 3 8.5
      vertex 73 0 8.5
      vertex 75.9743 2.60842 8.5
    endloop
  endfacet
  facet normal 0 0 1
    outer loop
      vertex 73 93 8.5
      vertex 75.3801 91.8263 8.5
      vertex 75.1213 92.1213 8.5
    endloop
  endfacet
  facet normal 0 0 1
    outer loop
      vertex 75.9743 2.60842 8.5
      vertex 73 0 8.5
      vertex 75.8978 2.22354 8.5
    endloop
  endfacet
  facet normal 0 0 1
    outer loop
      vertex 73 93 8.5
      vertex 75.1213 92.1213 8.5
      vertex 74.8263 92.3801 8.5
    endloop
  endfacet
  facet normal 0 0 1
    outer loop
      vertex 75.8978 2.22354 8.5
      vertex 73 0 8.5
      vertex 75.7716 1.85195 8.5
    endloop
  endfacet
  facet normal 0 0 1
    outer loop
      vertex 73 93 8.5
      vertex 74.8263 92.3801 8.5
      vertex 74.5 92.5981 8.5
    endloop
  endfacet
  facet normal 0 0 1
    outer loop
      vertex 75.7716 1.85195 8.5
      vertex 73 0 8.5
      vertex 75.5981 1.5 8.5
    endloop
  endfacet
  facet normal 0 0 1
    outer loop
      vertex 73 93 8.5
      vertex 74.5 92.5981 8.5
      vertex 74.148 92.7716 8.5
    endloop
  endfacet
  facet normal 0 0 1
    outer loop
      vertex 75.5981 1.5 8.5
      vertex 73 0 8.5
      vertex 75.3801 1.17372 8.5
    endloop
  endfacet
  facet normal 0 0 1
    outer loop
      vertex 73 93 8.5
      vertex 74.148 92.7716 8.5
      vertex 73.7765 92.8978 8.5
    endloop
  endfacet
  facet normal 0 0 1
    outer loop
      vertex 75.3801 1.17372 8.5
      vertex 73 0 8.5
      vertex 75.1213 0.878679 8.5
    endloop
  endfacet
  facet normal 0 0 1
    outer loop
      vertex 73 93 8.5
      vertex 73.7765 92.8978 8.5
      vertex 73.3916 92.9743 8.5
    endloop
  endfacet
  facet normal 0 0 1
    outer loop
      vertex 75.1213 0.878679 8.5
      vertex 73 0 8.5
      vertex 74.8263 0.61994 8.5
    endloop
  endfacet
  facet normal 0 0 1
    outer loop
      vertex 76 90 8.5
      vertex 73 93 8.5
      vertex 69.6 85.5 8.5
    endloop
  endfacet
  facet normal 0 0 1
    outer loop
      vertex 74.8263 0.61994 8.5
      vertex 73 0 8.5
      vertex 74.5 0.401923 8.5
    endloop
  endfacet
  facet normal 0 0 1
    outer loop
      vertex 76 90 8.5
      vertex 69.6 85.5 8.5
      vertex 69.6 75.5 8.5
    endloop
  endfacet
  facet normal 0 0 1
    outer loop
      vertex 73 93 8.5
      vertex 66.4 85.5 8.5
      vertex 69.6 85.5 8.5
    endloop
  endfacet
  facet normal -0 0 1
    outer loop
      vertex 65.0981 77 8.5
      vertex 66.4 75.5 8.5
      vertex 66.4 85.5 8.5
    endloop
  endfacet
  facet normal 0 0 1
    outer loop
      vertex 65.4743 75.1084 8.5
      vertex 66.4 75.5 8.5
      vertex 65.5 75.5 8.5
    endloop
  endfacet
  facet normal -0 0 1
    outer loop
      vertex 66.4 75.5 8.5
      vertex 65.2716 74.352 8.5
      vertex 69.6 75.5 8.5
    endloop
  endfacet
  facet normal 0 0 1
    outer loop
      vertex 66.4 75.5 8.5
      vertex 65.4743 75.8916 8.5
      vertex 65.5 75.5 8.5
    endloop
  endfacet
  facet normal 0 0 1
    outer loop
      vertex 66.4 75.5 8.5
      vertex 65.3978 76.2765 8.5
      vertex 65.4743 75.8916 8.5
    endloop
  endfacet
  facet normal 0 0 1
    outer loop
      vertex 66.4 75.5 8.5
      vertex 65.2716 76.648 8.5
      vertex 65.3978 76.2765 8.5
    endloop
  endfacet
  facet normal 0 0 1
    outer loop
      vertex 66.4 75.5 8.5
      vertex 65.0981 77 8.5
      vertex 65.2716 76.648 8.5
    endloop
  endfacet
  facet normal 0 0 1
    outer loop
      vertex 66.4 85.5 8.5
      vertex 64.8801 77.3263 8.5
      vertex 65.0981 77 8.5
    endloop
  endfacet
  facet normal 0 0 1
    outer loop
      vertex 66.4 85.5 8.5
      vertex 64.6213 77.6213 8.5
      vertex 64.8801 77.3263 8.5
    endloop
  endfacet
  facet normal 0 0 1
    outer loop
      vertex 66.4 85.5 8.5
      vertex 64.3263 77.8801 8.5
      vertex 64.6213 77.6213 8.5
    endloop
  endfacet
  facet normal 0 0 1
    outer loop
      vertex 66.4 85.5 8.5
      vertex 64 78.0981 8.5
      vertex 64.3263 77.8801 8.5
    endloop
  endfacet
  facet normal 0 0 1
    outer loop
      vertex 66.4 85.5 8.5
      vertex 63.648 78.2716 8.5
      vertex 64 78.0981 8.5
    endloop
  endfacet
  facet normal 0 0 1
    outer loop
      vertex 66.4 85.5 8.5
      vertex 63.2765 78.3978 8.5
      vertex 63.648 78.2716 8.5
    endloop
  endfacet
  facet normal 0 0 1
    outer loop
      vertex 66.4 85.5 8.5
      vertex 62.8916 78.4743 8.5
      vertex 63.2765 78.3978 8.5
    endloop
  endfacet
  facet normal 0 0 1
    outer loop
      vertex 66.4 85.5 8.5
      vertex 62.5 78.5 8.5
      vertex 62.8916 78.4743 8.5
    endloop
  endfacet
  facet normal 0 0 1
    outer loop
      vertex 66.4 85.5 8.5
      vertex 62.1084 78.4743 8.5
      vertex 62.5 78.5 8.5
    endloop
  endfacet
  facet normal 0 0 1
    outer loop
      vertex 66.4 85.5 8.5
      vertex 61.7235 78.3978 8.5
      vertex 62.1084 78.4743 8.5
    endloop
  endfacet
  facet normal 0 0 1
    outer loop
      vertex 66.4 85.5 8.5
      vertex 61.352 78.2716 8.5
      vertex 61.7235 78.3978 8.5
    endloop
  endfacet
  facet normal 0 0 1
    outer loop
      vertex 66.4 85.5 8.5
      vertex 61 78.0981 8.5
      vertex 61.352 78.2716 8.5
    endloop
  endfacet
  facet normal 0 0 1
    outer loop
      vertex 66.4 85.5 8.5
      vertex 60.6737 77.8801 8.5
      vertex 61 78.0981 8.5
    endloop
  endfacet
  facet normal 0 0 1
    outer loop
      vertex 66.4 85.5 8.5
      vertex 60.3787 77.6213 8.5
      vertex 60.6737 77.8801 8.5
    endloop
  endfacet
  facet normal 0 0 1
    outer loop
      vertex 38 69 8.5
      vertex 60.3787 77.6213 8.5
      vertex 66.4 85.5 8.5
    endloop
  endfacet
  facet normal 0 0 1
    outer loop
      vertex 60.6737 19.8801 8.5
      vertex 54.5701 25.7606 8.5
      vertex 60.3787 19.6213 8.5
    endloop
  endfacet
  facet normal 0 0 1
    outer loop
      vertex 51.5874 68.9615 8.5
      vertex 59.5 75.5 8.5
      vertex 59.5257 75.8916 8.5
    endloop
  endfacet
  facet normal 0 0 1
    outer loop
      vertex 51 69 8.5
      vertex 59.5257 75.8916 8.5
      vertex 59.6022 76.2765 8.5
    endloop
  endfacet
  facet normal 0 0 1
    outer loop
      vertex 50.4126 68.9615 8.5
      vertex 59.6022 76.2765 8.5
      vertex 59.7284 76.648 8.5
    endloop
  endfacet
  facet normal 0 0 1
    outer loop
      vertex 62.5 72.5 8.5
      vertex 55.4615 65.0874 8.5
      vertex 55.5 64.5 8.5
    endloop
  endfacet
  facet normal 0 0 1
    outer loop
      vertex 62.1084 72.5257 8.5
      vertex 55.3467 65.6647 8.5
      vertex 55.4615 65.0874 8.5
    endloop
  endfacet
  facet normal 0 0 1
    outer loop
      vertex 61.7235 72.6022 8.5
      vertex 55.1575 66.2221 8.5
      vertex 55.3467 65.6647 8.5
    endloop
  endfacet
  facet normal 0 0 1
    outer loop
      vertex 61.352 72.7284 8.5
      vertex 54.8971 66.75 8.5
      vertex 55.1575 66.2221 8.5
    endloop
  endfacet
  facet normal 0 0 1
    outer loop
      vertex 60.6737 73.1199 8.5
      vertex 54.5701 67.2394 8.5
      vertex 54.8971 66.75 8.5
    endloop
  endfacet
  facet normal 0 0 1
    outer loop
      vertex 49.8353 68.8467 8.5
      vertex 59.7284 76.648 8.5
      vertex 59.9019 77 8.5
    endloop
  endfacet
  facet normal 0 0 1
    outer loop
      vertex 60.3787 73.3787 8.5
      vertex 54.182 67.682 8.5
      vertex 54.5701 67.2394 8.5
    endloop
  endfacet
  facet normal 0 0 1
    outer loop
      vertex 60.1199 73.6737 8.5
      vertex 53.7394 68.0701 8.5
      vertex 54.182 67.682 8.5
    endloop
  endfacet
  facet normal 0 0 1
    outer loop
      vertex 39.1647 68.8467 8.5
      vertex 59.9019 77 8.5
      vertex 60.1199 77.3263 8.5
    endloop
  endfacet
  facet normal 0 0 1
    outer loop
      vertex 59.9019 74 8.5
      vertex 53.25 68.3971 8.5
      vertex 53.7394 68.0701 8.5
    endloop
  endfacet
  facet normal 0 -0 1
    outer loop
      vertex 38.5874 68.9615 8.5
      vertex 60.3787 77.6213 8.5
      vertex 38 69 8.5
    endloop
  endfacet
  facet normal 0 0 1
    outer loop
      vertex 59.7284 74.352 8.5
      vertex 52.7221 68.6575 8.5
      vertex 53.25 68.3971 8.5
    endloop
  endfacet
  facet normal 0 0 1
    outer loop
      vertex 59.5257 75.1084 8.5
      vertex 52.1647 68.8467 8.5
      vertex 52.7221 68.6575 8.5
    endloop
  endfacet
  facet normal 0 0 1
    outer loop
      vertex 59.5 75.5 8.5
      vertex 51.5874 68.9615 8.5
      vertex 52.1647 68.8467 8.5
    endloop
  endfacet
  facet normal 0 0 1
    outer loop
      vertex 9.6 85.5 8.5
      vertex 66.4 85.5 8.5
      vertex 73 93 8.5
    endloop
  endfacet
  facet normal 0 0 1
    outer loop
      vertex 59.5257 75.8916 8.5
      vertex 51 69 8.5
      vertex 51.5874 68.9615 8.5
    endloop
  endfacet
  facet normal 0 0 1
    outer loop
      vertex 59.6022 76.2765 8.5
      vertex 50.4126 68.9615 8.5
      vertex 51 69 8.5
    endloop
  endfacet
  facet normal 0 0 1
    outer loop
      vertex 59.7284 76.648 8.5
      vertex 49.8353 68.8467 8.5
      vertex 50.4126 68.9615 8.5
    endloop
  endfacet
  facet normal 0 0 1
    outer loop
      vertex 59.9019 77 8.5
      vertex 39.1647 68.8467 8.5
      vertex 49.8353 68.8467 8.5
    endloop
  endfacet
  facet normal 0 0 1
    outer loop
      vertex 49.8353 68.8467 8.5
      vertex 39.1647 68.8467 8.5
      vertex 49.2779 68.6575 8.5
    endloop
  endfacet
  facet normal 0 -0 1
    outer loop
      vertex 39.7221 68.6575 8.5
      vertex 49.2779 68.6575 8.5
      vertex 39.1647 68.8467 8.5
    endloop
  endfacet
  facet normal 0 0 1
    outer loop
      vertex 49.2779 68.6575 8.5
      vertex 39.7221 68.6575 8.5
      vertex 48.75 68.3971 8.5
    endloop
  endfacet
  facet normal 0 0 1
    outer loop
      vertex 46.6533 29.6647 8.5
      vertex 42.5 28.5 8.5
      vertex 46.5385 29.0874 8.5
    endloop
  endfacet
  facet normal 0 0 1
    outer loop
      vertex 46.5385 65.0874 8.5
      vertex 42.5 64.5 8.5
      vertex 46.5 64.5 8.5
    endloop
  endfacet
  facet normal 0 0 1
    outer loop
      vertex 42.4615 65.0874 8.5
      vertex 46.5385 65.0874 8.5
      vertex 46.6533 65.6647 8.5
    endloop
  endfacet
  facet normal 0 0 1
    outer loop
      vertex 42.3467 65.6647 8.5
      vertex 46.6533 65.6647 8.5
      vertex 46.8425 66.2221 8.5
    endloop
  endfacet
  facet normal 0 0 1
    outer loop
      vertex 42.1575 66.2221 8.5
      vertex 46.8425 66.2221 8.5
      vertex 47.1029 66.75 8.5
    endloop
  endfacet
  facet normal 0 0 1
    outer loop
      vertex 41.8971 66.75 8.5
      vertex 47.1029 66.75 8.5
      vertex 47.4299 67.2394 8.5
    endloop
  endfacet
  facet normal 0 0 1
    outer loop
      vertex 41.5701 67.2394 8.5
      vertex 47.4299 67.2394 8.5
      vertex 47.818 67.682 8.5
    endloop
  endfacet
  facet normal 0 -0 1
    outer loop
      vertex 40.25 68.3971 8.5
      vertex 48.75 68.3971 8.5
      vertex 39.7221 68.6575 8.5
    endloop
  endfacet
  facet normal 0 0 1
    outer loop
      vertex 46.5385 65.0874 8.5
      vertex 42.4615 65.0874 8.5
      vertex 42.5 64.5 8.5
    endloop
  endfacet
  facet normal 0 0 1
    outer loop
      vertex 46.6533 65.6647 8.5
      vertex 42.3467 65.6647 8.5
      vertex 42.4615 65.0874 8.5
    endloop
  endfacet
  facet normal 0 0 1
    outer loop
      vertex 46.8425 66.2221 8.5
      vertex 42.1575 66.2221 8.5
      vertex 42.3467 65.6647 8.5
    endloop
  endfacet
  facet normal 0 0 1
    outer loop
      vertex 47.1029 66.75 8.5
      vertex 41.8971 66.75 8.5
      vertex 42.1575 66.2221 8.5
    endloop
  endfacet
  facet normal 0 0 1
    outer loop
      vertex 47.4299 67.2394 8.5
      vertex 41.5701 67.2394 8.5
      vertex 41.8971 66.75 8.5
    endloop
  endfacet
  facet normal 0 0 1
    outer loop
      vertex 47.818 67.682 8.5
      vertex 41.182 67.682 8.5
      vertex 41.5701 67.2394 8.5
    endloop
  endfacet
  facet normal 0 0 1
    outer loop
      vertex 47.818 67.682 8.5
      vertex 40.7394 68.0701 8.5
      vertex 41.182 67.682 8.5
    endloop
  endfacet
  facet normal 0 0 1
    outer loop
      vertex 48.2606 68.0701 8.5
      vertex 40.7394 68.0701 8.5
      vertex 47.818 67.682 8.5
    endloop
  endfacet
  facet normal 0 -0 1
    outer loop
      vertex 40.7394 68.0701 8.5
      vertex 48.2606 68.0701 8.5
      vertex 40.25 68.3971 8.5
    endloop
  endfacet
  facet normal 0 0 1
    outer loop
      vertex 48.75 68.3971 8.5
      vertex 40.25 68.3971 8.5
      vertex 48.2606 68.0701 8.5
    endloop
  endfacet
  facet normal 0 0 1
    outer loop
      vertex 60.1199 77.3263 8.5
      vertex 38.5874 68.9615 8.5
      vertex 39.1647 68.8467 8.5
    endloop
  endfacet
  facet normal 0 0 1
    outer loop
      vertex 60.3787 77.6213 8.5
      vertex 38.5874 68.9615 8.5
      vertex 60.1199 77.3263 8.5
    endloop
  endfacet
  facet normal 0 0 1
    outer loop
      vertex 66.4 85.5 8.5
      vertex 9.6 85.5 8.5
      vertex 38 69 8.5
    endloop
  endfacet
  facet normal -0 -0 1
    outer loop
      vertex 15.6213 77.6213 8.5
      vertex 38 69 8.5
      vertex 9.6 85.5 8.5
    endloop
  endfacet
  facet normal 0 0 1
    outer loop
      vertex 38 69 8.5
      vertex 15.6213 77.6213 8.5
      vertex 37.4126 68.9615 8.5
    endloop
  endfacet
  facet normal -0 -0 1
    outer loop
      vertex 15.8801 77.3263 8.5
      vertex 37.4126 68.9615 8.5
      vertex 15.6213 77.6213 8.5
    endloop
  endfacet
  facet normal 0 0 1
    outer loop
      vertex 33.6533 29.6647 8.5
      vertex 29.5 28.5 8.5
      vertex 33.5385 29.0874 8.5
    endloop
  endfacet
  facet normal 0 0 1
    outer loop
      vertex 33.5385 65.0874 8.5
      vertex 29.5 64.5 8.5
      vertex 33.5 64.5 8.5
    endloop
  endfacet
  facet normal 0 0 1
    outer loop
      vertex 29.4615 65.0874 8.5
      vertex 33.5385 65.0874 8.5
      vertex 33.6533 65.6647 8.5
    endloop
  endfacet
  facet normal 0 0 1
    outer loop
      vertex 29.3467 65.6647 8.5
      vertex 33.6533 65.6647 8.5
      vertex 33.8425 66.2221 8.5
    endloop
  endfacet
  facet normal 0 0 1
    outer loop
      vertex 29.1575 66.2221 8.5
      vertex 33.8425 66.2221 8.5
      vertex 34.1029 66.75 8.5
    endloop
  endfacet
  facet normal 0 0 1
    outer loop
      vertex 28.8971 66.75 8.5
      vertex 34.1029 66.75 8.5
      vertex 34.4299 67.2394 8.5
    endloop
  endfacet
  facet normal 0 0 1
    outer loop
      vertex 28.5701 67.2394 8.5
      vertex 34.4299 67.2394 8.5
      vertex 34.818 67.682 8.5
    endloop
  endfacet
  facet normal 0 0 1
    outer loop
      vertex 28.182 67.682 8.5
      vertex 34.818 67.682 8.5
      vertex 35.2606 68.0701 8.5
    endloop
  endfacet
  facet normal 0 0 1
    outer loop
      vertex 27.7394 68.0701 8.5
      vertex 35.2606 68.0701 8.5
      vertex 35.75 68.3971 8.5
    endloop
  endfacet
  facet normal 0 0 1
    outer loop
      vertex 37.4126 68.9615 8.5
      vertex 15.8801 77.3263 8.5
      vertex 36.8353 68.8467 8.5
    endloop
  endfacet
  facet normal 0 0 1
    outer loop
      vertex 33.5385 65.0874 8.5
      vertex 29.4615 65.0874 8.5
      vertex 29.5 64.5 8.5
    endloop
  endfacet
  facet normal 0 0 1
    outer loop
      vertex 33.6533 65.6647 8.5
      vertex 29.3467 65.6647 8.5
      vertex 29.4615 65.0874 8.5
    endloop
  endfacet
  facet normal 0 0 1
    outer loop
      vertex 33.8425 66.2221 8.5
      vertex 29.1575 66.2221 8.5
      vertex 29.3467 65.6647 8.5
    endloop
  endfacet
  facet normal 0 0 1
    outer loop
      vertex 34.1029 66.75 8.5
      vertex 28.8971 66.75 8.5
      vertex 29.1575 66.2221 8.5
    endloop
  endfacet
  facet normal 0 0 1
    outer loop
      vertex 34.4299 67.2394 8.5
      vertex 28.5701 67.2394 8.5
      vertex 28.8971 66.75 8.5
    endloop
  endfacet
  facet normal 0 0 1
    outer loop
      vertex 34.818 67.682 8.5
      vertex 28.182 67.682 8.5
      vertex 28.5701 67.2394 8.5
    endloop
  endfacet
  facet normal 0 0 1
    outer loop
      vertex 35.2606 68.0701 8.5
      vertex 27.7394 68.0701 8.5
      vertex 28.182 67.682 8.5
    endloop
  endfacet
  facet normal 0 0 1
    outer loop
      vertex 35.75 68.3971 8.5
      vertex 27.25 68.3971 8.5
      vertex 27.7394 68.0701 8.5
    endloop
  endfacet
  facet normal 0 0 1
    outer loop
      vertex 35.75 68.3971 8.5
      vertex 26.7221 68.6575 8.5
      vertex 27.25 68.3971 8.5
    endloop
  endfacet
  facet normal 0 0 1
    outer loop
      vertex 36.8353 68.8467 8.5
      vertex 26.1647 68.8467 8.5
      vertex 36.2779 68.6575 8.5
    endloop
  endfacet
  facet normal 0 -0 1
    outer loop
      vertex 26.7221 68.6575 8.5
      vertex 36.2779 68.6575 8.5
      vertex 26.1647 68.8467 8.5
    endloop
  endfacet
  facet normal 0 0 1
    outer loop
      vertex 36.2779 68.6575 8.5
      vertex 26.7221 68.6575 8.5
      vertex 35.75 68.3971 8.5
    endloop
  endfacet
  facet normal -0 -0 1
    outer loop
      vertex 16.2716 76.648 8.5
      vertex 26.1647 68.8467 8.5
      vertex 16.0981 77 8.5
    endloop
  endfacet
  facet normal 0 0 1
    outer loop
      vertex 26.1647 68.8467 8.5
      vertex 16.2716 76.648 8.5
      vertex 25.5874 68.9615 8.5
    endloop
  endfacet
  facet normal 0 0 1
    outer loop
      vertex 25.5874 68.9615 8.5
      vertex 16.3978 76.2765 8.5
      vertex 25 69 8.5
    endloop
  endfacet
  facet normal 0 0 1
    outer loop
      vertex 20.6533 29.6647 8.5
      vertex 16.5 17.5 8.5
      vertex 20.5385 29.0874 8.5
    endloop
  endfacet
  facet normal -0 0 1
    outer loop
      vertex 15.6213 73.3787 8.5
      vertex 21.818 67.682 8.5
      vertex 15.8801 73.6737 8.5
    endloop
  endfacet
  facet normal 0 0 1
    outer loop
      vertex 22.2606 68.0701 8.5
      vertex 15.8801 73.6737 8.5
      vertex 21.818 67.682 8.5
    endloop
  endfacet
  facet normal -0 0 1
    outer loop
      vertex 15.8801 73.6737 8.5
      vertex 22.2606 68.0701 8.5
      vertex 16.0981 74 8.5
    endloop
  endfacet
  facet normal 0 0 1
    outer loop
      vertex 22.75 68.3971 8.5
      vertex 16.0981 74 8.5
      vertex 22.2606 68.0701 8.5
    endloop
  endfacet
  facet normal -0 0 1
    outer loop
      vertex 16.0981 74 8.5
      vertex 22.75 68.3971 8.5
      vertex 16.2716 74.352 8.5
    endloop
  endfacet
  facet normal 0 0 1
    outer loop
      vertex 23.2779 68.6575 8.5
      vertex 16.2716 74.352 8.5
      vertex 22.75 68.3971 8.5
    endloop
  endfacet
  facet normal -0 0 1
    outer loop
      vertex 16.2716 74.352 8.5
      vertex 23.2779 68.6575 8.5
      vertex 16.3978 74.7235 8.5
    endloop
  endfacet
  facet normal -0 0 1
    outer loop
      vertex 16.3978 74.7235 8.5
      vertex 23.2779 68.6575 8.5
      vertex 16.4743 75.1084 8.5
    endloop
  endfacet
  facet normal 0 0 1
    outer loop
      vertex 23.8353 68.8467 8.5
      vertex 16.4743 75.1084 8.5
      vertex 23.2779 68.6575 8.5
    endloop
  endfacet
  facet normal -0 -0 1
    outer loop
      vertex 16.4743 75.8916 8.5
      vertex 25 69 8.5
      vertex 16.3978 76.2765 8.5
    endloop
  endfacet
  facet normal -0 0 1
    outer loop
      vertex 16.4743 75.1084 8.5
      vertex 23.8353 68.8467 8.5
      vertex 16.5 75.5 8.5
    endloop
  endfacet
  facet normal 0 0 1
    outer loop
      vertex 24.4126 68.9615 8.5
      vertex 16.5 75.5 8.5
      vertex 23.8353 68.8467 8.5
    endloop
  endfacet
  facet normal -0 -0 1
    outer loop
      vertex 16.5 75.5 8.5
      vertex 24.4126 68.9615 8.5
      vertex 16.4743 75.8916 8.5
    endloop
  endfacet
  facet normal 0 0 1
    outer loop
      vertex 25 69 8.5
      vertex 16.4743 75.8916 8.5
      vertex 24.4126 68.9615 8.5
    endloop
  endfacet
  facet normal -0 -0 1
    outer loop
      vertex 16.3978 76.2765 8.5
      vertex 25.5874 68.9615 8.5
      vertex 16.2716 76.648 8.5
    endloop
  endfacet
  facet normal 0 -0 1
    outer loop
      vertex 26.1647 68.8467 8.5
      vertex 36.8353 68.8467 8.5
      vertex 16.0981 77 8.5
    endloop
  endfacet
  facet normal -0 -0 1
    outer loop
      vertex 16.0981 77 8.5
      vertex 36.8353 68.8467 8.5
      vertex 15.8801 77.3263 8.5
    endloop
  endfacet
  facet normal 0 0 1
    outer loop
      vertex 15.6213 77.6213 8.5
      vertex 9.6 85.5 8.5
      vertex 15.3263 77.8801 8.5
    endloop
  endfacet
  facet normal 0 0 1
    outer loop
      vertex 15.3263 77.8801 8.5
      vertex 9.6 85.5 8.5
      vertex 15 78.0981 8.5
    endloop
  endfacet
  facet normal 0 0 1
    outer loop
      vertex 15 78.0981 8.5
      vertex 9.6 85.5 8.5
      vertex 14.648 78.2716 8.5
    endloop
  endfacet
  facet normal 0 0 1
    outer loop
      vertex 14.648 78.2716 8.5
      vertex 9.6 85.5 8.5
      vertex 14.2765 78.3978 8.5
    endloop
  endfacet
  facet normal 0 0 1
    outer loop
      vertex 14.2765 78.3978 8.5
      vertex 9.6 85.5 8.5
      vertex 13.8916 78.4743 8.5
    endloop
  endfacet
  facet normal 0 0 1
    outer loop
      vertex 13.8916 78.4743 8.5
      vertex 9.6 85.5 8.5
      vertex 13.5 78.5 8.5
    endloop
  endfacet
  facet normal 0 0 1
    outer loop
      vertex 13.5 78.5 8.5
      vertex 9.6 85.5 8.5
      vertex 13.1084 78.4743 8.5
    endloop
  endfacet
  facet normal 0 0 1
    outer loop
      vertex 10.5257 75.8916 8.5
      vertex 9.6 75.5 8.5
      vertex 10.5 75.5 8.5
    endloop
  endfacet
  facet normal 0 0 1
    outer loop
      vertex 10.6022 76.2765 8.5
      vertex 9.6 75.5 8.5
      vertex 10.5257 75.8916 8.5
    endloop
  endfacet
  facet normal 0 0 1
    outer loop
      vertex 10.7284 76.648 8.5
      vertex 9.6 75.5 8.5
      vertex 10.6022 76.2765 8.5
    endloop
  endfacet
  facet normal 0 0 1
    outer loop
      vertex 10.9019 77 8.5
      vertex 9.6 75.5 8.5
      vertex 10.7284 76.648 8.5
    endloop
  endfacet
  facet normal 0 0 1
    outer loop
      vertex 9.6 75.5 8.5
      vertex 10.9019 77 8.5
      vertex 9.6 85.5 8.5
    endloop
  endfacet
  facet normal 0 0 1
    outer loop
      vertex 11.1199 77.3263 8.5
      vertex 9.6 85.5 8.5
      vertex 10.9019 77 8.5
    endloop
  endfacet
  facet normal 0 0 1
    outer loop
      vertex 11.3787 77.6213 8.5
      vertex 9.6 85.5 8.5
      vertex 11.1199 77.3263 8.5
    endloop
  endfacet
  facet normal 0 0 1
    outer loop
      vertex 11.6737 77.8801 8.5
      vertex 9.6 85.5 8.5
      vertex 11.3787 77.6213 8.5
    endloop
  endfacet
  facet normal 0 0 1
    outer loop
      vertex 12 78.0981 8.5
      vertex 9.6 85.5 8.5
      vertex 11.6737 77.8801 8.5
    endloop
  endfacet
  facet normal 0 0 1
    outer loop
      vertex 12.3519 78.2716 8.5
      vertex 9.6 85.5 8.5
      vertex 12 78.0981 8.5
    endloop
  endfacet
  facet normal 0 0 1
    outer loop
      vertex 12.7235 78.3978 8.5
      vertex 9.6 85.5 8.5
      vertex 12.3519 78.2716 8.5
    endloop
  endfacet
  facet normal 0 0 1
    outer loop
      vertex 13.1084 78.4743 8.5
      vertex 9.6 85.5 8.5
      vertex 12.7235 78.3978 8.5
    endloop
  endfacet
  facet normal -0 0 1
    outer loop
      vertex 3 93 8.5
      vertex 9.6 85.5 8.5
      vertex 73 93 8.5
    endloop
  endfacet
  facet normal 0 0 1
    outer loop
      vertex 0 90 8.5
      vertex 6.4 75.5 8.5
      vertex 6.4 85.5 8.5
    endloop
  endfacet
  facet normal 0 0 1
    outer loop
      vertex 6.4 75.5 8.5
      vertex 0 90 8.5
      vertex 6.4 17.5 8.5
    endloop
  endfacet
  facet normal -0 0 1
    outer loop
      vertex 0 90 8.5
      vertex 6.4 85.5 8.5
      vertex 3 93 8.5
    endloop
  endfacet
  facet normal 0 0 1
    outer loop
      vertex 9.6 85.5 8.5
      vertex 3 93 8.5
      vertex 6.4 85.5 8.5
    endloop
  endfacet
  facet normal 0 0 1
    outer loop
      vertex 74.5 0.401923 8.5
      vertex 73 0 8.5
      vertex 74.148 0.228361 8.5
    endloop
  endfacet
  facet normal 0 0 1
    outer loop
      vertex 74.148 0.228361 8.5
      vertex 73 0 8.5
      vertex 73.7765 0.102222 8.5
    endloop
  endfacet
  facet normal 0 0 1
    outer loop
      vertex 73.7765 0.102222 8.5
      vertex 73 0 8.5
      vertex 73.3916 0.0256653 8.5
    endloop
  endfacet
  facet normal -0 0 1
    outer loop
      vertex 66.4 7.5 8.5
      vertex 73 0 8.5
      vertex 69.6 7.5 8.5
    endloop
  endfacet
  facet normal 0 0 1
    outer loop
      vertex 65.4743 17.1084 8.5
      vertex 66.4 17.5 8.5
      vertex 65.5 17.5 8.5
    endloop
  endfacet
  facet normal 0 0 1
    outer loop
      vertex 65.3978 16.7235 8.5
      vertex 66.4 17.5 8.5
      vertex 65.4743 17.1084 8.5
    endloop
  endfacet
  facet normal 0 0 1
    outer loop
      vertex 65.2716 16.3519 8.5
      vertex 66.4 17.5 8.5
      vertex 65.3978 16.7235 8.5
    endloop
  endfacet
  facet normal 0 0 1
    outer loop
      vertex 65.0981 16 8.5
      vertex 66.4 17.5 8.5
      vertex 65.2716 16.3519 8.5
    endloop
  endfacet
  facet normal 0 0 1
    outer loop
      vertex 66.4 17.5 8.5
      vertex 65.0981 16 8.5
      vertex 66.4 7.5 8.5
    endloop
  endfacet
  facet normal -0 0 1
    outer loop
      vertex 64.8801 15.6737 8.5
      vertex 66.4 7.5 8.5
      vertex 65.0981 16 8.5
    endloop
  endfacet
  facet normal -0 0 1
    outer loop
      vertex 64.6213 15.3787 8.5
      vertex 66.4 7.5 8.5
      vertex 64.8801 15.6737 8.5
    endloop
  endfacet
  facet normal -0 0 1
    outer loop
      vertex 64.3263 15.1199 8.5
      vertex 66.4 7.5 8.5
      vertex 64.6213 15.3787 8.5
    endloop
  endfacet
  facet normal -0 0 1
    outer loop
      vertex 64 14.9019 8.5
      vertex 66.4 7.5 8.5
      vertex 64.3263 15.1199 8.5
    endloop
  endfacet
  facet normal -0 0 1
    outer loop
      vertex 63.648 14.7284 8.5
      vertex 66.4 7.5 8.5
      vertex 64 14.9019 8.5
    endloop
  endfacet
  facet normal -0 0 1
    outer loop
      vertex 63.2765 14.6022 8.5
      vertex 66.4 7.5 8.5
      vertex 63.648 14.7284 8.5
    endloop
  endfacet
  facet normal -0 0 1
    outer loop
      vertex 62.8916 14.5257 8.5
      vertex 66.4 7.5 8.5
      vertex 63.2765 14.6022 8.5
    endloop
  endfacet
  facet normal -0 0 1
    outer loop
      vertex 62.5 14.5 8.5
      vertex 66.4 7.5 8.5
      vertex 62.8916 14.5257 8.5
    endloop
  endfacet
  facet normal 0 0 1
    outer loop
      vertex 62.1084 14.5257 8.5
      vertex 66.4 7.5 8.5
      vertex 62.5 14.5 8.5
    endloop
  endfacet
  facet normal 0 0 1
    outer loop
      vertex 61.7235 14.6022 8.5
      vertex 66.4 7.5 8.5
      vertex 62.1084 14.5257 8.5
    endloop
  endfacet
  facet normal 0 0 1
    outer loop
      vertex 61.352 14.7284 8.5
      vertex 66.4 7.5 8.5
      vertex 61.7235 14.6022 8.5
    endloop
  endfacet
  facet normal 0 0 1
    outer loop
      vertex 61 14.9019 8.5
      vertex 66.4 7.5 8.5
      vertex 61.352 14.7284 8.5
    endloop
  endfacet
  facet normal 0 0 1
    outer loop
      vertex 60.6737 15.1199 8.5
      vertex 66.4 7.5 8.5
      vertex 61 14.9019 8.5
    endloop
  endfacet
  facet normal 0 0 1
    outer loop
      vertex 60.3787 15.3787 8.5
      vertex 66.4 7.5 8.5
      vertex 60.6737 15.1199 8.5
    endloop
  endfacet
  facet normal 0 0 1
    outer loop
      vertex 38.5874 24.0385 8.5
      vertex 60.3787 15.3787 8.5
      vertex 60.1199 15.6737 8.5
    endloop
  endfacet
  facet normal -0 0 1
    outer loop
      vertex 54.182 25.318 8.5
      vertex 60.3787 19.6213 8.5
      vertex 54.5701 25.7606 8.5
    endloop
  endfacet
  facet normal 0 0 1
    outer loop
      vertex 60.3787 19.6213 8.5
      vertex 54.182 25.318 8.5
      vertex 60.1199 19.3263 8.5
    endloop
  endfacet
  facet normal -0 0 1
    outer loop
      vertex 53.7394 24.9299 8.5
      vertex 60.1199 19.3263 8.5
      vertex 54.182 25.318 8.5
    endloop
  endfacet
  facet normal 0 0 1
    outer loop
      vertex 60.1199 19.3263 8.5
      vertex 53.7394 24.9299 8.5
      vertex 59.9019 19 8.5
    endloop
  endfacet
  facet normal -0 0 1
    outer loop
      vertex 53.25 24.6029 8.5
      vertex 59.9019 19 8.5
      vertex 53.7394 24.9299 8.5
    endloop
  endfacet
  facet normal 0 0 1
    outer loop
      vertex 59.9019 19 8.5
      vertex 53.25 24.6029 8.5
      vertex 59.7284 18.648 8.5
    endloop
  endfacet
  facet normal -0 0 1
    outer loop
      vertex 52.7221 24.3425 8.5
      vertex 59.7284 18.648 8.5
      vertex 53.25 24.6029 8.5
    endloop
  endfacet
  facet normal 0 0 1
    outer loop
      vertex 59.7284 18.648 8.5
      vertex 52.7221 24.3425 8.5
      vertex 59.6022 18.2765 8.5
    endloop
  endfacet
  facet normal 0 0 1
    outer loop
      vertex 59.6022 18.2765 8.5
      vertex 52.7221 24.3425 8.5
      vertex 59.5257 17.8916 8.5
    endloop
  endfacet
  facet normal -0 0 1
    outer loop
      vertex 52.1647 24.1533 8.5
      vertex 59.5257 17.8916 8.5
      vertex 52.7221 24.3425 8.5
    endloop
  endfacet
  facet normal 0 0 1
    outer loop
      vertex 59.5257 17.8916 8.5
      vertex 52.1647 24.1533 8.5
      vertex 59.5 17.5 8.5
    endloop
  endfacet
  facet normal -0 0 1
    outer loop
      vertex 51.5874 24.0385 8.5
      vertex 59.5 17.5 8.5
      vertex 52.1647 24.1533 8.5
    endloop
  endfacet
  facet normal 0 0 1
    outer loop
      vertex 59.5 17.5 8.5
      vertex 51.5874 24.0385 8.5
      vertex 59.5257 17.1084 8.5
    endloop
  endfacet
  facet normal -0 0 1
    outer loop
      vertex 51 24 8.5
      vertex 59.5257 17.1084 8.5
      vertex 51.5874 24.0385 8.5
    endloop
  endfacet
  facet normal 0 0 1
    outer loop
      vertex 59.5257 17.1084 8.5
      vertex 51 24 8.5
      vertex 59.6022 16.7235 8.5
    endloop
  endfacet
  facet normal 0 0 1
    outer loop
      vertex 50.4126 24.0385 8.5
      vertex 59.6022 16.7235 8.5
      vertex 51 24 8.5
    endloop
  endfacet
  facet normal 0 0 1
    outer loop
      vertex 59.6022 16.7235 8.5
      vertex 50.4126 24.0385 8.5
      vertex 59.7284 16.3519 8.5
    endloop
  endfacet
  facet normal 0 0 1
    outer loop
      vertex 49.8353 24.1533 8.5
      vertex 59.7284 16.3519 8.5
      vertex 50.4126 24.0385 8.5
    endloop
  endfacet
  facet normal 0 0 1
    outer loop
      vertex 59.7284 16.3519 8.5
      vertex 49.8353 24.1533 8.5
      vertex 59.9019 16 8.5
    endloop
  endfacet
  facet normal -0 0 1
    outer loop
      vertex 39.1647 24.1533 8.5
      vertex 59.9019 16 8.5
      vertex 49.8353 24.1533 8.5
    endloop
  endfacet
  facet normal 0 0 1
    outer loop
      vertex 59.9019 16 8.5
      vertex 39.1647 24.1533 8.5
      vertex 60.1199 15.6737 8.5
    endloop
  endfacet
  facet normal -0 0 1
    outer loop
      vertex 38.5874 24.0385 8.5
      vertex 60.1199 15.6737 8.5
      vertex 39.1647 24.1533 8.5
    endloop
  endfacet
  facet normal 0 0 1
    outer loop
      vertex 39.1647 24.1533 8.5
      vertex 49.8353 24.1533 8.5
      vertex 49.2779 24.3425 8.5
    endloop
  endfacet
  facet normal 0 0 1
    outer loop
      vertex 39.7221 24.3425 8.5
      vertex 49.2779 24.3425 8.5
      vertex 48.75 24.6029 8.5
    endloop
  endfacet
  facet normal 0 0 1
    outer loop
      vertex 40.25 24.6029 8.5
      vertex 48.75 24.6029 8.5
      vertex 48.2606 24.9299 8.5
    endloop
  endfacet
  facet normal 0 0 1
    outer loop
      vertex 40.7394 24.9299 8.5
      vertex 48.2606 24.9299 8.5
      vertex 47.818 25.318 8.5
    endloop
  endfacet
  facet normal 0 0 1
    outer loop
      vertex 46.5385 29.0874 8.5
      vertex 42.5 28.5 8.5
      vertex 46.5 28.5 8.5
    endloop
  endfacet
  facet normal 0 0 1
    outer loop
      vertex 46.5 28.5 8.5
      vertex 42.5 28.5 8.5
      vertex 46.5385 27.9126 8.5
    endloop
  endfacet
  facet normal 0 0 1
    outer loop
      vertex 42.4615 27.9126 8.5
      vertex 46.5385 27.9126 8.5
      vertex 42.5 28.5 8.5
    endloop
  endfacet
  facet normal 0 0 1
    outer loop
      vertex 46.5385 27.9126 8.5
      vertex 42.4615 27.9126 8.5
      vertex 46.6533 27.3353 8.5
    endloop
  endfacet
  facet normal 0 0 1
    outer loop
      vertex 42.3467 27.3353 8.5
      vertex 46.6533 27.3353 8.5
      vertex 42.4615 27.9126 8.5
    endloop
  endfacet
  facet normal 0 0 1
    outer loop
      vertex 46.6533 27.3353 8.5
      vertex 42.3467 27.3353 8.5
      vertex 46.8425 26.7779 8.5
    endloop
  endfacet
  facet normal 0 0 1
    outer loop
      vertex 42.1575 26.7779 8.5
      vertex 46.8425 26.7779 8.5
      vertex 42.3467 27.3353 8.5
    endloop
  endfacet
  facet normal 0 0 1
    outer loop
      vertex 46.8425 26.7779 8.5
      vertex 42.1575 26.7779 8.5
      vertex 47.1029 26.25 8.5
    endloop
  endfacet
  facet normal 0 0 1
    outer loop
      vertex 41.8971 26.25 8.5
      vertex 47.1029 26.25 8.5
      vertex 42.1575 26.7779 8.5
    endloop
  endfacet
  facet normal 0 0 1
    outer loop
      vertex 47.1029 26.25 8.5
      vertex 41.8971 26.25 8.5
      vertex 47.4299 25.7606 8.5
    endloop
  endfacet
  facet normal 0 0 1
    outer loop
      vertex 41.5701 25.7606 8.5
      vertex 47.4299 25.7606 8.5
      vertex 41.8971 26.25 8.5
    endloop
  endfacet
  facet normal 0 0 1
    outer loop
      vertex 47.4299 25.7606 8.5
      vertex 41.5701 25.7606 8.5
      vertex 47.818 25.318 8.5
    endloop
  endfacet
  facet normal 0 0 1
    outer loop
      vertex 41.182 25.318 8.5
      vertex 47.818 25.318 8.5
      vertex 41.5701 25.7606 8.5
    endloop
  endfacet
  facet normal 0 0 1
    outer loop
      vertex 40.7394 24.9299 8.5
      vertex 47.818 25.318 8.5
      vertex 41.182 25.318 8.5
    endloop
  endfacet
  facet normal 0 0 1
    outer loop
      vertex 48.2606 24.9299 8.5
      vertex 40.7394 24.9299 8.5
      vertex 40.25 24.6029 8.5
    endloop
  endfacet
  facet normal 0 0 1
    outer loop
      vertex 48.75 24.6029 8.5
      vertex 40.25 24.6029 8.5
      vertex 39.7221 24.3425 8.5
    endloop
  endfacet
  facet normal 0 0 1
    outer loop
      vertex 49.2779 24.3425 8.5
      vertex 39.7221 24.3425 8.5
      vertex 39.1647 24.1533 8.5
    endloop
  endfacet
  facet normal 0 0 1
    outer loop
      vertex 60.3787 15.3787 8.5
      vertex 38.5874 24.0385 8.5
      vertex 38 24 8.5
    endloop
  endfacet
  facet normal 0 0 1
    outer loop
      vertex 60.3787 15.3787 8.5
      vertex 38 24 8.5
      vertex 66.4 7.5 8.5
    endloop
  endfacet
  facet normal 0 0 1
    outer loop
      vertex 9.6 7.5 8.5
      vertex 66.4 7.5 8.5
      vertex 38 24 8.5
    endloop
  endfacet
  facet normal 0 0 1
    outer loop
      vertex 15.6213 15.3787 8.5
      vertex 38 24 8.5
      vertex 37.4126 24.0385 8.5
    endloop
  endfacet
  facet normal 0 0 1
    outer loop
      vertex 15.8801 15.6737 8.5
      vertex 37.4126 24.0385 8.5
      vertex 36.8353 24.1533 8.5
    endloop
  endfacet
  facet normal 0 0 1
    outer loop
      vertex 26.1647 24.1533 8.5
      vertex 36.8353 24.1533 8.5
      vertex 36.2779 24.3425 8.5
    endloop
  endfacet
  facet normal 0 0 1
    outer loop
      vertex 26.7221 24.3425 8.5
      vertex 36.2779 24.3425 8.5
      vertex 35.75 24.6029 8.5
    endloop
  endfacet
  facet normal 0 0 1
    outer loop
      vertex 33.5385 29.0874 8.5
      vertex 29.5 28.5 8.5
      vertex 33.5 28.5 8.5
    endloop
  endfacet
  facet normal 0 0 1
    outer loop
      vertex 33.5 28.5 8.5
      vertex 29.5 28.5 8.5
      vertex 33.5385 27.9126 8.5
    endloop
  endfacet
  facet normal 0 0 1
    outer loop
      vertex 29.4615 27.9126 8.5
      vertex 33.5385 27.9126 8.5
      vertex 29.5 28.5 8.5
    endloop
  endfacet
  facet normal 0 0 1
    outer loop
      vertex 33.5385 27.9126 8.5
      vertex 29.4615 27.9126 8.5
      vertex 33.6533 27.3353 8.5
    endloop
  endfacet
  facet normal 0 0 1
    outer loop
      vertex 29.3467 27.3353 8.5
      vertex 33.6533 27.3353 8.5
      vertex 29.4615 27.9126 8.5
    endloop
  endfacet
  facet normal 0 0 1
    outer loop
      vertex 33.6533 27.3353 8.5
      vertex 29.3467 27.3353 8.5
      vertex 33.8425 26.7779 8.5
    endloop
  endfacet
  facet normal 0 0 1
    outer loop
      vertex 29.1575 26.7779 8.5
      vertex 33.8425 26.7779 8.5
      vertex 29.3467 27.3353 8.5
    endloop
  endfacet
  facet normal 0 0 1
    outer loop
      vertex 33.8425 26.7779 8.5
      vertex 29.1575 26.7779 8.5
      vertex 34.1029 26.25 8.5
    endloop
  endfacet
  facet normal 0 0 1
    outer loop
      vertex 28.8971 26.25 8.5
      vertex 34.1029 26.25 8.5
      vertex 29.1575 26.7779 8.5
    endloop
  endfacet
  facet normal 0 0 1
    outer loop
      vertex 34.1029 26.25 8.5
      vertex 28.8971 26.25 8.5
      vertex 34.4299 25.7606 8.5
    endloop
  endfacet
  facet normal 0 0 1
    outer loop
      vertex 28.5701 25.7606 8.5
      vertex 34.4299 25.7606 8.5
      vertex 28.8971 26.25 8.5
    endloop
  endfacet
  facet normal 0 0 1
    outer loop
      vertex 34.4299 25.7606 8.5
      vertex 28.5701 25.7606 8.5
      vertex 34.818 25.318 8.5
    endloop
  endfacet
  facet normal 0 0 1
    outer loop
      vertex 28.182 25.318 8.5
      vertex 34.818 25.318 8.5
      vertex 28.5701 25.7606 8.5
    endloop
  endfacet
  facet normal 0 0 1
    outer loop
      vertex 34.818 25.318 8.5
      vertex 28.182 25.318 8.5
      vertex 35.2606 24.9299 8.5
    endloop
  endfacet
  facet normal 0 0 1
    outer loop
      vertex 27.7394 24.9299 8.5
      vertex 35.2606 24.9299 8.5
      vertex 28.182 25.318 8.5
    endloop
  endfacet
  facet normal 0 0 1
    outer loop
      vertex 35.2606 24.9299 8.5
      vertex 27.7394 24.9299 8.5
      vertex 35.75 24.6029 8.5
    endloop
  endfacet
  facet normal 0 0 1
    outer loop
      vertex 27.25 24.6029 8.5
      vertex 35.75 24.6029 8.5
      vertex 27.7394 24.9299 8.5
    endloop
  endfacet
  facet normal 0 0 1
    outer loop
      vertex 26.7221 24.3425 8.5
      vertex 35.75 24.6029 8.5
      vertex 27.25 24.6029 8.5
    endloop
  endfacet
  facet normal 0 0 1
    outer loop
      vertex 36.2779 24.3425 8.5
      vertex 26.7221 24.3425 8.5
      vertex 26.1647 24.1533 8.5
    endloop
  endfacet
  facet normal 0 0 1
    outer loop
      vertex 36.8353 24.1533 8.5
      vertex 26.1647 24.1533 8.5
      vertex 16.0981 16 8.5
    endloop
  endfacet
  facet normal 0 0 1
    outer loop
      vertex 16.2716 16.3519 8.5
      vertex 26.1647 24.1533 8.5
      vertex 25.5874 24.0385 8.5
    endloop
  endfacet
  facet normal 0 0 1
    outer loop
      vertex 16.3978 16.7235 8.5
      vertex 25.5874 24.0385 8.5
      vertex 25 24 8.5
    endloop
  endfacet
  facet normal 0 0 1
    outer loop
      vertex 16.4743 17.1084 8.5
      vertex 25 24 8.5
      vertex 24.4126 24.0385 8.5
    endloop
  endfacet
  facet normal 0 0 1
    outer loop
      vertex 16.5 17.5 8.5
      vertex 24.4126 24.0385 8.5
      vertex 23.8353 24.1533 8.5
    endloop
  endfacet
  facet normal 0 0 1
    outer loop
      vertex 16.5 17.5 8.5
      vertex 23.8353 24.1533 8.5
      vertex 23.2779 24.3425 8.5
    endloop
  endfacet
  facet normal 0 0 1
    outer loop
      vertex 20.5385 29.0874 8.5
      vertex 16.5 17.5 8.5
      vertex 20.5 28.5 8.5
    endloop
  endfacet
  facet normal 0 0 1
    outer loop
      vertex 20.5 28.5 8.5
      vertex 16.5 17.5 8.5
      vertex 20.5385 27.9126 8.5
    endloop
  endfacet
  facet normal 0 0 1
    outer loop
      vertex 16.5 17.5 8.5
      vertex 20.6533 27.3353 8.5
      vertex 20.5385 27.9126 8.5
    endloop
  endfacet
  facet normal 0 0 1
    outer loop
      vertex 16.5 17.5 8.5
      vertex 20.8425 26.7779 8.5
      vertex 20.6533 27.3353 8.5
    endloop
  endfacet
  facet normal 0 0 1
    outer loop
      vertex 16.5 17.5 8.5
      vertex 21.1029 26.25 8.5
      vertex 20.8425 26.7779 8.5
    endloop
  endfacet
  facet normal 0 0 1
    outer loop
      vertex 16.5 17.5 8.5
      vertex 21.4299 25.7606 8.5
      vertex 21.1029 26.25 8.5
    endloop
  endfacet
  facet normal 0 0 1
    outer loop
      vertex 16.5 17.5 8.5
      vertex 21.818 25.318 8.5
      vertex 21.4299 25.7606 8.5
    endloop
  endfacet
  facet normal 0 0 1
    outer loop
      vertex 16.5 17.5 8.5
      vertex 22.2606 24.9299 8.5
      vertex 21.818 25.318 8.5
    endloop
  endfacet
  facet normal 0 0 1
    outer loop
      vertex 16.5 17.5 8.5
      vertex 22.75 24.6029 8.5
      vertex 22.2606 24.9299 8.5
    endloop
  endfacet
  facet normal 0 0 1
    outer loop
      vertex 16.5 17.5 8.5
      vertex 23.2779 24.3425 8.5
      vertex 22.75 24.6029 8.5
    endloop
  endfacet
  facet normal 0 0 1
    outer loop
      vertex 24.4126 24.0385 8.5
      vertex 16.5 17.5 8.5
      vertex 16.4743 17.1084 8.5
    endloop
  endfacet
  facet normal 0 0 1
    outer loop
      vertex 25 24 8.5
      vertex 16.4743 17.1084 8.5
      vertex 16.3978 16.7235 8.5
    endloop
  endfacet
  facet normal 0 0 1
    outer loop
      vertex 25.5874 24.0385 8.5
      vertex 16.3978 16.7235 8.5
      vertex 16.2716 16.3519 8.5
    endloop
  endfacet
  facet normal 0 0 1
    outer loop
      vertex 26.1647 24.1533 8.5
      vertex 16.2716 16.3519 8.5
      vertex 16.0981 16 8.5
    endloop
  endfacet
  facet normal 0 0 1
    outer loop
      vertex 36.8353 24.1533 8.5
      vertex 16.0981 16 8.5
      vertex 15.8801 15.6737 8.5
    endloop
  endfacet
  facet normal 0 0 1
    outer loop
      vertex 37.4126 24.0385 8.5
      vertex 15.8801 15.6737 8.5
      vertex 15.6213 15.3787 8.5
    endloop
  endfacet
  facet normal 0 0 1
    outer loop
      vertex 38 24 8.5
      vertex 15.6213 15.3787 8.5
      vertex 9.6 7.5 8.5
    endloop
  endfacet
  facet normal 0 0 1
    outer loop
      vertex 9.6 7.5 8.5
      vertex 15.6213 15.3787 8.5
      vertex 15.3263 15.1199 8.5
    endloop
  endfacet
  facet normal 0 0 1
    outer loop
      vertex 9.6 7.5 8.5
      vertex 15.3263 15.1199 8.5
      vertex 15 14.9019 8.5
    endloop
  endfacet
  facet normal 0 0 1
    outer loop
      vertex 9.6 7.5 8.5
      vertex 15 14.9019 8.5
      vertex 14.648 14.7284 8.5
    endloop
  endfacet
  facet normal 0 0 1
    outer loop
      vertex 9.6 7.5 8.5
      vertex 14.648 14.7284 8.5
      vertex 14.2765 14.6022 8.5
    endloop
  endfacet
  facet normal 0 0 1
    outer loop
      vertex 9.6 7.5 8.5
      vertex 14.2765 14.6022 8.5
      vertex 13.8916 14.5257 8.5
    endloop
  endfacet
  facet normal 0 0 1
    outer loop
      vertex 9.6 7.5 8.5
      vertex 13.8916 14.5257 8.5
      vertex 13.5 14.5 8.5
    endloop
  endfacet
  facet normal 0 0 1
    outer loop
      vertex 9.6 7.5 8.5
      vertex 13.5 14.5 8.5
      vertex 13.1084 14.5257 8.5
    endloop
  endfacet
  facet normal 0 0 1
    outer loop
      vertex 9.6 7.5 8.5
      vertex 13.1084 14.5257 8.5
      vertex 12.7235 14.6022 8.5
    endloop
  endfacet
  facet normal 0 0 1
    outer loop
      vertex 10.6022 18.2765 8.5
      vertex 9.6 17.5 8.5
      vertex 10.5257 17.8916 8.5
    endloop
  endfacet
  facet normal 0 0 1
    outer loop
      vertex 10.5257 17.8916 8.5
      vertex 9.6 17.5 8.5
      vertex 10.5 17.5 8.5
    endloop
  endfacet
  facet normal -0 0 1
    outer loop
      vertex 9.6 17.5 8.5
      vertex 10.5257 17.1084 8.5
      vertex 10.5 17.5 8.5
    endloop
  endfacet
  facet normal 0 0 1
    outer loop
      vertex 9.6 17.5 8.5
      vertex 10.6022 16.7235 8.5
      vertex 10.5257 17.1084 8.5
    endloop
  endfacet
  facet normal 0 0 1
    outer loop
      vertex 9.6 17.5 8.5
      vertex 10.7284 16.3519 8.5
      vertex 10.6022 16.7235 8.5
    endloop
  endfacet
  facet normal 0 0 1
    outer loop
      vertex 9.6 17.5 8.5
      vertex 10.9019 16 8.5
      vertex 10.7284 16.3519 8.5
    endloop
  endfacet
  facet normal 0 0 1
    outer loop
      vertex 9.6 7.5 8.5
      vertex 10.9019 16 8.5
      vertex 9.6 17.5 8.5
    endloop
  endfacet
  facet normal 0 0 1
    outer loop
      vertex 10.9019 16 8.5
      vertex 9.6 7.5 8.5
      vertex 11.1199 15.6737 8.5
    endloop
  endfacet
  facet normal 0 0 1
    outer loop
      vertex 9.6 7.5 8.5
      vertex 11.3787 15.3787 8.5
      vertex 11.1199 15.6737 8.5
    endloop
  endfacet
  facet normal 0 0 1
    outer loop
      vertex 9.6 7.5 8.5
      vertex 11.6737 15.1199 8.5
      vertex 11.3787 15.3787 8.5
    endloop
  endfacet
  facet normal 0 0 1
    outer loop
      vertex 9.6 7.5 8.5
      vertex 12 14.9019 8.5
      vertex 11.6737 15.1199 8.5
    endloop
  endfacet
  facet normal 0 0 1
    outer loop
      vertex 9.6 7.5 8.5
      vertex 12.3519 14.7284 8.5
      vertex 12 14.9019 8.5
    endloop
  endfacet
  facet normal 0 0 1
    outer loop
      vertex 9.6 7.5 8.5
      vertex 12.7235 14.6022 8.5
      vertex 12.3519 14.7284 8.5
    endloop
  endfacet
  facet normal 0 0 1
    outer loop
      vertex 66.4 7.5 8.5
      vertex 9.6 7.5 8.5
      vertex 73 0 8.5
    endloop
  endfacet
  facet normal 0 0 1
    outer loop
      vertex 3 0 8.5
      vertex 9.6 7.5 8.5
      vertex 6.4 7.5 8.5
    endloop
  endfacet
  facet normal 0 0 1
    outer loop
      vertex 9.6 7.5 8.5
      vertex 3 0 8.5
      vertex 73 0 8.5
    endloop
  endfacet
  facet normal 0 0 1
    outer loop
      vertex 0 3 8.5
      vertex 6.4 17.5 8.5
      vertex 0 90 8.5
    endloop
  endfacet
  facet normal 0 0 1
    outer loop
      vertex 0 90 8.5
      vertex 3 93 8.5
      vertex 2.60842 92.9743 8.5
    endloop
  endfacet
  facet normal 0 0 1
    outer loop
      vertex 6.4 17.5 8.5
      vertex 0 3 8.5
      vertex 6.4 7.5 8.5
    endloop
  endfacet
  facet normal 0 0 1
    outer loop
      vertex 0 90 8.5
      vertex 2.60842 92.9743 8.5
      vertex 2.22354 92.8978 8.5
    endloop
  endfacet
  facet normal 0 0 1
    outer loop
      vertex 6.4 7.5 8.5
      vertex 0 3 8.5
      vertex 3 0 8.5
    endloop
  endfacet
  facet normal 0 0 1
    outer loop
      vertex 0 90 8.5
      vertex 2.22354 92.8978 8.5
      vertex 1.85195 92.7716 8.5
    endloop
  endfacet
  facet normal 0 0 1
    outer loop
      vertex 3 0 8.5
      vertex 0 3 8.5
      vertex 2.60842 0.0256653 8.5
    endloop
  endfacet
  facet normal 0 0 1
    outer loop
      vertex 0 90 8.5
      vertex 1.85195 92.7716 8.5
      vertex 1.5 92.5981 8.5
    endloop
  endfacet
  facet normal 0 0 1
    outer loop
      vertex 2.60842 0.0256653 8.5
      vertex 0 3 8.5
      vertex 2.22354 0.102222 8.5
    endloop
  endfacet
  facet normal 0 0 1
    outer loop
      vertex 0 90 8.5
      vertex 1.5 92.5981 8.5
      vertex 1.17372 92.3801 8.5
    endloop
  endfacet
  facet normal 0 0 1
    outer loop
      vertex 2.22354 0.102222 8.5
      vertex 0 3 8.5
      vertex 1.85195 0.228361 8.5
    endloop
  endfacet
  facet normal 0 0 1
    outer loop
      vertex 0 90 8.5
      vertex 1.17372 92.3801 8.5
      vertex 0.878679 92.1213 8.5
    endloop
  endfacet
  facet normal 0 0 1
    outer loop
      vertex 1.85195 0.228361 8.5
      vertex 0 3 8.5
      vertex 1.5 0.401923 8.5
    endloop
  endfacet
  facet normal 0 0 1
    outer loop
      vertex 0 90 8.5
      vertex 0.878679 92.1213 8.5
      vertex 0.61994 91.8263 8.5
    endloop
  endfacet
  facet normal 0 0 1
    outer loop
      vertex 1.5 0.401923 8.5
      vertex 0 3 8.5
      vertex 1.17372 0.61994 8.5
    endloop
  endfacet
  facet normal 0 0 1
    outer loop
      vertex 0 90 8.5
      vertex 0.61994 91.8263 8.5
      vertex 0.401923 91.5 8.5
    endloop
  endfacet
  facet normal 0 0 1
    outer loop
      vertex 1.17372 0.61994 8.5
      vertex 0 3 8.5
      vertex 0.878679 0.878679 8.5
    endloop
  endfacet
  facet normal 0 0 1
    outer loop
      vertex 0 90 8.5
      vertex 0.401923 91.5 8.5
      vertex 0.228361 91.148 8.5
    endloop
  endfacet
  facet normal 0 0 1
    outer loop
      vertex 0.878679 0.878679 8.5
      vertex 0 3 8.5
      vertex 0.61994 1.17372 8.5
    endloop
  endfacet
  facet normal 0 0 1
    outer loop
      vertex 0 90 8.5
      vertex 0.228361 91.148 8.5
      vertex 0.102222 90.7765 8.5
    endloop
  endfacet
  facet normal 0 0 1
    outer loop
      vertex 0.61994 1.17372 8.5
      vertex 0 3 8.5
      vertex 0.401923 1.5 8.5
    endloop
  endfacet
  facet normal 0 0 1
    outer loop
      vertex 0 90 8.5
      vertex 0.102222 90.7765 8.5
      vertex 0.0256653 90.3916 8.5
    endloop
  endfacet
  facet normal 0 0 1
    outer loop
      vertex 0.401923 1.5 8.5
      vertex 0 3 8.5
      vertex 0.228361 1.85195 8.5
    endloop
  endfacet
  facet normal 0 0 1
    outer loop
      vertex 0.228361 1.85195 8.5
      vertex 0 3 8.5
      vertex 0.102222 2.22354 8.5
    endloop
  endfacet
  facet normal 0 0 1
    outer loop
      vertex 0.102222 2.22354 8.5
      vertex 0 3 8.5
      vertex 0.0256653 2.60842 8.5
    endloop
  endfacet
  facet normal 1 -0 0
    outer loop
      vertex 76 3 8.5
      vertex 76 90 4
      vertex 76 90 8.5
    endloop
  endfacet
  facet normal 1 0 0
    outer loop
      vertex 76 90 4
      vertex 76 3 8.5
      vertex 76 3 4
    endloop
  endfacet
  facet normal 0.555523 0.831501 -0
    outer loop
      vertex 74.8263 92.3801 4
      vertex 74.5 92.5981 8.5
      vertex 74.8263 92.3801 8.5
    endloop
  endfacet
  facet normal 0.555523 0.831501 0
    outer loop
      vertex 74.5 92.5981 8.5
      vertex 74.8263 92.3801 4
      vertex 74.5 92.5981 4
    endloop
  endfacet
  facet normal -0.946929 -0.321442 0
    outer loop
      vertex 0.228361 1.85195 4
      vertex 0.102222 2.22354 8.5
      vertex 0.102222 2.22354 4
    endloop
  endfacet
  facet normal -0.946929 -0.321442 0
    outer loop
      vertex 0.102222 2.22354 8.5
      vertex 0.228361 1.85195 4
      vertex 0.228361 1.85195 8.5
    endloop
  endfacet
  facet normal -0.195089 -0.980786 0
    outer loop
      vertex 2.22354 0.102222 4
      vertex 2.60842 0.0256653 8.5
      vertex 2.22354 0.102222 8.5
    endloop
  endfacet
  facet normal -0.195089 -0.980786 -0
    outer loop
      vertex 2.60842 0.0256653 8.5
      vertex 2.22354 0.102222 4
      vertex 2.60842 0.0256653 4
    endloop
  endfacet
  facet normal -0.896873 -0.442288 0
    outer loop
      vertex 0.401923 1.5 4
      vertex 0.228361 1.85195 8.5
      vertex 0.228361 1.85195 4
    endloop
  endfacet
  facet normal -0.896873 -0.442288 0
    outer loop
      vertex 0.228361 1.85195 8.5
      vertex 0.401923 1.5 4
      vertex 0.401923 1.5 8.5
    endloop
  endfacet
  facet normal -0.44216 0.896936 0
    outer loop
      vertex 1.85195 92.7716 4
      vertex 1.5 92.5981 8.5
      vertex 1.85195 92.7716 8.5
    endloop
  endfacet
  facet normal -0.44216 0.896936 0
    outer loop
      vertex 1.5 92.5981 8.5
      vertex 1.85195 92.7716 4
      vertex 1.5 92.5981 4
    endloop
  endfacet
  facet normal -0.321442 -0.946929 0
    outer loop
      vertex 1.85195 0.228361 4
      vertex 2.22354 0.102222 8.5
      vertex 1.85195 0.228361 8.5
    endloop
  endfacet
  facet normal -0.321442 -0.946929 -0
    outer loop
      vertex 2.22354 0.102222 8.5
      vertex 1.85195 0.228361 4
      vertex 2.22354 0.102222 4
    endloop
  endfacet
  facet normal -0.997859 -0.0654026 0
    outer loop
      vertex 0.0256653 2.60842 4
      vertex 0 3 8.5
      vertex 0 3 4
    endloop
  endfacet
  facet normal -0.997859 -0.0654026 0
    outer loop
      vertex 0 3 8.5
      vertex 0.0256653 2.60842 4
      vertex 0.0256653 2.60842 8.5
    endloop
  endfacet
  facet normal 0.980813 -0.19495 0
    outer loop
      vertex 75.8978 2.22354 8.5
      vertex 75.9743 2.60842 4
      vertex 75.9743 2.60842 8.5
    endloop
  endfacet
  facet normal 0.980813 -0.19495 0
    outer loop
      vertex 75.9743 2.60842 4
      vertex 75.8978 2.22354 8.5
      vertex 75.8978 2.22354 4
    endloop
  endfacet
  facet normal 0.321651 0.946858 -0
    outer loop
      vertex 74.148 92.7716 4
      vertex 73.7765 92.8978 8.5
      vertex 74.148 92.7716 8.5
    endloop
  endfacet
  facet normal 0.321651 0.946858 0
    outer loop
      vertex 73.7765 92.8978 8.5
      vertex 74.148 92.7716 4
      vertex 73.7765 92.8978 4
    endloop
  endfacet
  facet normal 0.946882 -0.321582 0
    outer loop
      vertex 75.7716 1.85195 8.5
      vertex 75.8978 2.22354 4
      vertex 75.8978 2.22354 8.5
    endloop
  endfacet
  facet normal 0.946882 -0.321582 0
    outer loop
      vertex 75.8978 2.22354 4
      vertex 75.7716 1.85195 8.5
      vertex 75.7716 1.85195 4
    endloop
  endfacet
  facet normal 0.997853 -0.0654906 0
    outer loop
      vertex 75.9743 2.60842 8.5
      vertex 76 3 4
      vertex 76 3 8.5
    endloop
  endfacet
  facet normal 0.997853 -0.0654906 0
    outer loop
      vertex 76 3 4
      vertex 75.9743 2.60842 8.5
      vertex 75.9743 2.60842 4
    endloop
  endfacet
  facet normal -0.751801 0.65939 0
    outer loop
      vertex 0.61994 91.8263 4
      vertex 0.878679 92.1213 8.5
      vertex 0.878679 92.1213 4
    endloop
  endfacet
  facet normal -0.751801 0.65939 0
    outer loop
      vertex 0.878679 92.1213 8.5
      vertex 0.61994 91.8263 4
      vertex 0.61994 91.8263 8.5
    endloop
  endfacet
  facet normal -0.831481 0.555553 0
    outer loop
      vertex 0.401923 91.5 4
      vertex 0.61994 91.8263 8.5
      vertex 0.61994 91.8263 4
    endloop
  endfacet
  facet normal -0.831481 0.555553 0
    outer loop
      vertex 0.61994 91.8263 8.5
      vertex 0.401923 91.5 4
      vertex 0.401923 91.5 8.5
    endloop
  endfacet
  facet normal 0.980815 0.19494 0
    outer loop
      vertex 75.9743 90.3916 8.5
      vertex 75.8978 90.7765 4
      vertex 75.8978 90.7765 8.5
    endloop
  endfacet
  facet normal 0.980815 0.19494 0
    outer loop
      vertex 75.8978 90.7765 4
      vertex 75.9743 90.3916 8.5
      vertex 75.9743 90.3916 4
    endloop
  endfacet
  facet normal 0.0654873 0.997853 -0
    outer loop
      vertex 73.3916 92.9743 4
      vertex 73 93 8.5
      vertex 73.3916 92.9743 8.5
    endloop
  endfacet
  facet normal 0.0654873 0.997853 0
    outer loop
      vertex 73 93 8.5
      vertex 73.3916 92.9743 4
      vertex 73 93 4
    endloop
  endfacet
  facet normal -0.555577 -0.831465 0
    outer loop
      vertex 1.17372 0.61994 4
      vertex 1.5 0.401923 8.5
      vertex 1.17372 0.61994 8.5
    endloop
  endfacet
  facet normal -0.555577 -0.831465 -0
    outer loop
      vertex 1.5 0.401923 8.5
      vertex 1.17372 0.61994 4
      vertex 1.5 0.401923 4
    endloop
  endfacet
  facet normal -0.751846 -0.659339 0
    outer loop
      vertex 0.878679 0.878679 4
      vertex 0.61994 1.17372 8.5
      vertex 0.61994 1.17372 4
    endloop
  endfacet
  facet normal -0.751846 -0.659339 0
    outer loop
      vertex 0.61994 1.17372 8.5
      vertex 0.878679 0.878679 4
      vertex 0.878679 0.878679 8.5
    endloop
  endfacet
  facet normal 0.946858 0.321651 0
    outer loop
      vertex 75.8978 90.7765 8.5
      vertex 75.7716 91.148 4
      vertex 75.7716 91.148 8.5
    endloop
  endfacet
  facet normal 0.946858 0.321651 0
    outer loop
      vertex 75.7716 91.148 4
      vertex 75.8978 90.7765 8.5
      vertex 75.8978 90.7765 4
    endloop
  endfacet
  facet normal -0.659426 0.751769 0
    outer loop
      vertex 1.17372 92.3801 4
      vertex 0.878679 92.1213 8.5
      vertex 1.17372 92.3801 8.5
    endloop
  endfacet
  facet normal -0.659426 0.751769 0
    outer loop
      vertex 0.878679 92.1213 8.5
      vertex 1.17372 92.3801 4
      vertex 0.878679 92.1213 4
    endloop
  endfacet
  facet normal -0.980786 -0.195089 0
    outer loop
      vertex 0.102222 2.22354 4
      vertex 0.0256653 2.60842 8.5
      vertex 0.0256653 2.60842 4
    endloop
  endfacet
  facet normal -0.980786 -0.195089 0
    outer loop
      vertex 0.0256653 2.60842 8.5
      vertex 0.102222 2.22354 4
      vertex 0.102222 2.22354 8.5
    endloop
  endfacet
  facet normal 0.0653993 -0.997859 0
    outer loop
      vertex 73 0 4
      vertex 73.3916 0.0256653 8.5
      vertex 73 0 8.5
    endloop
  endfacet
  facet normal 0.0653993 -0.997859 0
    outer loop
      vertex 73.3916 0.0256653 8.5
      vertex 73 0 4
      vertex 73.3916 0.0256653 4
    endloop
  endfacet
  facet normal 0.195079 -0.980788 0
    outer loop
      vertex 73.3916 0.0256653 4
      vertex 73.7765 0.102222 8.5
      vertex 73.3916 0.0256653 8.5
    endloop
  endfacet
  facet normal 0.195079 -0.980788 0
    outer loop
      vertex 73.7765 0.102222 8.5
      vertex 73.3916 0.0256653 4
      vertex 73.7765 0.102222 4
    endloop
  endfacet
  facet normal 0.997853 0.0654873 0
    outer loop
      vertex 76 90 8.5
      vertex 75.9743 90.3916 4
      vertex 75.9743 90.3916 8.5
    endloop
  endfacet
  facet normal 0.997853 0.0654873 0
    outer loop
      vertex 75.9743 90.3916 4
      vertex 76 90 8.5
      vertex 76 90 4
    endloop
  endfacet
  facet normal 0.751724 0.659478 0
    outer loop
      vertex 75.3801 91.8263 8.5
      vertex 75.1213 92.1213 4
      vertex 75.1213 92.1213 8.5
    endloop
  endfacet
  facet normal 0.751724 0.659478 0
    outer loop
      vertex 75.1213 92.1213 4
      vertex 75.3801 91.8263 8.5
      vertex 75.3801 91.8263 4
    endloop
  endfacet
  facet normal 0.65939 -0.751801 0
    outer loop
      vertex 74.8263 0.61994 4
      vertex 75.1213 0.878679 8.5
      vertex 74.8263 0.61994 8.5
    endloop
  endfacet
  facet normal 0.65939 -0.751801 0
    outer loop
      vertex 75.1213 0.878679 8.5
      vertex 74.8263 0.61994 4
      vertex 75.1213 0.878679 4
    endloop
  endfacet
  facet normal -0.0654026 -0.997859 0
    outer loop
      vertex 2.60842 0.0256653 4
      vertex 3 0 8.5
      vertex 2.60842 0.0256653 8.5
    endloop
  endfacet
  facet normal -0.0654026 -0.997859 -0
    outer loop
      vertex 3 0 8.5
      vertex 2.60842 0.0256653 4
      vertex 3 0 4
    endloop
  endfacet
  facet normal 0.442237 -0.896898 0
    outer loop
      vertex 74.148 0.228361 4
      vertex 74.5 0.401923 8.5
      vertex 74.148 0.228361 8.5
    endloop
  endfacet
  facet normal 0.442237 -0.896898 0
    outer loop
      vertex 74.5 0.401923 8.5
      vertex 74.148 0.228361 4
      vertex 74.5 0.401923 4
    endloop
  endfacet
  facet normal 0.896936 -0.44216 0
    outer loop
      vertex 75.5981 1.5 8.5
      vertex 75.7716 1.85195 4
      vertex 75.7716 1.85195 8.5
    endloop
  endfacet
  facet normal 0.896936 -0.44216 0
    outer loop
      vertex 75.7716 1.85195 4
      vertex 75.5981 1.5 8.5
      vertex 75.5981 1.5 4
    endloop
  endfacet
  facet normal 0.831485 -0.555547 0
    outer loop
      vertex 75.3801 1.17372 8.5
      vertex 75.5981 1.5 4
      vertex 75.5981 1.5 8.5
    endloop
  endfacet
  facet normal 0.831485 -0.555547 0
    outer loop
      vertex 75.5981 1.5 4
      vertex 75.3801 1.17372 8.5
      vertex 75.3801 1.17372 4
    endloop
  endfacet
  facet normal 0.896961 0.44211 0
    outer loop
      vertex 75.7716 91.148 8.5
      vertex 75.5981 91.5 4
      vertex 75.5981 91.5 8.5
    endloop
  endfacet
  facet normal 0.896961 0.44211 0
    outer loop
      vertex 75.5981 91.5 4
      vertex 75.7716 91.148 8.5
      vertex 75.7716 91.148 4
    endloop
  endfacet
  facet normal -0.980733 -0.195352 0
    outer loop
      vertex 14.6451 17.6508 5.5
      vertex 14.6156 17.7989 12.5
      vertex 14.6156 17.7989 5.5
    endloop
  endfacet
  facet normal -0.980733 -0.195352 0
    outer loop
      vertex 14.6156 17.7989 12.5
      vertex 14.6451 17.6508 5.5
      vertex 14.6451 17.6508 12.5
    endloop
  endfacet
  facet normal -0.997852 -0.0655089 0
    outer loop
      vertex 14.655 17.5 5.5
      vertex 14.6451 17.6508 12.5
      vertex 14.6451 17.6508 5.5
    endloop
  endfacet
  facet normal -0.997852 -0.0655089 0
    outer loop
      vertex 14.6451 17.6508 12.5
      vertex 14.655 17.5 5.5
      vertex 14.655 17.5 12.5
    endloop
  endfacet
  facet normal -0.947083 -0.320989 0
    outer loop
      vertex 14.6156 17.7989 5.5
      vertex 14.5671 17.942 12.5
      vertex 14.5671 17.942 5.5
    endloop
  endfacet
  facet normal -0.947083 -0.320989 0
    outer loop
      vertex 14.5671 17.942 12.5
      vertex 14.6156 17.7989 5.5
      vertex 14.6156 17.7989 12.5
    endloop
  endfacet
  facet normal -0.831235 -0.555921 0
    outer loop
      vertex 14.5003 18.0775 5.5
      vertex 14.4163 18.2031 12.5
      vertex 14.4163 18.2031 5.5
    endloop
  endfacet
  facet normal -0.831235 -0.555921 0
    outer loop
      vertex 14.4163 18.2031 12.5
      vertex 14.5003 18.0775 5.5
      vertex 14.5003 18.0775 12.5
    endloop
  endfacet
  facet normal 0.947083 0.320989 0
    outer loop
      vertex 12.4329 17.058 12.5
      vertex 12.3844 17.2011 5.5
      vertex 12.3844 17.2011 12.5
    endloop
  endfacet
  facet normal 0.947083 0.320989 0
    outer loop
      vertex 12.3844 17.2011 5.5
      vertex 12.4329 17.058 12.5
      vertex 12.4329 17.058 5.5
    endloop
  endfacet
  facet normal -0.320989 0.947083 0
    outer loop
      vertex 13.942 16.4329 5.5
      vertex 13.7989 16.3844 12.5
      vertex 13.942 16.4329 12.5
    endloop
  endfacet
  facet normal -0.320989 0.947083 0
    outer loop
      vertex 13.7989 16.3844 12.5
      vertex 13.942 16.4329 5.5
      vertex 13.7989 16.3844 5.5
    endloop
  endfacet
  facet normal -0.896928 -0.442176 0
    outer loop
      vertex 14.5671 17.942 5.5
      vertex 14.5003 18.0775 12.5
      vertex 14.5003 18.0775 5.5
    endloop
  endfacet
  facet normal -0.896928 -0.442176 0
    outer loop
      vertex 14.5003 18.0775 12.5
      vertex 14.5671 17.942 5.5
      vertex 14.5671 17.942 12.5
    endloop
  endfacet
  facet normal 0.555921 -0.831235 0
    outer loop
      vertex 12.7969 18.4163 5.5
      vertex 12.9225 18.5003 12.5
      vertex 12.7969 18.4163 12.5
    endloop
  endfacet
  facet normal 0.555921 -0.831235 0
    outer loop
      vertex 12.9225 18.5003 12.5
      vertex 12.7969 18.4163 5.5
      vertex 12.9225 18.5003 5.5
    endloop
  endfacet
  facet normal -0.980733 0.195352 0
    outer loop
      vertex 14.6156 17.2011 5.5
      vertex 14.6451 17.3492 12.5
      vertex 14.6451 17.3492 5.5
    endloop
  endfacet
  facet normal -0.980733 0.195352 0
    outer loop
      vertex 14.6451 17.3492 12.5
      vertex 14.6156 17.2011 5.5
      vertex 14.6156 17.2011 12.5
    endloop
  endfacet
  facet normal 0 0 1
    outer loop
      vertex 14.6451 17.6508 5.5
      vertex 14.6451 17.3492 5.5
      vertex 14.655 17.5 5.5
    endloop
  endfacet
  facet normal 0 0 1
    outer loop
      vertex 14.6156 17.7989 5.5
      vertex 14.6451 17.3492 5.5
      vertex 14.6451 17.6508 5.5
    endloop
  endfacet
  facet normal 0 0 1
    outer loop
      vertex 14.6156 17.7989 5.5
      vertex 14.6156 17.2011 5.5
      vertex 14.6451 17.3492 5.5
    endloop
  endfacet
  facet normal 0 0 1
    outer loop
      vertex 14.5671 17.942 5.5
      vertex 14.6156 17.2011 5.5
      vertex 14.6156 17.7989 5.5
    endloop
  endfacet
  facet normal 0 0 1
    outer loop
      vertex 14.5671 17.942 5.5
      vertex 14.5671 17.058 5.5
      vertex 14.6156 17.2011 5.5
    endloop
  endfacet
  facet normal 0 0 1
    outer loop
      vertex 14.5003 18.0775 5.5
      vertex 14.5671 17.058 5.5
      vertex 14.5671 17.942 5.5
    endloop
  endfacet
  facet normal 0 0 1
    outer loop
      vertex 14.5003 18.0775 5.5
      vertex 14.5003 16.9225 5.5
      vertex 14.5671 17.058 5.5
    endloop
  endfacet
  facet normal 0 0 1
    outer loop
      vertex 14.4163 18.2031 5.5
      vertex 14.5003 16.9225 5.5
      vertex 14.5003 18.0775 5.5
    endloop
  endfacet
  facet normal 0 0 1
    outer loop
      vertex 14.4163 18.2031 5.5
      vertex 14.4163 16.7969 5.5
      vertex 14.5003 16.9225 5.5
    endloop
  endfacet
  facet normal 0 0 1
    outer loop
      vertex 14.3167 18.3167 5.5
      vertex 14.4163 16.7969 5.5
      vertex 14.4163 18.2031 5.5
    endloop
  endfacet
  facet normal 0 0 1
    outer loop
      vertex 14.3167 18.3167 5.5
      vertex 14.3167 16.6833 5.5
      vertex 14.4163 16.7969 5.5
    endloop
  endfacet
  facet normal 0 0 1
    outer loop
      vertex 14.2031 18.4163 5.5
      vertex 14.3167 16.6833 5.5
      vertex 14.3167 18.3167 5.5
    endloop
  endfacet
  facet normal 0 0 1
    outer loop
      vertex 14.2031 18.4163 5.5
      vertex 14.2031 16.5837 5.5
      vertex 14.3167 16.6833 5.5
    endloop
  endfacet
  facet normal 0 0 1
    outer loop
      vertex 14.0775 18.5003 5.5
      vertex 14.2031 16.5837 5.5
      vertex 14.2031 18.4163 5.5
    endloop
  endfacet
  facet normal 0 0 1
    outer loop
      vertex 14.0775 18.5003 5.5
      vertex 14.0775 16.4997 5.5
      vertex 14.2031 16.5837 5.5
    endloop
  endfacet
  facet normal 0 0 1
    outer loop
      vertex 13.942 18.5671 5.5
      vertex 14.0775 16.4997 5.5
      vertex 14.0775 18.5003 5.5
    endloop
  endfacet
  facet normal 0 0 1
    outer loop
      vertex 13.942 18.5671 5.5
      vertex 13.942 16.4329 5.5
      vertex 14.0775 16.4997 5.5
    endloop
  endfacet
  facet normal 0 0 1
    outer loop
      vertex 13.7989 18.6156 5.5
      vertex 13.942 16.4329 5.5
      vertex 13.942 18.5671 5.5
    endloop
  endfacet
  facet normal 0 0 1
    outer loop
      vertex 13.7989 18.6156 5.5
      vertex 13.7989 16.3844 5.5
      vertex 13.942 16.4329 5.5
    endloop
  endfacet
  facet normal 0 0 1
    outer loop
      vertex 13.6508 18.6451 5.5
      vertex 13.7989 16.3844 5.5
      vertex 13.7989 18.6156 5.5
    endloop
  endfacet
  facet normal 0 0 1
    outer loop
      vertex 13.6508 18.6451 5.5
      vertex 13.6508 16.3549 5.5
      vertex 13.7989 16.3844 5.5
    endloop
  endfacet
  facet normal 0 0 1
    outer loop
      vertex 13.5 18.655 5.5
      vertex 13.6508 16.3549 5.5
      vertex 13.6508 18.6451 5.5
    endloop
  endfacet
  facet normal 0 0 1
    outer loop
      vertex 13.5 18.655 5.5
      vertex 13.5 16.345 5.5
      vertex 13.6508 16.3549 5.5
    endloop
  endfacet
  facet normal -0 0 1
    outer loop
      vertex 13.3492 18.6451 5.5
      vertex 13.5 16.345 5.5
      vertex 13.5 18.655 5.5
    endloop
  endfacet
  facet normal 0 0 1
    outer loop
      vertex 13.3492 18.6451 5.5
      vertex 13.3492 16.3549 5.5
      vertex 13.5 16.345 5.5
    endloop
  endfacet
  facet normal -0 0 1
    outer loop
      vertex 13.2011 18.6156 5.5
      vertex 13.3492 16.3549 5.5
      vertex 13.3492 18.6451 5.5
    endloop
  endfacet
  facet normal 0 0 1
    outer loop
      vertex 13.2011 18.6156 5.5
      vertex 13.2011 16.3844 5.5
      vertex 13.3492 16.3549 5.5
    endloop
  endfacet
  facet normal -0 0 1
    outer loop
      vertex 13.058 18.5671 5.5
      vertex 13.2011 16.3844 5.5
      vertex 13.2011 18.6156 5.5
    endloop
  endfacet
  facet normal 0 0 1
    outer loop
      vertex 13.058 18.5671 5.5
      vertex 13.058 16.4329 5.5
      vertex 13.2011 16.3844 5.5
    endloop
  endfacet
  facet normal -0 0 1
    outer loop
      vertex 12.9225 18.5003 5.5
      vertex 13.058 16.4329 5.5
      vertex 13.058 18.5671 5.5
    endloop
  endfacet
  facet normal 0 0 1
    outer loop
      vertex 12.9225 18.5003 5.5
      vertex 12.9225 16.4997 5.5
      vertex 13.058 16.4329 5.5
    endloop
  endfacet
  facet normal -0 0 1
    outer loop
      vertex 12.7969 18.4163 5.5
      vertex 12.9225 16.4997 5.5
      vertex 12.9225 18.5003 5.5
    endloop
  endfacet
  facet normal 0 0 1
    outer loop
      vertex 12.7969 18.4163 5.5
      vertex 12.7969 16.5837 5.5
      vertex 12.9225 16.4997 5.5
    endloop
  endfacet
  facet normal -0 0 1
    outer loop
      vertex 12.6833 18.3167 5.5
      vertex 12.7969 16.5837 5.5
      vertex 12.7969 18.4163 5.5
    endloop
  endfacet
  facet normal 0 0 1
    outer loop
      vertex 12.6833 18.3167 5.5
      vertex 12.6833 16.6833 5.5
      vertex 12.7969 16.5837 5.5
    endloop
  endfacet
  facet normal -0 0 1
    outer loop
      vertex 12.5837 18.2031 5.5
      vertex 12.6833 16.6833 5.5
      vertex 12.6833 18.3167 5.5
    endloop
  endfacet
  facet normal 0 0 1
    outer loop
      vertex 12.5837 18.2031 5.5
      vertex 12.5837 16.7969 5.5
      vertex 12.6833 16.6833 5.5
    endloop
  endfacet
  facet normal -0 0 1
    outer loop
      vertex 12.4997 18.0775 5.5
      vertex 12.5837 16.7969 5.5
      vertex 12.5837 18.2031 5.5
    endloop
  endfacet
  facet normal 0 0 1
    outer loop
      vertex 12.4997 18.0775 5.5
      vertex 12.4997 16.9225 5.5
      vertex 12.5837 16.7969 5.5
    endloop
  endfacet
  facet normal -0 0 1
    outer loop
      vertex 12.4329 17.942 5.5
      vertex 12.4997 16.9225 5.5
      vertex 12.4997 18.0775 5.5
    endloop
  endfacet
  facet normal 0 0 1
    outer loop
      vertex 12.4329 17.942 5.5
      vertex 12.4329 17.058 5.5
      vertex 12.4997 16.9225 5.5
    endloop
  endfacet
  facet normal -0 0 1
    outer loop
      vertex 12.3844 17.7989 5.5
      vertex 12.4329 17.058 5.5
      vertex 12.4329 17.942 5.5
    endloop
  endfacet
  facet normal 0 0 1
    outer loop
      vertex 12.3844 17.7989 5.5
      vertex 12.3844 17.2011 5.5
      vertex 12.4329 17.058 5.5
    endloop
  endfacet
  facet normal -0 0 1
    outer loop
      vertex 12.3549 17.6508 5.5
      vertex 12.3844 17.2011 5.5
      vertex 12.3844 17.7989 5.5
    endloop
  endfacet
  facet normal 0 0 1
    outer loop
      vertex 12.3549 17.6508 5.5
      vertex 12.3549 17.3492 5.5
      vertex 12.3844 17.2011 5.5
    endloop
  endfacet
  facet normal 0 -0 1
    outer loop
      vertex 12.3549 17.3492 5.5
      vertex 12.3549 17.6508 5.5
      vertex 12.345 17.5 5.5
    endloop
  endfacet
  facet normal -0.320989 -0.947083 0
    outer loop
      vertex 13.7989 18.6156 5.5
      vertex 13.942 18.5671 12.5
      vertex 13.7989 18.6156 12.5
    endloop
  endfacet
  facet normal -0.320989 -0.947083 -0
    outer loop
      vertex 13.942 18.5671 12.5
      vertex 13.7989 18.6156 5.5
      vertex 13.942 18.5671 5.5
    endloop
  endfacet
  facet normal 0.659254 -0.75192 0
    outer loop
      vertex 12.6833 18.3167 5.5
      vertex 12.7969 18.4163 12.5
      vertex 12.6833 18.3167 12.5
    endloop
  endfacet
  facet normal 0.659254 -0.75192 0
    outer loop
      vertex 12.7969 18.4163 12.5
      vertex 12.6833 18.3167 5.5
      vertex 12.7969 18.4163 5.5
    endloop
  endfacet
  facet normal -0.555921 0.831235 0
    outer loop
      vertex 14.2031 16.5837 5.5
      vertex 14.0775 16.4997 12.5
      vertex 14.2031 16.5837 12.5
    endloop
  endfacet
  facet normal -0.555921 0.831235 0
    outer loop
      vertex 14.0775 16.4997 12.5
      vertex 14.2031 16.5837 5.5
      vertex 14.0775 16.4997 5.5
    endloop
  endfacet
  facet normal 0.195352 -0.980733 0
    outer loop
      vertex 13.2011 18.6156 5.5
      vertex 13.3492 18.6451 12.5
      vertex 13.2011 18.6156 12.5
    endloop
  endfacet
  facet normal 0.195352 -0.980733 0
    outer loop
      vertex 13.3492 18.6451 12.5
      vertex 13.2011 18.6156 5.5
      vertex 13.3492 18.6451 5.5
    endloop
  endfacet
  facet normal 0.997852 0.0655089 0
    outer loop
      vertex 12.3549 17.3492 12.5
      vertex 12.345 17.5 5.5
      vertex 12.345 17.5 12.5
    endloop
  endfacet
  facet normal 0.997852 0.0655089 0
    outer loop
      vertex 12.345 17.5 5.5
      vertex 12.3549 17.3492 12.5
      vertex 12.3549 17.3492 5.5
    endloop
  endfacet
  facet normal 0.896928 0.442176 0
    outer loop
      vertex 12.4997 16.9225 12.5
      vertex 12.4329 17.058 5.5
      vertex 12.4329 17.058 12.5
    endloop
  endfacet
  facet normal 0.896928 0.442176 0
    outer loop
      vertex 12.4329 17.058 5.5
      vertex 12.4997 16.9225 12.5
      vertex 12.4997 16.9225 5.5
    endloop
  endfacet
  facet normal -0.0655089 -0.997852 0
    outer loop
      vertex 13.5 18.655 5.5
      vertex 13.6508 18.6451 12.5
      vertex 13.5 18.655 12.5
    endloop
  endfacet
  facet normal -0.0655089 -0.997852 -0
    outer loop
      vertex 13.6508 18.6451 12.5
      vertex 13.5 18.655 5.5
      vertex 13.6508 18.6451 5.5
    endloop
  endfacet
  facet normal 0.320989 0.947083 -0
    outer loop
      vertex 13.2011 16.3844 5.5
      vertex 13.058 16.4329 12.5
      vertex 13.2011 16.3844 12.5
    endloop
  endfacet
  facet normal 0.320989 0.947083 0
    outer loop
      vertex 13.058 16.4329 12.5
      vertex 13.2011 16.3844 5.5
      vertex 13.058 16.4329 5.5
    endloop
  endfacet
  facet normal -0.195352 0.980733 0
    outer loop
      vertex 13.7989 16.3844 5.5
      vertex 13.6508 16.3549 12.5
      vertex 13.7989 16.3844 12.5
    endloop
  endfacet
  facet normal -0.195352 0.980733 0
    outer loop
      vertex 13.6508 16.3549 12.5
      vertex 13.7989 16.3844 5.5
      vertex 13.6508 16.3549 5.5
    endloop
  endfacet
  facet normal 0.442176 -0.896928 0
    outer loop
      vertex 12.9225 18.5003 5.5
      vertex 13.058 18.5671 12.5
      vertex 12.9225 18.5003 12.5
    endloop
  endfacet
  facet normal 0.442176 -0.896928 0
    outer loop
      vertex 13.058 18.5671 12.5
      vertex 12.9225 18.5003 5.5
      vertex 13.058 18.5671 5.5
    endloop
  endfacet
  facet normal -0.442176 -0.896928 0
    outer loop
      vertex 13.942 18.5671 5.5
      vertex 14.0775 18.5003 12.5
      vertex 13.942 18.5671 12.5
    endloop
  endfacet
  facet normal -0.442176 -0.896928 -0
    outer loop
      vertex 14.0775 18.5003 12.5
      vertex 13.942 18.5671 5.5
      vertex 14.0775 18.5003 5.5
    endloop
  endfacet
  facet normal -0.442176 0.896928 0
    outer loop
      vertex 14.0775 16.4997 5.5
      vertex 13.942 16.4329 12.5
      vertex 14.0775 16.4997 12.5
    endloop
  endfacet
  facet normal -0.442176 0.896928 0
    outer loop
      vertex 13.942 16.4329 12.5
      vertex 14.0775 16.4997 5.5
      vertex 13.942 16.4329 5.5
    endloop
  endfacet
  facet normal 0.980733 0.195352 0
    outer loop
      vertex 12.3844 17.2011 12.5
      vertex 12.3549 17.3492 5.5
      vertex 12.3549 17.3492 12.5
    endloop
  endfacet
  facet normal 0.980733 0.195352 0
    outer loop
      vertex 12.3549 17.3492 5.5
      vertex 12.3844 17.2011 12.5
      vertex 12.3844 17.2011 5.5
    endloop
  endfacet
  facet normal -0.997852 0.0655089 0
    outer loop
      vertex 14.6451 17.3492 5.5
      vertex 14.655 17.5 12.5
      vertex 14.655 17.5 5.5
    endloop
  endfacet
  facet normal -0.997852 0.0655089 0
    outer loop
      vertex 14.655 17.5 12.5
      vertex 14.6451 17.3492 5.5
      vertex 14.6451 17.3492 12.5
    endloop
  endfacet
  facet normal 0.555921 0.831235 -0
    outer loop
      vertex 12.9225 16.4997 5.5
      vertex 12.7969 16.5837 12.5
      vertex 12.9225 16.4997 12.5
    endloop
  endfacet
  facet normal 0.555921 0.831235 0
    outer loop
      vertex 12.7969 16.5837 12.5
      vertex 12.9225 16.4997 5.5
      vertex 12.7969 16.5837 5.5
    endloop
  endfacet
  facet normal -0.75192 0.659254 0
    outer loop
      vertex 14.3167 16.6833 5.5
      vertex 14.4163 16.7969 12.5
      vertex 14.4163 16.7969 5.5
    endloop
  endfacet
  facet normal -0.75192 0.659254 0
    outer loop
      vertex 14.4163 16.7969 12.5
      vertex 14.3167 16.6833 5.5
      vertex 14.3167 16.6833 12.5
    endloop
  endfacet
  facet normal -0.831235 0.555921 0
    outer loop
      vertex 14.4163 16.7969 5.5
      vertex 14.5003 16.9225 12.5
      vertex 14.5003 16.9225 5.5
    endloop
  endfacet
  facet normal -0.831235 0.555921 0
    outer loop
      vertex 14.5003 16.9225 12.5
      vertex 14.4163 16.7969 5.5
      vertex 14.4163 16.7969 12.5
    endloop
  endfacet
  facet normal 0.75192 0.659254 0
    outer loop
      vertex 12.6833 16.6833 12.5
      vertex 12.5837 16.7969 5.5
      vertex 12.5837 16.7969 12.5
    endloop
  endfacet
  facet normal 0.75192 0.659254 0
    outer loop
      vertex 12.5837 16.7969 5.5
      vertex 12.6833 16.6833 12.5
      vertex 12.6833 16.6833 5.5
    endloop
  endfacet
  facet normal 0.75192 -0.659254 0
    outer loop
      vertex 12.5837 18.2031 12.5
      vertex 12.6833 18.3167 5.5
      vertex 12.6833 18.3167 12.5
    endloop
  endfacet
  facet normal 0.75192 -0.659254 0
    outer loop
      vertex 12.6833 18.3167 5.5
      vertex 12.5837 18.2031 12.5
      vertex 12.5837 18.2031 5.5
    endloop
  endfacet
  facet normal 0.831235 -0.555921 0
    outer loop
      vertex 12.4997 18.0775 12.5
      vertex 12.5837 18.2031 5.5
      vertex 12.5837 18.2031 12.5
    endloop
  endfacet
  facet normal 0.831235 -0.555921 0
    outer loop
      vertex 12.5837 18.2031 5.5
      vertex 12.4997 18.0775 12.5
      vertex 12.4997 18.0775 5.5
    endloop
  endfacet
  facet normal -0.947083 0.320989 0
    outer loop
      vertex 14.5671 17.058 5.5
      vertex 14.6156 17.2011 12.5
      vertex 14.6156 17.2011 5.5
    endloop
  endfacet
  facet normal -0.947083 0.320989 0
    outer loop
      vertex 14.6156 17.2011 12.5
      vertex 14.5671 17.058 5.5
      vertex 14.5671 17.058 12.5
    endloop
  endfacet
  facet normal 0.831235 0.555921 0
    outer loop
      vertex 12.5837 16.7969 12.5
      vertex 12.4997 16.9225 5.5
      vertex 12.4997 16.9225 12.5
    endloop
  endfacet
  facet normal 0.831235 0.555921 0
    outer loop
      vertex 12.4997 16.9225 5.5
      vertex 12.5837 16.7969 12.5
      vertex 12.5837 16.7969 5.5
    endloop
  endfacet
  facet normal -0.896928 0.442176 0
    outer loop
      vertex 14.5003 16.9225 5.5
      vertex 14.5671 17.058 12.5
      vertex 14.5671 17.058 5.5
    endloop
  endfacet
  facet normal -0.896928 0.442176 0
    outer loop
      vertex 14.5671 17.058 12.5
      vertex 14.5003 16.9225 5.5
      vertex 14.5003 16.9225 12.5
    endloop
  endfacet
  facet normal 0.195352 0.980733 -0
    outer loop
      vertex 13.3492 16.3549 5.5
      vertex 13.2011 16.3844 12.5
      vertex 13.3492 16.3549 12.5
    endloop
  endfacet
  facet normal 0.195352 0.980733 0
    outer loop
      vertex 13.2011 16.3844 12.5
      vertex 13.3492 16.3549 5.5
      vertex 13.2011 16.3844 5.5
    endloop
  endfacet
  facet normal -0.0655089 0.997852 0
    outer loop
      vertex 13.6508 16.3549 5.5
      vertex 13.5 16.345 12.5
      vertex 13.6508 16.3549 12.5
    endloop
  endfacet
  facet normal -0.0655089 0.997852 0
    outer loop
      vertex 13.5 16.345 12.5
      vertex 13.6508 16.3549 5.5
      vertex 13.5 16.345 5.5
    endloop
  endfacet
  facet normal 0.442176 0.896928 -0
    outer loop
      vertex 13.058 16.4329 5.5
      vertex 12.9225 16.4997 12.5
      vertex 13.058 16.4329 12.5
    endloop
  endfacet
  facet normal 0.442176 0.896928 0
    outer loop
      vertex 12.9225 16.4997 12.5
      vertex 13.058 16.4329 5.5
      vertex 12.9225 16.4997 5.5
    endloop
  endfacet
  facet normal -0.195352 -0.980733 0
    outer loop
      vertex 13.6508 18.6451 5.5
      vertex 13.7989 18.6156 12.5
      vertex 13.6508 18.6451 12.5
    endloop
  endfacet
  facet normal -0.195352 -0.980733 -0
    outer loop
      vertex 13.7989 18.6156 12.5
      vertex 13.6508 18.6451 5.5
      vertex 13.7989 18.6156 5.5
    endloop
  endfacet
  facet normal -0.659254 0.75192 0
    outer loop
      vertex 14.3167 16.6833 5.5
      vertex 14.2031 16.5837 12.5
      vertex 14.3167 16.6833 12.5
    endloop
  endfacet
  facet normal -0.659254 0.75192 0
    outer loop
      vertex 14.2031 16.5837 12.5
      vertex 14.3167 16.6833 5.5
      vertex 14.2031 16.5837 5.5
    endloop
  endfacet
  facet normal -0.555921 -0.831235 0
    outer loop
      vertex 14.0775 18.5003 5.5
      vertex 14.2031 18.4163 12.5
      vertex 14.0775 18.5003 12.5
    endloop
  endfacet
  facet normal -0.555921 -0.831235 -0
    outer loop
      vertex 14.2031 18.4163 12.5
      vertex 14.0775 18.5003 5.5
      vertex 14.2031 18.4163 5.5
    endloop
  endfacet
  facet normal 0.320989 -0.947083 0
    outer loop
      vertex 13.058 18.5671 5.5
      vertex 13.2011 18.6156 12.5
      vertex 13.058 18.5671 12.5
    endloop
  endfacet
  facet normal 0.320989 -0.947083 0
    outer loop
      vertex 13.2011 18.6156 12.5
      vertex 13.058 18.5671 5.5
      vertex 13.2011 18.6156 5.5
    endloop
  endfacet
  facet normal 0.0655089 0.997852 -0
    outer loop
      vertex 13.5 16.345 5.5
      vertex 13.3492 16.3549 12.5
      vertex 13.5 16.345 12.5
    endloop
  endfacet
  facet normal 0.0655089 0.997852 0
    outer loop
      vertex 13.3492 16.3549 12.5
      vertex 13.5 16.345 5.5
      vertex 13.3492 16.3549 5.5
    endloop
  endfacet
  facet normal 0.896928 -0.442176 0
    outer loop
      vertex 12.4329 17.942 12.5
      vertex 12.4997 18.0775 5.5
      vertex 12.4997 18.0775 12.5
    endloop
  endfacet
  facet normal 0.896928 -0.442176 0
    outer loop
      vertex 12.4997 18.0775 5.5
      vertex 12.4329 17.942 12.5
      vertex 12.4329 17.942 5.5
    endloop
  endfacet
  facet normal 0.980733 -0.195352 0
    outer loop
      vertex 12.3549 17.6508 12.5
      vertex 12.3844 17.7989 5.5
      vertex 12.3844 17.7989 12.5
    endloop
  endfacet
  facet normal 0.980733 -0.195352 0
    outer loop
      vertex 12.3844 17.7989 5.5
      vertex 12.3549 17.6508 12.5
      vertex 12.3549 17.6508 5.5
    endloop
  endfacet
  facet normal -0.75192 -0.659254 0
    outer loop
      vertex 14.4163 18.2031 5.5
      vertex 14.3167 18.3167 12.5
      vertex 14.3167 18.3167 5.5
    endloop
  endfacet
  facet normal -0.75192 -0.659254 0
    outer loop
      vertex 14.3167 18.3167 12.5
      vertex 14.4163 18.2031 5.5
      vertex 14.4163 18.2031 12.5
    endloop
  endfacet
  facet normal 0.659254 0.75192 -0
    outer loop
      vertex 12.7969 16.5837 5.5
      vertex 12.6833 16.6833 12.5
      vertex 12.7969 16.5837 12.5
    endloop
  endfacet
  facet normal 0.659254 0.75192 0
    outer loop
      vertex 12.6833 16.6833 12.5
      vertex 12.7969 16.5837 5.5
      vertex 12.6833 16.6833 5.5
    endloop
  endfacet
  facet normal -0.659254 -0.75192 0
    outer loop
      vertex 14.2031 18.4163 5.5
      vertex 14.3167 18.3167 12.5
      vertex 14.2031 18.4163 12.5
    endloop
  endfacet
  facet normal -0.659254 -0.75192 -0
    outer loop
      vertex 14.3167 18.3167 12.5
      vertex 14.2031 18.4163 5.5
      vertex 14.3167 18.3167 5.5
    endloop
  endfacet
  facet normal 0.0655089 -0.997852 0
    outer loop
      vertex 13.3492 18.6451 5.5
      vertex 13.5 18.655 12.5
      vertex 13.3492 18.6451 12.5
    endloop
  endfacet
  facet normal 0.0655089 -0.997852 0
    outer loop
      vertex 13.5 18.655 12.5
      vertex 13.3492 18.6451 5.5
      vertex 13.5 18.655 5.5
    endloop
  endfacet
  facet normal 0.947083 -0.320989 0
    outer loop
      vertex 12.3844 17.7989 12.5
      vertex 12.4329 17.942 5.5
      vertex 12.4329 17.942 12.5
    endloop
  endfacet
  facet normal 0.947083 -0.320989 0
    outer loop
      vertex 12.4329 17.942 5.5
      vertex 12.3844 17.7989 12.5
      vertex 12.3844 17.7989 5.5
    endloop
  endfacet
  facet normal 0.997852 -0.0655089 0
    outer loop
      vertex 12.345 17.5 12.5
      vertex 12.3549 17.6508 5.5
      vertex 12.3549 17.6508 12.5
    endloop
  endfacet
  facet normal 0.997852 -0.0655089 0
    outer loop
      vertex 12.3549 17.6508 5.5
      vertex 12.345 17.5 12.5
      vertex 12.345 17.5 5.5
    endloop
  endfacet
  facet normal -0.980733 -0.195352 0
    outer loop
      vertex 14.6451 75.6508 5.5
      vertex 14.6156 75.7989 12.5
      vertex 14.6156 75.7989 5.5
    endloop
  endfacet
  facet normal -0.980733 -0.195352 0
    outer loop
      vertex 14.6156 75.7989 12.5
      vertex 14.6451 75.6508 5.5
      vertex 14.6451 75.6508 12.5
    endloop
  endfacet
  facet normal -0.997852 -0.0655089 0
    outer loop
      vertex 14.655 75.5 5.5
      vertex 14.6451 75.6508 12.5
      vertex 14.6451 75.6508 5.5
    endloop
  endfacet
  facet normal -0.997852 -0.0655089 0
    outer loop
      vertex 14.6451 75.6508 12.5
      vertex 14.655 75.5 5.5
      vertex 14.655 75.5 12.5
    endloop
  endfacet
  facet normal -0.947083 -0.320989 0
    outer loop
      vertex 14.6156 75.7989 5.5
      vertex 14.5671 75.942 12.5
      vertex 14.5671 75.942 5.5
    endloop
  endfacet
  facet normal -0.947083 -0.320989 0
    outer loop
      vertex 14.5671 75.942 12.5
      vertex 14.6156 75.7989 5.5
      vertex 14.6156 75.7989 12.5
    endloop
  endfacet
  facet normal -0.831235 -0.555921 0
    outer loop
      vertex 14.5003 76.0775 5.5
      vertex 14.4163 76.2031 12.5
      vertex 14.4163 76.2031 5.5
    endloop
  endfacet
  facet normal -0.831235 -0.555921 0
    outer loop
      vertex 14.4163 76.2031 12.5
      vertex 14.5003 76.0775 5.5
      vertex 14.5003 76.0775 12.5
    endloop
  endfacet
  facet normal 0.947083 0.320989 0
    outer loop
      vertex 12.4329 75.058 12.5
      vertex 12.3844 75.2011 5.5
      vertex 12.3844 75.2011 12.5
    endloop
  endfacet
  facet normal 0.947083 0.320989 0
    outer loop
      vertex 12.3844 75.2011 5.5
      vertex 12.4329 75.058 12.5
      vertex 12.4329 75.058 5.5
    endloop
  endfacet
  facet normal -0.320989 0.947083 0
    outer loop
      vertex 13.942 74.4329 5.5
      vertex 13.7989 74.3844 12.5
      vertex 13.942 74.4329 12.5
    endloop
  endfacet
  facet normal -0.320989 0.947083 0
    outer loop
      vertex 13.7989 74.3844 12.5
      vertex 13.942 74.4329 5.5
      vertex 13.7989 74.3844 5.5
    endloop
  endfacet
  facet normal -0.896928 -0.442176 0
    outer loop
      vertex 14.5671 75.942 5.5
      vertex 14.5003 76.0775 12.5
      vertex 14.5003 76.0775 5.5
    endloop
  endfacet
  facet normal -0.896928 -0.442176 0
    outer loop
      vertex 14.5003 76.0775 12.5
      vertex 14.5671 75.942 5.5
      vertex 14.5671 75.942 12.5
    endloop
  endfacet
  facet normal 0.555921 -0.831235 0
    outer loop
      vertex 12.7969 76.4163 5.5
      vertex 12.9225 76.5003 12.5
      vertex 12.7969 76.4163 12.5
    endloop
  endfacet
  facet normal 0.555921 -0.831235 0
    outer loop
      vertex 12.9225 76.5003 12.5
      vertex 12.7969 76.4163 5.5
      vertex 12.9225 76.5003 5.5
    endloop
  endfacet
  facet normal -0.980733 0.195352 0
    outer loop
      vertex 14.6156 75.2011 5.5
      vertex 14.6451 75.3492 12.5
      vertex 14.6451 75.3492 5.5
    endloop
  endfacet
  facet normal -0.980733 0.195352 0
    outer loop
      vertex 14.6451 75.3492 12.5
      vertex 14.6156 75.2011 5.5
      vertex 14.6156 75.2011 12.5
    endloop
  endfacet
  facet normal 0 0 1
    outer loop
      vertex 14.6451 75.6508 5.5
      vertex 14.6451 75.3492 5.5
      vertex 14.655 75.5 5.5
    endloop
  endfacet
  facet normal 0 0 1
    outer loop
      vertex 14.6156 75.7989 5.5
      vertex 14.6451 75.3492 5.5
      vertex 14.6451 75.6508 5.5
    endloop
  endfacet
  facet normal 0 0 1
    outer loop
      vertex 14.6156 75.7989 5.5
      vertex 14.6156 75.2011 5.5
      vertex 14.6451 75.3492 5.5
    endloop
  endfacet
  facet normal 0 0 1
    outer loop
      vertex 14.5671 75.942 5.5
      vertex 14.6156 75.2011 5.5
      vertex 14.6156 75.7989 5.5
    endloop
  endfacet
  facet normal 0 0 1
    outer loop
      vertex 14.5671 75.942 5.5
      vertex 14.5671 75.058 5.5
      vertex 14.6156 75.2011 5.5
    endloop
  endfacet
  facet normal 0 0 1
    outer loop
      vertex 14.5003 76.0775 5.5
      vertex 14.5671 75.058 5.5
      vertex 14.5671 75.942 5.5
    endloop
  endfacet
  facet normal 0 0 1
    outer loop
      vertex 14.5003 76.0775 5.5
      vertex 14.5003 74.9225 5.5
      vertex 14.5671 75.058 5.5
    endloop
  endfacet
  facet normal 0 0 1
    outer loop
      vertex 14.4163 76.2031 5.5
      vertex 14.5003 74.9225 5.5
      vertex 14.5003 76.0775 5.5
    endloop
  endfacet
  facet normal 0 0 1
    outer loop
      vertex 14.4163 76.2031 5.5
      vertex 14.4163 74.7969 5.5
      vertex 14.5003 74.9225 5.5
    endloop
  endfacet
  facet normal 0 0 1
    outer loop
      vertex 14.3167 76.3167 5.5
      vertex 14.4163 74.7969 5.5
      vertex 14.4163 76.2031 5.5
    endloop
  endfacet
  facet normal 0 0 1
    outer loop
      vertex 14.3167 76.3167 5.5
      vertex 14.3167 74.6833 5.5
      vertex 14.4163 74.7969 5.5
    endloop
  endfacet
  facet normal 0 0 1
    outer loop
      vertex 14.2031 76.4163 5.5
      vertex 14.3167 74.6833 5.5
      vertex 14.3167 76.3167 5.5
    endloop
  endfacet
  facet normal 0 0 1
    outer loop
      vertex 14.2031 76.4163 5.5
      vertex 14.2031 74.5837 5.5
      vertex 14.3167 74.6833 5.5
    endloop
  endfacet
  facet normal 0 0 1
    outer loop
      vertex 14.0775 76.5003 5.5
      vertex 14.2031 74.5837 5.5
      vertex 14.2031 76.4163 5.5
    endloop
  endfacet
  facet normal 0 0 1
    outer loop
      vertex 14.0775 76.5003 5.5
      vertex 14.0775 74.4997 5.5
      vertex 14.2031 74.5837 5.5
    endloop
  endfacet
  facet normal 0 0 1
    outer loop
      vertex 13.942 76.5671 5.5
      vertex 14.0775 74.4997 5.5
      vertex 14.0775 76.5003 5.5
    endloop
  endfacet
  facet normal 0 0 1
    outer loop
      vertex 13.942 76.5671 5.5
      vertex 13.942 74.4329 5.5
      vertex 14.0775 74.4997 5.5
    endloop
  endfacet
  facet normal 0 0 1
    outer loop
      vertex 13.7989 76.6156 5.5
      vertex 13.942 74.4329 5.5
      vertex 13.942 76.5671 5.5
    endloop
  endfacet
  facet normal 0 0 1
    outer loop
      vertex 13.7989 76.6156 5.5
      vertex 13.7989 74.3844 5.5
      vertex 13.942 74.4329 5.5
    endloop
  endfacet
  facet normal 0 0 1
    outer loop
      vertex 13.6508 76.6451 5.5
      vertex 13.7989 74.3844 5.5
      vertex 13.7989 76.6156 5.5
    endloop
  endfacet
  facet normal 0 0 1
    outer loop
      vertex 13.6508 76.6451 5.5
      vertex 13.6508 74.3549 5.5
      vertex 13.7989 74.3844 5.5
    endloop
  endfacet
  facet normal 0 0 1
    outer loop
      vertex 13.5 76.655 5.5
      vertex 13.6508 74.3549 5.5
      vertex 13.6508 76.6451 5.5
    endloop
  endfacet
  facet normal 0 0 1
    outer loop
      vertex 13.5 76.655 5.5
      vertex 13.5 74.345 5.5
      vertex 13.6508 74.3549 5.5
    endloop
  endfacet
  facet normal -0 0 1
    outer loop
      vertex 13.3492 76.6451 5.5
      vertex 13.5 74.345 5.5
      vertex 13.5 76.655 5.5
    endloop
  endfacet
  facet normal 0 0 1
    outer loop
      vertex 13.3492 76.6451 5.5
      vertex 13.3492 74.3549 5.5
      vertex 13.5 74.345 5.5
    endloop
  endfacet
  facet normal -0 0 1
    outer loop
      vertex 13.2011 76.6156 5.5
      vertex 13.3492 74.3549 5.5
      vertex 13.3492 76.6451 5.5
    endloop
  endfacet
  facet normal 0 0 1
    outer loop
      vertex 13.2011 76.6156 5.5
      vertex 13.2011 74.3844 5.5
      vertex 13.3492 74.3549 5.5
    endloop
  endfacet
  facet normal -0 0 1
    outer loop
      vertex 13.058 76.5671 5.5
      vertex 13.2011 74.3844 5.5
      vertex 13.2011 76.6156 5.5
    endloop
  endfacet
  facet normal 0 0 1
    outer loop
      vertex 13.058 76.5671 5.5
      vertex 13.058 74.4329 5.5
      vertex 13.2011 74.3844 5.5
    endloop
  endfacet
  facet normal -0 0 1
    outer loop
      vertex 12.9225 76.5003 5.5
      vertex 13.058 74.4329 5.5
      vertex 13.058 76.5671 5.5
    endloop
  endfacet
  facet normal 0 0 1
    outer loop
      vertex 12.9225 76.5003 5.5
      vertex 12.9225 74.4997 5.5
      vertex 13.058 74.4329 5.5
    endloop
  endfacet
  facet normal -0 0 1
    outer loop
      vertex 12.7969 76.4163 5.5
      vertex 12.9225 74.4997 5.5
      vertex 12.9225 76.5003 5.5
    endloop
  endfacet
  facet normal 0 0 1
    outer loop
      vertex 12.7969 76.4163 5.5
      vertex 12.7969 74.5837 5.5
      vertex 12.9225 74.4997 5.5
    endloop
  endfacet
  facet normal -0 0 1
    outer loop
      vertex 12.6833 76.3167 5.5
      vertex 12.7969 74.5837 5.5
      vertex 12.7969 76.4163 5.5
    endloop
  endfacet
  facet normal 0 0 1
    outer loop
      vertex 12.6833 76.3167 5.5
      vertex 12.6833 74.6833 5.5
      vertex 12.7969 74.5837 5.5
    endloop
  endfacet
  facet normal -0 0 1
    outer loop
      vertex 12.5837 76.2031 5.5
      vertex 12.6833 74.6833 5.5
      vertex 12.6833 76.3167 5.5
    endloop
  endfacet
  facet normal 0 0 1
    outer loop
      vertex 12.5837 76.2031 5.5
      vertex 12.5837 74.7969 5.5
      vertex 12.6833 74.6833 5.5
    endloop
  endfacet
  facet normal -0 0 1
    outer loop
      vertex 12.4997 76.0775 5.5
      vertex 12.5837 74.7969 5.5
      vertex 12.5837 76.2031 5.5
    endloop
  endfacet
  facet normal 0 0 1
    outer loop
      vertex 12.4997 76.0775 5.5
      vertex 12.4997 74.9225 5.5
      vertex 12.5837 74.7969 5.5
    endloop
  endfacet
  facet normal -0 0 1
    outer loop
      vertex 12.4329 75.942 5.5
      vertex 12.4997 74.9225 5.5
      vertex 12.4997 76.0775 5.5
    endloop
  endfacet
  facet normal 0 0 1
    outer loop
      vertex 12.4329 75.942 5.5
      vertex 12.4329 75.058 5.5
      vertex 12.4997 74.9225 5.5
    endloop
  endfacet
  facet normal -0 0 1
    outer loop
      vertex 12.3844 75.7989 5.5
      vertex 12.4329 75.058 5.5
      vertex 12.4329 75.942 5.5
    endloop
  endfacet
  facet normal 0 0 1
    outer loop
      vertex 12.3844 75.7989 5.5
      vertex 12.3844 75.2011 5.5
      vertex 12.4329 75.058 5.5
    endloop
  endfacet
  facet normal -0 0 1
    outer loop
      vertex 12.3549 75.6508 5.5
      vertex 12.3844 75.2011 5.5
      vertex 12.3844 75.7989 5.5
    endloop
  endfacet
  facet normal 0 0 1
    outer loop
      vertex 12.3549 75.6508 5.5
      vertex 12.3549 75.3492 5.5
      vertex 12.3844 75.2011 5.5
    endloop
  endfacet
  facet normal 0 -0 1
    outer loop
      vertex 12.3549 75.3492 5.5
      vertex 12.3549 75.6508 5.5
      vertex 12.345 75.5 5.5
    endloop
  endfacet
  facet normal -0.320989 -0.947083 0
    outer loop
      vertex 13.7989 76.6156 5.5
      vertex 13.942 76.5671 12.5
      vertex 13.7989 76.6156 12.5
    endloop
  endfacet
  facet normal -0.320989 -0.947083 -0
    outer loop
      vertex 13.942 76.5671 12.5
      vertex 13.7989 76.6156 5.5
      vertex 13.942 76.5671 5.5
    endloop
  endfacet
  facet normal 0.659254 -0.75192 0
    outer loop
      vertex 12.6833 76.3167 5.5
      vertex 12.7969 76.4163 12.5
      vertex 12.6833 76.3167 12.5
    endloop
  endfacet
  facet normal 0.659254 -0.75192 0
    outer loop
      vertex 12.7969 76.4163 12.5
      vertex 12.6833 76.3167 5.5
      vertex 12.7969 76.4163 5.5
    endloop
  endfacet
  facet normal -0.555921 0.831235 0
    outer loop
      vertex 14.2031 74.5837 5.5
      vertex 14.0775 74.4997 12.5
      vertex 14.2031 74.5837 12.5
    endloop
  endfacet
  facet normal -0.555921 0.831235 0
    outer loop
      vertex 14.0775 74.4997 12.5
      vertex 14.2031 74.5837 5.5
      vertex 14.0775 74.4997 5.5
    endloop
  endfacet
  facet normal 0.195352 -0.980733 0
    outer loop
      vertex 13.2011 76.6156 5.5
      vertex 13.3492 76.6451 12.5
      vertex 13.2011 76.6156 12.5
    endloop
  endfacet
  facet normal 0.195352 -0.980733 0
    outer loop
      vertex 13.3492 76.6451 12.5
      vertex 13.2011 76.6156 5.5
      vertex 13.3492 76.6451 5.5
    endloop
  endfacet
  facet normal 0.997852 0.0655089 0
    outer loop
      vertex 12.3549 75.3492 12.5
      vertex 12.345 75.5 5.5
      vertex 12.345 75.5 12.5
    endloop
  endfacet
  facet normal 0.997852 0.0655089 0
    outer loop
      vertex 12.345 75.5 5.5
      vertex 12.3549 75.3492 12.5
      vertex 12.3549 75.3492 5.5
    endloop
  endfacet
  facet normal 0.896928 0.442176 0
    outer loop
      vertex 12.4997 74.9225 12.5
      vertex 12.4329 75.058 5.5
      vertex 12.4329 75.058 12.5
    endloop
  endfacet
  facet normal 0.896928 0.442176 0
    outer loop
      vertex 12.4329 75.058 5.5
      vertex 12.4997 74.9225 12.5
      vertex 12.4997 74.9225 5.5
    endloop
  endfacet
  facet normal -0.0655089 -0.997852 0
    outer loop
      vertex 13.5 76.655 5.5
      vertex 13.6508 76.6451 12.5
      vertex 13.5 76.655 12.5
    endloop
  endfacet
  facet normal -0.0655089 -0.997852 -0
    outer loop
      vertex 13.6508 76.6451 12.5
      vertex 13.5 76.655 5.5
      vertex 13.6508 76.6451 5.5
    endloop
  endfacet
  facet normal 0.320989 0.947083 -0
    outer loop
      vertex 13.2011 74.3844 5.5
      vertex 13.058 74.4329 12.5
      vertex 13.2011 74.3844 12.5
    endloop
  endfacet
  facet normal 0.320989 0.947083 0
    outer loop
      vertex 13.058 74.4329 12.5
      vertex 13.2011 74.3844 5.5
      vertex 13.058 74.4329 5.5
    endloop
  endfacet
  facet normal -0.195352 0.980733 0
    outer loop
      vertex 13.7989 74.3844 5.5
      vertex 13.6508 74.3549 12.5
      vertex 13.7989 74.3844 12.5
    endloop
  endfacet
  facet normal -0.195352 0.980733 0
    outer loop
      vertex 13.6508 74.3549 12.5
      vertex 13.7989 74.3844 5.5
      vertex 13.6508 74.3549 5.5
    endloop
  endfacet
  facet normal 0.442176 -0.896928 0
    outer loop
      vertex 12.9225 76.5003 5.5
      vertex 13.058 76.5671 12.5
      vertex 12.9225 76.5003 12.5
    endloop
  endfacet
  facet normal 0.442176 -0.896928 0
    outer loop
      vertex 13.058 76.5671 12.5
      vertex 12.9225 76.5003 5.5
      vertex 13.058 76.5671 5.5
    endloop
  endfacet
  facet normal -0.442176 -0.896928 0
    outer loop
      vertex 13.942 76.5671 5.5
      vertex 14.0775 76.5003 12.5
      vertex 13.942 76.5671 12.5
    endloop
  endfacet
  facet normal -0.442176 -0.896928 -0
    outer loop
      vertex 14.0775 76.5003 12.5
      vertex 13.942 76.5671 5.5
      vertex 14.0775 76.5003 5.5
    endloop
  endfacet
  facet normal -0.442176 0.896928 0
    outer loop
      vertex 14.0775 74.4997 5.5
      vertex 13.942 74.4329 12.5
      vertex 14.0775 74.4997 12.5
    endloop
  endfacet
  facet normal -0.442176 0.896928 0
    outer loop
      vertex 13.942 74.4329 12.5
      vertex 14.0775 74.4997 5.5
      vertex 13.942 74.4329 5.5
    endloop
  endfacet
  facet normal 0.980733 0.195352 0
    outer loop
      vertex 12.3844 75.2011 12.5
      vertex 12.3549 75.3492 5.5
      vertex 12.3549 75.3492 12.5
    endloop
  endfacet
  facet normal 0.980733 0.195352 0
    outer loop
      vertex 12.3549 75.3492 5.5
      vertex 12.3844 75.2011 12.5
      vertex 12.3844 75.2011 5.5
    endloop
  endfacet
  facet normal -0.997852 0.0655089 0
    outer loop
      vertex 14.6451 75.3492 5.5
      vertex 14.655 75.5 12.5
      vertex 14.655 75.5 5.5
    endloop
  endfacet
  facet normal -0.997852 0.0655089 0
    outer loop
      vertex 14.655 75.5 12.5
      vertex 14.6451 75.3492 5.5
      vertex 14.6451 75.3492 12.5
    endloop
  endfacet
  facet normal 0.555921 0.831235 -0
    outer loop
      vertex 12.9225 74.4997 5.5
      vertex 12.7969 74.5837 12.5
      vertex 12.9225 74.4997 12.5
    endloop
  endfacet
  facet normal 0.555921 0.831235 0
    outer loop
      vertex 12.7969 74.5837 12.5
      vertex 12.9225 74.4997 5.5
      vertex 12.7969 74.5837 5.5
    endloop
  endfacet
  facet normal -0.75192 0.659254 0
    outer loop
      vertex 14.3167 74.6833 5.5
      vertex 14.4163 74.7969 12.5
      vertex 14.4163 74.7969 5.5
    endloop
  endfacet
  facet normal -0.75192 0.659254 0
    outer loop
      vertex 14.4163 74.7969 12.5
      vertex 14.3167 74.6833 5.5
      vertex 14.3167 74.6833 12.5
    endloop
  endfacet
  facet normal -0.831235 0.555921 0
    outer loop
      vertex 14.4163 74.7969 5.5
      vertex 14.5003 74.9225 12.5
      vertex 14.5003 74.9225 5.5
    endloop
  endfacet
  facet normal -0.831235 0.555921 0
    outer loop
      vertex 14.5003 74.9225 12.5
      vertex 14.4163 74.7969 5.5
      vertex 14.4163 74.7969 12.5
    endloop
  endfacet
  facet normal 0.75192 0.659254 0
    outer loop
      vertex 12.6833 74.6833 12.5
      vertex 12.5837 74.7969 5.5
      vertex 12.5837 74.7969 12.5
    endloop
  endfacet
  facet normal 0.75192 0.659254 0
    outer loop
      vertex 12.5837 74.7969 5.5
      vertex 12.6833 74.6833 12.5
      vertex 12.6833 74.6833 5.5
    endloop
  endfacet
  facet normal 0.75192 -0.659254 0
    outer loop
      vertex 12.5837 76.2031 12.5
      vertex 12.6833 76.3167 5.5
      vertex 12.6833 76.3167 12.5
    endloop
  endfacet
  facet normal 0.75192 -0.659254 0
    outer loop
      vertex 12.6833 76.3167 5.5
      vertex 12.5837 76.2031 12.5
      vertex 12.5837 76.2031 5.5
    endloop
  endfacet
  facet normal 0.831235 -0.555921 0
    outer loop
      vertex 12.4997 76.0775 12.5
      vertex 12.5837 76.2031 5.5
      vertex 12.5837 76.2031 12.5
    endloop
  endfacet
  facet normal 0.831235 -0.555921 0
    outer loop
      vertex 12.5837 76.2031 5.5
      vertex 12.4997 76.0775 12.5
      vertex 12.4997 76.0775 5.5
    endloop
  endfacet
  facet normal 0.659254 0.75192 -0
    outer loop
      vertex 12.7969 74.5837 5.5
      vertex 12.6833 74.6833 12.5
      vertex 12.7969 74.5837 12.5
    endloop
  endfacet
  facet normal 0.659254 0.75192 0
    outer loop
      vertex 12.6833 74.6833 12.5
      vertex 12.7969 74.5837 5.5
      vertex 12.6833 74.6833 5.5
    endloop
  endfacet
  facet normal -0.947083 0.320989 0
    outer loop
      vertex 14.5671 75.058 5.5
      vertex 14.6156 75.2011 12.5
      vertex 14.6156 75.2011 5.5
    endloop
  endfacet
  facet normal -0.947083 0.320989 0
    outer loop
      vertex 14.6156 75.2011 12.5
      vertex 14.5671 75.058 5.5
      vertex 14.5671 75.058 12.5
    endloop
  endfacet
  facet normal 0.831235 0.555921 0
    outer loop
      vertex 12.5837 74.7969 12.5
      vertex 12.4997 74.9225 5.5
      vertex 12.4997 74.9225 12.5
    endloop
  endfacet
  facet normal 0.831235 0.555921 0
    outer loop
      vertex 12.4997 74.9225 5.5
      vertex 12.5837 74.7969 12.5
      vertex 12.5837 74.7969 5.5
    endloop
  endfacet
  facet normal -0.896928 0.442176 0
    outer loop
      vertex 14.5003 74.9225 5.5
      vertex 14.5671 75.058 12.5
      vertex 14.5671 75.058 5.5
    endloop
  endfacet
  facet normal -0.896928 0.442176 0
    outer loop
      vertex 14.5671 75.058 12.5
      vertex 14.5003 74.9225 5.5
      vertex 14.5003 74.9225 12.5
    endloop
  endfacet
  facet normal 0.195352 0.980733 -0
    outer loop
      vertex 13.3492 74.3549 5.5
      vertex 13.2011 74.3844 12.5
      vertex 13.3492 74.3549 12.5
    endloop
  endfacet
  facet normal 0.195352 0.980733 0
    outer loop
      vertex 13.2011 74.3844 12.5
      vertex 13.3492 74.3549 5.5
      vertex 13.2011 74.3844 5.5
    endloop
  endfacet
  facet normal -0.0655089 0.997852 0
    outer loop
      vertex 13.6508 74.3549 5.5
      vertex 13.5 74.345 12.5
      vertex 13.6508 74.3549 12.5
    endloop
  endfacet
  facet normal -0.0655089 0.997852 0
    outer loop
      vertex 13.5 74.345 12.5
      vertex 13.6508 74.3549 5.5
      vertex 13.5 74.345 5.5
    endloop
  endfacet
  facet normal 0.442176 0.896928 -0
    outer loop
      vertex 13.058 74.4329 5.5
      vertex 12.9225 74.4997 12.5
      vertex 13.058 74.4329 12.5
    endloop
  endfacet
  facet normal 0.442176 0.896928 0
    outer loop
      vertex 12.9225 74.4997 12.5
      vertex 13.058 74.4329 5.5
      vertex 12.9225 74.4997 5.5
    endloop
  endfacet
  facet normal -0.195352 -0.980733 0
    outer loop
      vertex 13.6508 76.6451 5.5
      vertex 13.7989 76.6156 12.5
      vertex 13.6508 76.6451 12.5
    endloop
  endfacet
  facet normal -0.195352 -0.980733 -0
    outer loop
      vertex 13.7989 76.6156 12.5
      vertex 13.6508 76.6451 5.5
      vertex 13.7989 76.6156 5.5
    endloop
  endfacet
  facet normal -0.659254 0.75192 0
    outer loop
      vertex 14.3167 74.6833 5.5
      vertex 14.2031 74.5837 12.5
      vertex 14.3167 74.6833 12.5
    endloop
  endfacet
  facet normal -0.659254 0.75192 0
    outer loop
      vertex 14.2031 74.5837 12.5
      vertex 14.3167 74.6833 5.5
      vertex 14.2031 74.5837 5.5
    endloop
  endfacet
  facet normal -0.555921 -0.831235 0
    outer loop
      vertex 14.0775 76.5003 5.5
      vertex 14.2031 76.4163 12.5
      vertex 14.0775 76.5003 12.5
    endloop
  endfacet
  facet normal -0.555921 -0.831235 -0
    outer loop
      vertex 14.2031 76.4163 12.5
      vertex 14.0775 76.5003 5.5
      vertex 14.2031 76.4163 5.5
    endloop
  endfacet
  facet normal 0.320989 -0.947083 0
    outer loop
      vertex 13.058 76.5671 5.5
      vertex 13.2011 76.6156 12.5
      vertex 13.058 76.5671 12.5
    endloop
  endfacet
  facet normal 0.320989 -0.947083 0
    outer loop
      vertex 13.2011 76.6156 12.5
      vertex 13.058 76.5671 5.5
      vertex 13.2011 76.6156 5.5
    endloop
  endfacet
  facet normal 0.0655089 0.997852 -0
    outer loop
      vertex 13.5 74.345 5.5
      vertex 13.3492 74.3549 12.5
      vertex 13.5 74.345 12.5
    endloop
  endfacet
  facet normal 0.0655089 0.997852 0
    outer loop
      vertex 13.3492 74.3549 12.5
      vertex 13.5 74.345 5.5
      vertex 13.3492 74.3549 5.5
    endloop
  endfacet
  facet normal 0.896928 -0.442176 0
    outer loop
      vertex 12.4329 75.942 12.5
      vertex 12.4997 76.0775 5.5
      vertex 12.4997 76.0775 12.5
    endloop
  endfacet
  facet normal 0.896928 -0.442176 0
    outer loop
      vertex 12.4997 76.0775 5.5
      vertex 12.4329 75.942 12.5
      vertex 12.4329 75.942 5.5
    endloop
  endfacet
  facet normal 0.980733 -0.195352 0
    outer loop
      vertex 12.3549 75.6508 12.5
      vertex 12.3844 75.7989 5.5
      vertex 12.3844 75.7989 12.5
    endloop
  endfacet
  facet normal 0.980733 -0.195352 0
    outer loop
      vertex 12.3844 75.7989 5.5
      vertex 12.3549 75.6508 12.5
      vertex 12.3549 75.6508 5.5
    endloop
  endfacet
  facet normal -0.75192 -0.659254 0
    outer loop
      vertex 14.4163 76.2031 5.5
      vertex 14.3167 76.3167 12.5
      vertex 14.3167 76.3167 5.5
    endloop
  endfacet
  facet normal -0.75192 -0.659254 0
    outer loop
      vertex 14.3167 76.3167 12.5
      vertex 14.4163 76.2031 5.5
      vertex 14.4163 76.2031 12.5
    endloop
  endfacet
  facet normal -0.659254 -0.75192 0
    outer loop
      vertex 14.2031 76.4163 5.5
      vertex 14.3167 76.3167 12.5
      vertex 14.2031 76.4163 12.5
    endloop
  endfacet
  facet normal -0.659254 -0.75192 -0
    outer loop
      vertex 14.3167 76.3167 12.5
      vertex 14.2031 76.4163 5.5
      vertex 14.3167 76.3167 5.5
    endloop
  endfacet
  facet normal 0.0655089 -0.997852 0
    outer loop
      vertex 13.3492 76.6451 5.5
      vertex 13.5 76.655 12.5
      vertex 13.3492 76.6451 12.5
    endloop
  endfacet
  facet normal 0.0655089 -0.997852 0
    outer loop
      vertex 13.5 76.655 12.5
      vertex 13.3492 76.6451 5.5
      vertex 13.5 76.655 5.5
    endloop
  endfacet
  facet normal 0.947083 -0.320989 0
    outer loop
      vertex 12.3844 75.7989 12.5
      vertex 12.4329 75.942 5.5
      vertex 12.4329 75.942 12.5
    endloop
  endfacet
  facet normal 0.947083 -0.320989 0
    outer loop
      vertex 12.4329 75.942 5.5
      vertex 12.3844 75.7989 12.5
      vertex 12.3844 75.7989 5.5
    endloop
  endfacet
  facet normal 0.997852 -0.0655089 0
    outer loop
      vertex 12.345 75.5 12.5
      vertex 12.3549 75.6508 5.5
      vertex 12.3549 75.6508 12.5
    endloop
  endfacet
  facet normal 0.997852 -0.0655089 0
    outer loop
      vertex 12.3549 75.6508 5.5
      vertex 12.345 75.5 12.5
      vertex 12.345 75.5 5.5
    endloop
  endfacet
  facet normal -0.980733 -0.195352 0
    outer loop
      vertex 63.6451 17.6508 5.5
      vertex 63.6156 17.7989 12.5
      vertex 63.6156 17.7989 5.5
    endloop
  endfacet
  facet normal -0.980733 -0.195352 0
    outer loop
      vertex 63.6156 17.7989 12.5
      vertex 63.6451 17.6508 5.5
      vertex 63.6451 17.6508 12.5
    endloop
  endfacet
  facet normal -0.997852 -0.0655089 0
    outer loop
      vertex 63.655 17.5 5.5
      vertex 63.6451 17.6508 12.5
      vertex 63.6451 17.6508 5.5
    endloop
  endfacet
  facet normal -0.997852 -0.0655089 0
    outer loop
      vertex 63.6451 17.6508 12.5
      vertex 63.655 17.5 5.5
      vertex 63.655 17.5 12.5
    endloop
  endfacet
  facet normal -0.947083 -0.320989 0
    outer loop
      vertex 63.6156 17.7989 5.5
      vertex 63.5671 17.942 12.5
      vertex 63.5671 17.942 5.5
    endloop
  endfacet
  facet normal -0.947083 -0.320989 0
    outer loop
      vertex 63.5671 17.942 12.5
      vertex 63.6156 17.7989 5.5
      vertex 63.6156 17.7989 12.5
    endloop
  endfacet
  facet normal -0.831235 -0.555921 0
    outer loop
      vertex 63.5003 18.0775 5.5
      vertex 63.4163 18.2031 12.5
      vertex 63.4163 18.2031 5.5
    endloop
  endfacet
  facet normal -0.831235 -0.555921 0
    outer loop
      vertex 63.4163 18.2031 12.5
      vertex 63.5003 18.0775 5.5
      vertex 63.5003 18.0775 12.5
    endloop
  endfacet
  facet normal 0.947083 0.320989 0
    outer loop
      vertex 61.4329 17.058 12.5
      vertex 61.3844 17.2011 5.5
      vertex 61.3844 17.2011 12.5
    endloop
  endfacet
  facet normal 0.947083 0.320989 0
    outer loop
      vertex 61.3844 17.2011 5.5
      vertex 61.4329 17.058 12.5
      vertex 61.4329 17.058 5.5
    endloop
  endfacet
  facet normal -0.320989 0.947083 0
    outer loop
      vertex 62.942 16.4329 5.5
      vertex 62.7989 16.3844 12.5
      vertex 62.942 16.4329 12.5
    endloop
  endfacet
  facet normal -0.320989 0.947083 0
    outer loop
      vertex 62.7989 16.3844 12.5
      vertex 62.942 16.4329 5.5
      vertex 62.7989 16.3844 5.5
    endloop
  endfacet
  facet normal -0.896928 -0.442176 0
    outer loop
      vertex 63.5671 17.942 5.5
      vertex 63.5003 18.0775 12.5
      vertex 63.5003 18.0775 5.5
    endloop
  endfacet
  facet normal -0.896928 -0.442176 0
    outer loop
      vertex 63.5003 18.0775 12.5
      vertex 63.5671 17.942 5.5
      vertex 63.5671 17.942 12.5
    endloop
  endfacet
  facet normal 0.555921 -0.831235 0
    outer loop
      vertex 61.7969 18.4163 5.5
      vertex 61.9225 18.5003 12.5
      vertex 61.7969 18.4163 12.5
    endloop
  endfacet
  facet normal 0.555921 -0.831235 0
    outer loop
      vertex 61.9225 18.5003 12.5
      vertex 61.7969 18.4163 5.5
      vertex 61.9225 18.5003 5.5
    endloop
  endfacet
  facet normal -0.980733 0.195352 0
    outer loop
      vertex 63.6156 17.2011 5.5
      vertex 63.6451 17.3492 12.5
      vertex 63.6451 17.3492 5.5
    endloop
  endfacet
  facet normal -0.980733 0.195352 0
    outer loop
      vertex 63.6451 17.3492 12.5
      vertex 63.6156 17.2011 5.5
      vertex 63.6156 17.2011 12.5
    endloop
  endfacet
  facet normal 0 0 1
    outer loop
      vertex 63.6451 17.6508 5.5
      vertex 63.6451 17.3492 5.5
      vertex 63.655 17.5 5.5
    endloop
  endfacet
  facet normal 0 0 1
    outer loop
      vertex 63.6156 17.7989 5.5
      vertex 63.6451 17.3492 5.5
      vertex 63.6451 17.6508 5.5
    endloop
  endfacet
  facet normal 0 0 1
    outer loop
      vertex 63.6156 17.7989 5.5
      vertex 63.6156 17.2011 5.5
      vertex 63.6451 17.3492 5.5
    endloop
  endfacet
  facet normal 0 0 1
    outer loop
      vertex 63.5671 17.942 5.5
      vertex 63.6156 17.2011 5.5
      vertex 63.6156 17.7989 5.5
    endloop
  endfacet
  facet normal 0 0 1
    outer loop
      vertex 63.5671 17.942 5.5
      vertex 63.5671 17.058 5.5
      vertex 63.6156 17.2011 5.5
    endloop
  endfacet
  facet normal 0 0 1
    outer loop
      vertex 63.5003 18.0775 5.5
      vertex 63.5671 17.058 5.5
      vertex 63.5671 17.942 5.5
    endloop
  endfacet
  facet normal 0 0 1
    outer loop
      vertex 63.5003 18.0775 5.5
      vertex 63.5003 16.9225 5.5
      vertex 63.5671 17.058 5.5
    endloop
  endfacet
  facet normal 0 0 1
    outer loop
      vertex 63.4163 18.2031 5.5
      vertex 63.5003 16.9225 5.5
      vertex 63.5003 18.0775 5.5
    endloop
  endfacet
  facet normal 0 0 1
    outer loop
      vertex 63.4163 18.2031 5.5
      vertex 63.4163 16.7969 5.5
      vertex 63.5003 16.9225 5.5
    endloop
  endfacet
  facet normal 0 0 1
    outer loop
      vertex 63.3167 18.3167 5.5
      vertex 63.4163 16.7969 5.5
      vertex 63.4163 18.2031 5.5
    endloop
  endfacet
  facet normal 0 0 1
    outer loop
      vertex 63.3167 18.3167 5.5
      vertex 63.3167 16.6833 5.5
      vertex 63.4163 16.7969 5.5
    endloop
  endfacet
  facet normal 0 0 1
    outer loop
      vertex 63.2031 18.4163 5.5
      vertex 63.3167 16.6833 5.5
      vertex 63.3167 18.3167 5.5
    endloop
  endfacet
  facet normal 0 0 1
    outer loop
      vertex 63.2031 18.4163 5.5
      vertex 63.2031 16.5837 5.5
      vertex 63.3167 16.6833 5.5
    endloop
  endfacet
  facet normal 0 0 1
    outer loop
      vertex 63.0775 18.5003 5.5
      vertex 63.2031 16.5837 5.5
      vertex 63.2031 18.4163 5.5
    endloop
  endfacet
  facet normal 0 0 1
    outer loop
      vertex 63.0775 18.5003 5.5
      vertex 63.0775 16.4997 5.5
      vertex 63.2031 16.5837 5.5
    endloop
  endfacet
  facet normal 0 0 1
    outer loop
      vertex 62.942 18.5671 5.5
      vertex 63.0775 16.4997 5.5
      vertex 63.0775 18.5003 5.5
    endloop
  endfacet
  facet normal 0 0 1
    outer loop
      vertex 62.942 18.5671 5.5
      vertex 62.942 16.4329 5.5
      vertex 63.0775 16.4997 5.5
    endloop
  endfacet
  facet normal 0 0 1
    outer loop
      vertex 62.7989 18.6156 5.5
      vertex 62.942 16.4329 5.5
      vertex 62.942 18.5671 5.5
    endloop
  endfacet
  facet normal 0 0 1
    outer loop
      vertex 62.7989 18.6156 5.5
      vertex 62.7989 16.3844 5.5
      vertex 62.942 16.4329 5.5
    endloop
  endfacet
  facet normal 0 0 1
    outer loop
      vertex 62.6508 18.6451 5.5
      vertex 62.7989 16.3844 5.5
      vertex 62.7989 18.6156 5.5
    endloop
  endfacet
  facet normal 0 0 1
    outer loop
      vertex 62.6508 18.6451 5.5
      vertex 62.6508 16.3549 5.5
      vertex 62.7989 16.3844 5.5
    endloop
  endfacet
  facet normal 0 0 1
    outer loop
      vertex 62.5 18.655 5.5
      vertex 62.6508 16.3549 5.5
      vertex 62.6508 18.6451 5.5
    endloop
  endfacet
  facet normal 0 0 1
    outer loop
      vertex 62.5 18.655 5.5
      vertex 62.5 16.345 5.5
      vertex 62.6508 16.3549 5.5
    endloop
  endfacet
  facet normal -0 0 1
    outer loop
      vertex 62.3492 18.6451 5.5
      vertex 62.5 16.345 5.5
      vertex 62.5 18.655 5.5
    endloop
  endfacet
  facet normal 0 0 1
    outer loop
      vertex 62.3492 18.6451 5.5
      vertex 62.3492 16.3549 5.5
      vertex 62.5 16.345 5.5
    endloop
  endfacet
  facet normal -0 0 1
    outer loop
      vertex 62.2011 18.6156 5.5
      vertex 62.3492 16.3549 5.5
      vertex 62.3492 18.6451 5.5
    endloop
  endfacet
  facet normal 0 0 1
    outer loop
      vertex 62.2011 18.6156 5.5
      vertex 62.2011 16.3844 5.5
      vertex 62.3492 16.3549 5.5
    endloop
  endfacet
  facet normal -0 0 1
    outer loop
      vertex 62.058 18.5671 5.5
      vertex 62.2011 16.3844 5.5
      vertex 62.2011 18.6156 5.5
    endloop
  endfacet
  facet normal 0 0 1
    outer loop
      vertex 62.058 18.5671 5.5
      vertex 62.058 16.4329 5.5
      vertex 62.2011 16.3844 5.5
    endloop
  endfacet
  facet normal -0 0 1
    outer loop
      vertex 61.9225 18.5003 5.5
      vertex 62.058 16.4329 5.5
      vertex 62.058 18.5671 5.5
    endloop
  endfacet
  facet normal 0 0 1
    outer loop
      vertex 61.9225 18.5003 5.5
      vertex 61.9225 16.4997 5.5
      vertex 62.058 16.4329 5.5
    endloop
  endfacet
  facet normal -0 0 1
    outer loop
      vertex 61.7969 18.4163 5.5
      vertex 61.9225 16.4997 5.5
      vertex 61.9225 18.5003 5.5
    endloop
  endfacet
  facet normal 0 0 1
    outer loop
      vertex 61.7969 18.4163 5.5
      vertex 61.7969 16.5837 5.5
      vertex 61.9225 16.4997 5.5
    endloop
  endfacet
  facet normal -0 0 1
    outer loop
      vertex 61.6833 18.3167 5.5
      vertex 61.7969 16.5837 5.5
      vertex 61.7969 18.4163 5.5
    endloop
  endfacet
  facet normal 0 0 1
    outer loop
      vertex 61.6833 18.3167 5.5
      vertex 61.6833 16.6833 5.5
      vertex 61.7969 16.5837 5.5
    endloop
  endfacet
  facet normal -0 0 1
    outer loop
      vertex 61.5837 18.2031 5.5
      vertex 61.6833 16.6833 5.5
      vertex 61.6833 18.3167 5.5
    endloop
  endfacet
  facet normal 0 0 1
    outer loop
      vertex 61.5837 18.2031 5.5
      vertex 61.5837 16.7969 5.5
      vertex 61.6833 16.6833 5.5
    endloop
  endfacet
  facet normal -0 0 1
    outer loop
      vertex 61.4997 18.0775 5.5
      vertex 61.5837 16.7969 5.5
      vertex 61.5837 18.2031 5.5
    endloop
  endfacet
  facet normal 0 0 1
    outer loop
      vertex 61.4997 18.0775 5.5
      vertex 61.4997 16.9225 5.5
      vertex 61.5837 16.7969 5.5
    endloop
  endfacet
  facet normal -0 0 1
    outer loop
      vertex 61.4329 17.942 5.5
      vertex 61.4997 16.9225 5.5
      vertex 61.4997 18.0775 5.5
    endloop
  endfacet
  facet normal 0 0 1
    outer loop
      vertex 61.4329 17.942 5.5
      vertex 61.4329 17.058 5.5
      vertex 61.4997 16.9225 5.5
    endloop
  endfacet
  facet normal -0 0 1
    outer loop
      vertex 61.3844 17.7989 5.5
      vertex 61.4329 17.058 5.5
      vertex 61.4329 17.942 5.5
    endloop
  endfacet
  facet normal 0 0 1
    outer loop
      vertex 61.3844 17.7989 5.5
      vertex 61.3844 17.2011 5.5
      vertex 61.4329 17.058 5.5
    endloop
  endfacet
  facet normal -0 0 1
    outer loop
      vertex 61.3549 17.6508 5.5
      vertex 61.3844 17.2011 5.5
      vertex 61.3844 17.7989 5.5
    endloop
  endfacet
  facet normal 0 0 1
    outer loop
      vertex 61.3549 17.6508 5.5
      vertex 61.3549 17.3492 5.5
      vertex 61.3844 17.2011 5.5
    endloop
  endfacet
  facet normal 0 -0 1
    outer loop
      vertex 61.3549 17.3492 5.5
      vertex 61.3549 17.6508 5.5
      vertex 61.345 17.5 5.5
    endloop
  endfacet
  facet normal -0.320989 -0.947083 0
    outer loop
      vertex 62.7989 18.6156 5.5
      vertex 62.942 18.5671 12.5
      vertex 62.7989 18.6156 12.5
    endloop
  endfacet
  facet normal -0.320989 -0.947083 -0
    outer loop
      vertex 62.942 18.5671 12.5
      vertex 62.7989 18.6156 5.5
      vertex 62.942 18.5671 5.5
    endloop
  endfacet
  facet normal 0.659254 -0.75192 0
    outer loop
      vertex 61.6833 18.3167 5.5
      vertex 61.7969 18.4163 12.5
      vertex 61.6833 18.3167 12.5
    endloop
  endfacet
  facet normal 0.659254 -0.75192 0
    outer loop
      vertex 61.7969 18.4163 12.5
      vertex 61.6833 18.3167 5.5
      vertex 61.7969 18.4163 5.5
    endloop
  endfacet
  facet normal -0.555921 0.831235 0
    outer loop
      vertex 63.2031 16.5837 5.5
      vertex 63.0775 16.4997 12.5
      vertex 63.2031 16.5837 12.5
    endloop
  endfacet
  facet normal -0.555921 0.831235 0
    outer loop
      vertex 63.0775 16.4997 12.5
      vertex 63.2031 16.5837 5.5
      vertex 63.0775 16.4997 5.5
    endloop
  endfacet
  facet normal 0.195352 -0.980733 0
    outer loop
      vertex 62.2011 18.6156 5.5
      vertex 62.3492 18.6451 12.5
      vertex 62.2011 18.6156 12.5
    endloop
  endfacet
  facet normal 0.195352 -0.980733 0
    outer loop
      vertex 62.3492 18.6451 12.5
      vertex 62.2011 18.6156 5.5
      vertex 62.3492 18.6451 5.5
    endloop
  endfacet
  facet normal 0.997852 0.0655089 0
    outer loop
      vertex 61.3549 17.3492 12.5
      vertex 61.345 17.5 5.5
      vertex 61.345 17.5 12.5
    endloop
  endfacet
  facet normal 0.997852 0.0655089 0
    outer loop
      vertex 61.345 17.5 5.5
      vertex 61.3549 17.3492 12.5
      vertex 61.3549 17.3492 5.5
    endloop
  endfacet
  facet normal 0.896928 0.442176 0
    outer loop
      vertex 61.4997 16.9225 12.5
      vertex 61.4329 17.058 5.5
      vertex 61.4329 17.058 12.5
    endloop
  endfacet
  facet normal 0.896928 0.442176 0
    outer loop
      vertex 61.4329 17.058 5.5
      vertex 61.4997 16.9225 12.5
      vertex 61.4997 16.9225 5.5
    endloop
  endfacet
  facet normal -0.0655089 -0.997852 0
    outer loop
      vertex 62.5 18.655 5.5
      vertex 62.6508 18.6451 12.5
      vertex 62.5 18.655 12.5
    endloop
  endfacet
  facet normal -0.0655089 -0.997852 -0
    outer loop
      vertex 62.6508 18.6451 12.5
      vertex 62.5 18.655 5.5
      vertex 62.6508 18.6451 5.5
    endloop
  endfacet
  facet normal 0.320989 0.947083 -0
    outer loop
      vertex 62.2011 16.3844 5.5
      vertex 62.058 16.4329 12.5
      vertex 62.2011 16.3844 12.5
    endloop
  endfacet
  facet normal 0.320989 0.947083 0
    outer loop
      vertex 62.058 16.4329 12.5
      vertex 62.2011 16.3844 5.5
      vertex 62.058 16.4329 5.5
    endloop
  endfacet
  facet normal -0.195352 0.980733 0
    outer loop
      vertex 62.7989 16.3844 5.5
      vertex 62.6508 16.3549 12.5
      vertex 62.7989 16.3844 12.5
    endloop
  endfacet
  facet normal -0.195352 0.980733 0
    outer loop
      vertex 62.6508 16.3549 12.5
      vertex 62.7989 16.3844 5.5
      vertex 62.6508 16.3549 5.5
    endloop
  endfacet
  facet normal 0.442176 -0.896928 0
    outer loop
      vertex 61.9225 18.5003 5.5
      vertex 62.058 18.5671 12.5
      vertex 61.9225 18.5003 12.5
    endloop
  endfacet
  facet normal 0.442176 -0.896928 0
    outer loop
      vertex 62.058 18.5671 12.5
      vertex 61.9225 18.5003 5.5
      vertex 62.058 18.5671 5.5
    endloop
  endfacet
  facet normal -0.442176 -0.896928 0
    outer loop
      vertex 62.942 18.5671 5.5
      vertex 63.0775 18.5003 12.5
      vertex 62.942 18.5671 12.5
    endloop
  endfacet
  facet normal -0.442176 -0.896928 -0
    outer loop
      vertex 63.0775 18.5003 12.5
      vertex 62.942 18.5671 5.5
      vertex 63.0775 18.5003 5.5
    endloop
  endfacet
  facet normal -0.442176 0.896928 0
    outer loop
      vertex 63.0775 16.4997 5.5
      vertex 62.942 16.4329 12.5
      vertex 63.0775 16.4997 12.5
    endloop
  endfacet
  facet normal -0.442176 0.896928 0
    outer loop
      vertex 62.942 16.4329 12.5
      vertex 63.0775 16.4997 5.5
      vertex 62.942 16.4329 5.5
    endloop
  endfacet
  facet normal 0.980733 0.195352 0
    outer loop
      vertex 61.3844 17.2011 12.5
      vertex 61.3549 17.3492 5.5
      vertex 61.3549 17.3492 12.5
    endloop
  endfacet
  facet normal 0.980733 0.195352 0
    outer loop
      vertex 61.3549 17.3492 5.5
      vertex 61.3844 17.2011 12.5
      vertex 61.3844 17.2011 5.5
    endloop
  endfacet
  facet normal -0.997852 0.0655089 0
    outer loop
      vertex 63.6451 17.3492 5.5
      vertex 63.655 17.5 12.5
      vertex 63.655 17.5 5.5
    endloop
  endfacet
  facet normal -0.997852 0.0655089 0
    outer loop
      vertex 63.655 17.5 12.5
      vertex 63.6451 17.3492 5.5
      vertex 63.6451 17.3492 12.5
    endloop
  endfacet
  facet normal 0.555921 0.831235 -0
    outer loop
      vertex 61.9225 16.4997 5.5
      vertex 61.7969 16.5837 12.5
      vertex 61.9225 16.4997 12.5
    endloop
  endfacet
  facet normal 0.555921 0.831235 0
    outer loop
      vertex 61.7969 16.5837 12.5
      vertex 61.9225 16.4997 5.5
      vertex 61.7969 16.5837 5.5
    endloop
  endfacet
  facet normal -0.75192 0.659254 0
    outer loop
      vertex 63.3167 16.6833 5.5
      vertex 63.4163 16.7969 12.5
      vertex 63.4163 16.7969 5.5
    endloop
  endfacet
  facet normal -0.75192 0.659254 0
    outer loop
      vertex 63.4163 16.7969 12.5
      vertex 63.3167 16.6833 5.5
      vertex 63.3167 16.6833 12.5
    endloop
  endfacet
  facet normal -0.831235 0.555921 0
    outer loop
      vertex 63.4163 16.7969 5.5
      vertex 63.5003 16.9225 12.5
      vertex 63.5003 16.9225 5.5
    endloop
  endfacet
  facet normal -0.831235 0.555921 0
    outer loop
      vertex 63.5003 16.9225 12.5
      vertex 63.4163 16.7969 5.5
      vertex 63.4163 16.7969 12.5
    endloop
  endfacet
  facet normal 0.75192 0.659254 0
    outer loop
      vertex 61.6833 16.6833 12.5
      vertex 61.5837 16.7969 5.5
      vertex 61.5837 16.7969 12.5
    endloop
  endfacet
  facet normal 0.75192 0.659254 0
    outer loop
      vertex 61.5837 16.7969 5.5
      vertex 61.6833 16.6833 12.5
      vertex 61.6833 16.6833 5.5
    endloop
  endfacet
  facet normal 0.75192 -0.659254 0
    outer loop
      vertex 61.5837 18.2031 12.5
      vertex 61.6833 18.3167 5.5
      vertex 61.6833 18.3167 12.5
    endloop
  endfacet
  facet normal 0.75192 -0.659254 0
    outer loop
      vertex 61.6833 18.3167 5.5
      vertex 61.5837 18.2031 12.5
      vertex 61.5837 18.2031 5.5
    endloop
  endfacet
  facet normal 0.659254 0.75192 -0
    outer loop
      vertex 61.7969 16.5837 5.5
      vertex 61.6833 16.6833 12.5
      vertex 61.7969 16.5837 12.5
    endloop
  endfacet
  facet normal 0.659254 0.75192 0
    outer loop
      vertex 61.6833 16.6833 12.5
      vertex 61.7969 16.5837 5.5
      vertex 61.6833 16.6833 5.5
    endloop
  endfacet
  facet normal -0.947083 0.320989 0
    outer loop
      vertex 63.5671 17.058 5.5
      vertex 63.6156 17.2011 12.5
      vertex 63.6156 17.2011 5.5
    endloop
  endfacet
  facet normal -0.947083 0.320989 0
    outer loop
      vertex 63.6156 17.2011 12.5
      vertex 63.5671 17.058 5.5
      vertex 63.5671 17.058 12.5
    endloop
  endfacet
  facet normal 0.831235 0.555921 0
    outer loop
      vertex 61.5837 16.7969 12.5
      vertex 61.4997 16.9225 5.5
      vertex 61.4997 16.9225 12.5
    endloop
  endfacet
  facet normal 0.831235 0.555921 0
    outer loop
      vertex 61.4997 16.9225 5.5
      vertex 61.5837 16.7969 12.5
      vertex 61.5837 16.7969 5.5
    endloop
  endfacet
  facet normal -0.896928 0.442176 0
    outer loop
      vertex 63.5003 16.9225 5.5
      vertex 63.5671 17.058 12.5
      vertex 63.5671 17.058 5.5
    endloop
  endfacet
  facet normal -0.896928 0.442176 0
    outer loop
      vertex 63.5671 17.058 12.5
      vertex 63.5003 16.9225 5.5
      vertex 63.5003 16.9225 12.5
    endloop
  endfacet
  facet normal 0.195352 0.980733 -0
    outer loop
      vertex 62.3492 16.3549 5.5
      vertex 62.2011 16.3844 12.5
      vertex 62.3492 16.3549 12.5
    endloop
  endfacet
  facet normal 0.195352 0.980733 0
    outer loop
      vertex 62.2011 16.3844 12.5
      vertex 62.3492 16.3549 5.5
      vertex 62.2011 16.3844 5.5
    endloop
  endfacet
  facet normal -0.0655089 0.997852 0
    outer loop
      vertex 62.6508 16.3549 5.5
      vertex 62.5 16.345 12.5
      vertex 62.6508 16.3549 12.5
    endloop
  endfacet
  facet normal -0.0655089 0.997852 0
    outer loop
      vertex 62.5 16.345 12.5
      vertex 62.6508 16.3549 5.5
      vertex 62.5 16.345 5.5
    endloop
  endfacet
  facet normal 0.442176 0.896928 -0
    outer loop
      vertex 62.058 16.4329 5.5
      vertex 61.9225 16.4997 12.5
      vertex 62.058 16.4329 12.5
    endloop
  endfacet
  facet normal 0.442176 0.896928 0
    outer loop
      vertex 61.9225 16.4997 12.5
      vertex 62.058 16.4329 5.5
      vertex 61.9225 16.4997 5.5
    endloop
  endfacet
  facet normal -0.195352 -0.980733 0
    outer loop
      vertex 62.6508 18.6451 5.5
      vertex 62.7989 18.6156 12.5
      vertex 62.6508 18.6451 12.5
    endloop
  endfacet
  facet normal -0.195352 -0.980733 -0
    outer loop
      vertex 62.7989 18.6156 12.5
      vertex 62.6508 18.6451 5.5
      vertex 62.7989 18.6156 5.5
    endloop
  endfacet
  facet normal -0.659254 0.75192 0
    outer loop
      vertex 63.3167 16.6833 5.5
      vertex 63.2031 16.5837 12.5
      vertex 63.3167 16.6833 12.5
    endloop
  endfacet
  facet normal -0.659254 0.75192 0
    outer loop
      vertex 63.2031 16.5837 12.5
      vertex 63.3167 16.6833 5.5
      vertex 63.2031 16.5837 5.5
    endloop
  endfacet
  facet normal -0.555921 -0.831235 0
    outer loop
      vertex 63.0775 18.5003 5.5
      vertex 63.2031 18.4163 12.5
      vertex 63.0775 18.5003 12.5
    endloop
  endfacet
  facet normal -0.555921 -0.831235 -0
    outer loop
      vertex 63.2031 18.4163 12.5
      vertex 63.0775 18.5003 5.5
      vertex 63.2031 18.4163 5.5
    endloop
  endfacet
  facet normal 0.320989 -0.947083 0
    outer loop
      vertex 62.058 18.5671 5.5
      vertex 62.2011 18.6156 12.5
      vertex 62.058 18.5671 12.5
    endloop
  endfacet
  facet normal 0.320989 -0.947083 0
    outer loop
      vertex 62.2011 18.6156 12.5
      vertex 62.058 18.5671 5.5
      vertex 62.2011 18.6156 5.5
    endloop
  endfacet
  facet normal 0.0655089 0.997852 -0
    outer loop
      vertex 62.5 16.345 5.5
      vertex 62.3492 16.3549 12.5
      vertex 62.5 16.345 12.5
    endloop
  endfacet
  facet normal 0.0655089 0.997852 0
    outer loop
      vertex 62.3492 16.3549 12.5
      vertex 62.5 16.345 5.5
      vertex 62.3492 16.3549 5.5
    endloop
  endfacet
  facet normal 0.896928 -0.442176 0
    outer loop
      vertex 61.4329 17.942 12.5
      vertex 61.4997 18.0775 5.5
      vertex 61.4997 18.0775 12.5
    endloop
  endfacet
  facet normal 0.896928 -0.442176 0
    outer loop
      vertex 61.4997 18.0775 5.5
      vertex 61.4329 17.942 12.5
      vertex 61.4329 17.942 5.5
    endloop
  endfacet
  facet normal 0.980733 -0.195352 0
    outer loop
      vertex 61.3549 17.6508 12.5
      vertex 61.3844 17.7989 5.5
      vertex 61.3844 17.7989 12.5
    endloop
  endfacet
  facet normal 0.980733 -0.195352 0
    outer loop
      vertex 61.3844 17.7989 5.5
      vertex 61.3549 17.6508 12.5
      vertex 61.3549 17.6508 5.5
    endloop
  endfacet
  facet normal -0.75192 -0.659254 0
    outer loop
      vertex 63.4163 18.2031 5.5
      vertex 63.3167 18.3167 12.5
      vertex 63.3167 18.3167 5.5
    endloop
  endfacet
  facet normal -0.75192 -0.659254 0
    outer loop
      vertex 63.3167 18.3167 12.5
      vertex 63.4163 18.2031 5.5
      vertex 63.4163 18.2031 12.5
    endloop
  endfacet
  facet normal -0.659254 -0.75192 0
    outer loop
      vertex 63.2031 18.4163 5.5
      vertex 63.3167 18.3167 12.5
      vertex 63.2031 18.4163 12.5
    endloop
  endfacet
  facet normal -0.659254 -0.75192 -0
    outer loop
      vertex 63.3167 18.3167 12.5
      vertex 63.2031 18.4163 5.5
      vertex 63.3167 18.3167 5.5
    endloop
  endfacet
  facet normal 0.0655089 -0.997852 0
    outer loop
      vertex 62.3492 18.6451 5.5
      vertex 62.5 18.655 12.5
      vertex 62.3492 18.6451 12.5
    endloop
  endfacet
  facet normal 0.0655089 -0.997852 0
    outer loop
      vertex 62.5 18.655 12.5
      vertex 62.3492 18.6451 5.5
      vertex 62.5 18.655 5.5
    endloop
  endfacet
  facet normal 0.947083 -0.320989 0
    outer loop
      vertex 61.3844 17.7989 12.5
      vertex 61.4329 17.942 5.5
      vertex 61.4329 17.942 12.5
    endloop
  endfacet
  facet normal 0.947083 -0.320989 0
    outer loop
      vertex 61.4329 17.942 5.5
      vertex 61.3844 17.7989 12.5
      vertex 61.3844 17.7989 5.5
    endloop
  endfacet
  facet normal 0.997852 -0.0655089 0
    outer loop
      vertex 61.345 17.5 12.5
      vertex 61.3549 17.6508 5.5
      vertex 61.3549 17.6508 12.5
    endloop
  endfacet
  facet normal 0.997852 -0.0655089 0
    outer loop
      vertex 61.3549 17.6508 5.5
      vertex 61.345 17.5 12.5
      vertex 61.345 17.5 5.5
    endloop
  endfacet
  facet normal 0.831235 -0.555921 0
    outer loop
      vertex 61.4997 18.0775 12.5
      vertex 61.5837 18.2031 5.5
      vertex 61.5837 18.2031 12.5
    endloop
  endfacet
  facet normal 0.831235 -0.555921 0
    outer loop
      vertex 61.5837 18.2031 5.5
      vertex 61.4997 18.0775 12.5
      vertex 61.4997 18.0775 5.5
    endloop
  endfacet
  facet normal -0.980733 -0.195352 0
    outer loop
      vertex 63.6451 75.6508 5.5
      vertex 63.6156 75.7989 12.5
      vertex 63.6156 75.7989 5.5
    endloop
  endfacet
  facet normal -0.980733 -0.195352 0
    outer loop
      vertex 63.6156 75.7989 12.5
      vertex 63.6451 75.6508 5.5
      vertex 63.6451 75.6508 12.5
    endloop
  endfacet
  facet normal -0.997852 -0.0655089 0
    outer loop
      vertex 63.655 75.5 5.5
      vertex 63.6451 75.6508 12.5
      vertex 63.6451 75.6508 5.5
    endloop
  endfacet
  facet normal -0.997852 -0.0655089 0
    outer loop
      vertex 63.6451 75.6508 12.5
      vertex 63.655 75.5 5.5
      vertex 63.655 75.5 12.5
    endloop
  endfacet
  facet normal -0.947083 -0.320989 0
    outer loop
      vertex 63.6156 75.7989 5.5
      vertex 63.5671 75.942 12.5
      vertex 63.5671 75.942 5.5
    endloop
  endfacet
  facet normal -0.947083 -0.320989 0
    outer loop
      vertex 63.5671 75.942 12.5
      vertex 63.6156 75.7989 5.5
      vertex 63.6156 75.7989 12.5
    endloop
  endfacet
  facet normal -0.831235 -0.555921 0
    outer loop
      vertex 63.5003 76.0775 5.5
      vertex 63.4163 76.2031 12.5
      vertex 63.4163 76.2031 5.5
    endloop
  endfacet
  facet normal -0.831235 -0.555921 0
    outer loop
      vertex 63.4163 76.2031 12.5
      vertex 63.5003 76.0775 5.5
      vertex 63.5003 76.0775 12.5
    endloop
  endfacet
  facet normal 0.947083 0.320989 0
    outer loop
      vertex 61.4329 75.058 12.5
      vertex 61.3844 75.2011 5.5
      vertex 61.3844 75.2011 12.5
    endloop
  endfacet
  facet normal 0.947083 0.320989 0
    outer loop
      vertex 61.3844 75.2011 5.5
      vertex 61.4329 75.058 12.5
      vertex 61.4329 75.058 5.5
    endloop
  endfacet
  facet normal -0.320989 0.947083 0
    outer loop
      vertex 62.942 74.4329 5.5
      vertex 62.7989 74.3844 12.5
      vertex 62.942 74.4329 12.5
    endloop
  endfacet
  facet normal -0.320989 0.947083 0
    outer loop
      vertex 62.7989 74.3844 12.5
      vertex 62.942 74.4329 5.5
      vertex 62.7989 74.3844 5.5
    endloop
  endfacet
  facet normal -0.896928 -0.442176 0
    outer loop
      vertex 63.5671 75.942 5.5
      vertex 63.5003 76.0775 12.5
      vertex 63.5003 76.0775 5.5
    endloop
  endfacet
  facet normal -0.896928 -0.442176 0
    outer loop
      vertex 63.5003 76.0775 12.5
      vertex 63.5671 75.942 5.5
      vertex 63.5671 75.942 12.5
    endloop
  endfacet
  facet normal 0.555921 -0.831235 0
    outer loop
      vertex 61.7969 76.4163 5.5
      vertex 61.9225 76.5003 12.5
      vertex 61.7969 76.4163 12.5
    endloop
  endfacet
  facet normal 0.555921 -0.831235 0
    outer loop
      vertex 61.9225 76.5003 12.5
      vertex 61.7969 76.4163 5.5
      vertex 61.9225 76.5003 5.5
    endloop
  endfacet
  facet normal -0.980733 0.195352 0
    outer loop
      vertex 63.6156 75.2011 5.5
      vertex 63.6451 75.3492 12.5
      vertex 63.6451 75.3492 5.5
    endloop
  endfacet
  facet normal -0.980733 0.195352 0
    outer loop
      vertex 63.6451 75.3492 12.5
      vertex 63.6156 75.2011 5.5
      vertex 63.6156 75.2011 12.5
    endloop
  endfacet
  facet normal 0 0 1
    outer loop
      vertex 63.6451 75.6508 5.5
      vertex 63.6451 75.3492 5.5
      vertex 63.655 75.5 5.5
    endloop
  endfacet
  facet normal 0 0 1
    outer loop
      vertex 63.6156 75.7989 5.5
      vertex 63.6451 75.3492 5.5
      vertex 63.6451 75.6508 5.5
    endloop
  endfacet
  facet normal 0 0 1
    outer loop
      vertex 63.6156 75.7989 5.5
      vertex 63.6156 75.2011 5.5
      vertex 63.6451 75.3492 5.5
    endloop
  endfacet
  facet normal 0 0 1
    outer loop
      vertex 63.5671 75.942 5.5
      vertex 63.6156 75.2011 5.5
      vertex 63.6156 75.7989 5.5
    endloop
  endfacet
  facet normal 0 0 1
    outer loop
      vertex 63.5671 75.942 5.5
      vertex 63.5671 75.058 5.5
      vertex 63.6156 75.2011 5.5
    endloop
  endfacet
  facet normal 0 0 1
    outer loop
      vertex 63.5003 76.0775 5.5
      vertex 63.5671 75.058 5.5
      vertex 63.5671 75.942 5.5
    endloop
  endfacet
  facet normal 0 0 1
    outer loop
      vertex 63.5003 76.0775 5.5
      vertex 63.5003 74.9225 5.5
      vertex 63.5671 75.058 5.5
    endloop
  endfacet
  facet normal 0 0 1
    outer loop
      vertex 63.4163 76.2031 5.5
      vertex 63.5003 74.9225 5.5
      vertex 63.5003 76.0775 5.5
    endloop
  endfacet
  facet normal 0 0 1
    outer loop
      vertex 63.4163 76.2031 5.5
      vertex 63.4163 74.7969 5.5
      vertex 63.5003 74.9225 5.5
    endloop
  endfacet
  facet normal 0 0 1
    outer loop
      vertex 63.3167 76.3167 5.5
      vertex 63.4163 74.7969 5.5
      vertex 63.4163 76.2031 5.5
    endloop
  endfacet
  facet normal 0 0 1
    outer loop
      vertex 63.3167 76.3167 5.5
      vertex 63.3167 74.6833 5.5
      vertex 63.4163 74.7969 5.5
    endloop
  endfacet
  facet normal 0 0 1
    outer loop
      vertex 63.2031 76.4163 5.5
      vertex 63.3167 74.6833 5.5
      vertex 63.3167 76.3167 5.5
    endloop
  endfacet
  facet normal 0 0 1
    outer loop
      vertex 63.2031 76.4163 5.5
      vertex 63.2031 74.5837 5.5
      vertex 63.3167 74.6833 5.5
    endloop
  endfacet
  facet normal 0 0 1
    outer loop
      vertex 63.0775 76.5003 5.5
      vertex 63.2031 74.5837 5.5
      vertex 63.2031 76.4163 5.5
    endloop
  endfacet
  facet normal 0 0 1
    outer loop
      vertex 63.0775 76.5003 5.5
      vertex 63.0775 74.4997 5.5
      vertex 63.2031 74.5837 5.5
    endloop
  endfacet
  facet normal 0 0 1
    outer loop
      vertex 62.942 76.5671 5.5
      vertex 63.0775 74.4997 5.5
      vertex 63.0775 76.5003 5.5
    endloop
  endfacet
  facet normal 0 0 1
    outer loop
      vertex 62.942 76.5671 5.5
      vertex 62.942 74.4329 5.5
      vertex 63.0775 74.4997 5.5
    endloop
  endfacet
  facet normal 0 0 1
    outer loop
      vertex 62.7989 76.6156 5.5
      vertex 62.942 74.4329 5.5
      vertex 62.942 76.5671 5.5
    endloop
  endfacet
  facet normal 0 0 1
    outer loop
      vertex 62.7989 76.6156 5.5
      vertex 62.7989 74.3844 5.5
      vertex 62.942 74.4329 5.5
    endloop
  endfacet
  facet normal 0 0 1
    outer loop
      vertex 62.6508 76.6451 5.5
      vertex 62.7989 74.3844 5.5
      vertex 62.7989 76.6156 5.5
    endloop
  endfacet
  facet normal 0 0 1
    outer loop
      vertex 62.6508 76.6451 5.5
      vertex 62.6508 74.3549 5.5
      vertex 62.7989 74.3844 5.5
    endloop
  endfacet
  facet normal 0 0 1
    outer loop
      vertex 62.5 76.655 5.5
      vertex 62.6508 74.3549 5.5
      vertex 62.6508 76.6451 5.5
    endloop
  endfacet
  facet normal 0 0 1
    outer loop
      vertex 62.5 76.655 5.5
      vertex 62.5 74.345 5.5
      vertex 62.6508 74.3549 5.5
    endloop
  endfacet
  facet normal -0 0 1
    outer loop
      vertex 62.3492 76.6451 5.5
      vertex 62.5 74.345 5.5
      vertex 62.5 76.655 5.5
    endloop
  endfacet
  facet normal 0 0 1
    outer loop
      vertex 62.3492 76.6451 5.5
      vertex 62.3492 74.3549 5.5
      vertex 62.5 74.345 5.5
    endloop
  endfacet
  facet normal -0 0 1
    outer loop
      vertex 62.2011 76.6156 5.5
      vertex 62.3492 74.3549 5.5
      vertex 62.3492 76.6451 5.5
    endloop
  endfacet
  facet normal 0 0 1
    outer loop
      vertex 62.2011 76.6156 5.5
      vertex 62.2011 74.3844 5.5
      vertex 62.3492 74.3549 5.5
    endloop
  endfacet
  facet normal -0 0 1
    outer loop
      vertex 62.058 76.5671 5.5
      vertex 62.2011 74.3844 5.5
      vertex 62.2011 76.6156 5.5
    endloop
  endfacet
  facet normal 0 0 1
    outer loop
      vertex 62.058 76.5671 5.5
      vertex 62.058 74.4329 5.5
      vertex 62.2011 74.3844 5.5
    endloop
  endfacet
  facet normal -0 0 1
    outer loop
      vertex 61.9225 76.5003 5.5
      vertex 62.058 74.4329 5.5
      vertex 62.058 76.5671 5.5
    endloop
  endfacet
  facet normal 0 0 1
    outer loop
      vertex 61.9225 76.5003 5.5
      vertex 61.9225 74.4997 5.5
      vertex 62.058 74.4329 5.5
    endloop
  endfacet
  facet normal -0 0 1
    outer loop
      vertex 61.7969 76.4163 5.5
      vertex 61.9225 74.4997 5.5
      vertex 61.9225 76.5003 5.5
    endloop
  endfacet
  facet normal 0 0 1
    outer loop
      vertex 61.7969 76.4163 5.5
      vertex 61.7969 74.5837 5.5
      vertex 61.9225 74.4997 5.5
    endloop
  endfacet
  facet normal -0 0 1
    outer loop
      vertex 61.6833 76.3167 5.5
      vertex 61.7969 74.5837 5.5
      vertex 61.7969 76.4163 5.5
    endloop
  endfacet
  facet normal 0 0 1
    outer loop
      vertex 61.6833 76.3167 5.5
      vertex 61.6833 74.6833 5.5
      vertex 61.7969 74.5837 5.5
    endloop
  endfacet
  facet normal -0 0 1
    outer loop
      vertex 61.5837 76.2031 5.5
      vertex 61.6833 74.6833 5.5
      vertex 61.6833 76.3167 5.5
    endloop
  endfacet
  facet normal 0 0 1
    outer loop
      vertex 61.5837 76.2031 5.5
      vertex 61.5837 74.7969 5.5
      vertex 61.6833 74.6833 5.5
    endloop
  endfacet
  facet normal -0 0 1
    outer loop
      vertex 61.4997 76.0775 5.5
      vertex 61.5837 74.7969 5.5
      vertex 61.5837 76.2031 5.5
    endloop
  endfacet
  facet normal 0 0 1
    outer loop
      vertex 61.4997 76.0775 5.5
      vertex 61.4997 74.9225 5.5
      vertex 61.5837 74.7969 5.5
    endloop
  endfacet
  facet normal -0 0 1
    outer loop
      vertex 61.4329 75.942 5.5
      vertex 61.4997 74.9225 5.5
      vertex 61.4997 76.0775 5.5
    endloop
  endfacet
  facet normal 0 0 1
    outer loop
      vertex 61.4329 75.942 5.5
      vertex 61.4329 75.058 5.5
      vertex 61.4997 74.9225 5.5
    endloop
  endfacet
  facet normal -0 0 1
    outer loop
      vertex 61.3844 75.7989 5.5
      vertex 61.4329 75.058 5.5
      vertex 61.4329 75.942 5.5
    endloop
  endfacet
  facet normal 0 0 1
    outer loop
      vertex 61.3844 75.7989 5.5
      vertex 61.3844 75.2011 5.5
      vertex 61.4329 75.058 5.5
    endloop
  endfacet
  facet normal -0 0 1
    outer loop
      vertex 61.3549 75.6508 5.5
      vertex 61.3844 75.2011 5.5
      vertex 61.3844 75.7989 5.5
    endloop
  endfacet
  facet normal 0 0 1
    outer loop
      vertex 61.3549 75.6508 5.5
      vertex 61.3549 75.3492 5.5
      vertex 61.3844 75.2011 5.5
    endloop
  endfacet
  facet normal 0 -0 1
    outer loop
      vertex 61.3549 75.3492 5.5
      vertex 61.3549 75.6508 5.5
      vertex 61.345 75.5 5.5
    endloop
  endfacet
  facet normal -0.320989 -0.947083 0
    outer loop
      vertex 62.7989 76.6156 5.5
      vertex 62.942 76.5671 12.5
      vertex 62.7989 76.6156 12.5
    endloop
  endfacet
  facet normal -0.320989 -0.947083 -0
    outer loop
      vertex 62.942 76.5671 12.5
      vertex 62.7989 76.6156 5.5
      vertex 62.942 76.5671 5.5
    endloop
  endfacet
  facet normal 0.659254 -0.75192 0
    outer loop
      vertex 61.6833 76.3167 5.5
      vertex 61.7969 76.4163 12.5
      vertex 61.6833 76.3167 12.5
    endloop
  endfacet
  facet normal 0.659254 -0.75192 0
    outer loop
      vertex 61.7969 76.4163 12.5
      vertex 61.6833 76.3167 5.5
      vertex 61.7969 76.4163 5.5
    endloop
  endfacet
  facet normal -0.555921 0.831235 0
    outer loop
      vertex 63.2031 74.5837 5.5
      vertex 63.0775 74.4997 12.5
      vertex 63.2031 74.5837 12.5
    endloop
  endfacet
  facet normal -0.555921 0.831235 0
    outer loop
      vertex 63.0775 74.4997 12.5
      vertex 63.2031 74.5837 5.5
      vertex 63.0775 74.4997 5.5
    endloop
  endfacet
  facet normal 0.195352 -0.980733 0
    outer loop
      vertex 62.2011 76.6156 5.5
      vertex 62.3492 76.6451 12.5
      vertex 62.2011 76.6156 12.5
    endloop
  endfacet
  facet normal 0.195352 -0.980733 0
    outer loop
      vertex 62.3492 76.6451 12.5
      vertex 62.2011 76.6156 5.5
      vertex 62.3492 76.6451 5.5
    endloop
  endfacet
  facet normal 0.997852 0.0655089 0
    outer loop
      vertex 61.3549 75.3492 12.5
      vertex 61.345 75.5 5.5
      vertex 61.345 75.5 12.5
    endloop
  endfacet
  facet normal 0.997852 0.0655089 0
    outer loop
      vertex 61.345 75.5 5.5
      vertex 61.3549 75.3492 12.5
      vertex 61.3549 75.3492 5.5
    endloop
  endfacet
  facet normal 0.896928 0.442176 0
    outer loop
      vertex 61.4997 74.9225 12.5
      vertex 61.4329 75.058 5.5
      vertex 61.4329 75.058 12.5
    endloop
  endfacet
  facet normal 0.896928 0.442176 0
    outer loop
      vertex 61.4329 75.058 5.5
      vertex 61.4997 74.9225 12.5
      vertex 61.4997 74.9225 5.5
    endloop
  endfacet
  facet normal -0.0655089 -0.997852 0
    outer loop
      vertex 62.5 76.655 5.5
      vertex 62.6508 76.6451 12.5
      vertex 62.5 76.655 12.5
    endloop
  endfacet
  facet normal -0.0655089 -0.997852 -0
    outer loop
      vertex 62.6508 76.6451 12.5
      vertex 62.5 76.655 5.5
      vertex 62.6508 76.6451 5.5
    endloop
  endfacet
  facet normal 0.320989 0.947083 -0
    outer loop
      vertex 62.2011 74.3844 5.5
      vertex 62.058 74.4329 12.5
      vertex 62.2011 74.3844 12.5
    endloop
  endfacet
  facet normal 0.320989 0.947083 0
    outer loop
      vertex 62.058 74.4329 12.5
      vertex 62.2011 74.3844 5.5
      vertex 62.058 74.4329 5.5
    endloop
  endfacet
  facet normal -0.195352 0.980733 0
    outer loop
      vertex 62.7989 74.3844 5.5
      vertex 62.6508 74.3549 12.5
      vertex 62.7989 74.3844 12.5
    endloop
  endfacet
  facet normal -0.195352 0.980733 0
    outer loop
      vertex 62.6508 74.3549 12.5
      vertex 62.7989 74.3844 5.5
      vertex 62.6508 74.3549 5.5
    endloop
  endfacet
  facet normal 0.442176 -0.896928 0
    outer loop
      vertex 61.9225 76.5003 5.5
      vertex 62.058 76.5671 12.5
      vertex 61.9225 76.5003 12.5
    endloop
  endfacet
  facet normal 0.442176 -0.896928 0
    outer loop
      vertex 62.058 76.5671 12.5
      vertex 61.9225 76.5003 5.5
      vertex 62.058 76.5671 5.5
    endloop
  endfacet
  facet normal -0.442176 -0.896928 0
    outer loop
      vertex 62.942 76.5671 5.5
      vertex 63.0775 76.5003 12.5
      vertex 62.942 76.5671 12.5
    endloop
  endfacet
  facet normal -0.442176 -0.896928 -0
    outer loop
      vertex 63.0775 76.5003 12.5
      vertex 62.942 76.5671 5.5
      vertex 63.0775 76.5003 5.5
    endloop
  endfacet
  facet normal -0.442176 0.896928 0
    outer loop
      vertex 63.0775 74.4997 5.5
      vertex 62.942 74.4329 12.5
      vertex 63.0775 74.4997 12.5
    endloop
  endfacet
  facet normal -0.442176 0.896928 0
    outer loop
      vertex 62.942 74.4329 12.5
      vertex 63.0775 74.4997 5.5
      vertex 62.942 74.4329 5.5
    endloop
  endfacet
  facet normal 0.980733 0.195352 0
    outer loop
      vertex 61.3844 75.2011 12.5
      vertex 61.3549 75.3492 5.5
      vertex 61.3549 75.3492 12.5
    endloop
  endfacet
  facet normal 0.980733 0.195352 0
    outer loop
      vertex 61.3549 75.3492 5.5
      vertex 61.3844 75.2011 12.5
      vertex 61.3844 75.2011 5.5
    endloop
  endfacet
  facet normal -0.997852 0.0655089 0
    outer loop
      vertex 63.6451 75.3492 5.5
      vertex 63.655 75.5 12.5
      vertex 63.655 75.5 5.5
    endloop
  endfacet
  facet normal -0.997852 0.0655089 0
    outer loop
      vertex 63.655 75.5 12.5
      vertex 63.6451 75.3492 5.5
      vertex 63.6451 75.3492 12.5
    endloop
  endfacet
  facet normal 0.555921 0.831235 -0
    outer loop
      vertex 61.9225 74.4997 5.5
      vertex 61.7969 74.5837 12.5
      vertex 61.9225 74.4997 12.5
    endloop
  endfacet
  facet normal 0.555921 0.831235 0
    outer loop
      vertex 61.7969 74.5837 12.5
      vertex 61.9225 74.4997 5.5
      vertex 61.7969 74.5837 5.5
    endloop
  endfacet
  facet normal -0.75192 0.659254 0
    outer loop
      vertex 63.3167 74.6833 5.5
      vertex 63.4163 74.7969 12.5
      vertex 63.4163 74.7969 5.5
    endloop
  endfacet
  facet normal -0.75192 0.659254 0
    outer loop
      vertex 63.4163 74.7969 12.5
      vertex 63.3167 74.6833 5.5
      vertex 63.3167 74.6833 12.5
    endloop
  endfacet
  facet normal -0.831235 0.555921 0
    outer loop
      vertex 63.4163 74.7969 5.5
      vertex 63.5003 74.9225 12.5
      vertex 63.5003 74.9225 5.5
    endloop
  endfacet
  facet normal -0.831235 0.555921 0
    outer loop
      vertex 63.5003 74.9225 12.5
      vertex 63.4163 74.7969 5.5
      vertex 63.4163 74.7969 12.5
    endloop
  endfacet
  facet normal 0.75192 0.659254 0
    outer loop
      vertex 61.6833 74.6833 12.5
      vertex 61.5837 74.7969 5.5
      vertex 61.5837 74.7969 12.5
    endloop
  endfacet
  facet normal 0.75192 0.659254 0
    outer loop
      vertex 61.5837 74.7969 5.5
      vertex 61.6833 74.6833 12.5
      vertex 61.6833 74.6833 5.5
    endloop
  endfacet
  facet normal 0.75192 -0.659254 0
    outer loop
      vertex 61.5837 76.2031 12.5
      vertex 61.6833 76.3167 5.5
      vertex 61.6833 76.3167 12.5
    endloop
  endfacet
  facet normal 0.75192 -0.659254 0
    outer loop
      vertex 61.6833 76.3167 5.5
      vertex 61.5837 76.2031 12.5
      vertex 61.5837 76.2031 5.5
    endloop
  endfacet
  facet normal 0.831235 -0.555921 0
    outer loop
      vertex 61.4997 76.0775 12.5
      vertex 61.5837 76.2031 5.5
      vertex 61.5837 76.2031 12.5
    endloop
  endfacet
  facet normal 0.831235 -0.555921 0
    outer loop
      vertex 61.5837 76.2031 5.5
      vertex 61.4997 76.0775 12.5
      vertex 61.4997 76.0775 5.5
    endloop
  endfacet
  facet normal -0.947083 0.320989 0
    outer loop
      vertex 63.5671 75.058 5.5
      vertex 63.6156 75.2011 12.5
      vertex 63.6156 75.2011 5.5
    endloop
  endfacet
  facet normal -0.947083 0.320989 0
    outer loop
      vertex 63.6156 75.2011 12.5
      vertex 63.5671 75.058 5.5
      vertex 63.5671 75.058 12.5
    endloop
  endfacet
  facet normal 0.831235 0.555921 0
    outer loop
      vertex 61.5837 74.7969 12.5
      vertex 61.4997 74.9225 5.5
      vertex 61.4997 74.9225 12.5
    endloop
  endfacet
  facet normal 0.831235 0.555921 0
    outer loop
      vertex 61.4997 74.9225 5.5
      vertex 61.5837 74.7969 12.5
      vertex 61.5837 74.7969 5.5
    endloop
  endfacet
  facet normal -0.896928 0.442176 0
    outer loop
      vertex 63.5003 74.9225 5.5
      vertex 63.5671 75.058 12.5
      vertex 63.5671 75.058 5.5
    endloop
  endfacet
  facet normal -0.896928 0.442176 0
    outer loop
      vertex 63.5671 75.058 12.5
      vertex 63.5003 74.9225 5.5
      vertex 63.5003 74.9225 12.5
    endloop
  endfacet
  facet normal 0.195352 0.980733 -0
    outer loop
      vertex 62.3492 74.3549 5.5
      vertex 62.2011 74.3844 12.5
      vertex 62.3492 74.3549 12.5
    endloop
  endfacet
  facet normal 0.195352 0.980733 0
    outer loop
      vertex 62.2011 74.3844 12.5
      vertex 62.3492 74.3549 5.5
      vertex 62.2011 74.3844 5.5
    endloop
  endfacet
  facet normal -0.0655089 0.997852 0
    outer loop
      vertex 62.6508 74.3549 5.5
      vertex 62.5 74.345 12.5
      vertex 62.6508 74.3549 12.5
    endloop
  endfacet
  facet normal -0.0655089 0.997852 0
    outer loop
      vertex 62.5 74.345 12.5
      vertex 62.6508 74.3549 5.5
      vertex 62.5 74.345 5.5
    endloop
  endfacet
  facet normal 0.442176 0.896928 -0
    outer loop
      vertex 62.058 74.4329 5.5
      vertex 61.9225 74.4997 12.5
      vertex 62.058 74.4329 12.5
    endloop
  endfacet
  facet normal 0.442176 0.896928 0
    outer loop
      vertex 61.9225 74.4997 12.5
      vertex 62.058 74.4329 5.5
      vertex 61.9225 74.4997 5.5
    endloop
  endfacet
  facet normal -0.195352 -0.980733 0
    outer loop
      vertex 62.6508 76.6451 5.5
      vertex 62.7989 76.6156 12.5
      vertex 62.6508 76.6451 12.5
    endloop
  endfacet
  facet normal -0.195352 -0.980733 -0
    outer loop
      vertex 62.7989 76.6156 12.5
      vertex 62.6508 76.6451 5.5
      vertex 62.7989 76.6156 5.5
    endloop
  endfacet
  facet normal -0.659254 0.75192 0
    outer loop
      vertex 63.3167 74.6833 5.5
      vertex 63.2031 74.5837 12.5
      vertex 63.3167 74.6833 12.5
    endloop
  endfacet
  facet normal -0.659254 0.75192 0
    outer loop
      vertex 63.2031 74.5837 12.5
      vertex 63.3167 74.6833 5.5
      vertex 63.2031 74.5837 5.5
    endloop
  endfacet
  facet normal -0.555921 -0.831235 0
    outer loop
      vertex 63.0775 76.5003 5.5
      vertex 63.2031 76.4163 12.5
      vertex 63.0775 76.5003 12.5
    endloop
  endfacet
  facet normal -0.555921 -0.831235 -0
    outer loop
      vertex 63.2031 76.4163 12.5
      vertex 63.0775 76.5003 5.5
      vertex 63.2031 76.4163 5.5
    endloop
  endfacet
  facet normal 0.320989 -0.947083 0
    outer loop
      vertex 62.058 76.5671 5.5
      vertex 62.2011 76.6156 12.5
      vertex 62.058 76.5671 12.5
    endloop
  endfacet
  facet normal 0.320989 -0.947083 0
    outer loop
      vertex 62.2011 76.6156 12.5
      vertex 62.058 76.5671 5.5
      vertex 62.2011 76.6156 5.5
    endloop
  endfacet
  facet normal 0.0655089 0.997852 -0
    outer loop
      vertex 62.5 74.345 5.5
      vertex 62.3492 74.3549 12.5
      vertex 62.5 74.345 12.5
    endloop
  endfacet
  facet normal 0.0655089 0.997852 0
    outer loop
      vertex 62.3492 74.3549 12.5
      vertex 62.5 74.345 5.5
      vertex 62.3492 74.3549 5.5
    endloop
  endfacet
  facet normal 0.896928 -0.442176 0
    outer loop
      vertex 61.4329 75.942 12.5
      vertex 61.4997 76.0775 5.5
      vertex 61.4997 76.0775 12.5
    endloop
  endfacet
  facet normal 0.896928 -0.442176 0
    outer loop
      vertex 61.4997 76.0775 5.5
      vertex 61.4329 75.942 12.5
      vertex 61.4329 75.942 5.5
    endloop
  endfacet
  facet normal 0.980733 -0.195352 0
    outer loop
      vertex 61.3549 75.6508 12.5
      vertex 61.3844 75.7989 5.5
      vertex 61.3844 75.7989 12.5
    endloop
  endfacet
  facet normal 0.980733 -0.195352 0
    outer loop
      vertex 61.3844 75.7989 5.5
      vertex 61.3549 75.6508 12.5
      vertex 61.3549 75.6508 5.5
    endloop
  endfacet
  facet normal -0.75192 -0.659254 0
    outer loop
      vertex 63.4163 76.2031 5.5
      vertex 63.3167 76.3167 12.5
      vertex 63.3167 76.3167 5.5
    endloop
  endfacet
  facet normal -0.75192 -0.659254 0
    outer loop
      vertex 63.3167 76.3167 12.5
      vertex 63.4163 76.2031 5.5
      vertex 63.4163 76.2031 12.5
    endloop
  endfacet
  facet normal 0.659254 0.75192 -0
    outer loop
      vertex 61.7969 74.5837 5.5
      vertex 61.6833 74.6833 12.5
      vertex 61.7969 74.5837 12.5
    endloop
  endfacet
  facet normal 0.659254 0.75192 0
    outer loop
      vertex 61.6833 74.6833 12.5
      vertex 61.7969 74.5837 5.5
      vertex 61.6833 74.6833 5.5
    endloop
  endfacet
  facet normal -0.659254 -0.75192 0
    outer loop
      vertex 63.2031 76.4163 5.5
      vertex 63.3167 76.3167 12.5
      vertex 63.2031 76.4163 12.5
    endloop
  endfacet
  facet normal -0.659254 -0.75192 -0
    outer loop
      vertex 63.3167 76.3167 12.5
      vertex 63.2031 76.4163 5.5
      vertex 63.3167 76.3167 5.5
    endloop
  endfacet
  facet normal 0.0655089 -0.997852 0
    outer loop
      vertex 62.3492 76.6451 5.5
      vertex 62.5 76.655 12.5
      vertex 62.3492 76.6451 12.5
    endloop
  endfacet
  facet normal 0.0655089 -0.997852 0
    outer loop
      vertex 62.5 76.655 12.5
      vertex 62.3492 76.6451 5.5
      vertex 62.5 76.655 5.5
    endloop
  endfacet
  facet normal 0.947083 -0.320989 0
    outer loop
      vertex 61.3844 75.7989 12.5
      vertex 61.4329 75.942 5.5
      vertex 61.4329 75.942 12.5
    endloop
  endfacet
  facet normal 0.947083 -0.320989 0
    outer loop
      vertex 61.4329 75.942 5.5
      vertex 61.3844 75.7989 12.5
      vertex 61.3844 75.7989 5.5
    endloop
  endfacet
  facet normal 0.997852 -0.0655089 0
    outer loop
      vertex 61.345 75.5 12.5
      vertex 61.3549 75.6508 5.5
      vertex 61.3549 75.6508 12.5
    endloop
  endfacet
  facet normal 0.997852 -0.0655089 0
    outer loop
      vertex 61.3549 75.6508 5.5
      vertex 61.345 75.5 12.5
      vertex 61.345 75.5 5.5
    endloop
  endfacet
  facet normal -1 0 0
    outer loop
      vertex 9.6 7.5 4
      vertex 9.6 17.5 8.5
      vertex 9.6 17.5 4
    endloop
  endfacet
  facet normal -1 -0 0
    outer loop
      vertex 9.6 17.5 8.5
      vertex 9.6 7.5 4
      vertex 9.6 7.5 8.5
    endloop
  endfacet
  facet normal 1 -0 0
    outer loop
      vertex 6.4 7.5 8.5
      vertex 6.4 17.5 4
      vertex 6.4 17.5 8.5
    endloop
  endfacet
  facet normal 1 0 0
    outer loop
      vertex 6.4 17.5 4
      vertex 6.4 7.5 8.5
      vertex 6.4 7.5 4
    endloop
  endfacet
  facet normal 0 -1 0
    outer loop
      vertex 6.4 17.5 4
      vertex 9.6 17.5 8.5
      vertex 6.4 17.5 8.5
    endloop
  endfacet
  facet normal 0 -1 -0
    outer loop
      vertex 9.6 17.5 8.5
      vertex 6.4 17.5 4
      vertex 9.6 17.5 4
    endloop
  endfacet
  facet normal 0 1 -0
    outer loop
      vertex 9.6 7.5 4
      vertex 6.4 7.5 8.5
      vertex 9.6 7.5 8.5
    endloop
  endfacet
  facet normal 0 1 0
    outer loop
      vertex 6.4 7.5 8.5
      vertex 9.6 7.5 4
      vertex 6.4 7.5 4
    endloop
  endfacet
  facet normal -1 0 0
    outer loop
      vertex 69.6 7.5 4
      vertex 69.6 17.5 8.5
      vertex 69.6 17.5 4
    endloop
  endfacet
  facet normal -1 -0 0
    outer loop
      vertex 69.6 17.5 8.5
      vertex 69.6 7.5 4
      vertex 69.6 7.5 8.5
    endloop
  endfacet
  facet normal 1 -0 0
    outer loop
      vertex 66.4 7.5 8.5
      vertex 66.4 17.5 4
      vertex 66.4 17.5 8.5
    endloop
  endfacet
  facet normal 1 0 0
    outer loop
      vertex 66.4 17.5 4
      vertex 66.4 7.5 8.5
      vertex 66.4 7.5 4
    endloop
  endfacet
  facet normal 0 -1 0
    outer loop
      vertex 66.4 17.5 4
      vertex 69.6 17.5 8.5
      vertex 66.4 17.5 8.5
    endloop
  endfacet
  facet normal 0 -1 -0
    outer loop
      vertex 69.6 17.5 8.5
      vertex 66.4 17.5 4
      vertex 69.6 17.5 4
    endloop
  endfacet
  facet normal 0 1 -0
    outer loop
      vertex 69.6 7.5 4
      vertex 66.4 7.5 8.5
      vertex 69.6 7.5 8.5
    endloop
  endfacet
  facet normal 0 1 0
    outer loop
      vertex 66.4 7.5 8.5
      vertex 69.6 7.5 4
      vertex 66.4 7.5 4
    endloop
  endfacet
  facet normal -1 0 0
    outer loop
      vertex 9.6 75.5 4
      vertex 9.6 85.5 8.5
      vertex 9.6 85.5 4
    endloop
  endfacet
  facet normal -1 -0 0
    outer loop
      vertex 9.6 85.5 8.5
      vertex 9.6 75.5 4
      vertex 9.6 75.5 8.5
    endloop
  endfacet
  facet normal 1 -0 0
    outer loop
      vertex 6.4 75.5 8.5
      vertex 6.4 85.5 4
      vertex 6.4 85.5 8.5
    endloop
  endfacet
  facet normal 1 0 0
    outer loop
      vertex 6.4 85.5 4
      vertex 6.4 75.5 8.5
      vertex 6.4 75.5 4
    endloop
  endfacet
  facet normal 0 -1 0
    outer loop
      vertex 6.4 85.5 4
      vertex 9.6 85.5 8.5
      vertex 6.4 85.5 8.5
    endloop
  endfacet
  facet normal 0 -1 -0
    outer loop
      vertex 9.6 85.5 8.5
      vertex 6.4 85.5 4
      vertex 9.6 85.5 4
    endloop
  endfacet
  facet normal 0 1 -0
    outer loop
      vertex 9.6 75.5 4
      vertex 6.4 75.5 8.5
      vertex 9.6 75.5 8.5
    endloop
  endfacet
  facet normal 0 1 0
    outer loop
      vertex 6.4 75.5 8.5
      vertex 9.6 75.5 4
      vertex 6.4 75.5 4
    endloop
  endfacet
  facet normal -1 0 0
    outer loop
      vertex 69.6 75.5 4
      vertex 69.6 85.5 8.5
      vertex 69.6 85.5 4
    endloop
  endfacet
  facet normal -1 -0 0
    outer loop
      vertex 69.6 85.5 8.5
      vertex 69.6 75.5 4
      vertex 69.6 75.5 8.5
    endloop
  endfacet
  facet normal 1 -0 0
    outer loop
      vertex 66.4 75.5 8.5
      vertex 66.4 85.5 4
      vertex 66.4 85.5 8.5
    endloop
  endfacet
  facet normal 1 0 0
    outer loop
      vertex 66.4 85.5 4
      vertex 66.4 75.5 8.5
      vertex 66.4 75.5 4
    endloop
  endfacet
  facet normal 0 -1 0
    outer loop
      vertex 66.4 85.5 4
      vertex 69.6 85.5 8.5
      vertex 66.4 85.5 8.5
    endloop
  endfacet
  facet normal 0 -1 -0
    outer loop
      vertex 69.6 85.5 8.5
      vertex 66.4 85.5 4
      vertex 69.6 85.5 4
    endloop
  endfacet
  facet normal 0 1 -0
    outer loop
      vertex 69.6 75.5 4
      vertex 66.4 75.5 8.5
      vertex 69.6 75.5 8.5
    endloop
  endfacet
  facet normal 0 1 0
    outer loop
      vertex 66.4 75.5 8.5
      vertex 69.6 75.5 4
      vertex 66.4 75.5 4
    endloop
  endfacet
  facet normal -0.980796 -0.195038 0
    outer loop
      vertex 29.4615 29.0874 3
      vertex 29.3467 29.6647 8.5
      vertex 29.3467 29.6647 3
    endloop
  endfacet
  facet normal -0.980796 -0.195038 0
    outer loop
      vertex 29.3467 29.6647 8.5
      vertex 29.4615 29.0874 3
      vertex 29.4615 29.0874 8.5
    endloop
  endfacet
  facet normal -0.997859 -0.0654027 0
    outer loop
      vertex 29.5 28.5 3
      vertex 29.4615 29.0874 8.5
      vertex 29.4615 29.0874 3
    endloop
  endfacet
  facet normal -0.997859 -0.0654027 0
    outer loop
      vertex 29.4615 29.0874 8.5
      vertex 29.5 28.5 3
      vertex 29.5 28.5 8.5
    endloop
  endfacet
  facet normal 0.442376 0.89683 0
    outer loop
      vertex 22.9586 24.5 4
      vertex 23.2779 24.3425 8.5
      vertex 23.2779 24.3425 4
    endloop
  endfacet
  facet normal 0.442382 0.896827 -5.5496e-07
    outer loop
      vertex 23.2779 24.3425 8.5
      vertex 22.9586 24.5 4
      vertex 22.75 24.6029 8.5
    endloop
  endfacet
  facet normal 0.442392 0.896822 0
    outer loop
      vertex 22.75 24.6029 3
      vertex 22.9586 24.5 4
      vertex 22.9586 24.5 3
    endloop
  endfacet
  facet normal 0.442392 0.896822 0
    outer loop
      vertex 22.9586 24.5 4
      vertex 22.75 24.6029 3
      vertex 22.75 24.6029 8.5
    endloop
  endfacet
  facet normal -0.659298 -0.751882 0
    outer loop
      vertex 27.7394 32.0701 3
      vertex 28.182 31.682 8.5
      vertex 27.7394 32.0701 8.5
    endloop
  endfacet
  facet normal -0.659298 -0.751882 -0
    outer loop
      vertex 28.182 31.682 8.5
      vertex 27.7394 32.0701 3
      vertex 28.182 31.682 3
    endloop
  endfacet
  facet normal -0.896827 0.442382 0
    outer loop
      vertex 28.8971 26.25 3
      vertex 29.1575 26.7779 8.5
      vertex 29.1575 26.7779 3
    endloop
  endfacet
  facet normal -0.896827 0.442382 0
    outer loop
      vertex 29.1575 26.7779 8.5
      vertex 28.8971 26.25 3
      vertex 28.8971 26.25 8.5
    endloop
  endfacet
  facet normal -0.751882 0.659298 0
    outer loop
      vertex 28.182 25.318 3
      vertex 28.5701 25.7606 8.5
      vertex 28.5701 25.7606 3
    endloop
  endfacet
  facet normal -0.751882 0.659298 0
    outer loop
      vertex 28.5701 25.7606 8.5
      vertex 28.182 25.318 3
      vertex 28.182 25.318 8.5
    endloop
  endfacet
  facet normal -0.0654027 0.997859 0
    outer loop
      vertex 25.5874 24.0385 4
      vertex 25 24 8.5
      vertex 25.5874 24.0385 8.5
    endloop
  endfacet
  facet normal -0.0654027 0.997859 0
    outer loop
      vertex 25 24 8.5
      vertex 25.5874 24.0385 4
      vertex 25 24 4
    endloop
  endfacet
  facet normal 0.946936 -0.321421 0
    outer loop
      vertex 20.6533 29.6647 8.5
      vertex 20.8425 30.2221 3
      vertex 20.8425 30.2221 8.5
    endloop
  endfacet
  facet normal 0.946936 -0.321421 0
    outer loop
      vertex 20.8425 30.2221 3
      vertex 20.6533 29.6647 8.5
      vertex 20.6533 29.6647 3
    endloop
  endfacet
  facet normal 0.555562 -0.831475 0
    outer loop
      vertex 22.2606 32.0701 3
      vertex 22.75 32.3971 8.5
      vertex 22.2606 32.0701 8.5
    endloop
  endfacet
  facet normal 0.555562 -0.831475 0
    outer loop
      vertex 22.75 32.3971 8.5
      vertex 22.2606 32.0701 3
      vertex 22.75 32.3971 3
    endloop
  endfacet
  facet normal 0.997859 0.0654027 0
    outer loop
      vertex 20.5385 27.9126 8.5
      vertex 20.5 28.5 3
      vertex 20.5 28.5 8.5
    endloop
  endfacet
  facet normal 0.997859 0.0654027 0
    outer loop
      vertex 20.5 28.5 3
      vertex 20.5385 27.9126 8.5
      vertex 20.5385 27.9126 3
    endloop
  endfacet
  facet normal -0.321421 0.946936 0
    outer loop
      vertex 26.7221 24.3425 4
      vertex 26.1647 24.1533 8.5
      vertex 26.7221 24.3425 8.5
    endloop
  endfacet
  facet normal -0.321421 0.946936 0
    outer loop
      vertex 26.1647 24.1533 8.5
      vertex 26.7221 24.3425 4
      vertex 26.1647 24.1533 4
    endloop
  endfacet
  facet normal 0.896827 -0.442382 0
    outer loop
      vertex 20.8425 30.2221 8.5
      vertex 21.1029 30.75 3
      vertex 21.1029 30.75 8.5
    endloop
  endfacet
  facet normal 0.896827 -0.442382 0
    outer loop
      vertex 21.1029 30.75 3
      vertex 20.8425 30.2221 8.5
      vertex 20.8425 30.2221 3
    endloop
  endfacet
  facet normal 0.751882 0.659298 0
    outer loop
      vertex 21.818 25.318 8.5
      vertex 21.4299 25.7606 3
      vertex 21.4299 25.7606 8.5
    endloop
  endfacet
  facet normal 0.751882 0.659298 0
    outer loop
      vertex 21.4299 25.7606 3
      vertex 21.818 25.318 8.5
      vertex 21.818 25.318 3
    endloop
  endfacet
  facet normal 0.997859 -0.0654027 0
    outer loop
      vertex 20.5 28.5 8.5
      vertex 20.5385 29.0874 3
      vertex 20.5385 29.0874 8.5
    endloop
  endfacet
  facet normal 0.997859 -0.0654027 0
    outer loop
      vertex 20.5385 29.0874 3
      vertex 20.5 28.5 8.5
      vertex 20.5 28.5 3
    endloop
  endfacet
  facet normal 0.659298 0.751882 -0
    outer loop
      vertex 22.2606 24.9299 3
      vertex 21.818 25.318 8.5
      vertex 22.2606 24.9299 8.5
    endloop
  endfacet
  facet normal 0.659298 0.751882 0
    outer loop
      vertex 21.818 25.318 8.5
      vertex 22.2606 24.9299 3
      vertex 21.818 25.318 3
    endloop
  endfacet
  facet normal -0.195038 -0.980796 0
    outer loop
      vertex 25.5874 32.9615 3
      vertex 26.1647 32.8467 8.5
      vertex 25.5874 32.9615 8.5
    endloop
  endfacet
  facet normal -0.195038 -0.980796 -0
    outer loop
      vertex 26.1647 32.8467 8.5
      vertex 25.5874 32.9615 3
      vertex 26.1647 32.8467 3
    endloop
  endfacet
  facet normal -0.751882 -0.659298 0
    outer loop
      vertex 28.5701 31.2394 3
      vertex 28.182 31.682 8.5
      vertex 28.182 31.682 3
    endloop
  endfacet
  facet normal -0.751882 -0.659298 0
    outer loop
      vertex 28.182 31.682 8.5
      vertex 28.5701 31.2394 3
      vertex 28.5701 31.2394 8.5
    endloop
  endfacet
  facet normal -0.555562 -0.831475 0
    outer loop
      vertex 27.25 32.3971 3
      vertex 27.7394 32.0701 8.5
      vertex 27.25 32.3971 8.5
    endloop
  endfacet
  facet normal -0.555562 -0.831475 -0
    outer loop
      vertex 27.7394 32.0701 8.5
      vertex 27.25 32.3971 3
      vertex 27.7394 32.0701 3
    endloop
  endfacet
  facet normal -0.659298 0.751882 0
    outer loop
      vertex 28.182 25.318 3
      vertex 27.7394 24.9299 8.5
      vertex 28.182 25.318 8.5
    endloop
  endfacet
  facet normal -0.659298 0.751882 0
    outer loop
      vertex 27.7394 24.9299 8.5
      vertex 28.182 25.318 3
      vertex 27.7394 24.9299 3
    endloop
  endfacet
  facet normal -0.896827 -0.442382 0
    outer loop
      vertex 29.1575 30.2221 3
      vertex 28.8971 30.75 8.5
      vertex 28.8971 30.75 3
    endloop
  endfacet
  facet normal -0.896827 -0.442382 0
    outer loop
      vertex 28.8971 30.75 8.5
      vertex 29.1575 30.2221 3
      vertex 29.1575 30.2221 8.5
    endloop
  endfacet
  facet normal -0.997859 0.0654027 0
    outer loop
      vertex 29.4615 27.9126 3
      vertex 29.5 28.5 8.5
      vertex 29.5 28.5 3
    endloop
  endfacet
  facet normal -0.997859 0.0654027 0
    outer loop
      vertex 29.5 28.5 8.5
      vertex 29.4615 27.9126 3
      vertex 29.4615 27.9126 8.5
    endloop
  endfacet
  facet normal 0.442382 -0.896827 0
    outer loop
      vertex 22.75 32.3971 3
      vertex 23.2779 32.6575 8.5
      vertex 22.75 32.3971 8.5
    endloop
  endfacet
  facet normal 0.442382 -0.896827 0
    outer loop
      vertex 23.2779 32.6575 8.5
      vertex 22.75 32.3971 3
      vertex 23.2779 32.6575 3
    endloop
  endfacet
  facet normal -0.442382 -0.896827 0
    outer loop
      vertex 26.7221 32.6575 3
      vertex 27.25 32.3971 8.5
      vertex 26.7221 32.6575 8.5
    endloop
  endfacet
  facet normal -0.442382 -0.896827 -0
    outer loop
      vertex 27.25 32.3971 8.5
      vertex 26.7221 32.6575 3
      vertex 27.25 32.3971 3
    endloop
  endfacet
  facet normal 0.195038 -0.980796 0
    outer loop
      vertex 23.8353 32.8467 3
      vertex 24.4126 32.9615 8.5
      vertex 23.8353 32.8467 8.5
    endloop
  endfacet
  facet normal 0.195038 -0.980796 0
    outer loop
      vertex 24.4126 32.9615 8.5
      vertex 23.8353 32.8467 3
      vertex 24.4126 32.9615 3
    endloop
  endfacet
  facet normal 0.0654027 0.997859 -0
    outer loop
      vertex 25 24 4
      vertex 24.4126 24.0385 8.5
      vertex 25 24 8.5
    endloop
  endfacet
  facet normal 0.0654027 0.997859 0
    outer loop
      vertex 24.4126 24.0385 8.5
      vertex 25 24 4
      vertex 24.4126 24.0385 4
    endloop
  endfacet
  facet normal -0.831475 -0.555562 0
    outer loop
      vertex 28.8971 30.75 3
      vertex 28.5701 31.2394 8.5
      vertex 28.5701 31.2394 3
    endloop
  endfacet
  facet normal -0.831475 -0.555562 0
    outer loop
      vertex 28.5701 31.2394 8.5
      vertex 28.8971 30.75 3
      vertex 28.8971 30.75 8.5
    endloop
  endfacet
  facet normal -0.321421 -0.946936 0
    outer loop
      vertex 26.1647 32.8467 3
      vertex 26.7221 32.6575 8.5
      vertex 26.1647 32.8467 8.5
    endloop
  endfacet
  facet normal -0.321421 -0.946936 -0
    outer loop
      vertex 26.7221 32.6575 8.5
      vertex 26.1647 32.8467 3
      vertex 26.7221 32.6575 3
    endloop
  endfacet
  facet normal -0.195038 0.980796 0
    outer loop
      vertex 26.1647 24.1533 4
      vertex 25.5874 24.0385 8.5
      vertex 26.1647 24.1533 8.5
    endloop
  endfacet
  facet normal -0.195038 0.980796 0
    outer loop
      vertex 25.5874 24.0385 8.5
      vertex 26.1647 24.1533 4
      vertex 25.5874 24.0385 4
    endloop
  endfacet
  facet normal 0 0 1
    outer loop
      vertex 29.4615 29.0874 3
      vertex 29.4615 27.9126 3
      vertex 29.5 28.5 3
    endloop
  endfacet
  facet normal 0 0 1
    outer loop
      vertex 29.3467 29.6647 3
      vertex 29.4615 27.9126 3
      vertex 29.4615 29.0874 3
    endloop
  endfacet
  facet normal 0 0 1
    outer loop
      vertex 29.3467 29.6647 3
      vertex 29.3467 27.3353 3
      vertex 29.4615 27.9126 3
    endloop
  endfacet
  facet normal 0 0 1
    outer loop
      vertex 29.1575 30.2221 3
      vertex 29.3467 27.3353 3
      vertex 29.3467 29.6647 3
    endloop
  endfacet
  facet normal 0 0 1
    outer loop
      vertex 29.1575 30.2221 3
      vertex 29.1575 26.7779 3
      vertex 29.3467 27.3353 3
    endloop
  endfacet
  facet normal 0 0 1
    outer loop
      vertex 28.8971 30.75 3
      vertex 29.1575 26.7779 3
      vertex 29.1575 30.2221 3
    endloop
  endfacet
  facet normal 0 0 1
    outer loop
      vertex 28.8971 30.75 3
      vertex 28.8971 26.25 3
      vertex 29.1575 26.7779 3
    endloop
  endfacet
  facet normal 0 0 1
    outer loop
      vertex 28.5701 31.2394 3
      vertex 28.8971 26.25 3
      vertex 28.8971 30.75 3
    endloop
  endfacet
  facet normal 0 0 1
    outer loop
      vertex 28.5701 31.2394 3
      vertex 28.5701 25.7606 3
      vertex 28.8971 26.25 3
    endloop
  endfacet
  facet normal 0 0 1
    outer loop
      vertex 28.182 31.682 3
      vertex 28.5701 25.7606 3
      vertex 28.5701 31.2394 3
    endloop
  endfacet
  facet normal 0 0 1
    outer loop
      vertex 28.182 31.682 3
      vertex 28.182 25.318 3
      vertex 28.5701 25.7606 3
    endloop
  endfacet
  facet normal 0 0 1
    outer loop
      vertex 27.7394 32.0701 3
      vertex 28.182 25.318 3
      vertex 28.182 31.682 3
    endloop
  endfacet
  facet normal 0 0 1
    outer loop
      vertex 27.0414 24.5 3
      vertex 28.182 25.318 3
      vertex 27.7394 32.0701 3
    endloop
  endfacet
  facet normal 0 0 1
    outer loop
      vertex 27.0414 24.5 3
      vertex 27.7394 32.0701 3
      vertex 27.25 32.3971 3
    endloop
  endfacet
  facet normal 0 0 1
    outer loop
      vertex 28.182 25.318 3
      vertex 27.0414 24.5 3
      vertex 27.7394 24.9299 3
    endloop
  endfacet
  facet normal 0 0 1
    outer loop
      vertex 27.7394 24.9299 3
      vertex 27.0414 24.5 3
      vertex 27.25 24.6029 3
    endloop
  endfacet
  facet normal 0 0 1
    outer loop
      vertex 26.7221 32.6575 3
      vertex 27.0414 24.5 3
      vertex 27.25 32.3971 3
    endloop
  endfacet
  facet normal 0 0 1
    outer loop
      vertex 26.1647 32.8467 3
      vertex 27.0414 24.5 3
      vertex 26.7221 32.6575 3
    endloop
  endfacet
  facet normal 0 0 1
    outer loop
      vertex 25.5874 32.9615 3
      vertex 27.0414 24.5 3
      vertex 26.1647 32.8467 3
    endloop
  endfacet
  facet normal 0 0 1
    outer loop
      vertex 25 33 3
      vertex 27.0414 24.5 3
      vertex 25.5874 32.9615 3
    endloop
  endfacet
  facet normal -0 0 1
    outer loop
      vertex 24.4126 32.9615 3
      vertex 27.0414 24.5 3
      vertex 25 33 3
    endloop
  endfacet
  facet normal -0 0 1
    outer loop
      vertex 23.8353 32.8467 3
      vertex 27.0414 24.5 3
      vertex 24.4126 32.9615 3
    endloop
  endfacet
  facet normal -0 0 1
    outer loop
      vertex 23.2779 32.6575 3
      vertex 27.0414 24.5 3
      vertex 23.8353 32.8467 3
    endloop
  endfacet
  facet normal 0 0 1
    outer loop
      vertex 23.2779 32.6575 3
      vertex 22.9586 24.5 3
      vertex 27.0414 24.5 3
    endloop
  endfacet
  facet normal -0 0 1
    outer loop
      vertex 22.75 32.3971 3
      vertex 22.9586 24.5 3
      vertex 23.2779 32.6575 3
    endloop
  endfacet
  facet normal -0 0 1
    outer loop
      vertex 22.2606 32.0701 3
      vertex 22.9586 24.5 3
      vertex 22.75 32.3971 3
    endloop
  endfacet
  facet normal -0 0 1
    outer loop
      vertex 21.818 31.682 3
      vertex 22.9586 24.5 3
      vertex 22.2606 32.0701 3
    endloop
  endfacet
  facet normal 0 0 1
    outer loop
      vertex 22.9586 24.5 3
      vertex 22.2606 24.9299 3
      vertex 22.75 24.6029 3
    endloop
  endfacet
  facet normal -0 0 1
    outer loop
      vertex 21.818 25.318 3
      vertex 22.9586 24.5 3
      vertex 21.818 31.682 3
    endloop
  endfacet
  facet normal 0 0 1
    outer loop
      vertex 22.9586 24.5 3
      vertex 21.818 25.318 3
      vertex 22.2606 24.9299 3
    endloop
  endfacet
  facet normal -0 0 1
    outer loop
      vertex 21.4299 31.2394 3
      vertex 21.818 25.318 3
      vertex 21.818 31.682 3
    endloop
  endfacet
  facet normal 0 0 1
    outer loop
      vertex 21.4299 31.2394 3
      vertex 21.4299 25.7606 3
      vertex 21.818 25.318 3
    endloop
  endfacet
  facet normal -0 0 1
    outer loop
      vertex 21.1029 30.75 3
      vertex 21.4299 25.7606 3
      vertex 21.4299 31.2394 3
    endloop
  endfacet
  facet normal 0 0 1
    outer loop
      vertex 21.1029 30.75 3
      vertex 21.1029 26.25 3
      vertex 21.4299 25.7606 3
    endloop
  endfacet
  facet normal -0 0 1
    outer loop
      vertex 20.8425 30.2221 3
      vertex 21.1029 26.25 3
      vertex 21.1029 30.75 3
    endloop
  endfacet
  facet normal 0 0 1
    outer loop
      vertex 20.8425 30.2221 3
      vertex 20.8425 26.7779 3
      vertex 21.1029 26.25 3
    endloop
  endfacet
  facet normal -0 0 1
    outer loop
      vertex 20.6533 29.6647 3
      vertex 20.8425 26.7779 3
      vertex 20.8425 30.2221 3
    endloop
  endfacet
  facet normal 0 0 1
    outer loop
      vertex 20.6533 29.6647 3
      vertex 20.6533 27.3353 3
      vertex 20.8425 26.7779 3
    endloop
  endfacet
  facet normal -0 0 1
    outer loop
      vertex 20.5385 29.0874 3
      vertex 20.6533 27.3353 3
      vertex 20.6533 29.6647 3
    endloop
  endfacet
  facet normal 0 0 1
    outer loop
      vertex 20.5385 29.0874 3
      vertex 20.5385 27.9126 3
      vertex 20.6533 27.3353 3
    endloop
  endfacet
  facet normal 0 -0 1
    outer loop
      vertex 20.5385 27.9126 3
      vertex 20.5385 29.0874 3
      vertex 20.5 28.5 3
    endloop
  endfacet
  facet normal -0.442382 0.896827 -5.5496e-07
    outer loop
      vertex 27.25 24.6029 8.5
      vertex 27.0414 24.5 4
      vertex 26.7221 24.3425 8.5
    endloop
  endfacet
  facet normal -0.442392 0.896822 0
    outer loop
      vertex 27.25 24.6029 3
      vertex 27.0414 24.5 4
      vertex 27.25 24.6029 8.5
    endloop
  endfacet
  facet normal -0.442392 0.896822 0
    outer loop
      vertex 27.0414 24.5 4
      vertex 27.25 24.6029 3
      vertex 27.0414 24.5 3
    endloop
  endfacet
  facet normal -0.442376 0.89683 0
    outer loop
      vertex 26.7221 24.3425 8.5
      vertex 27.0414 24.5 4
      vertex 26.7221 24.3425 4
    endloop
  endfacet
  facet normal 0.321421 -0.946936 0
    outer loop
      vertex 23.2779 32.6575 3
      vertex 23.8353 32.8467 8.5
      vertex 23.2779 32.6575 8.5
    endloop
  endfacet
  facet normal 0.321421 -0.946936 0
    outer loop
      vertex 23.8353 32.8467 8.5
      vertex 23.2779 32.6575 3
      vertex 23.8353 32.8467 3
    endloop
  endfacet
  facet normal 0.751882 -0.659298 0
    outer loop
      vertex 21.4299 31.2394 8.5
      vertex 21.818 31.682 3
      vertex 21.818 31.682 8.5
    endloop
  endfacet
  facet normal 0.751882 -0.659298 0
    outer loop
      vertex 21.818 31.682 3
      vertex 21.4299 31.2394 8.5
      vertex 21.4299 31.2394 3
    endloop
  endfacet
  facet normal 0.896827 0.442382 0
    outer loop
      vertex 21.1029 26.25 8.5
      vertex 20.8425 26.7779 3
      vertex 20.8425 26.7779 8.5
    endloop
  endfacet
  facet normal 0.896827 0.442382 0
    outer loop
      vertex 20.8425 26.7779 3
      vertex 21.1029 26.25 8.5
      vertex 21.1029 26.25 3
    endloop
  endfacet
  facet normal -0.980796 0.195038 0
    outer loop
      vertex 29.3467 27.3353 3
      vertex 29.4615 27.9126 8.5
      vertex 29.4615 27.9126 3
    endloop
  endfacet
  facet normal -0.980796 0.195038 0
    outer loop
      vertex 29.4615 27.9126 8.5
      vertex 29.3467 27.3353 3
      vertex 29.3467 27.3353 8.5
    endloop
  endfacet
  facet normal -0.946936 0.321421 0
    outer loop
      vertex 29.1575 26.7779 3
      vertex 29.3467 27.3353 8.5
      vertex 29.3467 27.3353 3
    endloop
  endfacet
  facet normal -0.946936 0.321421 0
    outer loop
      vertex 29.3467 27.3353 8.5
      vertex 29.1575 26.7779 3
      vertex 29.1575 26.7779 8.5
    endloop
  endfacet
  facet normal 0.659298 -0.751882 0
    outer loop
      vertex 21.818 31.682 3
      vertex 22.2606 32.0701 8.5
      vertex 21.818 31.682 8.5
    endloop
  endfacet
  facet normal 0.659298 -0.751882 0
    outer loop
      vertex 22.2606 32.0701 8.5
      vertex 21.818 31.682 3
      vertex 22.2606 32.0701 3
    endloop
  endfacet
  facet normal 0.831475 0.555562 0
    outer loop
      vertex 21.4299 25.7606 8.5
      vertex 21.1029 26.25 3
      vertex 21.1029 26.25 8.5
    endloop
  endfacet
  facet normal 0.831475 0.555562 0
    outer loop
      vertex 21.1029 26.25 3
      vertex 21.4299 25.7606 8.5
      vertex 21.4299 25.7606 3
    endloop
  endfacet
  facet normal -0.831475 0.555562 0
    outer loop
      vertex 28.5701 25.7606 3
      vertex 28.8971 26.25 8.5
      vertex 28.8971 26.25 3
    endloop
  endfacet
  facet normal -0.831475 0.555562 0
    outer loop
      vertex 28.8971 26.25 8.5
      vertex 28.5701 25.7606 3
      vertex 28.5701 25.7606 8.5
    endloop
  endfacet
  facet normal 0.946936 0.321421 0
    outer loop
      vertex 20.8425 26.7779 8.5
      vertex 20.6533 27.3353 3
      vertex 20.6533 27.3353 8.5
    endloop
  endfacet
  facet normal 0.946936 0.321421 0
    outer loop
      vertex 20.6533 27.3353 3
      vertex 20.8425 26.7779 8.5
      vertex 20.8425 26.7779 3
    endloop
  endfacet
  facet normal 0.555562 0.831475 -0
    outer loop
      vertex 22.75 24.6029 3
      vertex 22.2606 24.9299 8.5
      vertex 22.75 24.6029 8.5
    endloop
  endfacet
  facet normal 0.555562 0.831475 0
    outer loop
      vertex 22.2606 24.9299 8.5
      vertex 22.75 24.6029 3
      vertex 22.2606 24.9299 3
    endloop
  endfacet
  facet normal -0.555562 0.831475 0
    outer loop
      vertex 27.7394 24.9299 3
      vertex 27.25 24.6029 8.5
      vertex 27.7394 24.9299 8.5
    endloop
  endfacet
  facet normal -0.555562 0.831475 0
    outer loop
      vertex 27.25 24.6029 8.5
      vertex 27.7394 24.9299 3
      vertex 27.25 24.6029 3
    endloop
  endfacet
  facet normal -0.946936 -0.321421 0
    outer loop
      vertex 29.3467 29.6647 3
      vertex 29.1575 30.2221 8.5
      vertex 29.1575 30.2221 3
    endloop
  endfacet
  facet normal -0.946936 -0.321421 0
    outer loop
      vertex 29.1575 30.2221 8.5
      vertex 29.3467 29.6647 3
      vertex 29.3467 29.6647 8.5
    endloop
  endfacet
  facet normal 0.980796 -0.195038 0
    outer loop
      vertex 20.5385 29.0874 8.5
      vertex 20.6533 29.6647 3
      vertex 20.6533 29.6647 8.5
    endloop
  endfacet
  facet normal 0.980796 -0.195038 0
    outer loop
      vertex 20.6533 29.6647 3
      vertex 20.5385 29.0874 8.5
      vertex 20.5385 29.0874 3
    endloop
  endfacet
  facet normal 0.0654027 -0.997859 0
    outer loop
      vertex 24.4126 32.9615 3
      vertex 25 33 8.5
      vertex 24.4126 32.9615 8.5
    endloop
  endfacet
  facet normal 0.0654027 -0.997859 0
    outer loop
      vertex 25 33 8.5
      vertex 24.4126 32.9615 3
      vertex 25 33 3
    endloop
  endfacet
  facet normal 0.321421 0.946936 -0
    outer loop
      vertex 23.8353 24.1533 4
      vertex 23.2779 24.3425 8.5
      vertex 23.8353 24.1533 8.5
    endloop
  endfacet
  facet normal 0.321421 0.946936 0
    outer loop
      vertex 23.2779 24.3425 8.5
      vertex 23.8353 24.1533 4
      vertex 23.2779 24.3425 4
    endloop
  endfacet
  facet normal 0.980796 0.195038 0
    outer loop
      vertex 20.6533 27.3353 8.5
      vertex 20.5385 27.9126 3
      vertex 20.5385 27.9126 8.5
    endloop
  endfacet
  facet normal 0.980796 0.195038 0
    outer loop
      vertex 20.5385 27.9126 3
      vertex 20.6533 27.3353 8.5
      vertex 20.6533 27.3353 3
    endloop
  endfacet
  facet normal -0.0654027 -0.997859 0
    outer loop
      vertex 25 33 3
      vertex 25.5874 32.9615 8.5
      vertex 25 33 8.5
    endloop
  endfacet
  facet normal -0.0654027 -0.997859 -0
    outer loop
      vertex 25.5874 32.9615 8.5
      vertex 25 33 3
      vertex 25.5874 32.9615 3
    endloop
  endfacet
  facet normal 0.195038 0.980796 -0
    outer loop
      vertex 24.4126 24.0385 4
      vertex 23.8353 24.1533 8.5
      vertex 24.4126 24.0385 8.5
    endloop
  endfacet
  facet normal 0.195038 0.980796 0
    outer loop
      vertex 23.8353 24.1533 8.5
      vertex 24.4126 24.0385 4
      vertex 23.8353 24.1533 4
    endloop
  endfacet
  facet normal 0.831475 -0.555562 0
    outer loop
      vertex 21.1029 30.75 8.5
      vertex 21.4299 31.2394 3
      vertex 21.4299 31.2394 8.5
    endloop
  endfacet
  facet normal 0.831475 -0.555562 0
    outer loop
      vertex 21.4299 31.2394 3
      vertex 21.1029 30.75 8.5
      vertex 21.1029 30.75 3
    endloop
  endfacet
  facet normal -0.980796 -0.195038 0
    outer loop
      vertex 42.4615 29.0874 3
      vertex 42.3467 29.6647 8.5
      vertex 42.3467 29.6647 3
    endloop
  endfacet
  facet normal -0.980796 -0.195038 0
    outer loop
      vertex 42.3467 29.6647 8.5
      vertex 42.4615 29.0874 3
      vertex 42.4615 29.0874 8.5
    endloop
  endfacet
  facet normal -0.997859 -0.0654027 0
    outer loop
      vertex 42.5 28.5 3
      vertex 42.4615 29.0874 8.5
      vertex 42.4615 29.0874 3
    endloop
  endfacet
  facet normal -0.997859 -0.0654027 0
    outer loop
      vertex 42.4615 29.0874 8.5
      vertex 42.5 28.5 3
      vertex 42.5 28.5 8.5
    endloop
  endfacet
  facet normal -0.980796 0.195038 0
    outer loop
      vertex 42.3467 27.3353 3
      vertex 42.4615 27.9126 8.5
      vertex 42.4615 27.9126 3
    endloop
  endfacet
  facet normal -0.980796 0.195038 0
    outer loop
      vertex 42.4615 27.9126 8.5
      vertex 42.3467 27.3353 3
      vertex 42.3467 27.3353 8.5
    endloop
  endfacet
  facet normal -0.831475 -0.555562 0
    outer loop
      vertex 41.8971 30.75 3
      vertex 41.5701 31.2394 8.5
      vertex 41.5701 31.2394 3
    endloop
  endfacet
  facet normal -0.831475 -0.555562 0
    outer loop
      vertex 41.5701 31.2394 8.5
      vertex 41.8971 30.75 3
      vertex 41.8971 30.75 8.5
    endloop
  endfacet
  facet normal -0.555562 -0.831475 0
    outer loop
      vertex 40.25 32.3971 3
      vertex 40.7394 32.0701 8.5
      vertex 40.25 32.3971 8.5
    endloop
  endfacet
  facet normal -0.555562 -0.831475 -0
    outer loop
      vertex 40.7394 32.0701 8.5
      vertex 40.25 32.3971 3
      vertex 40.7394 32.0701 3
    endloop
  endfacet
  facet normal -0.896827 0.442382 0
    outer loop
      vertex 41.8971 26.25 3
      vertex 42.1575 26.7779 8.5
      vertex 42.1575 26.7779 3
    endloop
  endfacet
  facet normal -0.896827 0.442382 0
    outer loop
      vertex 42.1575 26.7779 8.5
      vertex 41.8971 26.25 3
      vertex 41.8971 26.25 8.5
    endloop
  endfacet
  facet normal -0.997859 0.0654027 0
    outer loop
      vertex 42.4615 27.9126 3
      vertex 42.5 28.5 8.5
      vertex 42.5 28.5 3
    endloop
  endfacet
  facet normal -0.997859 0.0654027 0
    outer loop
      vertex 42.5 28.5 8.5
      vertex 42.4615 27.9126 3
      vertex 42.4615 27.9126 8.5
    endloop
  endfacet
  facet normal -0.321421 -0.946936 0
    outer loop
      vertex 39.1647 32.8467 3
      vertex 39.7221 32.6575 8.5
      vertex 39.1647 32.8467 8.5
    endloop
  endfacet
  facet normal -0.321421 -0.946936 -0
    outer loop
      vertex 39.7221 32.6575 8.5
      vertex 39.1647 32.8467 3
      vertex 39.7221 32.6575 3
    endloop
  endfacet
  facet normal 0.896827 -0.442382 0
    outer loop
      vertex 33.8425 30.2221 8.5
      vertex 34.1029 30.75 3
      vertex 34.1029 30.75 8.5
    endloop
  endfacet
  facet normal 0.896827 -0.442382 0
    outer loop
      vertex 34.1029 30.75 3
      vertex 33.8425 30.2221 8.5
      vertex 33.8425 30.2221 3
    endloop
  endfacet
  facet normal 0.659298 -0.751882 0
    outer loop
      vertex 34.818 31.682 3
      vertex 35.2606 32.0701 8.5
      vertex 34.818 31.682 8.5
    endloop
  endfacet
  facet normal 0.659298 -0.751882 0
    outer loop
      vertex 35.2606 32.0701 8.5
      vertex 34.818 31.682 3
      vertex 35.2606 32.0701 3
    endloop
  endfacet
  facet normal -0.321421 0.946936 0
    outer loop
      vertex 39.7221 24.3425 4
      vertex 39.1647 24.1533 8.5
      vertex 39.7221 24.3425 8.5
    endloop
  endfacet
  facet normal -0.321421 0.946936 0
    outer loop
      vertex 39.1647 24.1533 8.5
      vertex 39.7221 24.3425 4
      vertex 39.1647 24.1533 4
    endloop
  endfacet
  facet normal 0.997859 0.0654027 0
    outer loop
      vertex 33.5385 27.9126 8.5
      vertex 33.5 28.5 3
      vertex 33.5 28.5 8.5
    endloop
  endfacet
  facet normal 0.997859 0.0654027 0
    outer loop
      vertex 33.5 28.5 3
      vertex 33.5385 27.9126 8.5
      vertex 33.5385 27.9126 3
    endloop
  endfacet
  facet normal 0.659298 0.751882 -0
    outer loop
      vertex 35.2606 24.9299 3
      vertex 34.818 25.318 8.5
      vertex 35.2606 24.9299 8.5
    endloop
  endfacet
  facet normal 0.659298 0.751882 0
    outer loop
      vertex 34.818 25.318 8.5
      vertex 35.2606 24.9299 3
      vertex 34.818 25.318 3
    endloop
  endfacet
  facet normal 0.321421 -0.946936 0
    outer loop
      vertex 36.2779 32.6575 3
      vertex 36.8353 32.8467 8.5
      vertex 36.2779 32.6575 8.5
    endloop
  endfacet
  facet normal 0.321421 -0.946936 0
    outer loop
      vertex 36.8353 32.8467 8.5
      vertex 36.2779 32.6575 3
      vertex 36.8353 32.8467 3
    endloop
  endfacet
  facet normal 0.831475 0.555562 0
    outer loop
      vertex 34.4299 25.7606 8.5
      vertex 34.1029 26.25 3
      vertex 34.1029 26.25 8.5
    endloop
  endfacet
  facet normal 0.831475 0.555562 0
    outer loop
      vertex 34.1029 26.25 3
      vertex 34.4299 25.7606 8.5
      vertex 34.4299 25.7606 3
    endloop
  endfacet
  facet normal 0.555562 -0.831475 0
    outer loop
      vertex 35.2606 32.0701 3
      vertex 35.75 32.3971 8.5
      vertex 35.2606 32.0701 8.5
    endloop
  endfacet
  facet normal 0.555562 -0.831475 0
    outer loop
      vertex 35.75 32.3971 8.5
      vertex 35.2606 32.0701 3
      vertex 35.75 32.3971 3
    endloop
  endfacet
  facet normal 0.997859 -0.0654027 0
    outer loop
      vertex 33.5 28.5 8.5
      vertex 33.5385 29.0874 3
      vertex 33.5385 29.0874 8.5
    endloop
  endfacet
  facet normal 0.997859 -0.0654027 0
    outer loop
      vertex 33.5385 29.0874 3
      vertex 33.5 28.5 8.5
      vertex 33.5 28.5 3
    endloop
  endfacet
  facet normal -0.195038 -0.980796 0
    outer loop
      vertex 38.5874 32.9615 3
      vertex 39.1647 32.8467 8.5
      vertex 38.5874 32.9615 8.5
    endloop
  endfacet
  facet normal -0.195038 -0.980796 -0
    outer loop
      vertex 39.1647 32.8467 8.5
      vertex 38.5874 32.9615 3
      vertex 39.1647 32.8467 3
    endloop
  endfacet
  facet normal 0.442382 -0.896827 0
    outer loop
      vertex 35.75 32.3971 3
      vertex 36.2779 32.6575 8.5
      vertex 35.75 32.3971 8.5
    endloop
  endfacet
  facet normal 0.442382 -0.896827 0
    outer loop
      vertex 36.2779 32.6575 8.5
      vertex 35.75 32.3971 3
      vertex 36.2779 32.6575 3
    endloop
  endfacet
  facet normal -0.0654027 0.997859 0
    outer loop
      vertex 38.5874 24.0385 4
      vertex 38 24 8.5
      vertex 38.5874 24.0385 8.5
    endloop
  endfacet
  facet normal -0.0654027 0.997859 0
    outer loop
      vertex 38 24 8.5
      vertex 38.5874 24.0385 4
      vertex 38 24 4
    endloop
  endfacet
  facet normal -0.659298 0.751882 0
    outer loop
      vertex 41.182 25.318 3
      vertex 40.7394 24.9299 8.5
      vertex 41.182 25.318 8.5
    endloop
  endfacet
  facet normal -0.659298 0.751882 0
    outer loop
      vertex 40.7394 24.9299 8.5
      vertex 41.182 25.318 3
      vertex 40.7394 24.9299 3
    endloop
  endfacet
  facet normal 0.946936 0.321421 0
    outer loop
      vertex 33.8425 26.7779 8.5
      vertex 33.6533 27.3353 3
      vertex 33.6533 27.3353 8.5
    endloop
  endfacet
  facet normal 0.946936 0.321421 0
    outer loop
      vertex 33.6533 27.3353 3
      vertex 33.8425 26.7779 8.5
      vertex 33.8425 26.7779 3
    endloop
  endfacet
  facet normal -0.946936 0.321421 0
    outer loop
      vertex 42.1575 26.7779 3
      vertex 42.3467 27.3353 8.5
      vertex 42.3467 27.3353 3
    endloop
  endfacet
  facet normal -0.946936 0.321421 0
    outer loop
      vertex 42.3467 27.3353 8.5
      vertex 42.1575 26.7779 3
      vertex 42.1575 26.7779 8.5
    endloop
  endfacet
  facet normal -0.442382 -0.896827 0
    outer loop
      vertex 39.7221 32.6575 3
      vertex 40.25 32.3971 8.5
      vertex 39.7221 32.6575 8.5
    endloop
  endfacet
  facet normal -0.442382 -0.896827 -0
    outer loop
      vertex 40.25 32.3971 8.5
      vertex 39.7221 32.6575 3
      vertex 40.25 32.3971 3
    endloop
  endfacet
  facet normal 0.195038 -0.980796 0
    outer loop
      vertex 36.8353 32.8467 3
      vertex 37.4126 32.9615 8.5
      vertex 36.8353 32.8467 8.5
    endloop
  endfacet
  facet normal 0.195038 -0.980796 0
    outer loop
      vertex 37.4126 32.9615 8.5
      vertex 36.8353 32.8467 3
      vertex 37.4126 32.9615 3
    endloop
  endfacet
  facet normal -0.751882 -0.659298 0
    outer loop
      vertex 41.5701 31.2394 3
      vertex 41.182 31.682 8.5
      vertex 41.182 31.682 3
    endloop
  endfacet
  facet normal -0.751882 -0.659298 0
    outer loop
      vertex 41.182 31.682 8.5
      vertex 41.5701 31.2394 3
      vertex 41.5701 31.2394 8.5
    endloop
  endfacet
  facet normal -0.751882 0.659298 0
    outer loop
      vertex 41.182 25.318 3
      vertex 41.5701 25.7606 8.5
      vertex 41.5701 25.7606 3
    endloop
  endfacet
  facet normal -0.751882 0.659298 0
    outer loop
      vertex 41.5701 25.7606 8.5
      vertex 41.182 25.318 3
      vertex 41.182 25.318 8.5
    endloop
  endfacet
  facet normal 0.442376 0.89683 0
    outer loop
      vertex 35.9586 24.5 4
      vertex 36.2779 24.3425 8.5
      vertex 36.2779 24.3425 4
    endloop
  endfacet
  facet normal 0.442382 0.896827 -5.5496e-07
    outer loop
      vertex 36.2779 24.3425 8.5
      vertex 35.9586 24.5 4
      vertex 35.75 24.6029 8.5
    endloop
  endfacet
  facet normal 0.442392 0.896822 0
    outer loop
      vertex 35.75 24.6029 3
      vertex 35.9586 24.5 4
      vertex 35.9586 24.5 3
    endloop
  endfacet
  facet normal 0.442392 0.896822 0
    outer loop
      vertex 35.9586 24.5 4
      vertex 35.75 24.6029 3
      vertex 35.75 24.6029 8.5
    endloop
  endfacet
  facet normal 0.946936 -0.321421 0
    outer loop
      vertex 33.6533 29.6647 8.5
      vertex 33.8425 30.2221 3
      vertex 33.8425 30.2221 8.5
    endloop
  endfacet
  facet normal 0.946936 -0.321421 0
    outer loop
      vertex 33.8425 30.2221 3
      vertex 33.6533 29.6647 8.5
      vertex 33.6533 29.6647 3
    endloop
  endfacet
  facet normal -0.195038 0.980796 0
    outer loop
      vertex 39.1647 24.1533 4
      vertex 38.5874 24.0385 8.5
      vertex 39.1647 24.1533 8.5
    endloop
  endfacet
  facet normal -0.195038 0.980796 0
    outer loop
      vertex 38.5874 24.0385 8.5
      vertex 39.1647 24.1533 4
      vertex 38.5874 24.0385 4
    endloop
  endfacet
  facet normal -0.442382 0.896827 -5.5496e-07
    outer loop
      vertex 40.25 24.6029 8.5
      vertex 40.0414 24.5 4
      vertex 39.7221 24.3425 8.5
    endloop
  endfacet
  facet normal -0.442392 0.896822 0
    outer loop
      vertex 40.25 24.6029 3
      vertex 40.0414 24.5 4
      vertex 40.25 24.6029 8.5
    endloop
  endfacet
  facet normal -0.442392 0.896822 0
    outer loop
      vertex 40.0414 24.5 4
      vertex 40.25 24.6029 3
      vertex 40.0414 24.5 3
    endloop
  endfacet
  facet normal -0.442376 0.89683 0
    outer loop
      vertex 39.7221 24.3425 8.5
      vertex 40.0414 24.5 4
      vertex 39.7221 24.3425 4
    endloop
  endfacet
  facet normal 0 0 1
    outer loop
      vertex 42.4615 29.0874 3
      vertex 42.4615 27.9126 3
      vertex 42.5 28.5 3
    endloop
  endfacet
  facet normal 0 0 1
    outer loop
      vertex 42.3467 29.6647 3
      vertex 42.4615 27.9126 3
      vertex 42.4615 29.0874 3
    endloop
  endfacet
  facet normal 0 0 1
    outer loop
      vertex 42.3467 29.6647 3
      vertex 42.3467 27.3353 3
      vertex 42.4615 27.9126 3
    endloop
  endfacet
  facet normal 0 0 1
    outer loop
      vertex 42.1575 30.2221 3
      vertex 42.3467 27.3353 3
      vertex 42.3467 29.6647 3
    endloop
  endfacet
  facet normal 0 0 1
    outer loop
      vertex 42.1575 30.2221 3
      vertex 42.1575 26.7779 3
      vertex 42.3467 27.3353 3
    endloop
  endfacet
  facet normal 0 0 1
    outer loop
      vertex 41.8971 30.75 3
      vertex 42.1575 26.7779 3
      vertex 42.1575 30.2221 3
    endloop
  endfacet
  facet normal 0 0 1
    outer loop
      vertex 41.8971 30.75 3
      vertex 41.8971 26.25 3
      vertex 42.1575 26.7779 3
    endloop
  endfacet
  facet normal 0 0 1
    outer loop
      vertex 41.5701 31.2394 3
      vertex 41.8971 26.25 3
      vertex 41.8971 30.75 3
    endloop
  endfacet
  facet normal 0 0 1
    outer loop
      vertex 41.5701 31.2394 3
      vertex 41.5701 25.7606 3
      vertex 41.8971 26.25 3
    endloop
  endfacet
  facet normal 0 0 1
    outer loop
      vertex 41.182 31.682 3
      vertex 41.5701 25.7606 3
      vertex 41.5701 31.2394 3
    endloop
  endfacet
  facet normal 0 0 1
    outer loop
      vertex 41.182 31.682 3
      vertex 41.182 25.318 3
      vertex 41.5701 25.7606 3
    endloop
  endfacet
  facet normal 0 0 1
    outer loop
      vertex 40.7394 32.0701 3
      vertex 41.182 25.318 3
      vertex 41.182 31.682 3
    endloop
  endfacet
  facet normal 0 0 1
    outer loop
      vertex 40.0414 24.5 3
      vertex 41.182 25.318 3
      vertex 40.7394 32.0701 3
    endloop
  endfacet
  facet normal 0 0 1
    outer loop
      vertex 40.0414 24.5 3
      vertex 40.7394 32.0701 3
      vertex 40.25 32.3971 3
    endloop
  endfacet
  facet normal 0 0 1
    outer loop
      vertex 41.182 25.318 3
      vertex 40.0414 24.5 3
      vertex 40.7394 24.9299 3
    endloop
  endfacet
  facet normal 0 0 1
    outer loop
      vertex 40.7394 24.9299 3
      vertex 40.0414 24.5 3
      vertex 40.25 24.6029 3
    endloop
  endfacet
  facet normal 0 0 1
    outer loop
      vertex 39.7221 32.6575 3
      vertex 40.0414 24.5 3
      vertex 40.25 32.3971 3
    endloop
  endfacet
  facet normal 0 0 1
    outer loop
      vertex 39.1647 32.8467 3
      vertex 40.0414 24.5 3
      vertex 39.7221 32.6575 3
    endloop
  endfacet
  facet normal 0 0 1
    outer loop
      vertex 38.5874 32.9615 3
      vertex 40.0414 24.5 3
      vertex 39.1647 32.8467 3
    endloop
  endfacet
  facet normal 0 0 1
    outer loop
      vertex 38 33 3
      vertex 40.0414 24.5 3
      vertex 38.5874 32.9615 3
    endloop
  endfacet
  facet normal -0 0 1
    outer loop
      vertex 37.4126 32.9615 3
      vertex 40.0414 24.5 3
      vertex 38 33 3
    endloop
  endfacet
  facet normal -0 0 1
    outer loop
      vertex 36.8353 32.8467 3
      vertex 40.0414 24.5 3
      vertex 37.4126 32.9615 3
    endloop
  endfacet
  facet normal -0 0 1
    outer loop
      vertex 36.2779 32.6575 3
      vertex 40.0414 24.5 3
      vertex 36.8353 32.8467 3
    endloop
  endfacet
  facet normal 0 0 1
    outer loop
      vertex 36.2779 32.6575 3
      vertex 35.9586 24.5 3
      vertex 40.0414 24.5 3
    endloop
  endfacet
  facet normal -0 0 1
    outer loop
      vertex 35.75 32.3971 3
      vertex 35.9586 24.5 3
      vertex 36.2779 32.6575 3
    endloop
  endfacet
  facet normal -0 0 1
    outer loop
      vertex 35.2606 32.0701 3
      vertex 35.9586 24.5 3
      vertex 35.75 32.3971 3
    endloop
  endfacet
  facet normal -0 0 1
    outer loop
      vertex 34.818 31.682 3
      vertex 35.9586 24.5 3
      vertex 35.2606 32.0701 3
    endloop
  endfacet
  facet normal 0 0 1
    outer loop
      vertex 35.9586 24.5 3
      vertex 35.2606 24.9299 3
      vertex 35.75 24.6029 3
    endloop
  endfacet
  facet normal -0 0 1
    outer loop
      vertex 34.818 25.318 3
      vertex 35.9586 24.5 3
      vertex 34.818 31.682 3
    endloop
  endfacet
  facet normal 0 0 1
    outer loop
      vertex 35.9586 24.5 3
      vertex 34.818 25.318 3
      vertex 35.2606 24.9299 3
    endloop
  endfacet
  facet normal -0 0 1
    outer loop
      vertex 34.4299 31.2394 3
      vertex 34.818 25.318 3
      vertex 34.818 31.682 3
    endloop
  endfacet
  facet normal 0 0 1
    outer loop
      vertex 34.4299 31.2394 3
      vertex 34.4299 25.7606 3
      vertex 34.818 25.318 3
    endloop
  endfacet
  facet normal -0 0 1
    outer loop
      vertex 34.1029 30.75 3
      vertex 34.4299 25.7606 3
      vertex 34.4299 31.2394 3
    endloop
  endfacet
  facet normal 0 0 1
    outer loop
      vertex 34.1029 30.75 3
      vertex 34.1029 26.25 3
      vertex 34.4299 25.7606 3
    endloop
  endfacet
  facet normal -0 0 1
    outer loop
      vertex 33.8425 30.2221 3
      vertex 34.1029 26.25 3
      vertex 34.1029 30.75 3
    endloop
  endfacet
  facet normal 0 0 1
    outer loop
      vertex 33.8425 30.2221 3
      vertex 33.8425 26.7779 3
      vertex 34.1029 26.25 3
    endloop
  endfacet
  facet normal -0 0 1
    outer loop
      vertex 33.6533 29.6647 3
      vertex 33.8425 26.7779 3
      vertex 33.8425 30.2221 3
    endloop
  endfacet
  facet normal 0 0 1
    outer loop
      vertex 33.6533 29.6647 3
      vertex 33.6533 27.3353 3
      vertex 33.8425 26.7779 3
    endloop
  endfacet
  facet normal -0 0 1
    outer loop
      vertex 33.5385 29.0874 3
      vertex 33.6533 27.3353 3
      vertex 33.6533 29.6647 3
    endloop
  endfacet
  facet normal 0 0 1
    outer loop
      vertex 33.5385 29.0874 3
      vertex 33.5385 27.9126 3
      vertex 33.6533 27.3353 3
    endloop
  endfacet
  facet normal 0 -0 1
    outer loop
      vertex 33.5385 27.9126 3
      vertex 33.5385 29.0874 3
      vertex 33.5 28.5 3
    endloop
  endfacet
  facet normal 0.751882 -0.659298 0
    outer loop
      vertex 34.4299 31.2394 8.5
      vertex 34.818 31.682 3
      vertex 34.818 31.682 8.5
    endloop
  endfacet
  facet normal 0.751882 -0.659298 0
    outer loop
      vertex 34.818 31.682 3
      vertex 34.4299 31.2394 8.5
      vertex 34.4299 31.2394 3
    endloop
  endfacet
  facet normal -0.659298 -0.751882 0
    outer loop
      vertex 40.7394 32.0701 3
      vertex 41.182 31.682 8.5
      vertex 40.7394 32.0701 8.5
    endloop
  endfacet
  facet normal -0.659298 -0.751882 -0
    outer loop
      vertex 41.182 31.682 8.5
      vertex 40.7394 32.0701 3
      vertex 41.182 31.682 3
    endloop
  endfacet
  facet normal 0.896827 0.442382 0
    outer loop
      vertex 34.1029 26.25 8.5
      vertex 33.8425 26.7779 3
      vertex 33.8425 26.7779 8.5
    endloop
  endfacet
  facet normal 0.896827 0.442382 0
    outer loop
      vertex 33.8425 26.7779 3
      vertex 34.1029 26.25 8.5
      vertex 34.1029 26.25 3
    endloop
  endfacet
  facet normal -0.831475 0.555562 0
    outer loop
      vertex 41.5701 25.7606 3
      vertex 41.8971 26.25 8.5
      vertex 41.8971 26.25 3
    endloop
  endfacet
  facet normal -0.831475 0.555562 0
    outer loop
      vertex 41.8971 26.25 8.5
      vertex 41.5701 25.7606 3
      vertex 41.5701 25.7606 8.5
    endloop
  endfacet
  facet normal -0.896827 -0.442382 0
    outer loop
      vertex 42.1575 30.2221 3
      vertex 41.8971 30.75 8.5
      vertex 41.8971 30.75 3
    endloop
  endfacet
  facet normal -0.896827 -0.442382 0
    outer loop
      vertex 41.8971 30.75 8.5
      vertex 42.1575 30.2221 3
      vertex 42.1575 30.2221 8.5
    endloop
  endfacet
  facet normal 0.0654027 0.997859 -0
    outer loop
      vertex 38 24 4
      vertex 37.4126 24.0385 8.5
      vertex 38 24 8.5
    endloop
  endfacet
  facet normal 0.0654027 0.997859 0
    outer loop
      vertex 37.4126 24.0385 8.5
      vertex 38 24 4
      vertex 37.4126 24.0385 4
    endloop
  endfacet
  facet normal -0.0654027 -0.997859 0
    outer loop
      vertex 38 33 3
      vertex 38.5874 32.9615 8.5
      vertex 38 33 8.5
    endloop
  endfacet
  facet normal -0.0654027 -0.997859 -0
    outer loop
      vertex 38.5874 32.9615 8.5
      vertex 38 33 3
      vertex 38.5874 32.9615 3
    endloop
  endfacet
  facet normal 0.555562 0.831475 -0
    outer loop
      vertex 35.75 24.6029 3
      vertex 35.2606 24.9299 8.5
      vertex 35.75 24.6029 8.5
    endloop
  endfacet
  facet normal 0.555562 0.831475 0
    outer loop
      vertex 35.2606 24.9299 8.5
      vertex 35.75 24.6029 3
      vertex 35.2606 24.9299 3
    endloop
  endfacet
  facet normal -0.555562 0.831475 0
    outer loop
      vertex 40.7394 24.9299 3
      vertex 40.25 24.6029 8.5
      vertex 40.7394 24.9299 8.5
    endloop
  endfacet
  facet normal -0.555562 0.831475 0
    outer loop
      vertex 40.25 24.6029 8.5
      vertex 40.7394 24.9299 3
      vertex 40.25 24.6029 3
    endloop
  endfacet
  facet normal -0.946936 -0.321421 0
    outer loop
      vertex 42.3467 29.6647 3
      vertex 42.1575 30.2221 8.5
      vertex 42.1575 30.2221 3
    endloop
  endfacet
  facet normal -0.946936 -0.321421 0
    outer loop
      vertex 42.1575 30.2221 8.5
      vertex 42.3467 29.6647 3
      vertex 42.3467 29.6647 8.5
    endloop
  endfacet
  facet normal 0.980796 -0.195038 0
    outer loop
      vertex 33.5385 29.0874 8.5
      vertex 33.6533 29.6647 3
      vertex 33.6533 29.6647 8.5
    endloop
  endfacet
  facet normal 0.980796 -0.195038 0
    outer loop
      vertex 33.6533 29.6647 3
      vertex 33.5385 29.0874 8.5
      vertex 33.5385 29.0874 3
    endloop
  endfacet
  facet normal 0.0654027 -0.997859 0
    outer loop
      vertex 37.4126 32.9615 3
      vertex 38 33 8.5
      vertex 37.4126 32.9615 8.5
    endloop
  endfacet
  facet normal 0.0654027 -0.997859 0
    outer loop
      vertex 38 33 8.5
      vertex 37.4126 32.9615 3
      vertex 38 33 3
    endloop
  endfacet
  facet normal 0.321421 0.946936 -0
    outer loop
      vertex 36.8353 24.1533 4
      vertex 36.2779 24.3425 8.5
      vertex 36.8353 24.1533 8.5
    endloop
  endfacet
  facet normal 0.321421 0.946936 0
    outer loop
      vertex 36.2779 24.3425 8.5
      vertex 36.8353 24.1533 4
      vertex 36.2779 24.3425 4
    endloop
  endfacet
  facet normal 0.980796 0.195038 0
    outer loop
      vertex 33.6533 27.3353 8.5
      vertex 33.5385 27.9126 3
      vertex 33.5385 27.9126 8.5
    endloop
  endfacet
  facet normal 0.980796 0.195038 0
    outer loop
      vertex 33.5385 27.9126 3
      vertex 33.6533 27.3353 8.5
      vertex 33.6533 27.3353 3
    endloop
  endfacet
  facet normal 0.751882 0.659298 0
    outer loop
      vertex 34.818 25.318 8.5
      vertex 34.4299 25.7606 3
      vertex 34.4299 25.7606 8.5
    endloop
  endfacet
  facet normal 0.751882 0.659298 0
    outer loop
      vertex 34.4299 25.7606 3
      vertex 34.818 25.318 8.5
      vertex 34.818 25.318 3
    endloop
  endfacet
  facet normal 0.195038 0.980796 -0
    outer loop
      vertex 37.4126 24.0385 4
      vertex 36.8353 24.1533 8.5
      vertex 37.4126 24.0385 8.5
    endloop
  endfacet
  facet normal 0.195038 0.980796 0
    outer loop
      vertex 36.8353 24.1533 8.5
      vertex 37.4126 24.0385 4
      vertex 36.8353 24.1533 4
    endloop
  endfacet
  facet normal 0.831475 -0.555562 0
    outer loop
      vertex 34.1029 30.75 8.5
      vertex 34.4299 31.2394 3
      vertex 34.4299 31.2394 8.5
    endloop
  endfacet
  facet normal 0.831475 -0.555562 0
    outer loop
      vertex 34.4299 31.2394 3
      vertex 34.1029 30.75 8.5
      vertex 34.1029 30.75 3
    endloop
  endfacet
  facet normal -0.980796 -0.195038 0
    outer loop
      vertex 55.4615 29.0874 3
      vertex 55.3467 29.6647 8.5
      vertex 55.3467 29.6647 3
    endloop
  endfacet
  facet normal -0.980796 -0.195038 0
    outer loop
      vertex 55.3467 29.6647 8.5
      vertex 55.4615 29.0874 3
      vertex 55.4615 29.0874 8.5
    endloop
  endfacet
  facet normal -0.997859 -0.0654027 0
    outer loop
      vertex 55.5 28.5 3
      vertex 55.4615 29.0874 8.5
      vertex 55.4615 29.0874 3
    endloop
  endfacet
  facet normal -0.997859 -0.0654027 0
    outer loop
      vertex 55.4615 29.0874 8.5
      vertex 55.5 28.5 3
      vertex 55.5 28.5 8.5
    endloop
  endfacet
  facet normal 0.442376 0.89683 0
    outer loop
      vertex 48.9586 24.5 4
      vertex 49.2779 24.3425 8.5
      vertex 49.2779 24.3425 4
    endloop
  endfacet
  facet normal 0.442382 0.896827 -5.5496e-07
    outer loop
      vertex 49.2779 24.3425 8.5
      vertex 48.9586 24.5 4
      vertex 48.75 24.6029 8.5
    endloop
  endfacet
  facet normal 0.442392 0.896822 0
    outer loop
      vertex 48.75 24.6029 3
      vertex 48.9586 24.5 4
      vertex 48.9586 24.5 3
    endloop
  endfacet
  facet normal 0.442392 0.896822 0
    outer loop
      vertex 48.9586 24.5 4
      vertex 48.75 24.6029 3
      vertex 48.75 24.6029 8.5
    endloop
  endfacet
  facet normal -0.980796 0.195038 0
    outer loop
      vertex 55.3467 27.3353 3
      vertex 55.4615 27.9126 8.5
      vertex 55.4615 27.9126 3
    endloop
  endfacet
  facet normal -0.980796 0.195038 0
    outer loop
      vertex 55.4615 27.9126 8.5
      vertex 55.3467 27.3353 3
      vertex 55.3467 27.3353 8.5
    endloop
  endfacet
  facet normal -0.442382 -0.896827 0
    outer loop
      vertex 52.7221 32.6575 3
      vertex 53.25 32.3971 8.5
      vertex 52.7221 32.6575 8.5
    endloop
  endfacet
  facet normal -0.442382 -0.896827 -0
    outer loop
      vertex 53.25 32.3971 8.5
      vertex 52.7221 32.6575 3
      vertex 53.25 32.3971 3
    endloop
  endfacet
  facet normal 0.997859 -0.0654027 0
    outer loop
      vertex 46.5 28.5 8.5
      vertex 46.5385 29.0874 3
      vertex 46.5385 29.0874 8.5
    endloop
  endfacet
  facet normal 0.997859 -0.0654027 0
    outer loop
      vertex 46.5385 29.0874 3
      vertex 46.5 28.5 8.5
      vertex 46.5 28.5 3
    endloop
  endfacet
  facet normal -0.442382 0.896827 -5.5496e-07
    outer loop
      vertex 53.25 24.6029 8.5
      vertex 53.0414 24.5 4
      vertex 52.7221 24.3425 8.5
    endloop
  endfacet
  facet normal -0.442392 0.896822 0
    outer loop
      vertex 53.25 24.6029 3
      vertex 53.0414 24.5 4
      vertex 53.25 24.6029 8.5
    endloop
  endfacet
  facet normal -0.442392 0.896822 0
    outer loop
      vertex 53.0414 24.5 4
      vertex 53.25 24.6029 3
      vertex 53.0414 24.5 3
    endloop
  endfacet
  facet normal -0.442376 0.89683 0
    outer loop
      vertex 52.7221 24.3425 8.5
      vertex 53.0414 24.5 4
      vertex 52.7221 24.3425 4
    endloop
  endfacet
  facet normal 0.896827 0.442382 0
    outer loop
      vertex 47.1029 26.25 8.5
      vertex 46.8425 26.7779 3
      vertex 46.8425 26.7779 8.5
    endloop
  endfacet
  facet normal 0.896827 0.442382 0
    outer loop
      vertex 46.8425 26.7779 3
      vertex 47.1029 26.25 8.5
      vertex 47.1029 26.25 3
    endloop
  endfacet
  facet normal -0.321421 -0.946936 0
    outer loop
      vertex 52.1647 32.8467 3
      vertex 52.7221 32.6575 8.5
      vertex 52.1647 32.8467 8.5
    endloop
  endfacet
  facet normal -0.321421 -0.946936 -0
    outer loop
      vertex 52.7221 32.6575 8.5
      vertex 52.1647 32.8467 3
      vertex 52.7221 32.6575 3
    endloop
  endfacet
  facet normal -0.946936 0.321421 0
    outer loop
      vertex 55.1575 26.7779 3
      vertex 55.3467 27.3353 8.5
      vertex 55.3467 27.3353 3
    endloop
  endfacet
  facet normal -0.946936 0.321421 0
    outer loop
      vertex 55.3467 27.3353 8.5
      vertex 55.1575 26.7779 3
      vertex 55.1575 26.7779 8.5
    endloop
  endfacet
  facet normal -0.896827 -0.442382 0
    outer loop
      vertex 55.1575 30.2221 3
      vertex 54.8971 30.75 8.5
      vertex 54.8971 30.75 3
    endloop
  endfacet
  facet normal -0.896827 -0.442382 0
    outer loop
      vertex 54.8971 30.75 8.5
      vertex 55.1575 30.2221 3
      vertex 55.1575 30.2221 8.5
    endloop
  endfacet
  facet normal -0.659298 0.751882 0
    outer loop
      vertex 54.182 25.318 3
      vertex 53.7394 24.9299 8.5
      vertex 54.182 25.318 8.5
    endloop
  endfacet
  facet normal -0.659298 0.751882 0
    outer loop
      vertex 53.7394 24.9299 8.5
      vertex 54.182 25.318 3
      vertex 53.7394 24.9299 3
    endloop
  endfacet
  facet normal -0.659298 -0.751882 0
    outer loop
      vertex 53.7394 32.0701 3
      vertex 54.182 31.682 8.5
      vertex 53.7394 32.0701 8.5
    endloop
  endfacet
  facet normal -0.659298 -0.751882 -0
    outer loop
      vertex 54.182 31.682 8.5
      vertex 53.7394 32.0701 3
      vertex 54.182 31.682 3
    endloop
  endfacet
  facet normal 0.0654027 -0.997859 0
    outer loop
      vertex 50.4126 32.9615 3
      vertex 51 33 8.5
      vertex 50.4126 32.9615 8.5
    endloop
  endfacet
  facet normal 0.0654027 -0.997859 0
    outer loop
      vertex 51 33 8.5
      vertex 50.4126 32.9615 3
      vertex 51 33 3
    endloop
  endfacet
  facet normal -0.997859 0.0654027 0
    outer loop
      vertex 55.4615 27.9126 3
      vertex 55.5 28.5 8.5
      vertex 55.5 28.5 3
    endloop
  endfacet
  facet normal -0.997859 0.0654027 0
    outer loop
      vertex 55.5 28.5 8.5
      vertex 55.4615 27.9126 3
      vertex 55.4615 27.9126 8.5
    endloop
  endfacet
  facet normal -0.831475 0.555562 0
    outer loop
      vertex 54.5701 25.7606 3
      vertex 54.8971 26.25 8.5
      vertex 54.8971 26.25 3
    endloop
  endfacet
  facet normal -0.831475 0.555562 0
    outer loop
      vertex 54.8971 26.25 8.5
      vertex 54.5701 25.7606 3
      vertex 54.5701 25.7606 8.5
    endloop
  endfacet
  facet normal 0.946936 0.321421 0
    outer loop
      vertex 46.8425 26.7779 8.5
      vertex 46.6533 27.3353 3
      vertex 46.6533 27.3353 8.5
    endloop
  endfacet
  facet normal 0.946936 0.321421 0
    outer loop
      vertex 46.6533 27.3353 3
      vertex 46.8425 26.7779 8.5
      vertex 46.8425 26.7779 3
    endloop
  endfacet
  facet normal 0.659298 -0.751882 0
    outer loop
      vertex 47.818 31.682 3
      vertex 48.2606 32.0701 8.5
      vertex 47.818 31.682 8.5
    endloop
  endfacet
  facet normal 0.659298 -0.751882 0
    outer loop
      vertex 48.2606 32.0701 8.5
      vertex 47.818 31.682 3
      vertex 48.2606 32.0701 3
    endloop
  endfacet
  facet normal 0.946936 -0.321421 0
    outer loop
      vertex 46.6533 29.6647 8.5
      vertex 46.8425 30.2221 3
      vertex 46.8425 30.2221 8.5
    endloop
  endfacet
  facet normal 0.946936 -0.321421 0
    outer loop
      vertex 46.8425 30.2221 3
      vertex 46.6533 29.6647 8.5
      vertex 46.6533 29.6647 3
    endloop
  endfacet
  facet normal 0.997859 0.0654027 0
    outer loop
      vertex 46.5385 27.9126 8.5
      vertex 46.5 28.5 3
      vertex 46.5 28.5 8.5
    endloop
  endfacet
  facet normal 0.997859 0.0654027 0
    outer loop
      vertex 46.5 28.5 3
      vertex 46.5385 27.9126 8.5
      vertex 46.5385 27.9126 3
    endloop
  endfacet
  facet normal -0.0654027 -0.997859 0
    outer loop
      vertex 51 33 3
      vertex 51.5874 32.9615 8.5
      vertex 51 33 8.5
    endloop
  endfacet
  facet normal -0.0654027 -0.997859 -0
    outer loop
      vertex 51.5874 32.9615 8.5
      vertex 51 33 3
      vertex 51.5874 32.9615 3
    endloop
  endfacet
  facet normal -0.321421 0.946936 0
    outer loop
      vertex 52.7221 24.3425 4
      vertex 52.1647 24.1533 8.5
      vertex 52.7221 24.3425 8.5
    endloop
  endfacet
  facet normal -0.321421 0.946936 0
    outer loop
      vertex 52.1647 24.1533 8.5
      vertex 52.7221 24.3425 4
      vertex 52.1647 24.1533 4
    endloop
  endfacet
  facet normal 0.980796 -0.195038 0
    outer loop
      vertex 46.5385 29.0874 8.5
      vertex 46.6533 29.6647 3
      vertex 46.6533 29.6647 8.5
    endloop
  endfacet
  facet normal 0.980796 -0.195038 0
    outer loop
      vertex 46.6533 29.6647 3
      vertex 46.5385 29.0874 8.5
      vertex 46.5385 29.0874 3
    endloop
  endfacet
  facet normal 0.751882 0.659298 0
    outer loop
      vertex 47.818 25.318 8.5
      vertex 47.4299 25.7606 3
      vertex 47.4299 25.7606 8.5
    endloop
  endfacet
  facet normal 0.751882 0.659298 0
    outer loop
      vertex 47.4299 25.7606 3
      vertex 47.818 25.318 8.5
      vertex 47.818 25.318 3
    endloop
  endfacet
  facet normal -0.555562 0.831475 0
    outer loop
      vertex 53.7394 24.9299 3
      vertex 53.25 24.6029 8.5
      vertex 53.7394 24.9299 8.5
    endloop
  endfacet
  facet normal -0.555562 0.831475 0
    outer loop
      vertex 53.25 24.6029 8.5
      vertex 53.7394 24.9299 3
      vertex 53.25 24.6029 3
    endloop
  endfacet
  facet normal 0.751882 -0.659298 0
    outer loop
      vertex 47.4299 31.2394 8.5
      vertex 47.818 31.682 3
      vertex 47.818 31.682 8.5
    endloop
  endfacet
  facet normal 0.751882 -0.659298 0
    outer loop
      vertex 47.818 31.682 3
      vertex 47.4299 31.2394 8.5
      vertex 47.4299 31.2394 3
    endloop
  endfacet
  facet normal 0.555562 0.831475 -0
    outer loop
      vertex 48.75 24.6029 3
      vertex 48.2606 24.9299 8.5
      vertex 48.75 24.6029 8.5
    endloop
  endfacet
  facet normal 0.555562 0.831475 0
    outer loop
      vertex 48.2606 24.9299 8.5
      vertex 48.75 24.6029 3
      vertex 48.2606 24.9299 3
    endloop
  endfacet
  facet normal -0.751882 0.659298 0
    outer loop
      vertex 54.182 25.318 3
      vertex 54.5701 25.7606 8.5
      vertex 54.5701 25.7606 3
    endloop
  endfacet
  facet normal -0.751882 0.659298 0
    outer loop
      vertex 54.5701 25.7606 8.5
      vertex 54.182 25.318 3
      vertex 54.182 25.318 8.5
    endloop
  endfacet
  facet normal -0.831475 -0.555562 0
    outer loop
      vertex 54.8971 30.75 3
      vertex 54.5701 31.2394 8.5
      vertex 54.5701 31.2394 3
    endloop
  endfacet
  facet normal -0.831475 -0.555562 0
    outer loop
      vertex 54.5701 31.2394 8.5
      vertex 54.8971 30.75 3
      vertex 54.8971 30.75 8.5
    endloop
  endfacet
  facet normal -0.195038 0.980796 0
    outer loop
      vertex 52.1647 24.1533 4
      vertex 51.5874 24.0385 8.5
      vertex 52.1647 24.1533 8.5
    endloop
  endfacet
  facet normal -0.195038 0.980796 0
    outer loop
      vertex 51.5874 24.0385 8.5
      vertex 52.1647 24.1533 4
      vertex 51.5874 24.0385 4
    endloop
  endfacet
  facet normal 0 0 1
    outer loop
      vertex 55.4615 29.0874 3
      vertex 55.4615 27.9126 3
      vertex 55.5 28.5 3
    endloop
  endfacet
  facet normal 0 0 1
    outer loop
      vertex 55.3467 29.6647 3
      vertex 55.4615 27.9126 3
      vertex 55.4615 29.0874 3
    endloop
  endfacet
  facet normal 0 0 1
    outer loop
      vertex 55.3467 29.6647 3
      vertex 55.3467 27.3353 3
      vertex 55.4615 27.9126 3
    endloop
  endfacet
  facet normal 0 0 1
    outer loop
      vertex 55.1575 30.2221 3
      vertex 55.3467 27.3353 3
      vertex 55.3467 29.6647 3
    endloop
  endfacet
  facet normal 0 0 1
    outer loop
      vertex 55.1575 30.2221 3
      vertex 55.1575 26.7779 3
      vertex 55.3467 27.3353 3
    endloop
  endfacet
  facet normal 0 0 1
    outer loop
      vertex 54.8971 30.75 3
      vertex 55.1575 26.7779 3
      vertex 55.1575 30.2221 3
    endloop
  endfacet
  facet normal 0 0 1
    outer loop
      vertex 54.8971 30.75 3
      vertex 54.8971 26.25 3
      vertex 55.1575 26.7779 3
    endloop
  endfacet
  facet normal 0 0 1
    outer loop
      vertex 54.5701 31.2394 3
      vertex 54.8971 26.25 3
      vertex 54.8971 30.75 3
    endloop
  endfacet
  facet normal 0 0 1
    outer loop
      vertex 54.5701 31.2394 3
      vertex 54.5701 25.7606 3
      vertex 54.8971 26.25 3
    endloop
  endfacet
  facet normal 0 0 1
    outer loop
      vertex 54.182 31.682 3
      vertex 54.5701 25.7606 3
      vertex 54.5701 31.2394 3
    endloop
  endfacet
  facet normal 0 0 1
    outer loop
      vertex 54.182 31.682 3
      vertex 54.182 25.318 3
      vertex 54.5701 25.7606 3
    endloop
  endfacet
  facet normal 0 0 1
    outer loop
      vertex 53.7394 32.0701 3
      vertex 54.182 25.318 3
      vertex 54.182 31.682 3
    endloop
  endfacet
  facet normal 0 0 1
    outer loop
      vertex 53.0414 24.5 3
      vertex 54.182 25.318 3
      vertex 53.7394 32.0701 3
    endloop
  endfacet
  facet normal 0 0 1
    outer loop
      vertex 53.0414 24.5 3
      vertex 53.7394 32.0701 3
      vertex 53.25 32.3971 3
    endloop
  endfacet
  facet normal 0 0 1
    outer loop
      vertex 54.182 25.318 3
      vertex 53.0414 24.5 3
      vertex 53.7394 24.9299 3
    endloop
  endfacet
  facet normal 0 0 1
    outer loop
      vertex 53.7394 24.9299 3
      vertex 53.0414 24.5 3
      vertex 53.25 24.6029 3
    endloop
  endfacet
  facet normal 0 0 1
    outer loop
      vertex 52.7221 32.6575 3
      vertex 53.0414 24.5 3
      vertex 53.25 32.3971 3
    endloop
  endfacet
  facet normal 0 0 1
    outer loop
      vertex 52.1647 32.8467 3
      vertex 53.0414 24.5 3
      vertex 52.7221 32.6575 3
    endloop
  endfacet
  facet normal 0 0 1
    outer loop
      vertex 51.5874 32.9615 3
      vertex 53.0414 24.5 3
      vertex 52.1647 32.8467 3
    endloop
  endfacet
  facet normal 0 0 1
    outer loop
      vertex 51 33 3
      vertex 53.0414 24.5 3
      vertex 51.5874 32.9615 3
    endloop
  endfacet
  facet normal -0 0 1
    outer loop
      vertex 50.4126 32.9615 3
      vertex 53.0414 24.5 3
      vertex 51 33 3
    endloop
  endfacet
  facet normal -0 0 1
    outer loop
      vertex 49.8353 32.8467 3
      vertex 53.0414 24.5 3
      vertex 50.4126 32.9615 3
    endloop
  endfacet
  facet normal -0 0 1
    outer loop
      vertex 49.2779 32.6575 3
      vertex 53.0414 24.5 3
      vertex 49.8353 32.8467 3
    endloop
  endfacet
  facet normal 0 0 1
    outer loop
      vertex 49.2779 32.6575 3
      vertex 48.9586 24.5 3
      vertex 53.0414 24.5 3
    endloop
  endfacet
  facet normal -0 0 1
    outer loop
      vertex 48.75 32.3971 3
      vertex 48.9586 24.5 3
      vertex 49.2779 32.6575 3
    endloop
  endfacet
  facet normal -0 0 1
    outer loop
      vertex 48.2606 32.0701 3
      vertex 48.9586 24.5 3
      vertex 48.75 32.3971 3
    endloop
  endfacet
  facet normal -0 0 1
    outer loop
      vertex 47.818 31.682 3
      vertex 48.9586 24.5 3
      vertex 48.2606 32.0701 3
    endloop
  endfacet
  facet normal 0 0 1
    outer loop
      vertex 48.9586 24.5 3
      vertex 48.2606 24.9299 3
      vertex 48.75 24.6029 3
    endloop
  endfacet
  facet normal -0 0 1
    outer loop
      vertex 47.818 25.318 3
      vertex 48.9586 24.5 3
      vertex 47.818 31.682 3
    endloop
  endfacet
  facet normal 0 0 1
    outer loop
      vertex 48.9586 24.5 3
      vertex 47.818 25.318 3
      vertex 48.2606 24.9299 3
    endloop
  endfacet
  facet normal -0 0 1
    outer loop
      vertex 47.4299 31.2394 3
      vertex 47.818 25.318 3
      vertex 47.818 31.682 3
    endloop
  endfacet
  facet normal 0 0 1
    outer loop
      vertex 47.4299 31.2394 3
      vertex 47.4299 25.7606 3
      vertex 47.818 25.318 3
    endloop
  endfacet
  facet normal -0 0 1
    outer loop
      vertex 47.1029 30.75 3
      vertex 47.4299 25.7606 3
      vertex 47.4299 31.2394 3
    endloop
  endfacet
  facet normal 0 0 1
    outer loop
      vertex 47.1029 30.75 3
      vertex 47.1029 26.25 3
      vertex 47.4299 25.7606 3
    endloop
  endfacet
  facet normal -0 0 1
    outer loop
      vertex 46.8425 30.2221 3
      vertex 47.1029 26.25 3
      vertex 47.1029 30.75 3
    endloop
  endfacet
  facet normal 0 0 1
    outer loop
      vertex 46.8425 30.2221 3
      vertex 46.8425 26.7779 3
      vertex 47.1029 26.25 3
    endloop
  endfacet
  facet normal -0 0 1
    outer loop
      vertex 46.6533 29.6647 3
      vertex 46.8425 26.7779 3
      vertex 46.8425 30.2221 3
    endloop
  endfacet
  facet normal 0 0 1
    outer loop
      vertex 46.6533 29.6647 3
      vertex 46.6533 27.3353 3
      vertex 46.8425 26.7779 3
    endloop
  endfacet
  facet normal -0 0 1
    outer loop
      vertex 46.5385 29.0874 3
      vertex 46.6533 27.3353 3
      vertex 46.6533 29.6647 3
    endloop
  endfacet
  facet normal 0 0 1
    outer loop
      vertex 46.5385 29.0874 3
      vertex 46.5385 27.9126 3
      vertex 46.6533 27.3353 3
    endloop
  endfacet
  facet normal 0 -0 1
    outer loop
      vertex 46.5385 27.9126 3
      vertex 46.5385 29.0874 3
      vertex 46.5 28.5 3
    endloop
  endfacet
  facet normal -0.555562 -0.831475 0
    outer loop
      vertex 53.25 32.3971 3
      vertex 53.7394 32.0701 8.5
      vertex 53.25 32.3971 8.5
    endloop
  endfacet
  facet normal -0.555562 -0.831475 -0
    outer loop
      vertex 53.7394 32.0701 8.5
      vertex 53.25 32.3971 3
      vertex 53.7394 32.0701 3
    endloop
  endfacet
  facet normal 0.831475 0.555562 0
    outer loop
      vertex 47.4299 25.7606 8.5
      vertex 47.1029 26.25 3
      vertex 47.1029 26.25 8.5
    endloop
  endfacet
  facet normal 0.831475 0.555562 0
    outer loop
      vertex 47.1029 26.25 3
      vertex 47.4299 25.7606 8.5
      vertex 47.4299 25.7606 3
    endloop
  endfacet
  facet normal 0.555562 -0.831475 0
    outer loop
      vertex 48.2606 32.0701 3
      vertex 48.75 32.3971 8.5
      vertex 48.2606 32.0701 8.5
    endloop
  endfacet
  facet normal 0.555562 -0.831475 0
    outer loop
      vertex 48.75 32.3971 8.5
      vertex 48.2606 32.0701 3
      vertex 48.75 32.3971 3
    endloop
  endfacet
  facet normal 0.442382 -0.896827 0
    outer loop
      vertex 48.75 32.3971 3
      vertex 49.2779 32.6575 8.5
      vertex 48.75 32.3971 8.5
    endloop
  endfacet
  facet normal 0.442382 -0.896827 0
    outer loop
      vertex 49.2779 32.6575 8.5
      vertex 48.75 32.3971 3
      vertex 49.2779 32.6575 3
    endloop
  endfacet
  facet normal -0.896827 0.442382 0
    outer loop
      vertex 54.8971 26.25 3
      vertex 55.1575 26.7779 8.5
      vertex 55.1575 26.7779 3
    endloop
  endfacet
  facet normal -0.896827 0.442382 0
    outer loop
      vertex 55.1575 26.7779 8.5
      vertex 54.8971 26.25 3
      vertex 54.8971 26.25 8.5
    endloop
  endfacet
  facet normal -0.0654027 0.997859 0
    outer loop
      vertex 51.5874 24.0385 4
      vertex 51 24 8.5
      vertex 51.5874 24.0385 8.5
    endloop
  endfacet
  facet normal -0.0654027 0.997859 0
    outer loop
      vertex 51 24 8.5
      vertex 51.5874 24.0385 4
      vertex 51 24 4
    endloop
  endfacet
  facet normal 0.980796 0.195038 0
    outer loop
      vertex 46.6533 27.3353 8.5
      vertex 46.5385 27.9126 3
      vertex 46.5385 27.9126 8.5
    endloop
  endfacet
  facet normal 0.980796 0.195038 0
    outer loop
      vertex 46.5385 27.9126 3
      vertex 46.6533 27.3353 8.5
      vertex 46.6533 27.3353 3
    endloop
  endfacet
  facet normal 0.0654027 0.997859 -0
    outer loop
      vertex 51 24 4
      vertex 50.4126 24.0385 8.5
      vertex 51 24 8.5
    endloop
  endfacet
  facet normal 0.0654027 0.997859 0
    outer loop
      vertex 50.4126 24.0385 8.5
      vertex 51 24 4
      vertex 50.4126 24.0385 4
    endloop
  endfacet
  facet normal -0.751882 -0.659298 0
    outer loop
      vertex 54.5701 31.2394 3
      vertex 54.182 31.682 8.5
      vertex 54.182 31.682 3
    endloop
  endfacet
  facet normal -0.751882 -0.659298 0
    outer loop
      vertex 54.182 31.682 8.5
      vertex 54.5701 31.2394 3
      vertex 54.5701 31.2394 8.5
    endloop
  endfacet
  facet normal -0.946936 -0.321421 0
    outer loop
      vertex 55.3467 29.6647 3
      vertex 55.1575 30.2221 8.5
      vertex 55.1575 30.2221 3
    endloop
  endfacet
  facet normal -0.946936 -0.321421 0
    outer loop
      vertex 55.1575 30.2221 8.5
      vertex 55.3467 29.6647 3
      vertex 55.3467 29.6647 8.5
    endloop
  endfacet
  facet normal 0.195038 -0.980796 0
    outer loop
      vertex 49.8353 32.8467 3
      vertex 50.4126 32.9615 8.5
      vertex 49.8353 32.8467 8.5
    endloop
  endfacet
  facet normal 0.195038 -0.980796 0
    outer loop
      vertex 50.4126 32.9615 8.5
      vertex 49.8353 32.8467 3
      vertex 50.4126 32.9615 3
    endloop
  endfacet
  facet normal 0.321421 -0.946936 0
    outer loop
      vertex 49.2779 32.6575 3
      vertex 49.8353 32.8467 8.5
      vertex 49.2779 32.6575 8.5
    endloop
  endfacet
  facet normal 0.321421 -0.946936 0
    outer loop
      vertex 49.8353 32.8467 8.5
      vertex 49.2779 32.6575 3
      vertex 49.8353 32.8467 3
    endloop
  endfacet
  facet normal -0.195038 -0.980796 0
    outer loop
      vertex 51.5874 32.9615 3
      vertex 52.1647 32.8467 8.5
      vertex 51.5874 32.9615 8.5
    endloop
  endfacet
  facet normal -0.195038 -0.980796 -0
    outer loop
      vertex 52.1647 32.8467 8.5
      vertex 51.5874 32.9615 3
      vertex 52.1647 32.8467 3
    endloop
  endfacet
  facet normal 0.831475 -0.555562 0
    outer loop
      vertex 47.1029 30.75 8.5
      vertex 47.4299 31.2394 3
      vertex 47.4299 31.2394 8.5
    endloop
  endfacet
  facet normal 0.831475 -0.555562 0
    outer loop
      vertex 47.4299 31.2394 3
      vertex 47.1029 30.75 8.5
      vertex 47.1029 30.75 3
    endloop
  endfacet
  facet normal 0.321421 0.946936 -0
    outer loop
      vertex 49.8353 24.1533 4
      vertex 49.2779 24.3425 8.5
      vertex 49.8353 24.1533 8.5
    endloop
  endfacet
  facet normal 0.321421 0.946936 0
    outer loop
      vertex 49.2779 24.3425 8.5
      vertex 49.8353 24.1533 4
      vertex 49.2779 24.3425 4
    endloop
  endfacet
  facet normal 0.896827 -0.442382 0
    outer loop
      vertex 46.8425 30.2221 8.5
      vertex 47.1029 30.75 3
      vertex 47.1029 30.75 8.5
    endloop
  endfacet
  facet normal 0.896827 -0.442382 0
    outer loop
      vertex 47.1029 30.75 3
      vertex 46.8425 30.2221 8.5
      vertex 46.8425 30.2221 3
    endloop
  endfacet
  facet normal 0.195038 0.980796 -0
    outer loop
      vertex 50.4126 24.0385 4
      vertex 49.8353 24.1533 8.5
      vertex 50.4126 24.0385 8.5
    endloop
  endfacet
  facet normal 0.195038 0.980796 0
    outer loop
      vertex 49.8353 24.1533 8.5
      vertex 50.4126 24.0385 4
      vertex 49.8353 24.1533 4
    endloop
  endfacet
  facet normal 0.659298 0.751882 -0
    outer loop
      vertex 48.2606 24.9299 3
      vertex 47.818 25.318 8.5
      vertex 48.2606 24.9299 8.5
    endloop
  endfacet
  facet normal 0.659298 0.751882 0
    outer loop
      vertex 47.818 25.318 8.5
      vertex 48.2606 24.9299 3
      vertex 47.818 25.318 3
    endloop
  endfacet
  facet normal -0.980796 -0.195038 0
    outer loop
      vertex 29.4615 65.0874 3
      vertex 29.3467 65.6647 8.5
      vertex 29.3467 65.6647 3
    endloop
  endfacet
  facet normal -0.980796 -0.195038 0
    outer loop
      vertex 29.3467 65.6647 8.5
      vertex 29.4615 65.0874 3
      vertex 29.4615 65.0874 8.5
    endloop
  endfacet
  facet normal -0.997859 -0.0654027 0
    outer loop
      vertex 29.5 64.5 3
      vertex 29.4615 65.0874 8.5
      vertex 29.4615 65.0874 3
    endloop
  endfacet
  facet normal -0.997859 -0.0654027 0
    outer loop
      vertex 29.4615 65.0874 8.5
      vertex 29.5 64.5 3
      vertex 29.5 64.5 8.5
    endloop
  endfacet
  facet normal 0.442382 0.896827 -0
    outer loop
      vertex 23.2779 60.3425 3
      vertex 22.75 60.6029 8.5
      vertex 23.2779 60.3425 8.5
    endloop
  endfacet
  facet normal 0.442382 0.896827 0
    outer loop
      vertex 22.75 60.6029 8.5
      vertex 23.2779 60.3425 3
      vertex 22.75 60.6029 3
    endloop
  endfacet
  facet normal -0.659298 -0.751882 0
    outer loop
      vertex 27.7394 68.0701 3
      vertex 28.182 67.682 8.5
      vertex 27.7394 68.0701 8.5
    endloop
  endfacet
  facet normal -0.659298 -0.751882 -0
    outer loop
      vertex 28.182 67.682 8.5
      vertex 27.7394 68.0701 3
      vertex 28.182 67.682 3
    endloop
  endfacet
  facet normal -0.896827 0.442382 0
    outer loop
      vertex 28.8971 62.25 3
      vertex 29.1575 62.7779 8.5
      vertex 29.1575 62.7779 3
    endloop
  endfacet
  facet normal -0.896827 0.442382 0
    outer loop
      vertex 29.1575 62.7779 8.5
      vertex 28.8971 62.25 3
      vertex 28.8971 62.25 8.5
    endloop
  endfacet
  facet normal -0.751882 0.659298 0
    outer loop
      vertex 28.182 61.318 3
      vertex 28.5701 61.7606 8.5
      vertex 28.5701 61.7606 3
    endloop
  endfacet
  facet normal -0.751882 0.659298 0
    outer loop
      vertex 28.5701 61.7606 8.5
      vertex 28.182 61.318 3
      vertex 28.182 61.318 8.5
    endloop
  endfacet
  facet normal -0.0654027 0.997859 0
    outer loop
      vertex 25.5874 60.0385 3
      vertex 25 60 8.5
      vertex 25.5874 60.0385 8.5
    endloop
  endfacet
  facet normal -0.0654027 0.997859 0
    outer loop
      vertex 25 60 8.5
      vertex 25.5874 60.0385 3
      vertex 25 60 3
    endloop
  endfacet
  facet normal 0.946936 -0.321421 0
    outer loop
      vertex 20.6533 65.6647 8.5
      vertex 20.8425 66.2221 3
      vertex 20.8425 66.2221 8.5
    endloop
  endfacet
  facet normal 0.946936 -0.321421 0
    outer loop
      vertex 20.8425 66.2221 3
      vertex 20.6533 65.6647 8.5
      vertex 20.6533 65.6647 3
    endloop
  endfacet
  facet normal 0.555562 -0.831475 0
    outer loop
      vertex 22.2606 68.0701 3
      vertex 22.75 68.3971 8.5
      vertex 22.2606 68.0701 8.5
    endloop
  endfacet
  facet normal 0.555562 -0.831475 0
    outer loop
      vertex 22.75 68.3971 8.5
      vertex 22.2606 68.0701 3
      vertex 22.75 68.3971 3
    endloop
  endfacet
  facet normal 0.997859 0.0654027 0
    outer loop
      vertex 20.5385 63.9126 8.5
      vertex 20.5 64.5 3
      vertex 20.5 64.5 8.5
    endloop
  endfacet
  facet normal 0.997859 0.0654027 0
    outer loop
      vertex 20.5 64.5 3
      vertex 20.5385 63.9126 8.5
      vertex 20.5385 63.9126 3
    endloop
  endfacet
  facet normal -0.321421 0.946936 0
    outer loop
      vertex 26.7221 60.3425 3
      vertex 26.1647 60.1533 8.5
      vertex 26.7221 60.3425 8.5
    endloop
  endfacet
  facet normal -0.321421 0.946936 0
    outer loop
      vertex 26.1647 60.1533 8.5
      vertex 26.7221 60.3425 3
      vertex 26.1647 60.1533 3
    endloop
  endfacet
  facet normal 0.896827 -0.442382 0
    outer loop
      vertex 20.8425 66.2221 8.5
      vertex 21.1029 66.75 3
      vertex 21.1029 66.75 8.5
    endloop
  endfacet
  facet normal 0.896827 -0.442382 0
    outer loop
      vertex 21.1029 66.75 3
      vertex 20.8425 66.2221 8.5
      vertex 20.8425 66.2221 3
    endloop
  endfacet
  facet normal 0.751882 0.659298 0
    outer loop
      vertex 21.818 61.318 8.5
      vertex 21.4299 61.7606 3
      vertex 21.4299 61.7606 8.5
    endloop
  endfacet
  facet normal 0.751882 0.659298 0
    outer loop
      vertex 21.4299 61.7606 3
      vertex 21.818 61.318 8.5
      vertex 21.818 61.318 3
    endloop
  endfacet
  facet normal 0.997859 -0.0654027 0
    outer loop
      vertex 20.5 64.5 8.5
      vertex 20.5385 65.0874 3
      vertex 20.5385 65.0874 8.5
    endloop
  endfacet
  facet normal 0.997859 -0.0654027 0
    outer loop
      vertex 20.5385 65.0874 3
      vertex 20.5 64.5 8.5
      vertex 20.5 64.5 3
    endloop
  endfacet
  facet normal 0.659298 0.751882 -0
    outer loop
      vertex 22.2606 60.9299 3
      vertex 21.818 61.318 8.5
      vertex 22.2606 60.9299 8.5
    endloop
  endfacet
  facet normal 0.659298 0.751882 0
    outer loop
      vertex 21.818 61.318 8.5
      vertex 22.2606 60.9299 3
      vertex 21.818 61.318 3
    endloop
  endfacet
  facet normal -0.195038 -0.980796 0
    outer loop
      vertex 25.5874 68.9615 4
      vertex 26.1647 68.8467 8.5
      vertex 25.5874 68.9615 8.5
    endloop
  endfacet
  facet normal -0.195038 -0.980796 -0
    outer loop
      vertex 26.1647 68.8467 8.5
      vertex 25.5874 68.9615 4
      vertex 26.1647 68.8467 4
    endloop
  endfacet
  facet normal -0.751882 -0.659298 0
    outer loop
      vertex 28.5701 67.2394 3
      vertex 28.182 67.682 8.5
      vertex 28.182 67.682 3
    endloop
  endfacet
  facet normal -0.751882 -0.659298 0
    outer loop
      vertex 28.182 67.682 8.5
      vertex 28.5701 67.2394 3
      vertex 28.5701 67.2394 8.5
    endloop
  endfacet
  facet normal -0.555562 -0.831475 0
    outer loop
      vertex 27.25 68.3971 3
      vertex 27.7394 68.0701 8.5
      vertex 27.25 68.3971 8.5
    endloop
  endfacet
  facet normal -0.555562 -0.831475 -0
    outer loop
      vertex 27.7394 68.0701 8.5
      vertex 27.25 68.3971 3
      vertex 27.7394 68.0701 3
    endloop
  endfacet
  facet normal -0.659298 0.751882 0
    outer loop
      vertex 28.182 61.318 3
      vertex 27.7394 60.9299 8.5
      vertex 28.182 61.318 8.5
    endloop
  endfacet
  facet normal -0.659298 0.751882 0
    outer loop
      vertex 27.7394 60.9299 8.5
      vertex 28.182 61.318 3
      vertex 27.7394 60.9299 3
    endloop
  endfacet
  facet normal -0.896827 -0.442382 0
    outer loop
      vertex 29.1575 66.2221 3
      vertex 28.8971 66.75 8.5
      vertex 28.8971 66.75 3
    endloop
  endfacet
  facet normal -0.896827 -0.442382 0
    outer loop
      vertex 28.8971 66.75 8.5
      vertex 29.1575 66.2221 3
      vertex 29.1575 66.2221 8.5
    endloop
  endfacet
  facet normal -0.997859 0.0654027 0
    outer loop
      vertex 29.4615 63.9126 3
      vertex 29.5 64.5 8.5
      vertex 29.5 64.5 3
    endloop
  endfacet
  facet normal -0.997859 0.0654027 0
    outer loop
      vertex 29.5 64.5 8.5
      vertex 29.4615 63.9126 3
      vertex 29.4615 63.9126 8.5
    endloop
  endfacet
  facet normal 0.442382 -0.896827 -5.5496e-07
    outer loop
      vertex 22.75 68.3971 8.5
      vertex 22.9586 68.5 4
      vertex 23.2779 68.6575 8.5
    endloop
  endfacet
  facet normal 0.442392 -0.896822 0
    outer loop
      vertex 22.75 68.3971 3
      vertex 22.9586 68.5 4
      vertex 22.75 68.3971 8.5
    endloop
  endfacet
  facet normal 0.442392 -0.896822 0
    outer loop
      vertex 22.9586 68.5 4
      vertex 22.75 68.3971 3
      vertex 22.9586 68.5 3
    endloop
  endfacet
  facet normal 0.442376 -0.89683 0
    outer loop
      vertex 23.2779 68.6575 8.5
      vertex 22.9586 68.5 4
      vertex 23.2779 68.6575 4
    endloop
  endfacet
  facet normal -0.442376 -0.89683 0
    outer loop
      vertex 27.0414 68.5 4
      vertex 26.7221 68.6575 8.5
      vertex 26.7221 68.6575 4
    endloop
  endfacet
  facet normal -0.442382 -0.896827 -5.5496e-07
    outer loop
      vertex 26.7221 68.6575 8.5
      vertex 27.0414 68.5 4
      vertex 27.25 68.3971 8.5
    endloop
  endfacet
  facet normal -0.442392 -0.896822 0
    outer loop
      vertex 27.25 68.3971 3
      vertex 27.0414 68.5 4
      vertex 27.0414 68.5 3
    endloop
  endfacet
  facet normal -0.442392 -0.896822 0
    outer loop
      vertex 27.0414 68.5 4
      vertex 27.25 68.3971 3
      vertex 27.25 68.3971 8.5
    endloop
  endfacet
  facet normal 0.195038 -0.980796 0
    outer loop
      vertex 23.8353 68.8467 4
      vertex 24.4126 68.9615 8.5
      vertex 23.8353 68.8467 8.5
    endloop
  endfacet
  facet normal 0.195038 -0.980796 0
    outer loop
      vertex 24.4126 68.9615 8.5
      vertex 23.8353 68.8467 4
      vertex 24.4126 68.9615 4
    endloop
  endfacet
  facet normal 0.0654027 0.997859 -0
    outer loop
      vertex 25 60 3
      vertex 24.4126 60.0385 8.5
      vertex 25 60 8.5
    endloop
  endfacet
  facet normal 0.0654027 0.997859 0
    outer loop
      vertex 24.4126 60.0385 8.5
      vertex 25 60 3
      vertex 24.4126 60.0385 3
    endloop
  endfacet
  facet normal -0.831475 -0.555562 0
    outer loop
      vertex 28.8971 66.75 3
      vertex 28.5701 67.2394 8.5
      vertex 28.5701 67.2394 3
    endloop
  endfacet
  facet normal -0.831475 -0.555562 0
    outer loop
      vertex 28.5701 67.2394 8.5
      vertex 28.8971 66.75 3
      vertex 28.8971 66.75 8.5
    endloop
  endfacet
  facet normal -0.321421 -0.946936 0
    outer loop
      vertex 26.1647 68.8467 4
      vertex 26.7221 68.6575 8.5
      vertex 26.1647 68.8467 8.5
    endloop
  endfacet
  facet normal -0.321421 -0.946936 -0
    outer loop
      vertex 26.7221 68.6575 8.5
      vertex 26.1647 68.8467 4
      vertex 26.7221 68.6575 4
    endloop
  endfacet
  facet normal -0.195038 0.980796 0
    outer loop
      vertex 26.1647 60.1533 3
      vertex 25.5874 60.0385 8.5
      vertex 26.1647 60.1533 8.5
    endloop
  endfacet
  facet normal -0.195038 0.980796 0
    outer loop
      vertex 25.5874 60.0385 8.5
      vertex 26.1647 60.1533 3
      vertex 25.5874 60.0385 3
    endloop
  endfacet
  facet normal 0 0 1
    outer loop
      vertex 29.4615 65.0874 3
      vertex 29.4615 63.9126 3
      vertex 29.5 64.5 3
    endloop
  endfacet
  facet normal 0 0 1
    outer loop
      vertex 29.3467 65.6647 3
      vertex 29.4615 63.9126 3
      vertex 29.4615 65.0874 3
    endloop
  endfacet
  facet normal 0 0 1
    outer loop
      vertex 29.3467 65.6647 3
      vertex 29.3467 63.3353 3
      vertex 29.4615 63.9126 3
    endloop
  endfacet
  facet normal 0 0 1
    outer loop
      vertex 29.1575 66.2221 3
      vertex 29.3467 63.3353 3
      vertex 29.3467 65.6647 3
    endloop
  endfacet
  facet normal 0 0 1
    outer loop
      vertex 29.1575 66.2221 3
      vertex 29.1575 62.7779 3
      vertex 29.3467 63.3353 3
    endloop
  endfacet
  facet normal 0 0 1
    outer loop
      vertex 28.8971 66.75 3
      vertex 29.1575 62.7779 3
      vertex 29.1575 66.2221 3
    endloop
  endfacet
  facet normal 0 0 1
    outer loop
      vertex 28.8971 66.75 3
      vertex 28.8971 62.25 3
      vertex 29.1575 62.7779 3
    endloop
  endfacet
  facet normal 0 0 1
    outer loop
      vertex 28.5701 67.2394 3
      vertex 28.8971 62.25 3
      vertex 28.8971 66.75 3
    endloop
  endfacet
  facet normal 0 0 1
    outer loop
      vertex 28.5701 67.2394 3
      vertex 28.5701 61.7606 3
      vertex 28.8971 62.25 3
    endloop
  endfacet
  facet normal 0 0 1
    outer loop
      vertex 28.182 67.682 3
      vertex 28.5701 61.7606 3
      vertex 28.5701 67.2394 3
    endloop
  endfacet
  facet normal 0 0 1
    outer loop
      vertex 28.182 67.682 3
      vertex 28.182 61.318 3
      vertex 28.5701 61.7606 3
    endloop
  endfacet
  facet normal 0 0 1
    outer loop
      vertex 27.0414 68.5 3
      vertex 28.182 67.682 3
      vertex 27.7394 68.0701 3
    endloop
  endfacet
  facet normal 0 0 1
    outer loop
      vertex 28.182 67.682 3
      vertex 27.0414 68.5 3
      vertex 28.182 61.318 3
    endloop
  endfacet
  facet normal 0 0 1
    outer loop
      vertex 27.0414 68.5 3
      vertex 27.7394 68.0701 3
      vertex 27.25 68.3971 3
    endloop
  endfacet
  facet normal 0 0 1
    outer loop
      vertex 28.182 61.318 3
      vertex 27.0414 68.5 3
      vertex 27.7394 60.9299 3
    endloop
  endfacet
  facet normal 0 0 1
    outer loop
      vertex 27.7394 60.9299 3
      vertex 27.0414 68.5 3
      vertex 27.25 60.6029 3
    endloop
  endfacet
  facet normal 0 0 1
    outer loop
      vertex 27.0414 68.5 3
      vertex 26.7221 60.3425 3
      vertex 27.25 60.6029 3
    endloop
  endfacet
  facet normal 0 0 1
    outer loop
      vertex 27.0414 68.5 3
      vertex 26.1647 60.1533 3
      vertex 26.7221 60.3425 3
    endloop
  endfacet
  facet normal 0 0 1
    outer loop
      vertex 27.0414 68.5 3
      vertex 25.5874 60.0385 3
      vertex 26.1647 60.1533 3
    endloop
  endfacet
  facet normal 0 0 1
    outer loop
      vertex 27.0414 68.5 3
      vertex 25 60 3
      vertex 25.5874 60.0385 3
    endloop
  endfacet
  facet normal 0 0 1
    outer loop
      vertex 27.0414 68.5 3
      vertex 24.4126 60.0385 3
      vertex 25 60 3
    endloop
  endfacet
  facet normal 0 0 1
    outer loop
      vertex 27.0414 68.5 3
      vertex 23.8353 60.1533 3
      vertex 24.4126 60.0385 3
    endloop
  endfacet
  facet normal 0 0 1
    outer loop
      vertex 27.0414 68.5 3
      vertex 23.2779 60.3425 3
      vertex 23.8353 60.1533 3
    endloop
  endfacet
  facet normal -0 0 1
    outer loop
      vertex 22.9586 68.5 3
      vertex 23.2779 60.3425 3
      vertex 27.0414 68.5 3
    endloop
  endfacet
  facet normal 0 0 1
    outer loop
      vertex 22.2606 68.0701 3
      vertex 22.9586 68.5 3
      vertex 22.75 68.3971 3
    endloop
  endfacet
  facet normal 0 0 1
    outer loop
      vertex 22.9586 68.5 3
      vertex 22.75 60.6029 3
      vertex 23.2779 60.3425 3
    endloop
  endfacet
  facet normal 0 0 1
    outer loop
      vertex 21.818 67.682 3
      vertex 22.9586 68.5 3
      vertex 22.2606 68.0701 3
    endloop
  endfacet
  facet normal 0 0 1
    outer loop
      vertex 22.9586 68.5 3
      vertex 22.2606 60.9299 3
      vertex 22.75 60.6029 3
    endloop
  endfacet
  facet normal 0 0 1
    outer loop
      vertex 22.9586 68.5 3
      vertex 21.818 67.682 3
      vertex 22.2606 60.9299 3
    endloop
  endfacet
  facet normal 0 0 1
    outer loop
      vertex 21.818 67.682 3
      vertex 21.818 61.318 3
      vertex 22.2606 60.9299 3
    endloop
  endfacet
  facet normal -0 0 1
    outer loop
      vertex 21.4299 67.2394 3
      vertex 21.818 61.318 3
      vertex 21.818 67.682 3
    endloop
  endfacet
  facet normal 0 0 1
    outer loop
      vertex 21.4299 67.2394 3
      vertex 21.4299 61.7606 3
      vertex 21.818 61.318 3
    endloop
  endfacet
  facet normal -0 0 1
    outer loop
      vertex 21.1029 66.75 3
      vertex 21.4299 61.7606 3
      vertex 21.4299 67.2394 3
    endloop
  endfacet
  facet normal 0 0 1
    outer loop
      vertex 21.1029 66.75 3
      vertex 21.1029 62.25 3
      vertex 21.4299 61.7606 3
    endloop
  endfacet
  facet normal -0 0 1
    outer loop
      vertex 20.8425 66.2221 3
      vertex 21.1029 62.25 3
      vertex 21.1029 66.75 3
    endloop
  endfacet
  facet normal 0 0 1
    outer loop
      vertex 20.8425 66.2221 3
      vertex 20.8425 62.7779 3
      vertex 21.1029 62.25 3
    endloop
  endfacet
  facet normal -0 0 1
    outer loop
      vertex 20.6533 65.6647 3
      vertex 20.8425 62.7779 3
      vertex 20.8425 66.2221 3
    endloop
  endfacet
  facet normal 0 0 1
    outer loop
      vertex 20.6533 65.6647 3
      vertex 20.6533 63.3353 3
      vertex 20.8425 62.7779 3
    endloop
  endfacet
  facet normal -0 0 1
    outer loop
      vertex 20.5385 65.0874 3
      vertex 20.6533 63.3353 3
      vertex 20.6533 65.6647 3
    endloop
  endfacet
  facet normal 0 0 1
    outer loop
      vertex 20.5385 65.0874 3
      vertex 20.5385 63.9126 3
      vertex 20.6533 63.3353 3
    endloop
  endfacet
  facet normal 0 -0 1
    outer loop
      vertex 20.5385 63.9126 3
      vertex 20.5385 65.0874 3
      vertex 20.5 64.5 3
    endloop
  endfacet
  facet normal -0.442382 0.896827 0
    outer loop
      vertex 27.25 60.6029 3
      vertex 26.7221 60.3425 8.5
      vertex 27.25 60.6029 8.5
    endloop
  endfacet
  facet normal -0.442382 0.896827 0
    outer loop
      vertex 26.7221 60.3425 8.5
      vertex 27.25 60.6029 3
      vertex 26.7221 60.3425 3
    endloop
  endfacet
  facet normal 0.321421 -0.946936 0
    outer loop
      vertex 23.2779 68.6575 4
      vertex 23.8353 68.8467 8.5
      vertex 23.2779 68.6575 8.5
    endloop
  endfacet
  facet normal 0.321421 -0.946936 0
    outer loop
      vertex 23.8353 68.8467 8.5
      vertex 23.2779 68.6575 4
      vertex 23.8353 68.8467 4
    endloop
  endfacet
  facet normal 0.751882 -0.659298 0
    outer loop
      vertex 21.4299 67.2394 8.5
      vertex 21.818 67.682 3
      vertex 21.818 67.682 8.5
    endloop
  endfacet
  facet normal 0.751882 -0.659298 0
    outer loop
      vertex 21.818 67.682 3
      vertex 21.4299 67.2394 8.5
      vertex 21.4299 67.2394 3
    endloop
  endfacet
  facet normal 0.896827 0.442382 0
    outer loop
      vertex 21.1029 62.25 8.5
      vertex 20.8425 62.7779 3
      vertex 20.8425 62.7779 8.5
    endloop
  endfacet
  facet normal 0.896827 0.442382 0
    outer loop
      vertex 20.8425 62.7779 3
      vertex 21.1029 62.25 8.5
      vertex 21.1029 62.25 3
    endloop
  endfacet
  facet normal -0.980796 0.195038 0
    outer loop
      vertex 29.3467 63.3353 3
      vertex 29.4615 63.9126 8.5
      vertex 29.4615 63.9126 3
    endloop
  endfacet
  facet normal -0.980796 0.195038 0
    outer loop
      vertex 29.4615 63.9126 8.5
      vertex 29.3467 63.3353 3
      vertex 29.3467 63.3353 8.5
    endloop
  endfacet
  facet normal -0.946936 0.321421 0
    outer loop
      vertex 29.1575 62.7779 3
      vertex 29.3467 63.3353 8.5
      vertex 29.3467 63.3353 3
    endloop
  endfacet
  facet normal -0.946936 0.321421 0
    outer loop
      vertex 29.3467 63.3353 8.5
      vertex 29.1575 62.7779 3
      vertex 29.1575 62.7779 8.5
    endloop
  endfacet
  facet normal 0.659298 -0.751882 0
    outer loop
      vertex 21.818 67.682 3
      vertex 22.2606 68.0701 8.5
      vertex 21.818 67.682 8.5
    endloop
  endfacet
  facet normal 0.659298 -0.751882 0
    outer loop
      vertex 22.2606 68.0701 8.5
      vertex 21.818 67.682 3
      vertex 22.2606 68.0701 3
    endloop
  endfacet
  facet normal 0.831475 0.555562 0
    outer loop
      vertex 21.4299 61.7606 8.5
      vertex 21.1029 62.25 3
      vertex 21.1029 62.25 8.5
    endloop
  endfacet
  facet normal 0.831475 0.555562 0
    outer loop
      vertex 21.1029 62.25 3
      vertex 21.4299 61.7606 8.5
      vertex 21.4299 61.7606 3
    endloop
  endfacet
  facet normal -0.831475 0.555562 0
    outer loop
      vertex 28.5701 61.7606 3
      vertex 28.8971 62.25 8.5
      vertex 28.8971 62.25 3
    endloop
  endfacet
  facet normal -0.831475 0.555562 0
    outer loop
      vertex 28.8971 62.25 8.5
      vertex 28.5701 61.7606 3
      vertex 28.5701 61.7606 8.5
    endloop
  endfacet
  facet normal 0.946936 0.321421 0
    outer loop
      vertex 20.8425 62.7779 8.5
      vertex 20.6533 63.3353 3
      vertex 20.6533 63.3353 8.5
    endloop
  endfacet
  facet normal 0.946936 0.321421 0
    outer loop
      vertex 20.6533 63.3353 3
      vertex 20.8425 62.7779 8.5
      vertex 20.8425 62.7779 3
    endloop
  endfacet
  facet normal 0.555562 0.831475 -0
    outer loop
      vertex 22.75 60.6029 3
      vertex 22.2606 60.9299 8.5
      vertex 22.75 60.6029 8.5
    endloop
  endfacet
  facet normal 0.555562 0.831475 0
    outer loop
      vertex 22.2606 60.9299 8.5
      vertex 22.75 60.6029 3
      vertex 22.2606 60.9299 3
    endloop
  endfacet
  facet normal -0.555562 0.831475 0
    outer loop
      vertex 27.7394 60.9299 3
      vertex 27.25 60.6029 8.5
      vertex 27.7394 60.9299 8.5
    endloop
  endfacet
  facet normal -0.555562 0.831475 0
    outer loop
      vertex 27.25 60.6029 8.5
      vertex 27.7394 60.9299 3
      vertex 27.25 60.6029 3
    endloop
  endfacet
  facet normal -0.946936 -0.321421 0
    outer loop
      vertex 29.3467 65.6647 3
      vertex 29.1575 66.2221 8.5
      vertex 29.1575 66.2221 3
    endloop
  endfacet
  facet normal -0.946936 -0.321421 0
    outer loop
      vertex 29.1575 66.2221 8.5
      vertex 29.3467 65.6647 3
      vertex 29.3467 65.6647 8.5
    endloop
  endfacet
  facet normal 0.980796 -0.195038 0
    outer loop
      vertex 20.5385 65.0874 8.5
      vertex 20.6533 65.6647 3
      vertex 20.6533 65.6647 8.5
    endloop
  endfacet
  facet normal 0.980796 -0.195038 0
    outer loop
      vertex 20.6533 65.6647 3
      vertex 20.5385 65.0874 8.5
      vertex 20.5385 65.0874 3
    endloop
  endfacet
  facet normal 0.0654027 -0.997859 0
    outer loop
      vertex 24.4126 68.9615 4
      vertex 25 69 8.5
      vertex 24.4126 68.9615 8.5
    endloop
  endfacet
  facet normal 0.0654027 -0.997859 0
    outer loop
      vertex 25 69 8.5
      vertex 24.4126 68.9615 4
      vertex 25 69 4
    endloop
  endfacet
  facet normal 0.321421 0.946936 -0
    outer loop
      vertex 23.8353 60.1533 3
      vertex 23.2779 60.3425 8.5
      vertex 23.8353 60.1533 8.5
    endloop
  endfacet
  facet normal 0.321421 0.946936 0
    outer loop
      vertex 23.2779 60.3425 8.5
      vertex 23.8353 60.1533 3
      vertex 23.2779 60.3425 3
    endloop
  endfacet
  facet normal 0.980796 0.195038 0
    outer loop
      vertex 20.6533 63.3353 8.5
      vertex 20.5385 63.9126 3
      vertex 20.5385 63.9126 8.5
    endloop
  endfacet
  facet normal 0.980796 0.195038 0
    outer loop
      vertex 20.5385 63.9126 3
      vertex 20.6533 63.3353 8.5
      vertex 20.6533 63.3353 3
    endloop
  endfacet
  facet normal -0.0654027 -0.997859 0
    outer loop
      vertex 25 69 4
      vertex 25.5874 68.9615 8.5
      vertex 25 69 8.5
    endloop
  endfacet
  facet normal -0.0654027 -0.997859 -0
    outer loop
      vertex 25.5874 68.9615 8.5
      vertex 25 69 4
      vertex 25.5874 68.9615 4
    endloop
  endfacet
  facet normal 0.195038 0.980796 -0
    outer loop
      vertex 24.4126 60.0385 3
      vertex 23.8353 60.1533 8.5
      vertex 24.4126 60.0385 8.5
    endloop
  endfacet
  facet normal 0.195038 0.980796 0
    outer loop
      vertex 23.8353 60.1533 8.5
      vertex 24.4126 60.0385 3
      vertex 23.8353 60.1533 3
    endloop
  endfacet
  facet normal 0.831475 -0.555562 0
    outer loop
      vertex 21.1029 66.75 8.5
      vertex 21.4299 67.2394 3
      vertex 21.4299 67.2394 8.5
    endloop
  endfacet
  facet normal 0.831475 -0.555562 0
    outer loop
      vertex 21.4299 67.2394 3
      vertex 21.1029 66.75 8.5
      vertex 21.1029 66.75 3
    endloop
  endfacet
  facet normal -0.980796 -0.195038 0
    outer loop
      vertex 42.4615 65.0874 3
      vertex 42.3467 65.6647 8.5
      vertex 42.3467 65.6647 3
    endloop
  endfacet
  facet normal -0.980796 -0.195038 0
    outer loop
      vertex 42.3467 65.6647 8.5
      vertex 42.4615 65.0874 3
      vertex 42.4615 65.0874 8.5
    endloop
  endfacet
  facet normal -0.997859 -0.0654027 0
    outer loop
      vertex 42.5 64.5 3
      vertex 42.4615 65.0874 8.5
      vertex 42.4615 65.0874 3
    endloop
  endfacet
  facet normal -0.997859 -0.0654027 0
    outer loop
      vertex 42.4615 65.0874 8.5
      vertex 42.5 64.5 3
      vertex 42.5 64.5 8.5
    endloop
  endfacet
  facet normal -0.980796 0.195038 0
    outer loop
      vertex 42.3467 63.3353 3
      vertex 42.4615 63.9126 8.5
      vertex 42.4615 63.9126 3
    endloop
  endfacet
  facet normal -0.980796 0.195038 0
    outer loop
      vertex 42.4615 63.9126 8.5
      vertex 42.3467 63.3353 3
      vertex 42.3467 63.3353 8.5
    endloop
  endfacet
  facet normal -0.831475 -0.555562 0
    outer loop
      vertex 41.8971 66.75 3
      vertex 41.5701 67.2394 8.5
      vertex 41.5701 67.2394 3
    endloop
  endfacet
  facet normal -0.831475 -0.555562 0
    outer loop
      vertex 41.5701 67.2394 8.5
      vertex 41.8971 66.75 3
      vertex 41.8971 66.75 8.5
    endloop
  endfacet
  facet normal -0.555562 -0.831475 0
    outer loop
      vertex 40.25 68.3971 3
      vertex 40.7394 68.0701 8.5
      vertex 40.25 68.3971 8.5
    endloop
  endfacet
  facet normal -0.555562 -0.831475 -0
    outer loop
      vertex 40.7394 68.0701 8.5
      vertex 40.25 68.3971 3
      vertex 40.7394 68.0701 3
    endloop
  endfacet
  facet normal -0.896827 0.442382 0
    outer loop
      vertex 41.8971 62.25 3
      vertex 42.1575 62.7779 8.5
      vertex 42.1575 62.7779 3
    endloop
  endfacet
  facet normal -0.896827 0.442382 0
    outer loop
      vertex 42.1575 62.7779 8.5
      vertex 41.8971 62.25 3
      vertex 41.8971 62.25 8.5
    endloop
  endfacet
  facet normal -0.997859 0.0654027 0
    outer loop
      vertex 42.4615 63.9126 3
      vertex 42.5 64.5 8.5
      vertex 42.5 64.5 3
    endloop
  endfacet
  facet normal -0.997859 0.0654027 0
    outer loop
      vertex 42.5 64.5 8.5
      vertex 42.4615 63.9126 3
      vertex 42.4615 63.9126 8.5
    endloop
  endfacet
  facet normal -0.321421 -0.946936 0
    outer loop
      vertex 39.1647 68.8467 4
      vertex 39.7221 68.6575 8.5
      vertex 39.1647 68.8467 8.5
    endloop
  endfacet
  facet normal -0.321421 -0.946936 -0
    outer loop
      vertex 39.7221 68.6575 8.5
      vertex 39.1647 68.8467 4
      vertex 39.7221 68.6575 4
    endloop
  endfacet
  facet normal 0.896827 -0.442382 0
    outer loop
      vertex 33.8425 66.2221 8.5
      vertex 34.1029 66.75 3
      vertex 34.1029 66.75 8.5
    endloop
  endfacet
  facet normal 0.896827 -0.442382 0
    outer loop
      vertex 34.1029 66.75 3
      vertex 33.8425 66.2221 8.5
      vertex 33.8425 66.2221 3
    endloop
  endfacet
  facet normal 0.659298 -0.751882 0
    outer loop
      vertex 34.818 67.682 3
      vertex 35.2606 68.0701 8.5
      vertex 34.818 67.682 8.5
    endloop
  endfacet
  facet normal 0.659298 -0.751882 0
    outer loop
      vertex 35.2606 68.0701 8.5
      vertex 34.818 67.682 3
      vertex 35.2606 68.0701 3
    endloop
  endfacet
  facet normal -0.321421 0.946936 0
    outer loop
      vertex 39.7221 60.3425 3
      vertex 39.1647 60.1533 8.5
      vertex 39.7221 60.3425 8.5
    endloop
  endfacet
  facet normal -0.321421 0.946936 0
    outer loop
      vertex 39.1647 60.1533 8.5
      vertex 39.7221 60.3425 3
      vertex 39.1647 60.1533 3
    endloop
  endfacet
  facet normal 0.997859 0.0654027 0
    outer loop
      vertex 33.5385 63.9126 8.5
      vertex 33.5 64.5 3
      vertex 33.5 64.5 8.5
    endloop
  endfacet
  facet normal 0.997859 0.0654027 0
    outer loop
      vertex 33.5 64.5 3
      vertex 33.5385 63.9126 8.5
      vertex 33.5385 63.9126 3
    endloop
  endfacet
  facet normal 0.659298 0.751882 -0
    outer loop
      vertex 35.2606 60.9299 3
      vertex 34.818 61.318 8.5
      vertex 35.2606 60.9299 8.5
    endloop
  endfacet
  facet normal 0.659298 0.751882 0
    outer loop
      vertex 34.818 61.318 8.5
      vertex 35.2606 60.9299 3
      vertex 34.818 61.318 3
    endloop
  endfacet
  facet normal 0.321421 -0.946936 0
    outer loop
      vertex 36.2779 68.6575 4
      vertex 36.8353 68.8467 8.5
      vertex 36.2779 68.6575 8.5
    endloop
  endfacet
  facet normal 0.321421 -0.946936 0
    outer loop
      vertex 36.8353 68.8467 8.5
      vertex 36.2779 68.6575 4
      vertex 36.8353 68.8467 4
    endloop
  endfacet
  facet normal 0.831475 0.555562 0
    outer loop
      vertex 34.4299 61.7606 8.5
      vertex 34.1029 62.25 3
      vertex 34.1029 62.25 8.5
    endloop
  endfacet
  facet normal 0.831475 0.555562 0
    outer loop
      vertex 34.1029 62.25 3
      vertex 34.4299 61.7606 8.5
      vertex 34.4299 61.7606 3
    endloop
  endfacet
  facet normal 0.555562 -0.831475 0
    outer loop
      vertex 35.2606 68.0701 3
      vertex 35.75 68.3971 8.5
      vertex 35.2606 68.0701 8.5
    endloop
  endfacet
  facet normal 0.555562 -0.831475 0
    outer loop
      vertex 35.75 68.3971 8.5
      vertex 35.2606 68.0701 3
      vertex 35.75 68.3971 3
    endloop
  endfacet
  facet normal 0.997859 -0.0654027 0
    outer loop
      vertex 33.5 64.5 8.5
      vertex 33.5385 65.0874 3
      vertex 33.5385 65.0874 8.5
    endloop
  endfacet
  facet normal 0.997859 -0.0654027 0
    outer loop
      vertex 33.5385 65.0874 3
      vertex 33.5 64.5 8.5
      vertex 33.5 64.5 3
    endloop
  endfacet
  facet normal -0.195038 -0.980796 0
    outer loop
      vertex 38.5874 68.9615 4
      vertex 39.1647 68.8467 8.5
      vertex 38.5874 68.9615 8.5
    endloop
  endfacet
  facet normal -0.195038 -0.980796 -0
    outer loop
      vertex 39.1647 68.8467 8.5
      vertex 38.5874 68.9615 4
      vertex 39.1647 68.8467 4
    endloop
  endfacet
  facet normal 0.442382 -0.896827 -5.5496e-07
    outer loop
      vertex 35.75 68.3971 8.5
      vertex 35.9586 68.5 4
      vertex 36.2779 68.6575 8.5
    endloop
  endfacet
  facet normal 0.442392 -0.896822 0
    outer loop
      vertex 35.75 68.3971 3
      vertex 35.9586 68.5 4
      vertex 35.75 68.3971 8.5
    endloop
  endfacet
  facet normal 0.442392 -0.896822 0
    outer loop
      vertex 35.9586 68.5 4
      vertex 35.75 68.3971 3
      vertex 35.9586 68.5 3
    endloop
  endfacet
  facet normal 0.442376 -0.89683 0
    outer loop
      vertex 36.2779 68.6575 8.5
      vertex 35.9586 68.5 4
      vertex 36.2779 68.6575 4
    endloop
  endfacet
  facet normal -0.0654027 0.997859 0
    outer loop
      vertex 38.5874 60.0385 3
      vertex 38 60 8.5
      vertex 38.5874 60.0385 8.5
    endloop
  endfacet
  facet normal -0.0654027 0.997859 0
    outer loop
      vertex 38 60 8.5
      vertex 38.5874 60.0385 3
      vertex 38 60 3
    endloop
  endfacet
  facet normal -0.659298 0.751882 0
    outer loop
      vertex 41.182 61.318 3
      vertex 40.7394 60.9299 8.5
      vertex 41.182 61.318 8.5
    endloop
  endfacet
  facet normal -0.659298 0.751882 0
    outer loop
      vertex 40.7394 60.9299 8.5
      vertex 41.182 61.318 3
      vertex 40.7394 60.9299 3
    endloop
  endfacet
  facet normal 0.946936 0.321421 0
    outer loop
      vertex 33.8425 62.7779 8.5
      vertex 33.6533 63.3353 3
      vertex 33.6533 63.3353 8.5
    endloop
  endfacet
  facet normal 0.946936 0.321421 0
    outer loop
      vertex 33.6533 63.3353 3
      vertex 33.8425 62.7779 8.5
      vertex 33.8425 62.7779 3
    endloop
  endfacet
  facet normal -0.946936 0.321421 0
    outer loop
      vertex 42.1575 62.7779 3
      vertex 42.3467 63.3353 8.5
      vertex 42.3467 63.3353 3
    endloop
  endfacet
  facet normal -0.946936 0.321421 0
    outer loop
      vertex 42.3467 63.3353 8.5
      vertex 42.1575 62.7779 3
      vertex 42.1575 62.7779 8.5
    endloop
  endfacet
  facet normal -0.442376 -0.89683 0
    outer loop
      vertex 40.0414 68.5 4
      vertex 39.7221 68.6575 8.5
      vertex 39.7221 68.6575 4
    endloop
  endfacet
  facet normal -0.442382 -0.896827 -5.5496e-07
    outer loop
      vertex 39.7221 68.6575 8.5
      vertex 40.0414 68.5 4
      vertex 40.25 68.3971 8.5
    endloop
  endfacet
  facet normal -0.442392 -0.896822 0
    outer loop
      vertex 40.25 68.3971 3
      vertex 40.0414 68.5 4
      vertex 40.0414 68.5 3
    endloop
  endfacet
  facet normal -0.442392 -0.896822 0
    outer loop
      vertex 40.0414 68.5 4
      vertex 40.25 68.3971 3
      vertex 40.25 68.3971 8.5
    endloop
  endfacet
  facet normal 0.195038 -0.980796 0
    outer loop
      vertex 36.8353 68.8467 4
      vertex 37.4126 68.9615 8.5
      vertex 36.8353 68.8467 8.5
    endloop
  endfacet
  facet normal 0.195038 -0.980796 0
    outer loop
      vertex 37.4126 68.9615 8.5
      vertex 36.8353 68.8467 4
      vertex 37.4126 68.9615 4
    endloop
  endfacet
  facet normal -0.751882 -0.659298 0
    outer loop
      vertex 41.5701 67.2394 3
      vertex 41.182 67.682 8.5
      vertex 41.182 67.682 3
    endloop
  endfacet
  facet normal -0.751882 -0.659298 0
    outer loop
      vertex 41.182 67.682 8.5
      vertex 41.5701 67.2394 3
      vertex 41.5701 67.2394 8.5
    endloop
  endfacet
  facet normal -0.751882 0.659298 0
    outer loop
      vertex 41.182 61.318 3
      vertex 41.5701 61.7606 8.5
      vertex 41.5701 61.7606 3
    endloop
  endfacet
  facet normal -0.751882 0.659298 0
    outer loop
      vertex 41.5701 61.7606 8.5
      vertex 41.182 61.318 3
      vertex 41.182 61.318 8.5
    endloop
  endfacet
  facet normal 0.442382 0.896827 -0
    outer loop
      vertex 36.2779 60.3425 3
      vertex 35.75 60.6029 8.5
      vertex 36.2779 60.3425 8.5
    endloop
  endfacet
  facet normal 0.442382 0.896827 0
    outer loop
      vertex 35.75 60.6029 8.5
      vertex 36.2779 60.3425 3
      vertex 35.75 60.6029 3
    endloop
  endfacet
  facet normal 0.946936 -0.321421 0
    outer loop
      vertex 33.6533 65.6647 8.5
      vertex 33.8425 66.2221 3
      vertex 33.8425 66.2221 8.5
    endloop
  endfacet
  facet normal 0.946936 -0.321421 0
    outer loop
      vertex 33.8425 66.2221 3
      vertex 33.6533 65.6647 8.5
      vertex 33.6533 65.6647 3
    endloop
  endfacet
  facet normal -0.195038 0.980796 0
    outer loop
      vertex 39.1647 60.1533 3
      vertex 38.5874 60.0385 8.5
      vertex 39.1647 60.1533 8.5
    endloop
  endfacet
  facet normal -0.195038 0.980796 0
    outer loop
      vertex 38.5874 60.0385 8.5
      vertex 39.1647 60.1533 3
      vertex 38.5874 60.0385 3
    endloop
  endfacet
  facet normal -0.442382 0.896827 0
    outer loop
      vertex 40.25 60.6029 3
      vertex 39.7221 60.3425 8.5
      vertex 40.25 60.6029 8.5
    endloop
  endfacet
  facet normal -0.442382 0.896827 0
    outer loop
      vertex 39.7221 60.3425 8.5
      vertex 40.25 60.6029 3
      vertex 39.7221 60.3425 3
    endloop
  endfacet
  facet normal 0 0 1
    outer loop
      vertex 42.4615 65.0874 3
      vertex 42.4615 63.9126 3
      vertex 42.5 64.5 3
    endloop
  endfacet
  facet normal 0 0 1
    outer loop
      vertex 42.3467 65.6647 3
      vertex 42.4615 63.9126 3
      vertex 42.4615 65.0874 3
    endloop
  endfacet
  facet normal 0 0 1
    outer loop
      vertex 42.3467 65.6647 3
      vertex 42.3467 63.3353 3
      vertex 42.4615 63.9126 3
    endloop
  endfacet
  facet normal 0 0 1
    outer loop
      vertex 42.1575 66.2221 3
      vertex 42.3467 63.3353 3
      vertex 42.3467 65.6647 3
    endloop
  endfacet
  facet normal 0 0 1
    outer loop
      vertex 42.1575 66.2221 3
      vertex 42.1575 62.7779 3
      vertex 42.3467 63.3353 3
    endloop
  endfacet
  facet normal 0 0 1
    outer loop
      vertex 41.8971 66.75 3
      vertex 42.1575 62.7779 3
      vertex 42.1575 66.2221 3
    endloop
  endfacet
  facet normal 0 0 1
    outer loop
      vertex 41.8971 66.75 3
      vertex 41.8971 62.25 3
      vertex 42.1575 62.7779 3
    endloop
  endfacet
  facet normal 0 0 1
    outer loop
      vertex 41.5701 67.2394 3
      vertex 41.8971 62.25 3
      vertex 41.8971 66.75 3
    endloop
  endfacet
  facet normal 0 0 1
    outer loop
      vertex 41.5701 67.2394 3
      vertex 41.5701 61.7606 3
      vertex 41.8971 62.25 3
    endloop
  endfacet
  facet normal 0 0 1
    outer loop
      vertex 41.182 67.682 3
      vertex 41.5701 61.7606 3
      vertex 41.5701 67.2394 3
    endloop
  endfacet
  facet normal 0 0 1
    outer loop
      vertex 41.182 67.682 3
      vertex 41.182 61.318 3
      vertex 41.5701 61.7606 3
    endloop
  endfacet
  facet normal 0 0 1
    outer loop
      vertex 40.0414 68.5 3
      vertex 41.182 67.682 3
      vertex 40.7394 68.0701 3
    endloop
  endfacet
  facet normal 0 0 1
    outer loop
      vertex 41.182 67.682 3
      vertex 40.0414 68.5 3
      vertex 41.182 61.318 3
    endloop
  endfacet
  facet normal 0 0 1
    outer loop
      vertex 40.0414 68.5 3
      vertex 40.7394 68.0701 3
      vertex 40.25 68.3971 3
    endloop
  endfacet
  facet normal 0 0 1
    outer loop
      vertex 41.182 61.318 3
      vertex 40.0414 68.5 3
      vertex 40.7394 60.9299 3
    endloop
  endfacet
  facet normal 0 0 1
    outer loop
      vertex 40.7394 60.9299 3
      vertex 40.0414 68.5 3
      vertex 40.25 60.6029 3
    endloop
  endfacet
  facet normal 0 0 1
    outer loop
      vertex 40.0414 68.5 3
      vertex 39.7221 60.3425 3
      vertex 40.25 60.6029 3
    endloop
  endfacet
  facet normal 0 0 1
    outer loop
      vertex 40.0414 68.5 3
      vertex 39.1647 60.1533 3
      vertex 39.7221 60.3425 3
    endloop
  endfacet
  facet normal 0 0 1
    outer loop
      vertex 40.0414 68.5 3
      vertex 38.5874 60.0385 3
      vertex 39.1647 60.1533 3
    endloop
  endfacet
  facet normal 0 0 1
    outer loop
      vertex 40.0414 68.5 3
      vertex 38 60 3
      vertex 38.5874 60.0385 3
    endloop
  endfacet
  facet normal 0 0 1
    outer loop
      vertex 40.0414 68.5 3
      vertex 37.4126 60.0385 3
      vertex 38 60 3
    endloop
  endfacet
  facet normal 0 0 1
    outer loop
      vertex 40.0414 68.5 3
      vertex 36.8353 60.1533 3
      vertex 37.4126 60.0385 3
    endloop
  endfacet
  facet normal 0 0 1
    outer loop
      vertex 40.0414 68.5 3
      vertex 36.2779 60.3425 3
      vertex 36.8353 60.1533 3
    endloop
  endfacet
  facet normal -0 0 1
    outer loop
      vertex 35.9586 68.5 3
      vertex 36.2779 60.3425 3
      vertex 40.0414 68.5 3
    endloop
  endfacet
  facet normal 0 0 1
    outer loop
      vertex 35.2606 68.0701 3
      vertex 35.9586 68.5 3
      vertex 35.75 68.3971 3
    endloop
  endfacet
  facet normal 0 0 1
    outer loop
      vertex 35.9586 68.5 3
      vertex 35.75 60.6029 3
      vertex 36.2779 60.3425 3
    endloop
  endfacet
  facet normal 0 0 1
    outer loop
      vertex 34.818 67.682 3
      vertex 35.9586 68.5 3
      vertex 35.2606 68.0701 3
    endloop
  endfacet
  facet normal 0 0 1
    outer loop
      vertex 35.9586 68.5 3
      vertex 35.2606 60.9299 3
      vertex 35.75 60.6029 3
    endloop
  endfacet
  facet normal 0 0 1
    outer loop
      vertex 35.9586 68.5 3
      vertex 34.818 67.682 3
      vertex 35.2606 60.9299 3
    endloop
  endfacet
  facet normal 0 0 1
    outer loop
      vertex 34.818 67.682 3
      vertex 34.818 61.318 3
      vertex 35.2606 60.9299 3
    endloop
  endfacet
  facet normal -0 0 1
    outer loop
      vertex 34.4299 67.2394 3
      vertex 34.818 61.318 3
      vertex 34.818 67.682 3
    endloop
  endfacet
  facet normal 0 0 1
    outer loop
      vertex 34.4299 67.2394 3
      vertex 34.4299 61.7606 3
      vertex 34.818 61.318 3
    endloop
  endfacet
  facet normal -0 0 1
    outer loop
      vertex 34.1029 66.75 3
      vertex 34.4299 61.7606 3
      vertex 34.4299 67.2394 3
    endloop
  endfacet
  facet normal 0 0 1
    outer loop
      vertex 34.1029 66.75 3
      vertex 34.1029 62.25 3
      vertex 34.4299 61.7606 3
    endloop
  endfacet
  facet normal -0 0 1
    outer loop
      vertex 33.8425 66.2221 3
      vertex 34.1029 62.25 3
      vertex 34.1029 66.75 3
    endloop
  endfacet
  facet normal 0 0 1
    outer loop
      vertex 33.8425 66.2221 3
      vertex 33.8425 62.7779 3
      vertex 34.1029 62.25 3
    endloop
  endfacet
  facet normal -0 0 1
    outer loop
      vertex 33.6533 65.6647 3
      vertex 33.8425 62.7779 3
      vertex 33.8425 66.2221 3
    endloop
  endfacet
  facet normal 0 0 1
    outer loop
      vertex 33.6533 65.6647 3
      vertex 33.6533 63.3353 3
      vertex 33.8425 62.7779 3
    endloop
  endfacet
  facet normal -0 0 1
    outer loop
      vertex 33.5385 65.0874 3
      vertex 33.6533 63.3353 3
      vertex 33.6533 65.6647 3
    endloop
  endfacet
  facet normal 0 0 1
    outer loop
      vertex 33.5385 65.0874 3
      vertex 33.5385 63.9126 3
      vertex 33.6533 63.3353 3
    endloop
  endfacet
  facet normal 0 -0 1
    outer loop
      vertex 33.5385 63.9126 3
      vertex 33.5385 65.0874 3
      vertex 33.5 64.5 3
    endloop
  endfacet
  facet normal 0.751882 -0.659298 0
    outer loop
      vertex 34.4299 67.2394 8.5
      vertex 34.818 67.682 3
      vertex 34.818 67.682 8.5
    endloop
  endfacet
  facet normal 0.751882 -0.659298 0
    outer loop
      vertex 34.818 67.682 3
      vertex 34.4299 67.2394 8.5
      vertex 34.4299 67.2394 3
    endloop
  endfacet
  facet normal -0.659298 -0.751882 0
    outer loop
      vertex 40.7394 68.0701 3
      vertex 41.182 67.682 8.5
      vertex 40.7394 68.0701 8.5
    endloop
  endfacet
  facet normal -0.659298 -0.751882 -0
    outer loop
      vertex 41.182 67.682 8.5
      vertex 40.7394 68.0701 3
      vertex 41.182 67.682 3
    endloop
  endfacet
  facet normal 0.896827 0.442382 0
    outer loop
      vertex 34.1029 62.25 8.5
      vertex 33.8425 62.7779 3
      vertex 33.8425 62.7779 8.5
    endloop
  endfacet
  facet normal 0.896827 0.442382 0
    outer loop
      vertex 33.8425 62.7779 3
      vertex 34.1029 62.25 8.5
      vertex 34.1029 62.25 3
    endloop
  endfacet
  facet normal -0.831475 0.555562 0
    outer loop
      vertex 41.5701 61.7606 3
      vertex 41.8971 62.25 8.5
      vertex 41.8971 62.25 3
    endloop
  endfacet
  facet normal -0.831475 0.555562 0
    outer loop
      vertex 41.8971 62.25 8.5
      vertex 41.5701 61.7606 3
      vertex 41.5701 61.7606 8.5
    endloop
  endfacet
  facet normal -0.896827 -0.442382 0
    outer loop
      vertex 42.1575 66.2221 3
      vertex 41.8971 66.75 8.5
      vertex 41.8971 66.75 3
    endloop
  endfacet
  facet normal -0.896827 -0.442382 0
    outer loop
      vertex 41.8971 66.75 8.5
      vertex 42.1575 66.2221 3
      vertex 42.1575 66.2221 8.5
    endloop
  endfacet
  facet normal 0.0654027 0.997859 -0
    outer loop
      vertex 38 60 3
      vertex 37.4126 60.0385 8.5
      vertex 38 60 8.5
    endloop
  endfacet
  facet normal 0.0654027 0.997859 0
    outer loop
      vertex 37.4126 60.0385 8.5
      vertex 38 60 3
      vertex 37.4126 60.0385 3
    endloop
  endfacet
  facet normal -0.0654027 -0.997859 0
    outer loop
      vertex 38 69 4
      vertex 38.5874 68.9615 8.5
      vertex 38 69 8.5
    endloop
  endfacet
  facet normal -0.0654027 -0.997859 -0
    outer loop
      vertex 38.5874 68.9615 8.5
      vertex 38 69 4
      vertex 38.5874 68.9615 4
    endloop
  endfacet
  facet normal 0.555562 0.831475 -0
    outer loop
      vertex 35.75 60.6029 3
      vertex 35.2606 60.9299 8.5
      vertex 35.75 60.6029 8.5
    endloop
  endfacet
  facet normal 0.555562 0.831475 0
    outer loop
      vertex 35.2606 60.9299 8.5
      vertex 35.75 60.6029 3
      vertex 35.2606 60.9299 3
    endloop
  endfacet
  facet normal -0.555562 0.831475 0
    outer loop
      vertex 40.7394 60.9299 3
      vertex 40.25 60.6029 8.5
      vertex 40.7394 60.9299 8.5
    endloop
  endfacet
  facet normal -0.555562 0.831475 0
    outer loop
      vertex 40.25 60.6029 8.5
      vertex 40.7394 60.9299 3
      vertex 40.25 60.6029 3
    endloop
  endfacet
  facet normal -0.946936 -0.321421 0
    outer loop
      vertex 42.3467 65.6647 3
      vertex 42.1575 66.2221 8.5
      vertex 42.1575 66.2221 3
    endloop
  endfacet
  facet normal -0.946936 -0.321421 0
    outer loop
      vertex 42.1575 66.2221 8.5
      vertex 42.3467 65.6647 3
      vertex 42.3467 65.6647 8.5
    endloop
  endfacet
  facet normal 0.980796 -0.195038 0
    outer loop
      vertex 33.5385 65.0874 8.5
      vertex 33.6533 65.6647 3
      vertex 33.6533 65.6647 8.5
    endloop
  endfacet
  facet normal 0.980796 -0.195038 0
    outer loop
      vertex 33.6533 65.6647 3
      vertex 33.5385 65.0874 8.5
      vertex 33.5385 65.0874 3
    endloop
  endfacet
  facet normal 0.0654027 -0.997859 0
    outer loop
      vertex 37.4126 68.9615 4
      vertex 38 69 8.5
      vertex 37.4126 68.9615 8.5
    endloop
  endfacet
  facet normal 0.0654027 -0.997859 0
    outer loop
      vertex 38 69 8.5
      vertex 37.4126 68.9615 4
      vertex 38 69 4
    endloop
  endfacet
  facet normal 0.321421 0.946936 -0
    outer loop
      vertex 36.8353 60.1533 3
      vertex 36.2779 60.3425 8.5
      vertex 36.8353 60.1533 8.5
    endloop
  endfacet
  facet normal 0.321421 0.946936 0
    outer loop
      vertex 36.2779 60.3425 8.5
      vertex 36.8353 60.1533 3
      vertex 36.2779 60.3425 3
    endloop
  endfacet
  facet normal 0.980796 0.195038 0
    outer loop
      vertex 33.6533 63.3353 8.5
      vertex 33.5385 63.9126 3
      vertex 33.5385 63.9126 8.5
    endloop
  endfacet
  facet normal 0.980796 0.195038 0
    outer loop
      vertex 33.5385 63.9126 3
      vertex 33.6533 63.3353 8.5
      vertex 33.6533 63.3353 3
    endloop
  endfacet
  facet normal 0.751882 0.659298 0
    outer loop
      vertex 34.818 61.318 8.5
      vertex 34.4299 61.7606 3
      vertex 34.4299 61.7606 8.5
    endloop
  endfacet
  facet normal 0.751882 0.659298 0
    outer loop
      vertex 34.4299 61.7606 3
      vertex 34.818 61.318 8.5
      vertex 34.818 61.318 3
    endloop
  endfacet
  facet normal 0.195038 0.980796 -0
    outer loop
      vertex 37.4126 60.0385 3
      vertex 36.8353 60.1533 8.5
      vertex 37.4126 60.0385 8.5
    endloop
  endfacet
  facet normal 0.195038 0.980796 0
    outer loop
      vertex 36.8353 60.1533 8.5
      vertex 37.4126 60.0385 3
      vertex 36.8353 60.1533 3
    endloop
  endfacet
  facet normal 0.831475 -0.555562 0
    outer loop
      vertex 34.1029 66.75 8.5
      vertex 34.4299 67.2394 3
      vertex 34.4299 67.2394 8.5
    endloop
  endfacet
  facet normal 0.831475 -0.555562 0
    outer loop
      vertex 34.4299 67.2394 3
      vertex 34.1029 66.75 8.5
      vertex 34.1029 66.75 3
    endloop
  endfacet
  facet normal -0.980796 -0.195038 0
    outer loop
      vertex 55.4615 65.0874 3
      vertex 55.3467 65.6647 8.5
      vertex 55.3467 65.6647 3
    endloop
  endfacet
  facet normal -0.980796 -0.195038 0
    outer loop
      vertex 55.3467 65.6647 8.5
      vertex 55.4615 65.0874 3
      vertex 55.4615 65.0874 8.5
    endloop
  endfacet
  facet normal -0.997859 -0.0654027 0
    outer loop
      vertex 55.5 64.5 3
      vertex 55.4615 65.0874 8.5
      vertex 55.4615 65.0874 3
    endloop
  endfacet
  facet normal -0.997859 -0.0654027 0
    outer loop
      vertex 55.4615 65.0874 8.5
      vertex 55.5 64.5 3
      vertex 55.5 64.5 8.5
    endloop
  endfacet
  facet normal 0.442382 0.896827 -0
    outer loop
      vertex 49.2779 60.3425 3
      vertex 48.75 60.6029 8.5
      vertex 49.2779 60.3425 8.5
    endloop
  endfacet
  facet normal 0.442382 0.896827 0
    outer loop
      vertex 48.75 60.6029 8.5
      vertex 49.2779 60.3425 3
      vertex 48.75 60.6029 3
    endloop
  endfacet
  facet normal -0.980796 0.195038 0
    outer loop
      vertex 55.3467 63.3353 3
      vertex 55.4615 63.9126 8.5
      vertex 55.4615 63.9126 3
    endloop
  endfacet
  facet normal -0.980796 0.195038 0
    outer loop
      vertex 55.4615 63.9126 8.5
      vertex 55.3467 63.3353 3
      vertex 55.3467 63.3353 8.5
    endloop
  endfacet
  facet normal -0.442376 -0.89683 0
    outer loop
      vertex 53.0414 68.5 4
      vertex 52.7221 68.6575 8.5
      vertex 52.7221 68.6575 4
    endloop
  endfacet
  facet normal -0.442382 -0.896827 -5.5496e-07
    outer loop
      vertex 52.7221 68.6575 8.5
      vertex 53.0414 68.5 4
      vertex 53.25 68.3971 8.5
    endloop
  endfacet
  facet normal -0.442392 -0.896822 0
    outer loop
      vertex 53.25 68.3971 3
      vertex 53.0414 68.5 4
      vertex 53.0414 68.5 3
    endloop
  endfacet
  facet normal -0.442392 -0.896822 0
    outer loop
      vertex 53.0414 68.5 4
      vertex 53.25 68.3971 3
      vertex 53.25 68.3971 8.5
    endloop
  endfacet
  facet normal 0.997859 -0.0654027 0
    outer loop
      vertex 46.5 64.5 8.5
      vertex 46.5385 65.0874 3
      vertex 46.5385 65.0874 8.5
    endloop
  endfacet
  facet normal 0.997859 -0.0654027 0
    outer loop
      vertex 46.5385 65.0874 3
      vertex 46.5 64.5 8.5
      vertex 46.5 64.5 3
    endloop
  endfacet
  facet normal -0.442382 0.896827 0
    outer loop
      vertex 53.25 60.6029 3
      vertex 52.7221 60.3425 8.5
      vertex 53.25 60.6029 8.5
    endloop
  endfacet
  facet normal -0.442382 0.896827 0
    outer loop
      vertex 52.7221 60.3425 8.5
      vertex 53.25 60.6029 3
      vertex 52.7221 60.3425 3
    endloop
  endfacet
  facet normal 0.896827 0.442382 0
    outer loop
      vertex 47.1029 62.25 8.5
      vertex 46.8425 62.7779 3
      vertex 46.8425 62.7779 8.5
    endloop
  endfacet
  facet normal 0.896827 0.442382 0
    outer loop
      vertex 46.8425 62.7779 3
      vertex 47.1029 62.25 8.5
      vertex 47.1029 62.25 3
    endloop
  endfacet
  facet normal -0.321421 -0.946936 0
    outer loop
      vertex 52.1647 68.8467 4
      vertex 52.7221 68.6575 8.5
      vertex 52.1647 68.8467 8.5
    endloop
  endfacet
  facet normal -0.321421 -0.946936 -0
    outer loop
      vertex 52.7221 68.6575 8.5
      vertex 52.1647 68.8467 4
      vertex 52.7221 68.6575 4
    endloop
  endfacet
  facet normal -0.946936 0.321421 0
    outer loop
      vertex 55.1575 62.7779 3
      vertex 55.3467 63.3353 8.5
      vertex 55.3467 63.3353 3
    endloop
  endfacet
  facet normal -0.946936 0.321421 0
    outer loop
      vertex 55.3467 63.3353 8.5
      vertex 55.1575 62.7779 3
      vertex 55.1575 62.7779 8.5
    endloop
  endfacet
  facet normal -0.896827 -0.442382 0
    outer loop
      vertex 55.1575 66.2221 3
      vertex 54.8971 66.75 8.5
      vertex 54.8971 66.75 3
    endloop
  endfacet
  facet normal -0.896827 -0.442382 0
    outer loop
      vertex 54.8971 66.75 8.5
      vertex 55.1575 66.2221 3
      vertex 55.1575 66.2221 8.5
    endloop
  endfacet
  facet normal -0.659298 0.751882 0
    outer loop
      vertex 54.182 61.318 3
      vertex 53.7394 60.9299 8.5
      vertex 54.182 61.318 8.5
    endloop
  endfacet
  facet normal -0.659298 0.751882 0
    outer loop
      vertex 53.7394 60.9299 8.5
      vertex 54.182 61.318 3
      vertex 53.7394 60.9299 3
    endloop
  endfacet
  facet normal -0.659298 -0.751882 0
    outer loop
      vertex 53.7394 68.0701 3
      vertex 54.182 67.682 8.5
      vertex 53.7394 68.0701 8.5
    endloop
  endfacet
  facet normal -0.659298 -0.751882 -0
    outer loop
      vertex 54.182 67.682 8.5
      vertex 53.7394 68.0701 3
      vertex 54.182 67.682 3
    endloop
  endfacet
  facet normal 0.0654027 -0.997859 0
    outer loop
      vertex 50.4126 68.9615 4
      vertex 51 69 8.5
      vertex 50.4126 68.9615 8.5
    endloop
  endfacet
  facet normal 0.0654027 -0.997859 0
    outer loop
      vertex 51 69 8.5
      vertex 50.4126 68.9615 4
      vertex 51 69 4
    endloop
  endfacet
  facet normal -0.997859 0.0654027 0
    outer loop
      vertex 55.4615 63.9126 3
      vertex 55.5 64.5 8.5
      vertex 55.5 64.5 3
    endloop
  endfacet
  facet normal -0.997859 0.0654027 0
    outer loop
      vertex 55.5 64.5 8.5
      vertex 55.4615 63.9126 3
      vertex 55.4615 63.9126 8.5
    endloop
  endfacet
  facet normal -0.831475 0.555562 0
    outer loop
      vertex 54.5701 61.7606 3
      vertex 54.8971 62.25 8.5
      vertex 54.8971 62.25 3
    endloop
  endfacet
  facet normal -0.831475 0.555562 0
    outer loop
      vertex 54.8971 62.25 8.5
      vertex 54.5701 61.7606 3
      vertex 54.5701 61.7606 8.5
    endloop
  endfacet
  facet normal 0.946936 0.321421 0
    outer loop
      vertex 46.8425 62.7779 8.5
      vertex 46.6533 63.3353 3
      vertex 46.6533 63.3353 8.5
    endloop
  endfacet
  facet normal 0.946936 0.321421 0
    outer loop
      vertex 46.6533 63.3353 3
      vertex 46.8425 62.7779 8.5
      vertex 46.8425 62.7779 3
    endloop
  endfacet
  facet normal 0.659298 -0.751882 0
    outer loop
      vertex 47.818 67.682 3
      vertex 48.2606 68.0701 8.5
      vertex 47.818 67.682 8.5
    endloop
  endfacet
  facet normal 0.659298 -0.751882 0
    outer loop
      vertex 48.2606 68.0701 8.5
      vertex 47.818 67.682 3
      vertex 48.2606 68.0701 3
    endloop
  endfacet
  facet normal 0.946936 -0.321421 0
    outer loop
      vertex 46.6533 65.6647 8.5
      vertex 46.8425 66.2221 3
      vertex 46.8425 66.2221 8.5
    endloop
  endfacet
  facet normal 0.946936 -0.321421 0
    outer loop
      vertex 46.8425 66.2221 3
      vertex 46.6533 65.6647 8.5
      vertex 46.6533 65.6647 3
    endloop
  endfacet
  facet normal 0.997859 0.0654027 0
    outer loop
      vertex 46.5385 63.9126 8.5
      vertex 46.5 64.5 3
      vertex 46.5 64.5 8.5
    endloop
  endfacet
  facet normal 0.997859 0.0654027 0
    outer loop
      vertex 46.5 64.5 3
      vertex 46.5385 63.9126 8.5
      vertex 46.5385 63.9126 3
    endloop
  endfacet
  facet normal -0.0654027 -0.997859 0
    outer loop
      vertex 51 69 4
      vertex 51.5874 68.9615 8.5
      vertex 51 69 8.5
    endloop
  endfacet
  facet normal -0.0654027 -0.997859 -0
    outer loop
      vertex 51.5874 68.9615 8.5
      vertex 51 69 4
      vertex 51.5874 68.9615 4
    endloop
  endfacet
  facet normal -0.321421 0.946936 0
    outer loop
      vertex 52.7221 60.3425 3
      vertex 52.1647 60.1533 8.5
      vertex 52.7221 60.3425 8.5
    endloop
  endfacet
  facet normal -0.321421 0.946936 0
    outer loop
      vertex 52.1647 60.1533 8.5
      vertex 52.7221 60.3425 3
      vertex 52.1647 60.1533 3
    endloop
  endfacet
  facet normal 0.980796 -0.195038 0
    outer loop
      vertex 46.5385 65.0874 8.5
      vertex 46.6533 65.6647 3
      vertex 46.6533 65.6647 8.5
    endloop
  endfacet
  facet normal 0.980796 -0.195038 0
    outer loop
      vertex 46.6533 65.6647 3
      vertex 46.5385 65.0874 8.5
      vertex 46.5385 65.0874 3
    endloop
  endfacet
  facet normal 0.751882 0.659298 0
    outer loop
      vertex 47.818 61.318 8.5
      vertex 47.4299 61.7606 3
      vertex 47.4299 61.7606 8.5
    endloop
  endfacet
  facet normal 0.751882 0.659298 0
    outer loop
      vertex 47.4299 61.7606 3
      vertex 47.818 61.318 8.5
      vertex 47.818 61.318 3
    endloop
  endfacet
  facet normal -0.555562 0.831475 0
    outer loop
      vertex 53.7394 60.9299 3
      vertex 53.25 60.6029 8.5
      vertex 53.7394 60.9299 8.5
    endloop
  endfacet
  facet normal -0.555562 0.831475 0
    outer loop
      vertex 53.25 60.6029 8.5
      vertex 53.7394 60.9299 3
      vertex 53.25 60.6029 3
    endloop
  endfacet
  facet normal 0.751882 -0.659298 0
    outer loop
      vertex 47.4299 67.2394 8.5
      vertex 47.818 67.682 3
      vertex 47.818 67.682 8.5
    endloop
  endfacet
  facet normal 0.751882 -0.659298 0
    outer loop
      vertex 47.818 67.682 3
      vertex 47.4299 67.2394 8.5
      vertex 47.4299 67.2394 3
    endloop
  endfacet
  facet normal 0.555562 0.831475 -0
    outer loop
      vertex 48.75 60.6029 3
      vertex 48.2606 60.9299 8.5
      vertex 48.75 60.6029 8.5
    endloop
  endfacet
  facet normal 0.555562 0.831475 0
    outer loop
      vertex 48.2606 60.9299 8.5
      vertex 48.75 60.6029 3
      vertex 48.2606 60.9299 3
    endloop
  endfacet
  facet normal -0.751882 0.659298 0
    outer loop
      vertex 54.182 61.318 3
      vertex 54.5701 61.7606 8.5
      vertex 54.5701 61.7606 3
    endloop
  endfacet
  facet normal -0.751882 0.659298 0
    outer loop
      vertex 54.5701 61.7606 8.5
      vertex 54.182 61.318 3
      vertex 54.182 61.318 8.5
    endloop
  endfacet
  facet normal -0.831475 -0.555562 0
    outer loop
      vertex 54.8971 66.75 3
      vertex 54.5701 67.2394 8.5
      vertex 54.5701 67.2394 3
    endloop
  endfacet
  facet normal -0.831475 -0.555562 0
    outer loop
      vertex 54.5701 67.2394 8.5
      vertex 54.8971 66.75 3
      vertex 54.8971 66.75 8.5
    endloop
  endfacet
  facet normal -0.195038 0.980796 0
    outer loop
      vertex 52.1647 60.1533 3
      vertex 51.5874 60.0385 8.5
      vertex 52.1647 60.1533 8.5
    endloop
  endfacet
  facet normal -0.195038 0.980796 0
    outer loop
      vertex 51.5874 60.0385 8.5
      vertex 52.1647 60.1533 3
      vertex 51.5874 60.0385 3
    endloop
  endfacet
  facet normal 0 0 1
    outer loop
      vertex 55.4615 65.0874 3
      vertex 55.4615 63.9126 3
      vertex 55.5 64.5 3
    endloop
  endfacet
  facet normal 0 0 1
    outer loop
      vertex 55.3467 65.6647 3
      vertex 55.4615 63.9126 3
      vertex 55.4615 65.0874 3
    endloop
  endfacet
  facet normal 0 0 1
    outer loop
      vertex 55.3467 65.6647 3
      vertex 55.3467 63.3353 3
      vertex 55.4615 63.9126 3
    endloop
  endfacet
  facet normal 0 0 1
    outer loop
      vertex 55.1575 66.2221 3
      vertex 55.3467 63.3353 3
      vertex 55.3467 65.6647 3
    endloop
  endfacet
  facet normal 0 0 1
    outer loop
      vertex 55.1575 66.2221 3
      vertex 55.1575 62.7779 3
      vertex 55.3467 63.3353 3
    endloop
  endfacet
  facet normal 0 0 1
    outer loop
      vertex 54.8971 66.75 3
      vertex 55.1575 62.7779 3
      vertex 55.1575 66.2221 3
    endloop
  endfacet
  facet normal 0 0 1
    outer loop
      vertex 54.8971 66.75 3
      vertex 54.8971 62.25 3
      vertex 55.1575 62.7779 3
    endloop
  endfacet
  facet normal 0 0 1
    outer loop
      vertex 54.5701 67.2394 3
      vertex 54.8971 62.25 3
      vertex 54.8971 66.75 3
    endloop
  endfacet
  facet normal 0 0 1
    outer loop
      vertex 54.5701 67.2394 3
      vertex 54.5701 61.7606 3
      vertex 54.8971 62.25 3
    endloop
  endfacet
  facet normal 0 0 1
    outer loop
      vertex 54.182 67.682 3
      vertex 54.5701 61.7606 3
      vertex 54.5701 67.2394 3
    endloop
  endfacet
  facet normal 0 0 1
    outer loop
      vertex 54.182 67.682 3
      vertex 54.182 61.318 3
      vertex 54.5701 61.7606 3
    endloop
  endfacet
  facet normal 0 0 1
    outer loop
      vertex 53.0414 68.5 3
      vertex 54.182 67.682 3
      vertex 53.7394 68.0701 3
    endloop
  endfacet
  facet normal 0 0 1
    outer loop
      vertex 54.182 67.682 3
      vertex 53.0414 68.5 3
      vertex 54.182 61.318 3
    endloop
  endfacet
  facet normal 0 0 1
    outer loop
      vertex 53.0414 68.5 3
      vertex 53.7394 68.0701 3
      vertex 53.25 68.3971 3
    endloop
  endfacet
  facet normal 0 0 1
    outer loop
      vertex 54.182 61.318 3
      vertex 53.0414 68.5 3
      vertex 53.7394 60.9299 3
    endloop
  endfacet
  facet normal 0 0 1
    outer loop
      vertex 53.7394 60.9299 3
      vertex 53.0414 68.5 3
      vertex 53.25 60.6029 3
    endloop
  endfacet
  facet normal 0 0 1
    outer loop
      vertex 53.0414 68.5 3
      vertex 52.7221 60.3425 3
      vertex 53.25 60.6029 3
    endloop
  endfacet
  facet normal 0 0 1
    outer loop
      vertex 53.0414 68.5 3
      vertex 52.1647 60.1533 3
      vertex 52.7221 60.3425 3
    endloop
  endfacet
  facet normal 0 0 1
    outer loop
      vertex 53.0414 68.5 3
      vertex 51.5874 60.0385 3
      vertex 52.1647 60.1533 3
    endloop
  endfacet
  facet normal 0 0 1
    outer loop
      vertex 53.0414 68.5 3
      vertex 51 60 3
      vertex 51.5874 60.0385 3
    endloop
  endfacet
  facet normal 0 0 1
    outer loop
      vertex 53.0414 68.5 3
      vertex 50.4126 60.0385 3
      vertex 51 60 3
    endloop
  endfacet
  facet normal 0 0 1
    outer loop
      vertex 53.0414 68.5 3
      vertex 49.8353 60.1533 3
      vertex 50.4126 60.0385 3
    endloop
  endfacet
  facet normal 0 0 1
    outer loop
      vertex 53.0414 68.5 3
      vertex 49.2779 60.3425 3
      vertex 49.8353 60.1533 3
    endloop
  endfacet
  facet normal -0 0 1
    outer loop
      vertex 48.9586 68.5 3
      vertex 49.2779 60.3425 3
      vertex 53.0414 68.5 3
    endloop
  endfacet
  facet normal 0 0 1
    outer loop
      vertex 48.2606 68.0701 3
      vertex 48.9586 68.5 3
      vertex 48.75 68.3971 3
    endloop
  endfacet
  facet normal 0 0 1
    outer loop
      vertex 48.9586 68.5 3
      vertex 48.75 60.6029 3
      vertex 49.2779 60.3425 3
    endloop
  endfacet
  facet normal 0 0 1
    outer loop
      vertex 47.818 67.682 3
      vertex 48.9586 68.5 3
      vertex 48.2606 68.0701 3
    endloop
  endfacet
  facet normal 0 0 1
    outer loop
      vertex 48.9586 68.5 3
      vertex 48.2606 60.9299 3
      vertex 48.75 60.6029 3
    endloop
  endfacet
  facet normal 0 0 1
    outer loop
      vertex 48.9586 68.5 3
      vertex 47.818 67.682 3
      vertex 48.2606 60.9299 3
    endloop
  endfacet
  facet normal 0 0 1
    outer loop
      vertex 47.818 67.682 3
      vertex 47.818 61.318 3
      vertex 48.2606 60.9299 3
    endloop
  endfacet
  facet normal -0 0 1
    outer loop
      vertex 47.4299 67.2394 3
      vertex 47.818 61.318 3
      vertex 47.818 67.682 3
    endloop
  endfacet
  facet normal 0 0 1
    outer loop
      vertex 47.4299 67.2394 3
      vertex 47.4299 61.7606 3
      vertex 47.818 61.318 3
    endloop
  endfacet
  facet normal -0 0 1
    outer loop
      vertex 47.1029 66.75 3
      vertex 47.4299 61.7606 3
      vertex 47.4299 67.2394 3
    endloop
  endfacet
  facet normal 0 0 1
    outer loop
      vertex 47.1029 66.75 3
      vertex 47.1029 62.25 3
      vertex 47.4299 61.7606 3
    endloop
  endfacet
  facet normal -0 0 1
    outer loop
      vertex 46.8425 66.2221 3
      vertex 47.1029 62.25 3
      vertex 47.1029 66.75 3
    endloop
  endfacet
  facet normal 0 0 1
    outer loop
      vertex 46.8425 66.2221 3
      vertex 46.8425 62.7779 3
      vertex 47.1029 62.25 3
    endloop
  endfacet
  facet normal -0 0 1
    outer loop
      vertex 46.6533 65.6647 3
      vertex 46.8425 62.7779 3
      vertex 46.8425 66.2221 3
    endloop
  endfacet
  facet normal 0 0 1
    outer loop
      vertex 46.6533 65.6647 3
      vertex 46.6533 63.3353 3
      vertex 46.8425 62.7779 3
    endloop
  endfacet
  facet normal -0 0 1
    outer loop
      vertex 46.5385 65.0874 3
      vertex 46.6533 63.3353 3
      vertex 46.6533 65.6647 3
    endloop
  endfacet
  facet normal 0 0 1
    outer loop
      vertex 46.5385 65.0874 3
      vertex 46.5385 63.9126 3
      vertex 46.6533 63.3353 3
    endloop
  endfacet
  facet normal 0 -0 1
    outer loop
      vertex 46.5385 63.9126 3
      vertex 46.5385 65.0874 3
      vertex 46.5 64.5 3
    endloop
  endfacet
  facet normal -0.555562 -0.831475 0
    outer loop
      vertex 53.25 68.3971 3
      vertex 53.7394 68.0701 8.5
      vertex 53.25 68.3971 8.5
    endloop
  endfacet
  facet normal -0.555562 -0.831475 -0
    outer loop
      vertex 53.7394 68.0701 8.5
      vertex 53.25 68.3971 3
      vertex 53.7394 68.0701 3
    endloop
  endfacet
  facet normal 0.831475 0.555562 0
    outer loop
      vertex 47.4299 61.7606 8.5
      vertex 47.1029 62.25 3
      vertex 47.1029 62.25 8.5
    endloop
  endfacet
  facet normal 0.831475 0.555562 0
    outer loop
      vertex 47.1029 62.25 3
      vertex 47.4299 61.7606 8.5
      vertex 47.4299 61.7606 3
    endloop
  endfacet
  facet normal 0.555562 -0.831475 0
    outer loop
      vertex 48.2606 68.0701 3
      vertex 48.75 68.3971 8.5
      vertex 48.2606 68.0701 8.5
    endloop
  endfacet
  facet normal 0.555562 -0.831475 0
    outer loop
      vertex 48.75 68.3971 8.5
      vertex 48.2606 68.0701 3
      vertex 48.75 68.3971 3
    endloop
  endfacet
  facet normal 0.442382 -0.896827 -5.5496e-07
    outer loop
      vertex 48.75 68.3971 8.5
      vertex 48.9586 68.5 4
      vertex 49.2779 68.6575 8.5
    endloop
  endfacet
  facet normal 0.442392 -0.896822 0
    outer loop
      vertex 48.75 68.3971 3
      vertex 48.9586 68.5 4
      vertex 48.75 68.3971 8.5
    endloop
  endfacet
  facet normal 0.442392 -0.896822 0
    outer loop
      vertex 48.9586 68.5 4
      vertex 48.75 68.3971 3
      vertex 48.9586 68.5 3
    endloop
  endfacet
  facet normal 0.442376 -0.89683 0
    outer loop
      vertex 49.2779 68.6575 8.5
      vertex 48.9586 68.5 4
      vertex 49.2779 68.6575 4
    endloop
  endfacet
  facet normal -0.896827 0.442382 0
    outer loop
      vertex 54.8971 62.25 3
      vertex 55.1575 62.7779 8.5
      vertex 55.1575 62.7779 3
    endloop
  endfacet
  facet normal -0.896827 0.442382 0
    outer loop
      vertex 55.1575 62.7779 8.5
      vertex 54.8971 62.25 3
      vertex 54.8971 62.25 8.5
    endloop
  endfacet
  facet normal -0.0654027 0.997859 0
    outer loop
      vertex 51.5874 60.0385 3
      vertex 51 60 8.5
      vertex 51.5874 60.0385 8.5
    endloop
  endfacet
  facet normal -0.0654027 0.997859 0
    outer loop
      vertex 51 60 8.5
      vertex 51.5874 60.0385 3
      vertex 51 60 3
    endloop
  endfacet
  facet normal 0.980796 0.195038 0
    outer loop
      vertex 46.6533 63.3353 8.5
      vertex 46.5385 63.9126 3
      vertex 46.5385 63.9126 8.5
    endloop
  endfacet
  facet normal 0.980796 0.195038 0
    outer loop
      vertex 46.5385 63.9126 3
      vertex 46.6533 63.3353 8.5
      vertex 46.6533 63.3353 3
    endloop
  endfacet
  facet normal 0.0654027 0.997859 -0
    outer loop
      vertex 51 60 3
      vertex 50.4126 60.0385 8.5
      vertex 51 60 8.5
    endloop
  endfacet
  facet normal 0.0654027 0.997859 0
    outer loop
      vertex 50.4126 60.0385 8.5
      vertex 51 60 3
      vertex 50.4126 60.0385 3
    endloop
  endfacet
  facet normal -0.751882 -0.659298 0
    outer loop
      vertex 54.5701 67.2394 3
      vertex 54.182 67.682 8.5
      vertex 54.182 67.682 3
    endloop
  endfacet
  facet normal -0.751882 -0.659298 0
    outer loop
      vertex 54.182 67.682 8.5
      vertex 54.5701 67.2394 3
      vertex 54.5701 67.2394 8.5
    endloop
  endfacet
  facet normal -0.946936 -0.321421 0
    outer loop
      vertex 55.3467 65.6647 3
      vertex 55.1575 66.2221 8.5
      vertex 55.1575 66.2221 3
    endloop
  endfacet
  facet normal -0.946936 -0.321421 0
    outer loop
      vertex 55.1575 66.2221 8.5
      vertex 55.3467 65.6647 3
      vertex 55.3467 65.6647 8.5
    endloop
  endfacet
  facet normal 0.195038 -0.980796 0
    outer loop
      vertex 49.8353 68.8467 4
      vertex 50.4126 68.9615 8.5
      vertex 49.8353 68.8467 8.5
    endloop
  endfacet
  facet normal 0.195038 -0.980796 0
    outer loop
      vertex 50.4126 68.9615 8.5
      vertex 49.8353 68.8467 4
      vertex 50.4126 68.9615 4
    endloop
  endfacet
  facet normal 0.321421 -0.946936 0
    outer loop
      vertex 49.2779 68.6575 4
      vertex 49.8353 68.8467 8.5
      vertex 49.2779 68.6575 8.5
    endloop
  endfacet
  facet normal 0.321421 -0.946936 0
    outer loop
      vertex 49.8353 68.8467 8.5
      vertex 49.2779 68.6575 4
      vertex 49.8353 68.8467 4
    endloop
  endfacet
  facet normal -0.195038 -0.980796 0
    outer loop
      vertex 51.5874 68.9615 4
      vertex 52.1647 68.8467 8.5
      vertex 51.5874 68.9615 8.5
    endloop
  endfacet
  facet normal -0.195038 -0.980796 -0
    outer loop
      vertex 52.1647 68.8467 8.5
      vertex 51.5874 68.9615 4
      vertex 52.1647 68.8467 4
    endloop
  endfacet
  facet normal 0.831475 -0.555562 0
    outer loop
      vertex 47.1029 66.75 8.5
      vertex 47.4299 67.2394 3
      vertex 47.4299 67.2394 8.5
    endloop
  endfacet
  facet normal 0.831475 -0.555562 0
    outer loop
      vertex 47.4299 67.2394 3
      vertex 47.1029 66.75 8.5
      vertex 47.1029 66.75 3
    endloop
  endfacet
  facet normal 0.321421 0.946936 -0
    outer loop
      vertex 49.8353 60.1533 3
      vertex 49.2779 60.3425 8.5
      vertex 49.8353 60.1533 8.5
    endloop
  endfacet
  facet normal 0.321421 0.946936 0
    outer loop
      vertex 49.2779 60.3425 8.5
      vertex 49.8353 60.1533 3
      vertex 49.2779 60.3425 3
    endloop
  endfacet
  facet normal 0.896827 -0.442382 0
    outer loop
      vertex 46.8425 66.2221 8.5
      vertex 47.1029 66.75 3
      vertex 47.1029 66.75 8.5
    endloop
  endfacet
  facet normal 0.896827 -0.442382 0
    outer loop
      vertex 47.1029 66.75 3
      vertex 46.8425 66.2221 8.5
      vertex 46.8425 66.2221 3
    endloop
  endfacet
  facet normal 0.195038 0.980796 -0
    outer loop
      vertex 50.4126 60.0385 3
      vertex 49.8353 60.1533 8.5
      vertex 50.4126 60.0385 8.5
    endloop
  endfacet
  facet normal 0.195038 0.980796 0
    outer loop
      vertex 49.8353 60.1533 8.5
      vertex 50.4126 60.0385 3
      vertex 49.8353 60.1533 3
    endloop
  endfacet
  facet normal 0.659298 0.751882 -0
    outer loop
      vertex 48.2606 60.9299 3
      vertex 47.818 61.318 8.5
      vertex 48.2606 60.9299 8.5
    endloop
  endfacet
  facet normal 0.659298 0.751882 0
    outer loop
      vertex 47.818 61.318 8.5
      vertex 48.2606 60.9299 3
      vertex 47.818 61.318 3
    endloop
  endfacet
endsolid OpenSCAD_Model
