solid OpenSCAD_Model
  facet normal 0.980815 0 -0.19494
    outer loop
      vertex 16.4743 29.2 17.6084
      vertex 16.3978 30.8 17.2235
      vertex 16.4743 30.8 17.6084
    endloop
  endfacet
  facet normal 0.980815 0 -0.19494
    outer loop
      vertex 16.3978 30.8 17.2235
      vertex 16.4743 29.2 17.6084
      vertex 16.3978 29.2 17.2235
    endloop
  endfacet
  facet normal 0.997853 0 -0.0654873
    outer loop
      vertex 16.5 29.2 18
      vertex 16.4743 30.8 17.6084
      vertex 16.5 30.8 18
    endloop
  endfacet
  facet normal 0.997853 0 -0.0654873
    outer loop
      vertex 16.4743 30.8 17.6084
      vertex 16.5 29.2 18
      vertex 16.4743 29.2 17.6084
    endloop
  endfacet
  facet normal -0.896961 0 0.44211
    outer loop
      vertex 10.7284 29.2 19.148
      vertex 10.9019 30.8 19.5
      vertex 10.7284 30.8 19.148
    endloop
  endfacet
  facet normal -0.896961 0 0.44211
    outer loop
      vertex 10.9019 30.8 19.5
      vertex 10.7284 29.2 19.148
      vertex 10.9019 29.2 19.5
    endloop
  endfacet
  facet normal -0.555523 0 0.831501
    outer loop
      vertex 11.6737 30.8 20.3801
      vertex 12 29.2 20.5981
      vertex 12 30.8 20.5981
    endloop
  endfacet
  facet normal -0.555523 0 0.831501
    outer loop
      vertex 12 29.2 20.5981
      vertex 11.6737 30.8 20.3801
      vertex 11.6737 29.2 20.3801
    endloop
  endfacet
  facet normal 0.946858 -0 0.321651
    outer loop
      vertex 16.2716 29.2 19.148
      vertex 16.3978 30.8 18.7765
      vertex 16.2716 30.8 19.148
    endloop
  endfacet
  facet normal 0.946858 0 0.321651
    outer loop
      vertex 16.3978 30.8 18.7765
      vertex 16.2716 29.2 19.148
      vertex 16.3978 29.2 18.7765
    endloop
  endfacet
  facet normal 0.997853 -0 0.0654873
    outer loop
      vertex 16.4743 29.2 18.3916
      vertex 16.5 30.8 18
      vertex 16.4743 30.8 18.3916
    endloop
  endfacet
  facet normal 0.997853 0 0.0654873
    outer loop
      vertex 16.5 30.8 18
      vertex 16.4743 29.2 18.3916
      vertex 16.5 29.2 18
    endloop
  endfacet
  facet normal 0.896911 0 -0.442211
    outer loop
      vertex 16.2716 29.2 16.8519
      vertex 16.0981 30.8 16.5
      vertex 16.2716 30.8 16.8519
    endloop
  endfacet
  facet normal 0.896911 0 -0.442211
    outer loop
      vertex 16.0981 30.8 16.5
      vertex 16.2716 29.2 16.8519
      vertex 16.0981 29.2 16.5
    endloop
  endfacet
  facet normal -0.321574 0 0.946885
    outer loop
      vertex 12.3519 30.8 20.7716
      vertex 12.7235 29.2 20.8978
      vertex 12.7235 30.8 20.8978
    endloop
  endfacet
  facet normal -0.321574 0 0.946885
    outer loop
      vertex 12.7235 29.2 20.8978
      vertex 12.3519 30.8 20.7716
      vertex 12.3519 29.2 20.7716
    endloop
  endfacet
  facet normal 0.659478 0 -0.751724
    outer loop
      vertex 15.3263 29.2 15.6199
      vertex 15.6213 30.8 15.8787
      vertex 15.6213 29.2 15.8787
    endloop
  endfacet
  facet normal 0.659478 0 -0.751724
    outer loop
      vertex 15.6213 30.8 15.8787
      vertex 15.3263 29.2 15.6199
      vertex 15.3263 30.8 15.6199
    endloop
  endfacet
  facet normal 0.321651 0 -0.946858
    outer loop
      vertex 14.2765 29.2 15.1022
      vertex 14.648 30.8 15.2284
      vertex 14.648 29.2 15.2284
    endloop
  endfacet
  facet normal 0.321651 0 -0.946858
    outer loop
      vertex 14.648 30.8 15.2284
      vertex 14.2765 29.2 15.1022
      vertex 14.2765 30.8 15.1022
    endloop
  endfacet
  facet normal -0.321574 0 -0.946885
    outer loop
      vertex 12.3519 29.2 15.2284
      vertex 12.7235 30.8 15.1022
      vertex 12.7235 29.2 15.1022
    endloop
  endfacet
  facet normal -0.321574 0 -0.946885
    outer loop
      vertex 12.7235 30.8 15.1022
      vertex 12.3519 29.2 15.2284
      vertex 12.3519 30.8 15.2284
    endloop
  endfacet
  facet normal 0.896961 -0 0.44211
    outer loop
      vertex 16.0981 29.2 19.5
      vertex 16.2716 30.8 19.148
      vertex 16.0981 30.8 19.5
    endloop
  endfacet
  facet normal 0.896961 0 0.44211
    outer loop
      vertex 16.2716 30.8 19.148
      vertex 16.0981 29.2 19.5
      vertex 16.2716 29.2 19.148
    endloop
  endfacet
  facet normal -0.946858 0 0.321651
    outer loop
      vertex 10.6022 29.2 18.7765
      vertex 10.7284 30.8 19.148
      vertex 10.6022 30.8 18.7765
    endloop
  endfacet
  facet normal -0.946858 0 0.321651
    outer loop
      vertex 10.7284 30.8 19.148
      vertex 10.6022 29.2 18.7765
      vertex 10.7284 29.2 19.148
    endloop
  endfacet
  facet normal -0.946885 0 -0.321574
    outer loop
      vertex 10.7284 29.2 16.8519
      vertex 10.6022 30.8 17.2235
      vertex 10.7284 30.8 16.8519
    endloop
  endfacet
  facet normal -0.946885 -0 -0.321574
    outer loop
      vertex 10.6022 30.8 17.2235
      vertex 10.7284 29.2 16.8519
      vertex 10.6022 29.2 17.2235
    endloop
  endfacet
  facet normal 0.44211 0 0.896961
    outer loop
      vertex 14.648 30.8 20.7716
      vertex 15 29.2 20.5981
      vertex 15 30.8 20.5981
    endloop
  endfacet
  facet normal 0.44211 0 0.896961
    outer loop
      vertex 15 29.2 20.5981
      vertex 14.648 30.8 20.7716
      vertex 14.648 29.2 20.7716
    endloop
  endfacet
  facet normal -0.997853 0 0.0654873
    outer loop
      vertex 10.5 29.2 18
      vertex 10.5257 30.8 18.3916
      vertex 10.5 30.8 18
    endloop
  endfacet
  facet normal -0.997853 0 0.0654873
    outer loop
      vertex 10.5257 30.8 18.3916
      vertex 10.5 29.2 18
      vertex 10.5257 29.2 18.3916
    endloop
  endfacet
  facet normal 0.321651 0 0.946858
    outer loop
      vertex 14.2765 30.8 20.8978
      vertex 14.648 29.2 20.7716
      vertex 14.648 30.8 20.7716
    endloop
  endfacet
  facet normal 0.321651 0 0.946858
    outer loop
      vertex 14.648 29.2 20.7716
      vertex 14.2765 30.8 20.8978
      vertex 14.2765 29.2 20.8978
    endloop
  endfacet
  facet normal -0.980815 0 -0.19494
    outer loop
      vertex 10.6022 29.2 17.2235
      vertex 10.5257 30.8 17.6084
      vertex 10.6022 30.8 17.2235
    endloop
  endfacet
  facet normal -0.980815 -0 -0.19494
    outer loop
      vertex 10.5257 30.8 17.6084
      vertex 10.6022 29.2 17.2235
      vertex 10.5257 29.2 17.6084
    endloop
  endfacet
  facet normal -0.751724 0 0.659478
    outer loop
      vertex 11.1199 29.2 19.8263
      vertex 11.3787 30.8 20.1213
      vertex 11.1199 30.8 19.8263
    endloop
  endfacet
  facet normal -0.751724 0 0.659478
    outer loop
      vertex 11.3787 30.8 20.1213
      vertex 11.1199 29.2 19.8263
      vertex 11.3787 29.2 20.1213
    endloop
  endfacet
  facet normal -0.751724 0 -0.659478
    outer loop
      vertex 11.3787 29.2 15.8787
      vertex 11.1199 30.8 16.1737
      vertex 11.3787 30.8 15.8787
    endloop
  endfacet
  facet normal -0.751724 -0 -0.659478
    outer loop
      vertex 11.1199 30.8 16.1737
      vertex 11.3787 29.2 15.8787
      vertex 11.1199 29.2 16.1737
    endloop
  endfacet
  facet normal -0.0654873 0 0.997853
    outer loop
      vertex 13.1084 30.8 20.9743
      vertex 13.5 29.2 21
      vertex 13.5 30.8 21
    endloop
  endfacet
  facet normal -0.0654873 0 0.997853
    outer loop
      vertex 13.5 29.2 21
      vertex 13.1084 30.8 20.9743
      vertex 13.1084 29.2 20.9743
    endloop
  endfacet
  facet normal 0.751724 -0 0.659478
    outer loop
      vertex 15.6213 29.2 20.1213
      vertex 15.8801 30.8 19.8263
      vertex 15.6213 30.8 20.1213
    endloop
  endfacet
  facet normal 0.751724 0 0.659478
    outer loop
      vertex 15.8801 30.8 19.8263
      vertex 15.6213 29.2 20.1213
      vertex 15.8801 29.2 19.8263
    endloop
  endfacet
  facet normal 0.831501 0 -0.555523
    outer loop
      vertex 16.0981 29.2 16.5
      vertex 15.8801 30.8 16.1737
      vertex 16.0981 30.8 16.5
    endloop
  endfacet
  facet normal 0.831501 0 -0.555523
    outer loop
      vertex 15.8801 30.8 16.1737
      vertex 16.0981 29.2 16.5
      vertex 15.8801 29.2 16.1737
    endloop
  endfacet
  facet normal 0.44211 0 -0.896961
    outer loop
      vertex 14.648 29.2 15.2284
      vertex 15 30.8 15.4019
      vertex 15 29.2 15.4019
    endloop
  endfacet
  facet normal 0.44211 0 -0.896961
    outer loop
      vertex 15 30.8 15.4019
      vertex 14.648 29.2 15.2284
      vertex 14.648 30.8 15.2284
    endloop
  endfacet
  facet normal -0.997853 0 -0.0654873
    outer loop
      vertex 10.5257 29.2 17.6084
      vertex 10.5 30.8 18
      vertex 10.5257 30.8 17.6084
    endloop
  endfacet
  facet normal -0.997853 -0 -0.0654873
    outer loop
      vertex 10.5 30.8 18
      vertex 10.5257 29.2 17.6084
      vertex 10.5 29.2 18
    endloop
  endfacet
  facet normal 0.19494 0 0.980815
    outer loop
      vertex 13.8916 30.8 20.9743
      vertex 14.2765 29.2 20.8978
      vertex 14.2765 30.8 20.8978
    endloop
  endfacet
  facet normal 0.19494 0 0.980815
    outer loop
      vertex 14.2765 29.2 20.8978
      vertex 13.8916 30.8 20.9743
      vertex 13.8916 29.2 20.9743
    endloop
  endfacet
  facet normal 0.555523 0 -0.831501
    outer loop
      vertex 15 29.2 15.4019
      vertex 15.3263 30.8 15.6199
      vertex 15.3263 29.2 15.6199
    endloop
  endfacet
  facet normal 0.555523 0 -0.831501
    outer loop
      vertex 15.3263 30.8 15.6199
      vertex 15 29.2 15.4019
      vertex 15 30.8 15.4019
    endloop
  endfacet
  facet normal 0.980815 -0 0.19494
    outer loop
      vertex 16.3978 29.2 18.7765
      vertex 16.4743 30.8 18.3916
      vertex 16.3978 30.8 18.7765
    endloop
  endfacet
  facet normal 0.980815 0 0.19494
    outer loop
      vertex 16.4743 30.8 18.3916
      vertex 16.3978 29.2 18.7765
      vertex 16.4743 29.2 18.3916
    endloop
  endfacet
  facet normal 0.0654873 0 -0.997853
    outer loop
      vertex 13.5 29.2 15
      vertex 13.8916 30.8 15.0257
      vertex 13.8916 29.2 15.0257
    endloop
  endfacet
  facet normal 0.0654873 0 -0.997853
    outer loop
      vertex 13.8916 30.8 15.0257
      vertex 13.5 29.2 15
      vertex 13.5 30.8 15
    endloop
  endfacet
  facet normal -0.659478 0 -0.751724
    outer loop
      vertex 11.3787 29.2 15.8787
      vertex 11.6737 30.8 15.6199
      vertex 11.6737 29.2 15.6199
    endloop
  endfacet
  facet normal -0.659478 0 -0.751724
    outer loop
      vertex 11.6737 30.8 15.6199
      vertex 11.3787 29.2 15.8787
      vertex 11.3787 30.8 15.8787
    endloop
  endfacet
  facet normal -0.831501 0 0.555523
    outer loop
      vertex 10.9019 29.2 19.5
      vertex 11.1199 30.8 19.8263
      vertex 10.9019 30.8 19.5
    endloop
  endfacet
  facet normal -0.831501 0 0.555523
    outer loop
      vertex 11.1199 30.8 19.8263
      vertex 10.9019 29.2 19.5
      vertex 11.1199 29.2 19.8263
    endloop
  endfacet
  facet normal -0.19494 0 -0.980815
    outer loop
      vertex 12.7235 29.2 15.1022
      vertex 13.1084 30.8 15.0257
      vertex 13.1084 29.2 15.0257
    endloop
  endfacet
  facet normal -0.19494 0 -0.980815
    outer loop
      vertex 13.1084 30.8 15.0257
      vertex 12.7235 29.2 15.1022
      vertex 12.7235 30.8 15.1022
    endloop
  endfacet
  facet normal 0.0654873 0 0.997853
    outer loop
      vertex 13.5 30.8 21
      vertex 13.8916 29.2 20.9743
      vertex 13.8916 30.8 20.9743
    endloop
  endfacet
  facet normal 0.0654873 0 0.997853
    outer loop
      vertex 13.8916 29.2 20.9743
      vertex 13.5 30.8 21
      vertex 13.5 29.2 21
    endloop
  endfacet
  facet normal -0.980815 0 0.19494
    outer loop
      vertex 10.5257 29.2 18.3916
      vertex 10.6022 30.8 18.7765
      vertex 10.5257 30.8 18.3916
    endloop
  endfacet
  facet normal -0.980815 0 0.19494
    outer loop
      vertex 10.6022 30.8 18.7765
      vertex 10.5257 29.2 18.3916
      vertex 10.6022 29.2 18.7765
    endloop
  endfacet
  facet normal 0.555523 0 0.831501
    outer loop
      vertex 15 30.8 20.5981
      vertex 15.3263 29.2 20.3801
      vertex 15.3263 30.8 20.3801
    endloop
  endfacet
  facet normal 0.555523 0 0.831501
    outer loop
      vertex 15.3263 29.2 20.3801
      vertex 15 30.8 20.5981
      vertex 15 29.2 20.5981
    endloop
  endfacet
  facet normal 0.659478 0 0.751724
    outer loop
      vertex 15.3263 30.8 20.3801
      vertex 15.6213 29.2 20.1213
      vertex 15.6213 30.8 20.1213
    endloop
  endfacet
  facet normal 0.659478 0 0.751724
    outer loop
      vertex 15.6213 29.2 20.1213
      vertex 15.3263 30.8 20.3801
      vertex 15.3263 29.2 20.3801
    endloop
  endfacet
  facet normal 0.831501 -0 0.555523
    outer loop
      vertex 15.8801 29.2 19.8263
      vertex 16.0981 30.8 19.5
      vertex 15.8801 30.8 19.8263
    endloop
  endfacet
  facet normal 0.831501 0 0.555523
    outer loop
      vertex 16.0981 30.8 19.5
      vertex 15.8801 29.2 19.8263
      vertex 16.0981 29.2 19.5
    endloop
  endfacet
  facet normal 0.19494 0 -0.980815
    outer loop
      vertex 13.8916 29.2 15.0257
      vertex 14.2765 30.8 15.1022
      vertex 14.2765 29.2 15.1022
    endloop
  endfacet
  facet normal 0.19494 0 -0.980815
    outer loop
      vertex 14.2765 30.8 15.1022
      vertex 13.8916 29.2 15.0257
      vertex 13.8916 30.8 15.0257
    endloop
  endfacet
  facet normal -0.896911 0 -0.442211
    outer loop
      vertex 10.9019 29.2 16.5
      vertex 10.7284 30.8 16.8519
      vertex 10.9019 30.8 16.5
    endloop
  endfacet
  facet normal -0.896911 -0 -0.442211
    outer loop
      vertex 10.7284 30.8 16.8519
      vertex 10.9019 29.2 16.5
      vertex 10.7284 29.2 16.8519
    endloop
  endfacet
  facet normal -0.555523 0 -0.831501
    outer loop
      vertex 11.6737 29.2 15.6199
      vertex 12 30.8 15.4019
      vertex 12 29.2 15.4019
    endloop
  endfacet
  facet normal -0.555523 0 -0.831501
    outer loop
      vertex 12 30.8 15.4019
      vertex 11.6737 29.2 15.6199
      vertex 11.6737 30.8 15.6199
    endloop
  endfacet
  facet normal 0.751724 0 -0.659478
    outer loop
      vertex 15.8801 29.2 16.1737
      vertex 15.6213 30.8 15.8787
      vertex 15.8801 30.8 16.1737
    endloop
  endfacet
  facet normal 0.751724 0 -0.659478
    outer loop
      vertex 15.6213 30.8 15.8787
      vertex 15.8801 29.2 16.1737
      vertex 15.6213 29.2 15.8787
    endloop
  endfacet
  facet normal 0.946885 0 -0.321574
    outer loop
      vertex 16.3978 29.2 17.2235
      vertex 16.2716 30.8 16.8519
      vertex 16.3978 30.8 17.2235
    endloop
  endfacet
  facet normal 0.946885 0 -0.321574
    outer loop
      vertex 16.2716 30.8 16.8519
      vertex 16.3978 29.2 17.2235
      vertex 16.2716 29.2 16.8519
    endloop
  endfacet
  facet normal -0.442211 0 -0.896911
    outer loop
      vertex 12 29.2 15.4019
      vertex 12.3519 30.8 15.2284
      vertex 12.3519 29.2 15.2284
    endloop
  endfacet
  facet normal -0.442211 0 -0.896911
    outer loop
      vertex 12.3519 30.8 15.2284
      vertex 12 29.2 15.4019
      vertex 12 30.8 15.4019
    endloop
  endfacet
  facet normal -0.442211 0 0.896911
    outer loop
      vertex 12 30.8 20.5981
      vertex 12.3519 29.2 20.7716
      vertex 12.3519 30.8 20.7716
    endloop
  endfacet
  facet normal -0.442211 0 0.896911
    outer loop
      vertex 12.3519 29.2 20.7716
      vertex 12 30.8 20.5981
      vertex 12 29.2 20.5981
    endloop
  endfacet
  facet normal -0.831501 0 -0.555523
    outer loop
      vertex 11.1199 29.2 16.1737
      vertex 10.9019 30.8 16.5
      vertex 11.1199 30.8 16.1737
    endloop
  endfacet
  facet normal -0.831501 -0 -0.555523
    outer loop
      vertex 10.9019 30.8 16.5
      vertex 11.1199 29.2 16.1737
      vertex 10.9019 29.2 16.5
    endloop
  endfacet
  facet normal -0.0654873 0 -0.997853
    outer loop
      vertex 13.1084 29.2 15.0257
      vertex 13.5 30.8 15
      vertex 13.5 29.2 15
    endloop
  endfacet
  facet normal -0.0654873 0 -0.997853
    outer loop
      vertex 13.5 30.8 15
      vertex 13.1084 29.2 15.0257
      vertex 13.1084 30.8 15.0257
    endloop
  endfacet
  facet normal 0 1 0
    outer loop
      vertex 13.5 30.8 19.155
      vertex 13.5 30.8 21
      vertex 13.8916 30.8 20.9743
    endloop
  endfacet
  facet normal 0 1 0
    outer loop
      vertex 13.6508 30.8 19.1451
      vertex 13.8916 30.8 20.9743
      vertex 14.2765 30.8 20.8978
    endloop
  endfacet
  facet normal 0 1 0
    outer loop
      vertex 13.5 30.8 21
      vertex 13.5 30.8 19.155
      vertex 13.1084 30.8 20.9743
    endloop
  endfacet
  facet normal 0 1 0
    outer loop
      vertex 13.7989 30.8 19.1156
      vertex 14.2765 30.8 20.8978
      vertex 14.648 30.8 20.7716
    endloop
  endfacet
  facet normal 0 1 -0
    outer loop
      vertex 13.3492 30.8 19.1451
      vertex 13.1084 30.8 20.9743
      vertex 13.5 30.8 19.155
    endloop
  endfacet
  facet normal 0 1 0
    outer loop
      vertex 13.942 30.8 19.0671
      vertex 14.648 30.8 20.7716
      vertex 15 30.8 20.5981
    endloop
  endfacet
  facet normal 0 1 0
    outer loop
      vertex 13.1084 30.8 20.9743
      vertex 13.3492 30.8 19.1451
      vertex 12.7235 30.8 20.8978
    endloop
  endfacet
  facet normal 0 1 0
    outer loop
      vertex 14.0775 30.8 19.0003
      vertex 15 30.8 20.5981
      vertex 15.3263 30.8 20.3801
    endloop
  endfacet
  facet normal 0 1 -0
    outer loop
      vertex 13.2011 30.8 19.1156
      vertex 12.7235 30.8 20.8978
      vertex 13.3492 30.8 19.1451
    endloop
  endfacet
  facet normal 0 1 0
    outer loop
      vertex 14.2031 30.8 18.9163
      vertex 15.3263 30.8 20.3801
      vertex 15.6213 30.8 20.1213
    endloop
  endfacet
  facet normal 0 1 0
    outer loop
      vertex 12.7235 30.8 20.8978
      vertex 13.2011 30.8 19.1156
      vertex 12.3519 30.8 20.7716
    endloop
  endfacet
  facet normal 0 1 0
    outer loop
      vertex 14.3167 30.8 18.8167
      vertex 15.6213 30.8 20.1213
      vertex 15.8801 30.8 19.8263
    endloop
  endfacet
  facet normal 0 1 -0
    outer loop
      vertex 13.058 30.8 19.0671
      vertex 12.3519 30.8 20.7716
      vertex 13.2011 30.8 19.1156
    endloop
  endfacet
  facet normal 0 1 0
    outer loop
      vertex 14.4163 30.8 18.7031
      vertex 15.8801 30.8 19.8263
      vertex 16.0981 30.8 19.5
    endloop
  endfacet
  facet normal 0 1 0
    outer loop
      vertex 12.3519 30.8 20.7716
      vertex 13.058 30.8 19.0671
      vertex 12 30.8 20.5981
    endloop
  endfacet
  facet normal 0 1 -0
    outer loop
      vertex 12.9225 30.8 19.0003
      vertex 12 30.8 20.5981
      vertex 13.058 30.8 19.0671
    endloop
  endfacet
  facet normal 0 1 0
    outer loop
      vertex 14.5003 30.8 18.5775
      vertex 16.0981 30.8 19.5
      vertex 16.2716 30.8 19.148
    endloop
  endfacet
  facet normal 0 1 0
    outer loop
      vertex 13.8916 30.8 20.9743
      vertex 13.6508 30.8 19.1451
      vertex 13.5 30.8 19.155
    endloop
  endfacet
  facet normal 0 1 0
    outer loop
      vertex 14.2765 30.8 20.8978
      vertex 13.7989 30.8 19.1156
      vertex 13.6508 30.8 19.1451
    endloop
  endfacet
  facet normal 0 1 0
    outer loop
      vertex 14.648 30.8 20.7716
      vertex 13.942 30.8 19.0671
      vertex 13.7989 30.8 19.1156
    endloop
  endfacet
  facet normal 0 1 0
    outer loop
      vertex 15 30.8 20.5981
      vertex 14.0775 30.8 19.0003
      vertex 13.942 30.8 19.0671
    endloop
  endfacet
  facet normal 0 1 0
    outer loop
      vertex 15.3263 30.8 20.3801
      vertex 14.2031 30.8 18.9163
      vertex 14.0775 30.8 19.0003
    endloop
  endfacet
  facet normal 0 1 0
    outer loop
      vertex 15.6213 30.8 20.1213
      vertex 14.3167 30.8 18.8167
      vertex 14.2031 30.8 18.9163
    endloop
  endfacet
  facet normal 0 1 0
    outer loop
      vertex 14.5671 30.8 18.442
      vertex 16.2716 30.8 19.148
      vertex 16.3978 30.8 18.7765
    endloop
  endfacet
  facet normal 0 1 0
    outer loop
      vertex 15.8801 30.8 19.8263
      vertex 14.4163 30.8 18.7031
      vertex 14.3167 30.8 18.8167
    endloop
  endfacet
  facet normal 0 1 0
    outer loop
      vertex 16.0981 30.8 19.5
      vertex 14.5003 30.8 18.5775
      vertex 14.4163 30.8 18.7031
    endloop
  endfacet
  facet normal 0 1 0
    outer loop
      vertex 16.2716 30.8 19.148
      vertex 14.5671 30.8 18.442
      vertex 14.5003 30.8 18.5775
    endloop
  endfacet
  facet normal 0 1 0
    outer loop
      vertex 14.6156 30.8 18.2989
      vertex 16.3978 30.8 18.7765
      vertex 16.4743 30.8 18.3916
    endloop
  endfacet
  facet normal 0 1 0
    outer loop
      vertex 16.3978 30.8 18.7765
      vertex 14.6156 30.8 18.2989
      vertex 14.5671 30.8 18.442
    endloop
  endfacet
  facet normal 0 1 0
    outer loop
      vertex 16.4743 30.8 18.3916
      vertex 14.6451 30.8 18.1508
      vertex 14.6156 30.8 18.2989
    endloop
  endfacet
  facet normal 0 1 0
    outer loop
      vertex 16.5 30.8 18
      vertex 14.6451 30.8 18.1508
      vertex 16.4743 30.8 18.3916
    endloop
  endfacet
  facet normal 0 1 0
    outer loop
      vertex 16.5 30.8 18
      vertex 14.655 30.8 18
      vertex 14.6451 30.8 18.1508
    endloop
  endfacet
  facet normal 0 1 0
    outer loop
      vertex 16.5 30.8 18
      vertex 14.6451 30.8 17.8492
      vertex 14.655 30.8 18
    endloop
  endfacet
  facet normal 0 1 -0
    outer loop
      vertex 16.4743 30.8 17.6084
      vertex 14.6451 30.8 17.8492
      vertex 16.5 30.8 18
    endloop
  endfacet
  facet normal 0 1 0
    outer loop
      vertex 14.6451 30.8 17.8492
      vertex 16.4743 30.8 17.6084
      vertex 14.6156 30.8 17.7011
    endloop
  endfacet
  facet normal 0 1 -0
    outer loop
      vertex 16.3978 30.8 17.2235
      vertex 14.6156 30.8 17.7011
      vertex 16.4743 30.8 17.6084
    endloop
  endfacet
  facet normal 0 1 0
    outer loop
      vertex 14.6156 30.8 17.7011
      vertex 16.3978 30.8 17.2235
      vertex 14.5671 30.8 17.558
    endloop
  endfacet
  facet normal 0 1 -0
    outer loop
      vertex 16.2716 30.8 16.8519
      vertex 14.5671 30.8 17.558
      vertex 16.3978 30.8 17.2235
    endloop
  endfacet
  facet normal 0 1 0
    outer loop
      vertex 14.5671 30.8 17.558
      vertex 16.2716 30.8 16.8519
      vertex 14.5003 30.8 17.4225
    endloop
  endfacet
  facet normal 0 1 -0
    outer loop
      vertex 16.0981 30.8 16.5
      vertex 14.5003 30.8 17.4225
      vertex 16.2716 30.8 16.8519
    endloop
  endfacet
  facet normal 0 1 0
    outer loop
      vertex 14.5003 30.8 17.4225
      vertex 16.0981 30.8 16.5
      vertex 14.4163 30.8 17.2969
    endloop
  endfacet
  facet normal 0 1 -0
    outer loop
      vertex 15.8801 30.8 16.1737
      vertex 14.4163 30.8 17.2969
      vertex 16.0981 30.8 16.5
    endloop
  endfacet
  facet normal 0 1 0
    outer loop
      vertex 14.4163 30.8 17.2969
      vertex 15.8801 30.8 16.1737
      vertex 14.3167 30.8 17.1833
    endloop
  endfacet
  facet normal 0 1 -0
    outer loop
      vertex 15.6213 30.8 15.8787
      vertex 14.3167 30.8 17.1833
      vertex 15.8801 30.8 16.1737
    endloop
  endfacet
  facet normal 0 1 0
    outer loop
      vertex 14.3167 30.8 17.1833
      vertex 15.6213 30.8 15.8787
      vertex 14.2031 30.8 17.0837
    endloop
  endfacet
  facet normal 0 1 -0
    outer loop
      vertex 15.3263 30.8 15.6199
      vertex 14.2031 30.8 17.0837
      vertex 15.6213 30.8 15.8787
    endloop
  endfacet
  facet normal 0 1 0
    outer loop
      vertex 14.2031 30.8 17.0837
      vertex 15.3263 30.8 15.6199
      vertex 14.0775 30.8 16.9997
    endloop
  endfacet
  facet normal 0 1 -0
    outer loop
      vertex 15 30.8 15.4019
      vertex 14.0775 30.8 16.9997
      vertex 15.3263 30.8 15.6199
    endloop
  endfacet
  facet normal 0 1 0
    outer loop
      vertex 12 30.8 20.5981
      vertex 12.9225 30.8 19.0003
      vertex 11.6737 30.8 20.3801
    endloop
  endfacet
  facet normal 0 1 -0
    outer loop
      vertex 12.7969 30.8 18.9163
      vertex 11.6737 30.8 20.3801
      vertex 12.9225 30.8 19.0003
    endloop
  endfacet
  facet normal 0 1 0
    outer loop
      vertex 11.6737 30.8 20.3801
      vertex 12.7969 30.8 18.9163
      vertex 11.3787 30.8 20.1213
    endloop
  endfacet
  facet normal 0 1 -0
    outer loop
      vertex 12.6833 30.8 18.8167
      vertex 11.3787 30.8 20.1213
      vertex 12.7969 30.8 18.9163
    endloop
  endfacet
  facet normal 0 1 0
    outer loop
      vertex 11.3787 30.8 20.1213
      vertex 12.6833 30.8 18.8167
      vertex 11.1199 30.8 19.8263
    endloop
  endfacet
  facet normal 0 1 -0
    outer loop
      vertex 12.5837 30.8 18.7031
      vertex 11.1199 30.8 19.8263
      vertex 12.6833 30.8 18.8167
    endloop
  endfacet
  facet normal 0 1 0
    outer loop
      vertex 11.1199 30.8 19.8263
      vertex 12.5837 30.8 18.7031
      vertex 10.9019 30.8 19.5
    endloop
  endfacet
  facet normal 0 1 -0
    outer loop
      vertex 12.4997 30.8 18.5775
      vertex 10.9019 30.8 19.5
      vertex 12.5837 30.8 18.7031
    endloop
  endfacet
  facet normal 0 1 0
    outer loop
      vertex 10.9019 30.8 19.5
      vertex 12.4997 30.8 18.5775
      vertex 10.7284 30.8 19.148
    endloop
  endfacet
  facet normal 0 1 -0
    outer loop
      vertex 12.4329 30.8 18.442
      vertex 10.7284 30.8 19.148
      vertex 12.4997 30.8 18.5775
    endloop
  endfacet
  facet normal 0 1 0
    outer loop
      vertex 10.7284 30.8 19.148
      vertex 12.4329 30.8 18.442
      vertex 10.6022 30.8 18.7765
    endloop
  endfacet
  facet normal 0 1 -0
    outer loop
      vertex 12.3844 30.8 18.2989
      vertex 10.6022 30.8 18.7765
      vertex 12.4329 30.8 18.442
    endloop
  endfacet
  facet normal 0 1 0
    outer loop
      vertex 10.6022 30.8 18.7765
      vertex 12.3844 30.8 18.2989
      vertex 10.5257 30.8 18.3916
    endloop
  endfacet
  facet normal 0 1 -0
    outer loop
      vertex 12.3549 30.8 18.1508
      vertex 10.5257 30.8 18.3916
      vertex 12.3844 30.8 18.2989
    endloop
  endfacet
  facet normal 0 1 -0
    outer loop
      vertex 12.345 30.8 18
      vertex 10.5257 30.8 18.3916
      vertex 12.3549 30.8 18.1508
    endloop
  endfacet
  facet normal 0 1 0
    outer loop
      vertex 12.345 30.8 18
      vertex 10.5 30.8 18
      vertex 10.5257 30.8 18.3916
    endloop
  endfacet
  facet normal 0 1 0
    outer loop
      vertex 12.3549 30.8 17.8492
      vertex 10.5 30.8 18
      vertex 12.345 30.8 18
    endloop
  endfacet
  facet normal 0 1 0
    outer loop
      vertex 10.5257 30.8 17.6084
      vertex 12.3549 30.8 17.8492
      vertex 12.3844 30.8 17.7011
    endloop
  endfacet
  facet normal 0 1 0
    outer loop
      vertex 12.3549 30.8 17.8492
      vertex 10.5257 30.8 17.6084
      vertex 10.5 30.8 18
    endloop
  endfacet
  facet normal 0 1 0
    outer loop
      vertex 10.6022 30.8 17.2235
      vertex 12.3844 30.8 17.7011
      vertex 12.4329 30.8 17.558
    endloop
  endfacet
  facet normal 0 1 0
    outer loop
      vertex 10.7284 30.8 16.8519
      vertex 12.4329 30.8 17.558
      vertex 12.4997 30.8 17.4225
    endloop
  endfacet
  facet normal 0 1 0
    outer loop
      vertex 10.9019 30.8 16.5
      vertex 12.4997 30.8 17.4225
      vertex 12.5837 30.8 17.2969
    endloop
  endfacet
  facet normal 0 1 0
    outer loop
      vertex 12.3844 30.8 17.7011
      vertex 10.6022 30.8 17.2235
      vertex 10.5257 30.8 17.6084
    endloop
  endfacet
  facet normal 0 1 0
    outer loop
      vertex 11.1199 30.8 16.1737
      vertex 12.5837 30.8 17.2969
      vertex 12.6833 30.8 17.1833
    endloop
  endfacet
  facet normal 0 1 0
    outer loop
      vertex 11.3787 30.8 15.8787
      vertex 12.6833 30.8 17.1833
      vertex 12.7969 30.8 17.0837
    endloop
  endfacet
  facet normal 0 1 0
    outer loop
      vertex 11.6737 30.8 15.6199
      vertex 12.7969 30.8 17.0837
      vertex 12.9225 30.8 16.9997
    endloop
  endfacet
  facet normal 0 1 0
    outer loop
      vertex 12 30.8 15.4019
      vertex 12.9225 30.8 16.9997
      vertex 13.058 30.8 16.9329
    endloop
  endfacet
  facet normal 0 1 0
    outer loop
      vertex 12.3519 30.8 15.2284
      vertex 13.058 30.8 16.9329
      vertex 13.2011 30.8 16.8844
    endloop
  endfacet
  facet normal 0 1 0
    outer loop
      vertex 12.7235 30.8 15.1022
      vertex 13.2011 30.8 16.8844
      vertex 13.3492 30.8 16.8549
    endloop
  endfacet
  facet normal 0 1 0
    outer loop
      vertex 12.4329 30.8 17.558
      vertex 10.7284 30.8 16.8519
      vertex 10.6022 30.8 17.2235
    endloop
  endfacet
  facet normal 0 1 0
    outer loop
      vertex 13.1084 30.8 15.0257
      vertex 13.3492 30.8 16.8549
      vertex 13.5 30.8 16.845
    endloop
  endfacet
  facet normal 0 1 0
    outer loop
      vertex 14.0775 30.8 16.9997
      vertex 15 30.8 15.4019
      vertex 13.942 30.8 16.9329
    endloop
  endfacet
  facet normal 0 1 0
    outer loop
      vertex 12.4997 30.8 17.4225
      vertex 10.9019 30.8 16.5
      vertex 10.7284 30.8 16.8519
    endloop
  endfacet
  facet normal 0 1 -0
    outer loop
      vertex 14.648 30.8 15.2284
      vertex 13.942 30.8 16.9329
      vertex 15 30.8 15.4019
    endloop
  endfacet
  facet normal 0 1 0
    outer loop
      vertex 12.5837 30.8 17.2969
      vertex 11.1199 30.8 16.1737
      vertex 10.9019 30.8 16.5
    endloop
  endfacet
  facet normal 0 1 0
    outer loop
      vertex 13.942 30.8 16.9329
      vertex 14.648 30.8 15.2284
      vertex 13.7989 30.8 16.8844
    endloop
  endfacet
  facet normal 0 1 0
    outer loop
      vertex 12.6833 30.8 17.1833
      vertex 11.3787 30.8 15.8787
      vertex 11.1199 30.8 16.1737
    endloop
  endfacet
  facet normal 0 1 -0
    outer loop
      vertex 14.2765 30.8 15.1022
      vertex 13.7989 30.8 16.8844
      vertex 14.648 30.8 15.2284
    endloop
  endfacet
  facet normal 0 1 0
    outer loop
      vertex 12.7969 30.8 17.0837
      vertex 11.6737 30.8 15.6199
      vertex 11.3787 30.8 15.8787
    endloop
  endfacet
  facet normal 0 1 0
    outer loop
      vertex 13.7989 30.8 16.8844
      vertex 14.2765 30.8 15.1022
      vertex 13.6508 30.8 16.8549
    endloop
  endfacet
  facet normal 0 1 0
    outer loop
      vertex 12.9225 30.8 16.9997
      vertex 12 30.8 15.4019
      vertex 11.6737 30.8 15.6199
    endloop
  endfacet
  facet normal 0 1 -0
    outer loop
      vertex 13.8916 30.8 15.0257
      vertex 13.6508 30.8 16.8549
      vertex 14.2765 30.8 15.1022
    endloop
  endfacet
  facet normal 0 1 0
    outer loop
      vertex 13.058 30.8 16.9329
      vertex 12.3519 30.8 15.2284
      vertex 12 30.8 15.4019
    endloop
  endfacet
  facet normal 0 1 0
    outer loop
      vertex 13.6508 30.8 16.8549
      vertex 13.8916 30.8 15.0257
      vertex 13.5 30.8 16.845
    endloop
  endfacet
  facet normal 0 1 0
    outer loop
      vertex 13.2011 30.8 16.8844
      vertex 12.7235 30.8 15.1022
      vertex 12.3519 30.8 15.2284
    endloop
  endfacet
  facet normal 0 1 0
    outer loop
      vertex 13.5 30.8 15
      vertex 13.5 30.8 16.845
      vertex 13.8916 30.8 15.0257
    endloop
  endfacet
  facet normal 0 1 0
    outer loop
      vertex 13.3492 30.8 16.8549
      vertex 13.1084 30.8 15.0257
      vertex 12.7235 30.8 15.1022
    endloop
  endfacet
  facet normal 0 1 0
    outer loop
      vertex 13.5 30.8 16.845
      vertex 13.5 30.8 15
      vertex 13.1084 30.8 15.0257
    endloop
  endfacet
  facet normal -0.19494 0 0.980815
    outer loop
      vertex 12.7235 30.8 20.8978
      vertex 13.1084 29.2 20.9743
      vertex 13.1084 30.8 20.9743
    endloop
  endfacet
  facet normal -0.19494 0 0.980815
    outer loop
      vertex 13.1084 29.2 20.9743
      vertex 12.7235 30.8 20.8978
      vertex 12.7235 29.2 20.8978
    endloop
  endfacet
  facet normal -0.659478 0 0.751724
    outer loop
      vertex 11.3787 30.8 20.1213
      vertex 11.6737 29.2 20.3801
      vertex 11.6737 30.8 20.3801
    endloop
  endfacet
  facet normal -0.659478 0 0.751724
    outer loop
      vertex 11.6737 29.2 20.3801
      vertex 11.3787 30.8 20.1213
      vertex 11.3787 29.2 20.1213
    endloop
  endfacet
  facet normal 0.980815 0 -0.19494
    outer loop
      vertex 16.4743 29.2 75.6084
      vertex 16.3978 30.8 75.2235
      vertex 16.4743 30.8 75.6084
    endloop
  endfacet
  facet normal 0.980815 0 -0.19494
    outer loop
      vertex 16.3978 30.8 75.2235
      vertex 16.4743 29.2 75.6084
      vertex 16.3978 29.2 75.2235
    endloop
  endfacet
  facet normal 0.997853 0 -0.0654873
    outer loop
      vertex 16.5 29.2 76
      vertex 16.4743 30.8 75.6084
      vertex 16.5 30.8 76
    endloop
  endfacet
  facet normal 0.997853 0 -0.0654873
    outer loop
      vertex 16.4743 30.8 75.6084
      vertex 16.5 29.2 76
      vertex 16.4743 29.2 75.6084
    endloop
  endfacet
  facet normal -0.896961 0 0.44211
    outer loop
      vertex 10.7284 29.2 77.148
      vertex 10.9019 30.8 77.5
      vertex 10.7284 30.8 77.148
    endloop
  endfacet
  facet normal -0.896961 0 0.44211
    outer loop
      vertex 10.9019 30.8 77.5
      vertex 10.7284 29.2 77.148
      vertex 10.9019 29.2 77.5
    endloop
  endfacet
  facet normal -0.555523 0 0.831501
    outer loop
      vertex 11.6737 30.8 78.3801
      vertex 12 29.2 78.5981
      vertex 12 30.8 78.5981
    endloop
  endfacet
  facet normal -0.555523 0 0.831501
    outer loop
      vertex 12 29.2 78.5981
      vertex 11.6737 30.8 78.3801
      vertex 11.6737 29.2 78.3801
    endloop
  endfacet
  facet normal 0.946858 -0 0.321651
    outer loop
      vertex 16.2716 29.2 77.148
      vertex 16.3978 30.8 76.7765
      vertex 16.2716 30.8 77.148
    endloop
  endfacet
  facet normal 0.946858 0 0.321651
    outer loop
      vertex 16.3978 30.8 76.7765
      vertex 16.2716 29.2 77.148
      vertex 16.3978 29.2 76.7765
    endloop
  endfacet
  facet normal 0.997853 -0 0.0654873
    outer loop
      vertex 16.4743 29.2 76.3916
      vertex 16.5 30.8 76
      vertex 16.4743 30.8 76.3916
    endloop
  endfacet
  facet normal 0.997853 0 0.0654873
    outer loop
      vertex 16.5 30.8 76
      vertex 16.4743 29.2 76.3916
      vertex 16.5 29.2 76
    endloop
  endfacet
  facet normal 0.896961 0 -0.44211
    outer loop
      vertex 16.2716 29.2 74.852
      vertex 16.0981 30.8 74.5
      vertex 16.2716 30.8 74.852
    endloop
  endfacet
  facet normal 0.896961 0 -0.44211
    outer loop
      vertex 16.0981 30.8 74.5
      vertex 16.2716 29.2 74.852
      vertex 16.0981 29.2 74.5
    endloop
  endfacet
  facet normal -0.321574 0 0.946885
    outer loop
      vertex 12.3519 30.8 78.7716
      vertex 12.7235 29.2 78.8978
      vertex 12.7235 30.8 78.8978
    endloop
  endfacet
  facet normal -0.321574 0 0.946885
    outer loop
      vertex 12.7235 29.2 78.8978
      vertex 12.3519 30.8 78.7716
      vertex 12.3519 29.2 78.7716
    endloop
  endfacet
  facet normal 0.659478 0 -0.751724
    outer loop
      vertex 15.3263 29.2 73.6199
      vertex 15.6213 30.8 73.8787
      vertex 15.6213 29.2 73.8787
    endloop
  endfacet
  facet normal 0.659478 0 -0.751724
    outer loop
      vertex 15.6213 30.8 73.8787
      vertex 15.3263 29.2 73.6199
      vertex 15.3263 30.8 73.6199
    endloop
  endfacet
  facet normal 0.321651 0 -0.946858
    outer loop
      vertex 14.2765 29.2 73.1022
      vertex 14.648 30.8 73.2284
      vertex 14.648 29.2 73.2284
    endloop
  endfacet
  facet normal 0.321651 0 -0.946858
    outer loop
      vertex 14.648 30.8 73.2284
      vertex 14.2765 29.2 73.1022
      vertex 14.2765 30.8 73.1022
    endloop
  endfacet
  facet normal -0.321574 0 -0.946885
    outer loop
      vertex 12.3519 29.2 73.2284
      vertex 12.7235 30.8 73.1022
      vertex 12.7235 29.2 73.1022
    endloop
  endfacet
  facet normal -0.321574 0 -0.946885
    outer loop
      vertex 12.7235 30.8 73.1022
      vertex 12.3519 29.2 73.2284
      vertex 12.3519 30.8 73.2284
    endloop
  endfacet
  facet normal 0.896961 -0 0.44211
    outer loop
      vertex 16.0981 29.2 77.5
      vertex 16.2716 30.8 77.148
      vertex 16.0981 30.8 77.5
    endloop
  endfacet
  facet normal 0.896961 0 0.44211
    outer loop
      vertex 16.2716 30.8 77.148
      vertex 16.0981 29.2 77.5
      vertex 16.2716 29.2 77.148
    endloop
  endfacet
  facet normal -0.946858 0 0.321651
    outer loop
      vertex 10.6022 29.2 76.7765
      vertex 10.7284 30.8 77.148
      vertex 10.6022 30.8 76.7765
    endloop
  endfacet
  facet normal -0.946858 0 0.321651
    outer loop
      vertex 10.7284 30.8 77.148
      vertex 10.6022 29.2 76.7765
      vertex 10.7284 29.2 77.148
    endloop
  endfacet
  facet normal -0.946858 0 -0.321651
    outer loop
      vertex 10.7284 29.2 74.852
      vertex 10.6022 30.8 75.2235
      vertex 10.7284 30.8 74.852
    endloop
  endfacet
  facet normal -0.946858 -0 -0.321651
    outer loop
      vertex 10.6022 30.8 75.2235
      vertex 10.7284 29.2 74.852
      vertex 10.6022 29.2 75.2235
    endloop
  endfacet
  facet normal 0.44211 0 0.896961
    outer loop
      vertex 14.648 30.8 78.7716
      vertex 15 29.2 78.5981
      vertex 15 30.8 78.5981
    endloop
  endfacet
  facet normal 0.44211 0 0.896961
    outer loop
      vertex 15 29.2 78.5981
      vertex 14.648 30.8 78.7716
      vertex 14.648 29.2 78.7716
    endloop
  endfacet
  facet normal -0.997853 0 0.0654873
    outer loop
      vertex 10.5 29.2 76
      vertex 10.5257 30.8 76.3916
      vertex 10.5 30.8 76
    endloop
  endfacet
  facet normal -0.997853 0 0.0654873
    outer loop
      vertex 10.5257 30.8 76.3916
      vertex 10.5 29.2 76
      vertex 10.5257 29.2 76.3916
    endloop
  endfacet
  facet normal 0.321651 0 0.946858
    outer loop
      vertex 14.2765 30.8 78.8978
      vertex 14.648 29.2 78.7716
      vertex 14.648 30.8 78.7716
    endloop
  endfacet
  facet normal 0.321651 0 0.946858
    outer loop
      vertex 14.648 29.2 78.7716
      vertex 14.2765 30.8 78.8978
      vertex 14.2765 29.2 78.8978
    endloop
  endfacet
  facet normal -0.980815 0 -0.19494
    outer loop
      vertex 10.6022 29.2 75.2235
      vertex 10.5257 30.8 75.6084
      vertex 10.6022 30.8 75.2235
    endloop
  endfacet
  facet normal -0.980815 -0 -0.19494
    outer loop
      vertex 10.5257 30.8 75.6084
      vertex 10.6022 29.2 75.2235
      vertex 10.5257 29.2 75.6084
    endloop
  endfacet
  facet normal -0.751724 0 0.659478
    outer loop
      vertex 11.1199 29.2 77.8263
      vertex 11.3787 30.8 78.1213
      vertex 11.1199 30.8 77.8263
    endloop
  endfacet
  facet normal -0.751724 0 0.659478
    outer loop
      vertex 11.3787 30.8 78.1213
      vertex 11.1199 29.2 77.8263
      vertex 11.3787 29.2 78.1213
    endloop
  endfacet
  facet normal -0.751724 0 -0.659478
    outer loop
      vertex 11.3787 29.2 73.8787
      vertex 11.1199 30.8 74.1737
      vertex 11.3787 30.8 73.8787
    endloop
  endfacet
  facet normal -0.751724 -0 -0.659478
    outer loop
      vertex 11.1199 30.8 74.1737
      vertex 11.3787 29.2 73.8787
      vertex 11.1199 29.2 74.1737
    endloop
  endfacet
  facet normal -0.0654873 0 0.997853
    outer loop
      vertex 13.1084 30.8 78.9743
      vertex 13.5 29.2 79
      vertex 13.5 30.8 79
    endloop
  endfacet
  facet normal -0.0654873 0 0.997853
    outer loop
      vertex 13.5 29.2 79
      vertex 13.1084 30.8 78.9743
      vertex 13.1084 29.2 78.9743
    endloop
  endfacet
  facet normal 0.751724 -0 0.659478
    outer loop
      vertex 15.6213 29.2 78.1213
      vertex 15.8801 30.8 77.8263
      vertex 15.6213 30.8 78.1213
    endloop
  endfacet
  facet normal 0.751724 0 0.659478
    outer loop
      vertex 15.8801 30.8 77.8263
      vertex 15.6213 29.2 78.1213
      vertex 15.8801 29.2 77.8263
    endloop
  endfacet
  facet normal 0.831501 0 -0.555523
    outer loop
      vertex 16.0981 29.2 74.5
      vertex 15.8801 30.8 74.1737
      vertex 16.0981 30.8 74.5
    endloop
  endfacet
  facet normal 0.831501 0 -0.555523
    outer loop
      vertex 15.8801 30.8 74.1737
      vertex 16.0981 29.2 74.5
      vertex 15.8801 29.2 74.1737
    endloop
  endfacet
  facet normal 0.44211 0 -0.896961
    outer loop
      vertex 14.648 29.2 73.2284
      vertex 15 30.8 73.4019
      vertex 15 29.2 73.4019
    endloop
  endfacet
  facet normal 0.44211 0 -0.896961
    outer loop
      vertex 15 30.8 73.4019
      vertex 14.648 29.2 73.2284
      vertex 14.648 30.8 73.2284
    endloop
  endfacet
  facet normal -0.997853 0 -0.0654873
    outer loop
      vertex 10.5257 29.2 75.6084
      vertex 10.5 30.8 76
      vertex 10.5257 30.8 75.6084
    endloop
  endfacet
  facet normal -0.997853 -0 -0.0654873
    outer loop
      vertex 10.5 30.8 76
      vertex 10.5257 29.2 75.6084
      vertex 10.5 29.2 76
    endloop
  endfacet
  facet normal 0.19494 0 0.980815
    outer loop
      vertex 13.8916 30.8 78.9743
      vertex 14.2765 29.2 78.8978
      vertex 14.2765 30.8 78.8978
    endloop
  endfacet
  facet normal 0.19494 0 0.980815
    outer loop
      vertex 14.2765 29.2 78.8978
      vertex 13.8916 30.8 78.9743
      vertex 13.8916 29.2 78.9743
    endloop
  endfacet
  facet normal 0.555523 0 -0.831501
    outer loop
      vertex 15 29.2 73.4019
      vertex 15.3263 30.8 73.6199
      vertex 15.3263 29.2 73.6199
    endloop
  endfacet
  facet normal 0.555523 0 -0.831501
    outer loop
      vertex 15.3263 30.8 73.6199
      vertex 15 29.2 73.4019
      vertex 15 30.8 73.4019
    endloop
  endfacet
  facet normal 0.980815 -0 0.19494
    outer loop
      vertex 16.3978 29.2 76.7765
      vertex 16.4743 30.8 76.3916
      vertex 16.3978 30.8 76.7765
    endloop
  endfacet
  facet normal 0.980815 0 0.19494
    outer loop
      vertex 16.4743 30.8 76.3916
      vertex 16.3978 29.2 76.7765
      vertex 16.4743 29.2 76.3916
    endloop
  endfacet
  facet normal 0.0654873 0 -0.997853
    outer loop
      vertex 13.5 29.2 73
      vertex 13.8916 30.8 73.0257
      vertex 13.8916 29.2 73.0257
    endloop
  endfacet
  facet normal 0.0654873 0 -0.997853
    outer loop
      vertex 13.8916 30.8 73.0257
      vertex 13.5 29.2 73
      vertex 13.5 30.8 73
    endloop
  endfacet
  facet normal -0.659478 0 -0.751724
    outer loop
      vertex 11.3787 29.2 73.8787
      vertex 11.6737 30.8 73.6199
      vertex 11.6737 29.2 73.6199
    endloop
  endfacet
  facet normal -0.659478 0 -0.751724
    outer loop
      vertex 11.6737 30.8 73.6199
      vertex 11.3787 29.2 73.8787
      vertex 11.3787 30.8 73.8787
    endloop
  endfacet
  facet normal -0.831501 0 0.555523
    outer loop
      vertex 10.9019 29.2 77.5
      vertex 11.1199 30.8 77.8263
      vertex 10.9019 30.8 77.5
    endloop
  endfacet
  facet normal -0.831501 0 0.555523
    outer loop
      vertex 11.1199 30.8 77.8263
      vertex 10.9019 29.2 77.5
      vertex 11.1199 29.2 77.8263
    endloop
  endfacet
  facet normal -0.19494 0 -0.980815
    outer loop
      vertex 12.7235 29.2 73.1022
      vertex 13.1084 30.8 73.0257
      vertex 13.1084 29.2 73.0257
    endloop
  endfacet
  facet normal -0.19494 0 -0.980815
    outer loop
      vertex 13.1084 30.8 73.0257
      vertex 12.7235 29.2 73.1022
      vertex 12.7235 30.8 73.1022
    endloop
  endfacet
  facet normal 0.0654873 0 0.997853
    outer loop
      vertex 13.5 30.8 79
      vertex 13.8916 29.2 78.9743
      vertex 13.8916 30.8 78.9743
    endloop
  endfacet
  facet normal 0.0654873 0 0.997853
    outer loop
      vertex 13.8916 29.2 78.9743
      vertex 13.5 30.8 79
      vertex 13.5 29.2 79
    endloop
  endfacet
  facet normal -0.980815 0 0.19494
    outer loop
      vertex 10.5257 29.2 76.3916
      vertex 10.6022 30.8 76.7765
      vertex 10.5257 30.8 76.3916
    endloop
  endfacet
  facet normal -0.980815 0 0.19494
    outer loop
      vertex 10.6022 30.8 76.7765
      vertex 10.5257 29.2 76.3916
      vertex 10.6022 29.2 76.7765
    endloop
  endfacet
  facet normal 0.555523 0 0.831501
    outer loop
      vertex 15 30.8 78.5981
      vertex 15.3263 29.2 78.3801
      vertex 15.3263 30.8 78.3801
    endloop
  endfacet
  facet normal 0.555523 0 0.831501
    outer loop
      vertex 15.3263 29.2 78.3801
      vertex 15 30.8 78.5981
      vertex 15 29.2 78.5981
    endloop
  endfacet
  facet normal 0.659478 0 0.751724
    outer loop
      vertex 15.3263 30.8 78.3801
      vertex 15.6213 29.2 78.1213
      vertex 15.6213 30.8 78.1213
    endloop
  endfacet
  facet normal 0.659478 0 0.751724
    outer loop
      vertex 15.6213 29.2 78.1213
      vertex 15.3263 30.8 78.3801
      vertex 15.3263 29.2 78.3801
    endloop
  endfacet
  facet normal 0.831501 -0 0.555523
    outer loop
      vertex 15.8801 29.2 77.8263
      vertex 16.0981 30.8 77.5
      vertex 15.8801 30.8 77.8263
    endloop
  endfacet
  facet normal 0.831501 0 0.555523
    outer loop
      vertex 16.0981 30.8 77.5
      vertex 15.8801 29.2 77.8263
      vertex 16.0981 29.2 77.5
    endloop
  endfacet
  facet normal 0.19494 0 -0.980815
    outer loop
      vertex 13.8916 29.2 73.0257
      vertex 14.2765 30.8 73.1022
      vertex 14.2765 29.2 73.1022
    endloop
  endfacet
  facet normal 0.19494 0 -0.980815
    outer loop
      vertex 14.2765 30.8 73.1022
      vertex 13.8916 29.2 73.0257
      vertex 13.8916 30.8 73.0257
    endloop
  endfacet
  facet normal -0.896961 0 -0.44211
    outer loop
      vertex 10.9019 29.2 74.5
      vertex 10.7284 30.8 74.852
      vertex 10.9019 30.8 74.5
    endloop
  endfacet
  facet normal -0.896961 -0 -0.44211
    outer loop
      vertex 10.7284 30.8 74.852
      vertex 10.9019 29.2 74.5
      vertex 10.7284 29.2 74.852
    endloop
  endfacet
  facet normal -0.555523 0 -0.831501
    outer loop
      vertex 11.6737 29.2 73.6199
      vertex 12 30.8 73.4019
      vertex 12 29.2 73.4019
    endloop
  endfacet
  facet normal -0.555523 0 -0.831501
    outer loop
      vertex 12 30.8 73.4019
      vertex 11.6737 29.2 73.6199
      vertex 11.6737 30.8 73.6199
    endloop
  endfacet
  facet normal 0.751724 0 -0.659478
    outer loop
      vertex 15.8801 29.2 74.1737
      vertex 15.6213 30.8 73.8787
      vertex 15.8801 30.8 74.1737
    endloop
  endfacet
  facet normal 0.751724 0 -0.659478
    outer loop
      vertex 15.6213 30.8 73.8787
      vertex 15.8801 29.2 74.1737
      vertex 15.6213 29.2 73.8787
    endloop
  endfacet
  facet normal 0.946858 0 -0.321651
    outer loop
      vertex 16.3978 29.2 75.2235
      vertex 16.2716 30.8 74.852
      vertex 16.3978 30.8 75.2235
    endloop
  endfacet
  facet normal 0.946858 0 -0.321651
    outer loop
      vertex 16.2716 30.8 74.852
      vertex 16.3978 29.2 75.2235
      vertex 16.2716 29.2 74.852
    endloop
  endfacet
  facet normal -0.442211 0 -0.896911
    outer loop
      vertex 12 29.2 73.4019
      vertex 12.3519 30.8 73.2284
      vertex 12.3519 29.2 73.2284
    endloop
  endfacet
  facet normal -0.442211 0 -0.896911
    outer loop
      vertex 12.3519 30.8 73.2284
      vertex 12 29.2 73.4019
      vertex 12 30.8 73.4019
    endloop
  endfacet
  facet normal -0.442211 0 0.896911
    outer loop
      vertex 12 30.8 78.5981
      vertex 12.3519 29.2 78.7716
      vertex 12.3519 30.8 78.7716
    endloop
  endfacet
  facet normal -0.442211 0 0.896911
    outer loop
      vertex 12.3519 29.2 78.7716
      vertex 12 30.8 78.5981
      vertex 12 29.2 78.5981
    endloop
  endfacet
  facet normal -0.831501 0 -0.555523
    outer loop
      vertex 11.1199 29.2 74.1737
      vertex 10.9019 30.8 74.5
      vertex 11.1199 30.8 74.1737
    endloop
  endfacet
  facet normal -0.831501 -0 -0.555523
    outer loop
      vertex 10.9019 30.8 74.5
      vertex 11.1199 29.2 74.1737
      vertex 10.9019 29.2 74.5
    endloop
  endfacet
  facet normal -0.0654873 0 -0.997853
    outer loop
      vertex 13.1084 29.2 73.0257
      vertex 13.5 30.8 73
      vertex 13.5 29.2 73
    endloop
  endfacet
  facet normal -0.0654873 0 -0.997853
    outer loop
      vertex 13.5 30.8 73
      vertex 13.1084 29.2 73.0257
      vertex 13.1084 30.8 73.0257
    endloop
  endfacet
  facet normal 0 1 0
    outer loop
      vertex 13.5 30.8 77.155
      vertex 13.5 30.8 79
      vertex 13.8916 30.8 78.9743
    endloop
  endfacet
  facet normal 0 1 0
    outer loop
      vertex 13.6508 30.8 77.1451
      vertex 13.8916 30.8 78.9743
      vertex 14.2765 30.8 78.8978
    endloop
  endfacet
  facet normal 0 1 0
    outer loop
      vertex 13.5 30.8 79
      vertex 13.5 30.8 77.155
      vertex 13.1084 30.8 78.9743
    endloop
  endfacet
  facet normal 0 1 0
    outer loop
      vertex 13.7989 30.8 77.1156
      vertex 14.2765 30.8 78.8978
      vertex 14.648 30.8 78.7716
    endloop
  endfacet
  facet normal 0 1 -0
    outer loop
      vertex 13.3492 30.8 77.1451
      vertex 13.1084 30.8 78.9743
      vertex 13.5 30.8 77.155
    endloop
  endfacet
  facet normal 0 1 0
    outer loop
      vertex 13.942 30.8 77.0671
      vertex 14.648 30.8 78.7716
      vertex 15 30.8 78.5981
    endloop
  endfacet
  facet normal 0 1 0
    outer loop
      vertex 13.1084 30.8 78.9743
      vertex 13.3492 30.8 77.1451
      vertex 12.7235 30.8 78.8978
    endloop
  endfacet
  facet normal 0 1 0
    outer loop
      vertex 14.0775 30.8 77.0003
      vertex 15 30.8 78.5981
      vertex 15.3263 30.8 78.3801
    endloop
  endfacet
  facet normal 0 1 -0
    outer loop
      vertex 13.2011 30.8 77.1156
      vertex 12.7235 30.8 78.8978
      vertex 13.3492 30.8 77.1451
    endloop
  endfacet
  facet normal 0 1 0
    outer loop
      vertex 14.2031 30.8 76.9163
      vertex 15.3263 30.8 78.3801
      vertex 15.6213 30.8 78.1213
    endloop
  endfacet
  facet normal 0 1 0
    outer loop
      vertex 12.7235 30.8 78.8978
      vertex 13.2011 30.8 77.1156
      vertex 12.3519 30.8 78.7716
    endloop
  endfacet
  facet normal 0 1 0
    outer loop
      vertex 14.3167 30.8 76.8167
      vertex 15.6213 30.8 78.1213
      vertex 15.8801 30.8 77.8263
    endloop
  endfacet
  facet normal 0 1 -0
    outer loop
      vertex 13.058 30.8 77.0671
      vertex 12.3519 30.8 78.7716
      vertex 13.2011 30.8 77.1156
    endloop
  endfacet
  facet normal 0 1 0
    outer loop
      vertex 14.4163 30.8 76.7031
      vertex 15.8801 30.8 77.8263
      vertex 16.0981 30.8 77.5
    endloop
  endfacet
  facet normal 0 1 0
    outer loop
      vertex 12.3519 30.8 78.7716
      vertex 13.058 30.8 77.0671
      vertex 12 30.8 78.5981
    endloop
  endfacet
  facet normal 0 1 -0
    outer loop
      vertex 12.9225 30.8 77.0003
      vertex 12 30.8 78.5981
      vertex 13.058 30.8 77.0671
    endloop
  endfacet
  facet normal 0 1 0
    outer loop
      vertex 14.5003 30.8 76.5775
      vertex 16.0981 30.8 77.5
      vertex 16.2716 30.8 77.148
    endloop
  endfacet
  facet normal 0 1 0
    outer loop
      vertex 13.8916 30.8 78.9743
      vertex 13.6508 30.8 77.1451
      vertex 13.5 30.8 77.155
    endloop
  endfacet
  facet normal 0 1 0
    outer loop
      vertex 14.2765 30.8 78.8978
      vertex 13.7989 30.8 77.1156
      vertex 13.6508 30.8 77.1451
    endloop
  endfacet
  facet normal 0 1 0
    outer loop
      vertex 14.648 30.8 78.7716
      vertex 13.942 30.8 77.0671
      vertex 13.7989 30.8 77.1156
    endloop
  endfacet
  facet normal 0 1 0
    outer loop
      vertex 15 30.8 78.5981
      vertex 14.0775 30.8 77.0003
      vertex 13.942 30.8 77.0671
    endloop
  endfacet
  facet normal 0 1 0
    outer loop
      vertex 15.3263 30.8 78.3801
      vertex 14.2031 30.8 76.9163
      vertex 14.0775 30.8 77.0003
    endloop
  endfacet
  facet normal 0 1 0
    outer loop
      vertex 15.6213 30.8 78.1213
      vertex 14.3167 30.8 76.8167
      vertex 14.2031 30.8 76.9163
    endloop
  endfacet
  facet normal 0 1 0
    outer loop
      vertex 14.5671 30.8 76.442
      vertex 16.2716 30.8 77.148
      vertex 16.3978 30.8 76.7765
    endloop
  endfacet
  facet normal 0 1 0
    outer loop
      vertex 15.8801 30.8 77.8263
      vertex 14.4163 30.8 76.7031
      vertex 14.3167 30.8 76.8167
    endloop
  endfacet
  facet normal 0 1 0
    outer loop
      vertex 16.0981 30.8 77.5
      vertex 14.5003 30.8 76.5775
      vertex 14.4163 30.8 76.7031
    endloop
  endfacet
  facet normal 0 1 0
    outer loop
      vertex 16.2716 30.8 77.148
      vertex 14.5671 30.8 76.442
      vertex 14.5003 30.8 76.5775
    endloop
  endfacet
  facet normal 0 1 0
    outer loop
      vertex 14.6156 30.8 76.2989
      vertex 16.3978 30.8 76.7765
      vertex 16.4743 30.8 76.3916
    endloop
  endfacet
  facet normal 0 1 0
    outer loop
      vertex 16.3978 30.8 76.7765
      vertex 14.6156 30.8 76.2989
      vertex 14.5671 30.8 76.442
    endloop
  endfacet
  facet normal 0 1 0
    outer loop
      vertex 16.4743 30.8 76.3916
      vertex 14.6451 30.8 76.1508
      vertex 14.6156 30.8 76.2989
    endloop
  endfacet
  facet normal 0 1 0
    outer loop
      vertex 16.5 30.8 76
      vertex 14.6451 30.8 76.1508
      vertex 16.4743 30.8 76.3916
    endloop
  endfacet
  facet normal 0 1 0
    outer loop
      vertex 16.5 30.8 76
      vertex 14.655 30.8 76
      vertex 14.6451 30.8 76.1508
    endloop
  endfacet
  facet normal 0 1 0
    outer loop
      vertex 16.5 30.8 76
      vertex 14.6451 30.8 75.8492
      vertex 14.655 30.8 76
    endloop
  endfacet
  facet normal 0 1 -0
    outer loop
      vertex 16.4743 30.8 75.6084
      vertex 14.6451 30.8 75.8492
      vertex 16.5 30.8 76
    endloop
  endfacet
  facet normal 0 1 0
    outer loop
      vertex 14.6451 30.8 75.8492
      vertex 16.4743 30.8 75.6084
      vertex 14.6156 30.8 75.7011
    endloop
  endfacet
  facet normal 0 1 -0
    outer loop
      vertex 16.3978 30.8 75.2235
      vertex 14.6156 30.8 75.7011
      vertex 16.4743 30.8 75.6084
    endloop
  endfacet
  facet normal 0 1 0
    outer loop
      vertex 14.6156 30.8 75.7011
      vertex 16.3978 30.8 75.2235
      vertex 14.5671 30.8 75.558
    endloop
  endfacet
  facet normal 0 1 -0
    outer loop
      vertex 16.2716 30.8 74.852
      vertex 14.5671 30.8 75.558
      vertex 16.3978 30.8 75.2235
    endloop
  endfacet
  facet normal 0 1 0
    outer loop
      vertex 14.5671 30.8 75.558
      vertex 16.2716 30.8 74.852
      vertex 14.5003 30.8 75.4225
    endloop
  endfacet
  facet normal 0 1 -0
    outer loop
      vertex 16.0981 30.8 74.5
      vertex 14.5003 30.8 75.4225
      vertex 16.2716 30.8 74.852
    endloop
  endfacet
  facet normal 0 1 0
    outer loop
      vertex 14.5003 30.8 75.4225
      vertex 16.0981 30.8 74.5
      vertex 14.4163 30.8 75.2969
    endloop
  endfacet
  facet normal 0 1 -0
    outer loop
      vertex 15.8801 30.8 74.1737
      vertex 14.4163 30.8 75.2969
      vertex 16.0981 30.8 74.5
    endloop
  endfacet
  facet normal 0 1 0
    outer loop
      vertex 14.4163 30.8 75.2969
      vertex 15.8801 30.8 74.1737
      vertex 14.3167 30.8 75.1833
    endloop
  endfacet
  facet normal 0 1 -0
    outer loop
      vertex 15.6213 30.8 73.8787
      vertex 14.3167 30.8 75.1833
      vertex 15.8801 30.8 74.1737
    endloop
  endfacet
  facet normal 0 1 0
    outer loop
      vertex 14.3167 30.8 75.1833
      vertex 15.6213 30.8 73.8787
      vertex 14.2031 30.8 75.0837
    endloop
  endfacet
  facet normal 0 1 -0
    outer loop
      vertex 15.3263 30.8 73.6199
      vertex 14.2031 30.8 75.0837
      vertex 15.6213 30.8 73.8787
    endloop
  endfacet
  facet normal 0 1 0
    outer loop
      vertex 14.2031 30.8 75.0837
      vertex 15.3263 30.8 73.6199
      vertex 14.0775 30.8 74.9997
    endloop
  endfacet
  facet normal 0 1 -0
    outer loop
      vertex 15 30.8 73.4019
      vertex 14.0775 30.8 74.9997
      vertex 15.3263 30.8 73.6199
    endloop
  endfacet
  facet normal 0 1 0
    outer loop
      vertex 12 30.8 78.5981
      vertex 12.9225 30.8 77.0003
      vertex 11.6737 30.8 78.3801
    endloop
  endfacet
  facet normal 0 1 -0
    outer loop
      vertex 12.7969 30.8 76.9163
      vertex 11.6737 30.8 78.3801
      vertex 12.9225 30.8 77.0003
    endloop
  endfacet
  facet normal 0 1 0
    outer loop
      vertex 11.6737 30.8 78.3801
      vertex 12.7969 30.8 76.9163
      vertex 11.3787 30.8 78.1213
    endloop
  endfacet
  facet normal 0 1 -0
    outer loop
      vertex 12.6833 30.8 76.8167
      vertex 11.3787 30.8 78.1213
      vertex 12.7969 30.8 76.9163
    endloop
  endfacet
  facet normal 0 1 0
    outer loop
      vertex 11.3787 30.8 78.1213
      vertex 12.6833 30.8 76.8167
      vertex 11.1199 30.8 77.8263
    endloop
  endfacet
  facet normal 0 1 -0
    outer loop
      vertex 12.5837 30.8 76.7031
      vertex 11.1199 30.8 77.8263
      vertex 12.6833 30.8 76.8167
    endloop
  endfacet
  facet normal 0 1 0
    outer loop
      vertex 11.1199 30.8 77.8263
      vertex 12.5837 30.8 76.7031
      vertex 10.9019 30.8 77.5
    endloop
  endfacet
  facet normal 0 1 -0
    outer loop
      vertex 12.4997 30.8 76.5775
      vertex 10.9019 30.8 77.5
      vertex 12.5837 30.8 76.7031
    endloop
  endfacet
  facet normal 0 1 0
    outer loop
      vertex 10.9019 30.8 77.5
      vertex 12.4997 30.8 76.5775
      vertex 10.7284 30.8 77.148
    endloop
  endfacet
  facet normal 0 1 -0
    outer loop
      vertex 12.4329 30.8 76.442
      vertex 10.7284 30.8 77.148
      vertex 12.4997 30.8 76.5775
    endloop
  endfacet
  facet normal 0 1 0
    outer loop
      vertex 10.7284 30.8 77.148
      vertex 12.4329 30.8 76.442
      vertex 10.6022 30.8 76.7765
    endloop
  endfacet
  facet normal 0 1 -0
    outer loop
      vertex 12.3844 30.8 76.2989
      vertex 10.6022 30.8 76.7765
      vertex 12.4329 30.8 76.442
    endloop
  endfacet
  facet normal 0 1 0
    outer loop
      vertex 10.6022 30.8 76.7765
      vertex 12.3844 30.8 76.2989
      vertex 10.5257 30.8 76.3916
    endloop
  endfacet
  facet normal 0 1 -0
    outer loop
      vertex 12.3549 30.8 76.1508
      vertex 10.5257 30.8 76.3916
      vertex 12.3844 30.8 76.2989
    endloop
  endfacet
  facet normal 0 1 -0
    outer loop
      vertex 12.345 30.8 76
      vertex 10.5257 30.8 76.3916
      vertex 12.3549 30.8 76.1508
    endloop
  endfacet
  facet normal 0 1 0
    outer loop
      vertex 12.345 30.8 76
      vertex 10.5 30.8 76
      vertex 10.5257 30.8 76.3916
    endloop
  endfacet
  facet normal 0 1 0
    outer loop
      vertex 12.3549 30.8 75.8492
      vertex 10.5 30.8 76
      vertex 12.345 30.8 76
    endloop
  endfacet
  facet normal 0 1 0
    outer loop
      vertex 10.5257 30.8 75.6084
      vertex 12.3549 30.8 75.8492
      vertex 12.3844 30.8 75.7011
    endloop
  endfacet
  facet normal 0 1 0
    outer loop
      vertex 12.3549 30.8 75.8492
      vertex 10.5257 30.8 75.6084
      vertex 10.5 30.8 76
    endloop
  endfacet
  facet normal 0 1 0
    outer loop
      vertex 10.6022 30.8 75.2235
      vertex 12.3844 30.8 75.7011
      vertex 12.4329 30.8 75.558
    endloop
  endfacet
  facet normal 0 1 0
    outer loop
      vertex 10.7284 30.8 74.852
      vertex 12.4329 30.8 75.558
      vertex 12.4997 30.8 75.4225
    endloop
  endfacet
  facet normal 0 1 0
    outer loop
      vertex 10.9019 30.8 74.5
      vertex 12.4997 30.8 75.4225
      vertex 12.5837 30.8 75.2969
    endloop
  endfacet
  facet normal 0 1 0
    outer loop
      vertex 12.3844 30.8 75.7011
      vertex 10.6022 30.8 75.2235
      vertex 10.5257 30.8 75.6084
    endloop
  endfacet
  facet normal 0 1 0
    outer loop
      vertex 11.1199 30.8 74.1737
      vertex 12.5837 30.8 75.2969
      vertex 12.6833 30.8 75.1833
    endloop
  endfacet
  facet normal 0 1 0
    outer loop
      vertex 11.3787 30.8 73.8787
      vertex 12.6833 30.8 75.1833
      vertex 12.7969 30.8 75.0837
    endloop
  endfacet
  facet normal 0 1 0
    outer loop
      vertex 11.6737 30.8 73.6199
      vertex 12.7969 30.8 75.0837
      vertex 12.9225 30.8 74.9997
    endloop
  endfacet
  facet normal 0 1 0
    outer loop
      vertex 12 30.8 73.4019
      vertex 12.9225 30.8 74.9997
      vertex 13.058 30.8 74.9329
    endloop
  endfacet
  facet normal 0 1 0
    outer loop
      vertex 12.3519 30.8 73.2284
      vertex 13.058 30.8 74.9329
      vertex 13.2011 30.8 74.8844
    endloop
  endfacet
  facet normal 0 1 0
    outer loop
      vertex 12.7235 30.8 73.1022
      vertex 13.2011 30.8 74.8844
      vertex 13.3492 30.8 74.8549
    endloop
  endfacet
  facet normal 0 1 0
    outer loop
      vertex 12.4329 30.8 75.558
      vertex 10.7284 30.8 74.852
      vertex 10.6022 30.8 75.2235
    endloop
  endfacet
  facet normal 0 1 0
    outer loop
      vertex 13.1084 30.8 73.0257
      vertex 13.3492 30.8 74.8549
      vertex 13.5 30.8 74.845
    endloop
  endfacet
  facet normal 0 1 0
    outer loop
      vertex 14.0775 30.8 74.9997
      vertex 15 30.8 73.4019
      vertex 13.942 30.8 74.9329
    endloop
  endfacet
  facet normal 0 1 0
    outer loop
      vertex 12.4997 30.8 75.4225
      vertex 10.9019 30.8 74.5
      vertex 10.7284 30.8 74.852
    endloop
  endfacet
  facet normal 0 1 -0
    outer loop
      vertex 14.648 30.8 73.2284
      vertex 13.942 30.8 74.9329
      vertex 15 30.8 73.4019
    endloop
  endfacet
  facet normal 0 1 0
    outer loop
      vertex 12.5837 30.8 75.2969
      vertex 11.1199 30.8 74.1737
      vertex 10.9019 30.8 74.5
    endloop
  endfacet
  facet normal 0 1 0
    outer loop
      vertex 13.942 30.8 74.9329
      vertex 14.648 30.8 73.2284
      vertex 13.7989 30.8 74.8844
    endloop
  endfacet
  facet normal 0 1 0
    outer loop
      vertex 12.6833 30.8 75.1833
      vertex 11.3787 30.8 73.8787
      vertex 11.1199 30.8 74.1737
    endloop
  endfacet
  facet normal 0 1 -0
    outer loop
      vertex 14.2765 30.8 73.1022
      vertex 13.7989 30.8 74.8844
      vertex 14.648 30.8 73.2284
    endloop
  endfacet
  facet normal 0 1 0
    outer loop
      vertex 12.7969 30.8 75.0837
      vertex 11.6737 30.8 73.6199
      vertex 11.3787 30.8 73.8787
    endloop
  endfacet
  facet normal 0 1 0
    outer loop
      vertex 13.7989 30.8 74.8844
      vertex 14.2765 30.8 73.1022
      vertex 13.6508 30.8 74.8549
    endloop
  endfacet
  facet normal 0 1 0
    outer loop
      vertex 12.9225 30.8 74.9997
      vertex 12 30.8 73.4019
      vertex 11.6737 30.8 73.6199
    endloop
  endfacet
  facet normal 0 1 -0
    outer loop
      vertex 13.8916 30.8 73.0257
      vertex 13.6508 30.8 74.8549
      vertex 14.2765 30.8 73.1022
    endloop
  endfacet
  facet normal 0 1 0
    outer loop
      vertex 13.058 30.8 74.9329
      vertex 12.3519 30.8 73.2284
      vertex 12 30.8 73.4019
    endloop
  endfacet
  facet normal 0 1 0
    outer loop
      vertex 13.6508 30.8 74.8549
      vertex 13.8916 30.8 73.0257
      vertex 13.5 30.8 74.845
    endloop
  endfacet
  facet normal 0 1 0
    outer loop
      vertex 13.2011 30.8 74.8844
      vertex 12.7235 30.8 73.1022
      vertex 12.3519 30.8 73.2284
    endloop
  endfacet
  facet normal 0 1 0
    outer loop
      vertex 13.5 30.8 73
      vertex 13.5 30.8 74.845
      vertex 13.8916 30.8 73.0257
    endloop
  endfacet
  facet normal 0 1 0
    outer loop
      vertex 13.3492 30.8 74.8549
      vertex 13.1084 30.8 73.0257
      vertex 12.7235 30.8 73.1022
    endloop
  endfacet
  facet normal 0 1 0
    outer loop
      vertex 13.5 30.8 74.845
      vertex 13.5 30.8 73
      vertex 13.1084 30.8 73.0257
    endloop
  endfacet
  facet normal -0.19494 0 0.980815
    outer loop
      vertex 12.7235 30.8 78.8978
      vertex 13.1084 29.2 78.9743
      vertex 13.1084 30.8 78.9743
    endloop
  endfacet
  facet normal -0.19494 0 0.980815
    outer loop
      vertex 13.1084 29.2 78.9743
      vertex 12.7235 30.8 78.8978
      vertex 12.7235 29.2 78.8978
    endloop
  endfacet
  facet normal -0.659478 0 0.751724
    outer loop
      vertex 11.3787 30.8 78.1213
      vertex 11.6737 29.2 78.3801
      vertex 11.6737 30.8 78.3801
    endloop
  endfacet
  facet normal -0.659478 0 0.751724
    outer loop
      vertex 11.6737 29.2 78.3801
      vertex 11.3787 30.8 78.1213
      vertex 11.3787 29.2 78.1213
    endloop
  endfacet
  facet normal 0.980815 0 -0.19494
    outer loop
      vertex 65.4743 29.2 17.6084
      vertex 65.3978 30.8 17.2235
      vertex 65.4743 30.8 17.6084
    endloop
  endfacet
  facet normal 0.980815 0 -0.19494
    outer loop
      vertex 65.3978 30.8 17.2235
      vertex 65.4743 29.2 17.6084
      vertex 65.3978 29.2 17.2235
    endloop
  endfacet
  facet normal 0.997853 0 -0.0654873
    outer loop
      vertex 65.5 29.2 18
      vertex 65.4743 30.8 17.6084
      vertex 65.5 30.8 18
    endloop
  endfacet
  facet normal 0.997853 0 -0.0654873
    outer loop
      vertex 65.4743 30.8 17.6084
      vertex 65.5 29.2 18
      vertex 65.4743 29.2 17.6084
    endloop
  endfacet
  facet normal -0.896961 0 0.44211
    outer loop
      vertex 59.7284 29.2 19.148
      vertex 59.9019 30.8 19.5
      vertex 59.7284 30.8 19.148
    endloop
  endfacet
  facet normal -0.896961 0 0.44211
    outer loop
      vertex 59.9019 30.8 19.5
      vertex 59.7284 29.2 19.148
      vertex 59.9019 29.2 19.5
    endloop
  endfacet
  facet normal -0.555523 0 0.831501
    outer loop
      vertex 60.6737 30.8 20.3801
      vertex 61 29.2 20.5981
      vertex 61 30.8 20.5981
    endloop
  endfacet
  facet normal -0.555523 0 0.831501
    outer loop
      vertex 61 29.2 20.5981
      vertex 60.6737 30.8 20.3801
      vertex 60.6737 29.2 20.3801
    endloop
  endfacet
  facet normal 0.946858 -0 0.321651
    outer loop
      vertex 65.2716 29.2 19.148
      vertex 65.3978 30.8 18.7765
      vertex 65.2716 30.8 19.148
    endloop
  endfacet
  facet normal 0.946858 0 0.321651
    outer loop
      vertex 65.3978 30.8 18.7765
      vertex 65.2716 29.2 19.148
      vertex 65.3978 29.2 18.7765
    endloop
  endfacet
  facet normal 0.997853 -0 0.0654873
    outer loop
      vertex 65.4743 29.2 18.3916
      vertex 65.5 30.8 18
      vertex 65.4743 30.8 18.3916
    endloop
  endfacet
  facet normal 0.997853 0 0.0654873
    outer loop
      vertex 65.5 30.8 18
      vertex 65.4743 29.2 18.3916
      vertex 65.5 29.2 18
    endloop
  endfacet
  facet normal 0.896911 0 -0.442211
    outer loop
      vertex 65.2716 29.2 16.8519
      vertex 65.0981 30.8 16.5
      vertex 65.2716 30.8 16.8519
    endloop
  endfacet
  facet normal 0.896911 0 -0.442211
    outer loop
      vertex 65.0981 30.8 16.5
      vertex 65.2716 29.2 16.8519
      vertex 65.0981 29.2 16.5
    endloop
  endfacet
  facet normal -0.321651 0 0.946858
    outer loop
      vertex 61.352 30.8 20.7716
      vertex 61.7235 29.2 20.8978
      vertex 61.7235 30.8 20.8978
    endloop
  endfacet
  facet normal -0.321651 0 0.946858
    outer loop
      vertex 61.7235 29.2 20.8978
      vertex 61.352 30.8 20.7716
      vertex 61.352 29.2 20.7716
    endloop
  endfacet
  facet normal 0.659478 0 -0.751724
    outer loop
      vertex 64.3263 29.2 15.6199
      vertex 64.6213 30.8 15.8787
      vertex 64.6213 29.2 15.8787
    endloop
  endfacet
  facet normal 0.659478 0 -0.751724
    outer loop
      vertex 64.6213 30.8 15.8787
      vertex 64.3263 29.2 15.6199
      vertex 64.3263 30.8 15.6199
    endloop
  endfacet
  facet normal 0.321651 0 -0.946858
    outer loop
      vertex 63.2765 29.2 15.1022
      vertex 63.648 30.8 15.2284
      vertex 63.648 29.2 15.2284
    endloop
  endfacet
  facet normal 0.321651 0 -0.946858
    outer loop
      vertex 63.648 30.8 15.2284
      vertex 63.2765 29.2 15.1022
      vertex 63.2765 30.8 15.1022
    endloop
  endfacet
  facet normal -0.321651 0 -0.946858
    outer loop
      vertex 61.352 29.2 15.2284
      vertex 61.7235 30.8 15.1022
      vertex 61.7235 29.2 15.1022
    endloop
  endfacet
  facet normal -0.321651 0 -0.946858
    outer loop
      vertex 61.7235 30.8 15.1022
      vertex 61.352 29.2 15.2284
      vertex 61.352 30.8 15.2284
    endloop
  endfacet
  facet normal 0.659478 0 0.751724
    outer loop
      vertex 64.3263 30.8 20.3801
      vertex 64.6213 29.2 20.1213
      vertex 64.6213 30.8 20.1213
    endloop
  endfacet
  facet normal 0.659478 0 0.751724
    outer loop
      vertex 64.6213 29.2 20.1213
      vertex 64.3263 30.8 20.3801
      vertex 64.3263 29.2 20.3801
    endloop
  endfacet
  facet normal 0.896961 -0 0.44211
    outer loop
      vertex 65.0981 29.2 19.5
      vertex 65.2716 30.8 19.148
      vertex 65.0981 30.8 19.5
    endloop
  endfacet
  facet normal 0.896961 0 0.44211
    outer loop
      vertex 65.2716 30.8 19.148
      vertex 65.0981 29.2 19.5
      vertex 65.2716 29.2 19.148
    endloop
  endfacet
  facet normal -0.946858 0 0.321651
    outer loop
      vertex 59.6022 29.2 18.7765
      vertex 59.7284 30.8 19.148
      vertex 59.6022 30.8 18.7765
    endloop
  endfacet
  facet normal -0.946858 0 0.321651
    outer loop
      vertex 59.7284 30.8 19.148
      vertex 59.6022 29.2 18.7765
      vertex 59.7284 29.2 19.148
    endloop
  endfacet
  facet normal -0.946885 0 -0.321574
    outer loop
      vertex 59.7284 29.2 16.8519
      vertex 59.6022 30.8 17.2235
      vertex 59.7284 30.8 16.8519
    endloop
  endfacet
  facet normal -0.946885 -0 -0.321574
    outer loop
      vertex 59.6022 30.8 17.2235
      vertex 59.7284 29.2 16.8519
      vertex 59.6022 29.2 17.2235
    endloop
  endfacet
  facet normal 0.44211 0 0.896961
    outer loop
      vertex 63.648 30.8 20.7716
      vertex 64 29.2 20.5981
      vertex 64 30.8 20.5981
    endloop
  endfacet
  facet normal 0.44211 0 0.896961
    outer loop
      vertex 64 29.2 20.5981
      vertex 63.648 30.8 20.7716
      vertex 63.648 29.2 20.7716
    endloop
  endfacet
  facet normal -0.997853 0 0.0654873
    outer loop
      vertex 59.5 29.2 18
      vertex 59.5257 30.8 18.3916
      vertex 59.5 30.8 18
    endloop
  endfacet
  facet normal -0.997853 0 0.0654873
    outer loop
      vertex 59.5257 30.8 18.3916
      vertex 59.5 29.2 18
      vertex 59.5257 29.2 18.3916
    endloop
  endfacet
  facet normal 0.321651 0 0.946858
    outer loop
      vertex 63.2765 30.8 20.8978
      vertex 63.648 29.2 20.7716
      vertex 63.648 30.8 20.7716
    endloop
  endfacet
  facet normal 0.321651 0 0.946858
    outer loop
      vertex 63.648 29.2 20.7716
      vertex 63.2765 30.8 20.8978
      vertex 63.2765 29.2 20.8978
    endloop
  endfacet
  facet normal -0.980815 0 -0.19494
    outer loop
      vertex 59.6022 29.2 17.2235
      vertex 59.5257 30.8 17.6084
      vertex 59.6022 30.8 17.2235
    endloop
  endfacet
  facet normal -0.980815 -0 -0.19494
    outer loop
      vertex 59.5257 30.8 17.6084
      vertex 59.6022 29.2 17.2235
      vertex 59.5257 29.2 17.6084
    endloop
  endfacet
  facet normal -0.751724 0 0.659478
    outer loop
      vertex 60.1199 29.2 19.8263
      vertex 60.3787 30.8 20.1213
      vertex 60.1199 30.8 19.8263
    endloop
  endfacet
  facet normal -0.751724 0 0.659478
    outer loop
      vertex 60.3787 30.8 20.1213
      vertex 60.1199 29.2 19.8263
      vertex 60.3787 29.2 20.1213
    endloop
  endfacet
  facet normal -0.751724 0 -0.659478
    outer loop
      vertex 60.3787 29.2 15.8787
      vertex 60.1199 30.8 16.1737
      vertex 60.3787 30.8 15.8787
    endloop
  endfacet
  facet normal -0.751724 -0 -0.659478
    outer loop
      vertex 60.1199 30.8 16.1737
      vertex 60.3787 29.2 15.8787
      vertex 60.1199 29.2 16.1737
    endloop
  endfacet
  facet normal -0.0654873 0 0.997853
    outer loop
      vertex 62.1084 30.8 20.9743
      vertex 62.5 29.2 21
      vertex 62.5 30.8 21
    endloop
  endfacet
  facet normal -0.0654873 0 0.997853
    outer loop
      vertex 62.5 29.2 21
      vertex 62.1084 30.8 20.9743
      vertex 62.1084 29.2 20.9743
    endloop
  endfacet
  facet normal 0.751724 -0 0.659478
    outer loop
      vertex 64.6213 29.2 20.1213
      vertex 64.8801 30.8 19.8263
      vertex 64.6213 30.8 20.1213
    endloop
  endfacet
  facet normal 0.751724 0 0.659478
    outer loop
      vertex 64.8801 30.8 19.8263
      vertex 64.6213 29.2 20.1213
      vertex 64.8801 29.2 19.8263
    endloop
  endfacet
  facet normal 0.831501 0 -0.555523
    outer loop
      vertex 65.0981 29.2 16.5
      vertex 64.8801 30.8 16.1737
      vertex 65.0981 30.8 16.5
    endloop
  endfacet
  facet normal 0.831501 0 -0.555523
    outer loop
      vertex 64.8801 30.8 16.1737
      vertex 65.0981 29.2 16.5
      vertex 64.8801 29.2 16.1737
    endloop
  endfacet
  facet normal 0.44211 0 -0.896961
    outer loop
      vertex 63.648 29.2 15.2284
      vertex 64 30.8 15.4019
      vertex 64 29.2 15.4019
    endloop
  endfacet
  facet normal 0.44211 0 -0.896961
    outer loop
      vertex 64 30.8 15.4019
      vertex 63.648 29.2 15.2284
      vertex 63.648 30.8 15.2284
    endloop
  endfacet
  facet normal -0.997853 0 -0.0654873
    outer loop
      vertex 59.5257 29.2 17.6084
      vertex 59.5 30.8 18
      vertex 59.5257 30.8 17.6084
    endloop
  endfacet
  facet normal -0.997853 -0 -0.0654873
    outer loop
      vertex 59.5 30.8 18
      vertex 59.5257 29.2 17.6084
      vertex 59.5 29.2 18
    endloop
  endfacet
  facet normal 0.19494 0 0.980815
    outer loop
      vertex 62.8916 30.8 20.9743
      vertex 63.2765 29.2 20.8978
      vertex 63.2765 30.8 20.8978
    endloop
  endfacet
  facet normal 0.19494 0 0.980815
    outer loop
      vertex 63.2765 29.2 20.8978
      vertex 62.8916 30.8 20.9743
      vertex 62.8916 29.2 20.9743
    endloop
  endfacet
  facet normal 0.555523 0 -0.831501
    outer loop
      vertex 64 29.2 15.4019
      vertex 64.3263 30.8 15.6199
      vertex 64.3263 29.2 15.6199
    endloop
  endfacet
  facet normal 0.555523 0 -0.831501
    outer loop
      vertex 64.3263 30.8 15.6199
      vertex 64 29.2 15.4019
      vertex 64 30.8 15.4019
    endloop
  endfacet
  facet normal 0.980815 -0 0.19494
    outer loop
      vertex 65.3978 29.2 18.7765
      vertex 65.4743 30.8 18.3916
      vertex 65.3978 30.8 18.7765
    endloop
  endfacet
  facet normal 0.980815 0 0.19494
    outer loop
      vertex 65.4743 30.8 18.3916
      vertex 65.3978 29.2 18.7765
      vertex 65.4743 29.2 18.3916
    endloop
  endfacet
  facet normal 0.0654873 0 -0.997853
    outer loop
      vertex 62.5 29.2 15
      vertex 62.8916 30.8 15.0257
      vertex 62.8916 29.2 15.0257
    endloop
  endfacet
  facet normal 0.0654873 0 -0.997853
    outer loop
      vertex 62.8916 30.8 15.0257
      vertex 62.5 29.2 15
      vertex 62.5 30.8 15
    endloop
  endfacet
  facet normal -0.659478 0 -0.751724
    outer loop
      vertex 60.3787 29.2 15.8787
      vertex 60.6737 30.8 15.6199
      vertex 60.6737 29.2 15.6199
    endloop
  endfacet
  facet normal -0.659478 0 -0.751724
    outer loop
      vertex 60.6737 30.8 15.6199
      vertex 60.3787 29.2 15.8787
      vertex 60.3787 30.8 15.8787
    endloop
  endfacet
  facet normal -0.831501 0 0.555523
    outer loop
      vertex 59.9019 29.2 19.5
      vertex 60.1199 30.8 19.8263
      vertex 59.9019 30.8 19.5
    endloop
  endfacet
  facet normal -0.831501 0 0.555523
    outer loop
      vertex 60.1199 30.8 19.8263
      vertex 59.9019 29.2 19.5
      vertex 60.1199 29.2 19.8263
    endloop
  endfacet
  facet normal -0.19494 0 -0.980815
    outer loop
      vertex 61.7235 29.2 15.1022
      vertex 62.1084 30.8 15.0257
      vertex 62.1084 29.2 15.0257
    endloop
  endfacet
  facet normal -0.19494 0 -0.980815
    outer loop
      vertex 62.1084 30.8 15.0257
      vertex 61.7235 29.2 15.1022
      vertex 61.7235 30.8 15.1022
    endloop
  endfacet
  facet normal 0.0654873 0 0.997853
    outer loop
      vertex 62.5 30.8 21
      vertex 62.8916 29.2 20.9743
      vertex 62.8916 30.8 20.9743
    endloop
  endfacet
  facet normal 0.0654873 0 0.997853
    outer loop
      vertex 62.8916 29.2 20.9743
      vertex 62.5 30.8 21
      vertex 62.5 29.2 21
    endloop
  endfacet
  facet normal -0.980815 0 0.19494
    outer loop
      vertex 59.5257 29.2 18.3916
      vertex 59.6022 30.8 18.7765
      vertex 59.5257 30.8 18.3916
    endloop
  endfacet
  facet normal -0.980815 0 0.19494
    outer loop
      vertex 59.6022 30.8 18.7765
      vertex 59.5257 29.2 18.3916
      vertex 59.6022 29.2 18.7765
    endloop
  endfacet
  facet normal 0.555523 0 0.831501
    outer loop
      vertex 64 30.8 20.5981
      vertex 64.3263 29.2 20.3801
      vertex 64.3263 30.8 20.3801
    endloop
  endfacet
  facet normal 0.555523 0 0.831501
    outer loop
      vertex 64.3263 29.2 20.3801
      vertex 64 30.8 20.5981
      vertex 64 29.2 20.5981
    endloop
  endfacet
  facet normal 0.831501 -0 0.555523
    outer loop
      vertex 64.8801 29.2 19.8263
      vertex 65.0981 30.8 19.5
      vertex 64.8801 30.8 19.8263
    endloop
  endfacet
  facet normal 0.831501 0 0.555523
    outer loop
      vertex 65.0981 30.8 19.5
      vertex 64.8801 29.2 19.8263
      vertex 65.0981 29.2 19.5
    endloop
  endfacet
  facet normal 0.19494 0 -0.980815
    outer loop
      vertex 62.8916 29.2 15.0257
      vertex 63.2765 30.8 15.1022
      vertex 63.2765 29.2 15.1022
    endloop
  endfacet
  facet normal 0.19494 0 -0.980815
    outer loop
      vertex 63.2765 30.8 15.1022
      vertex 62.8916 29.2 15.0257
      vertex 62.8916 30.8 15.0257
    endloop
  endfacet
  facet normal -0.896911 0 -0.442211
    outer loop
      vertex 59.9019 29.2 16.5
      vertex 59.7284 30.8 16.8519
      vertex 59.9019 30.8 16.5
    endloop
  endfacet
  facet normal -0.896911 -0 -0.442211
    outer loop
      vertex 59.7284 30.8 16.8519
      vertex 59.9019 29.2 16.5
      vertex 59.7284 29.2 16.8519
    endloop
  endfacet
  facet normal -0.555523 0 -0.831501
    outer loop
      vertex 60.6737 29.2 15.6199
      vertex 61 30.8 15.4019
      vertex 61 29.2 15.4019
    endloop
  endfacet
  facet normal -0.555523 0 -0.831501
    outer loop
      vertex 61 30.8 15.4019
      vertex 60.6737 29.2 15.6199
      vertex 60.6737 30.8 15.6199
    endloop
  endfacet
  facet normal 0.751724 0 -0.659478
    outer loop
      vertex 64.8801 29.2 16.1737
      vertex 64.6213 30.8 15.8787
      vertex 64.8801 30.8 16.1737
    endloop
  endfacet
  facet normal 0.751724 0 -0.659478
    outer loop
      vertex 64.6213 30.8 15.8787
      vertex 64.8801 29.2 16.1737
      vertex 64.6213 29.2 15.8787
    endloop
  endfacet
  facet normal 0.946885 0 -0.321574
    outer loop
      vertex 65.3978 29.2 17.2235
      vertex 65.2716 30.8 16.8519
      vertex 65.3978 30.8 17.2235
    endloop
  endfacet
  facet normal 0.946885 0 -0.321574
    outer loop
      vertex 65.2716 30.8 16.8519
      vertex 65.3978 29.2 17.2235
      vertex 65.2716 29.2 16.8519
    endloop
  endfacet
  facet normal -0.44211 0 -0.896961
    outer loop
      vertex 61 29.2 15.4019
      vertex 61.352 30.8 15.2284
      vertex 61.352 29.2 15.2284
    endloop
  endfacet
  facet normal -0.44211 0 -0.896961
    outer loop
      vertex 61.352 30.8 15.2284
      vertex 61 29.2 15.4019
      vertex 61 30.8 15.4019
    endloop
  endfacet
  facet normal -0.44211 0 0.896961
    outer loop
      vertex 61 30.8 20.5981
      vertex 61.352 29.2 20.7716
      vertex 61.352 30.8 20.7716
    endloop
  endfacet
  facet normal -0.44211 0 0.896961
    outer loop
      vertex 61.352 29.2 20.7716
      vertex 61 30.8 20.5981
      vertex 61 29.2 20.5981
    endloop
  endfacet
  facet normal -0.831501 0 -0.555523
    outer loop
      vertex 60.1199 29.2 16.1737
      vertex 59.9019 30.8 16.5
      vertex 60.1199 30.8 16.1737
    endloop
  endfacet
  facet normal -0.831501 -0 -0.555523
    outer loop
      vertex 59.9019 30.8 16.5
      vertex 60.1199 29.2 16.1737
      vertex 59.9019 29.2 16.5
    endloop
  endfacet
  facet normal -0.0654873 0 -0.997853
    outer loop
      vertex 62.1084 29.2 15.0257
      vertex 62.5 30.8 15
      vertex 62.5 29.2 15
    endloop
  endfacet
  facet normal -0.0654873 0 -0.997853
    outer loop
      vertex 62.5 30.8 15
      vertex 62.1084 29.2 15.0257
      vertex 62.1084 30.8 15.0257
    endloop
  endfacet
  facet normal 0 1 0
    outer loop
      vertex 62.5 30.8 19.155
      vertex 62.5 30.8 21
      vertex 62.8916 30.8 20.9743
    endloop
  endfacet
  facet normal 0 1 0
    outer loop
      vertex 62.6508 30.8 19.1451
      vertex 62.8916 30.8 20.9743
      vertex 63.2765 30.8 20.8978
    endloop
  endfacet
  facet normal 0 1 0
    outer loop
      vertex 62.5 30.8 21
      vertex 62.5 30.8 19.155
      vertex 62.1084 30.8 20.9743
    endloop
  endfacet
  facet normal 0 1 0
    outer loop
      vertex 62.7989 30.8 19.1156
      vertex 63.2765 30.8 20.8978
      vertex 63.648 30.8 20.7716
    endloop
  endfacet
  facet normal 0 1 -0
    outer loop
      vertex 62.3492 30.8 19.1451
      vertex 62.1084 30.8 20.9743
      vertex 62.5 30.8 19.155
    endloop
  endfacet
  facet normal 0 1 0
    outer loop
      vertex 62.942 30.8 19.0671
      vertex 63.648 30.8 20.7716
      vertex 64 30.8 20.5981
    endloop
  endfacet
  facet normal 0 1 0
    outer loop
      vertex 62.1084 30.8 20.9743
      vertex 62.3492 30.8 19.1451
      vertex 61.7235 30.8 20.8978
    endloop
  endfacet
  facet normal 0 1 0
    outer loop
      vertex 63.0775 30.8 19.0003
      vertex 64 30.8 20.5981
      vertex 64.3263 30.8 20.3801
    endloop
  endfacet
  facet normal 0 1 -0
    outer loop
      vertex 62.2011 30.8 19.1156
      vertex 61.7235 30.8 20.8978
      vertex 62.3492 30.8 19.1451
    endloop
  endfacet
  facet normal 0 1 0
    outer loop
      vertex 63.2031 30.8 18.9163
      vertex 64.3263 30.8 20.3801
      vertex 64.6213 30.8 20.1213
    endloop
  endfacet
  facet normal 0 1 0
    outer loop
      vertex 61.7235 30.8 20.8978
      vertex 62.2011 30.8 19.1156
      vertex 61.352 30.8 20.7716
    endloop
  endfacet
  facet normal 0 1 0
    outer loop
      vertex 63.3167 30.8 18.8167
      vertex 64.6213 30.8 20.1213
      vertex 64.8801 30.8 19.8263
    endloop
  endfacet
  facet normal 0 1 -0
    outer loop
      vertex 62.058 30.8 19.0671
      vertex 61.352 30.8 20.7716
      vertex 62.2011 30.8 19.1156
    endloop
  endfacet
  facet normal 0 1 0
    outer loop
      vertex 63.4163 30.8 18.7031
      vertex 64.8801 30.8 19.8263
      vertex 65.0981 30.8 19.5
    endloop
  endfacet
  facet normal 0 1 0
    outer loop
      vertex 61.352 30.8 20.7716
      vertex 62.058 30.8 19.0671
      vertex 61 30.8 20.5981
    endloop
  endfacet
  facet normal 0 1 -0
    outer loop
      vertex 61.9225 30.8 19.0003
      vertex 61 30.8 20.5981
      vertex 62.058 30.8 19.0671
    endloop
  endfacet
  facet normal 0 1 0
    outer loop
      vertex 63.5003 30.8 18.5775
      vertex 65.0981 30.8 19.5
      vertex 65.2716 30.8 19.148
    endloop
  endfacet
  facet normal 0 1 0
    outer loop
      vertex 62.8916 30.8 20.9743
      vertex 62.6508 30.8 19.1451
      vertex 62.5 30.8 19.155
    endloop
  endfacet
  facet normal 0 1 0
    outer loop
      vertex 63.2765 30.8 20.8978
      vertex 62.7989 30.8 19.1156
      vertex 62.6508 30.8 19.1451
    endloop
  endfacet
  facet normal 0 1 0
    outer loop
      vertex 63.648 30.8 20.7716
      vertex 62.942 30.8 19.0671
      vertex 62.7989 30.8 19.1156
    endloop
  endfacet
  facet normal 0 1 0
    outer loop
      vertex 64 30.8 20.5981
      vertex 63.0775 30.8 19.0003
      vertex 62.942 30.8 19.0671
    endloop
  endfacet
  facet normal 0 1 0
    outer loop
      vertex 64.3263 30.8 20.3801
      vertex 63.2031 30.8 18.9163
      vertex 63.0775 30.8 19.0003
    endloop
  endfacet
  facet normal 0 1 0
    outer loop
      vertex 64.6213 30.8 20.1213
      vertex 63.3167 30.8 18.8167
      vertex 63.2031 30.8 18.9163
    endloop
  endfacet
  facet normal 0 1 0
    outer loop
      vertex 63.5671 30.8 18.442
      vertex 65.2716 30.8 19.148
      vertex 65.3978 30.8 18.7765
    endloop
  endfacet
  facet normal 0 1 0
    outer loop
      vertex 64.8801 30.8 19.8263
      vertex 63.4163 30.8 18.7031
      vertex 63.3167 30.8 18.8167
    endloop
  endfacet
  facet normal 0 1 0
    outer loop
      vertex 65.0981 30.8 19.5
      vertex 63.5003 30.8 18.5775
      vertex 63.4163 30.8 18.7031
    endloop
  endfacet
  facet normal 0 1 0
    outer loop
      vertex 65.2716 30.8 19.148
      vertex 63.5671 30.8 18.442
      vertex 63.5003 30.8 18.5775
    endloop
  endfacet
  facet normal 0 1 0
    outer loop
      vertex 63.6156 30.8 18.2989
      vertex 65.3978 30.8 18.7765
      vertex 65.4743 30.8 18.3916
    endloop
  endfacet
  facet normal 0 1 0
    outer loop
      vertex 65.3978 30.8 18.7765
      vertex 63.6156 30.8 18.2989
      vertex 63.5671 30.8 18.442
    endloop
  endfacet
  facet normal 0 1 0
    outer loop
      vertex 65.4743 30.8 18.3916
      vertex 63.6451 30.8 18.1508
      vertex 63.6156 30.8 18.2989
    endloop
  endfacet
  facet normal 0 1 0
    outer loop
      vertex 65.5 30.8 18
      vertex 63.6451 30.8 18.1508
      vertex 65.4743 30.8 18.3916
    endloop
  endfacet
  facet normal 0 1 0
    outer loop
      vertex 65.5 30.8 18
      vertex 63.655 30.8 18
      vertex 63.6451 30.8 18.1508
    endloop
  endfacet
  facet normal 0 1 0
    outer loop
      vertex 65.5 30.8 18
      vertex 63.6451 30.8 17.8492
      vertex 63.655 30.8 18
    endloop
  endfacet
  facet normal 0 1 -0
    outer loop
      vertex 65.4743 30.8 17.6084
      vertex 63.6451 30.8 17.8492
      vertex 65.5 30.8 18
    endloop
  endfacet
  facet normal 0 1 0
    outer loop
      vertex 63.6451 30.8 17.8492
      vertex 65.4743 30.8 17.6084
      vertex 63.6156 30.8 17.7011
    endloop
  endfacet
  facet normal 0 1 -0
    outer loop
      vertex 65.3978 30.8 17.2235
      vertex 63.6156 30.8 17.7011
      vertex 65.4743 30.8 17.6084
    endloop
  endfacet
  facet normal 0 1 0
    outer loop
      vertex 63.6156 30.8 17.7011
      vertex 65.3978 30.8 17.2235
      vertex 63.5671 30.8 17.558
    endloop
  endfacet
  facet normal 0 1 -0
    outer loop
      vertex 65.2716 30.8 16.8519
      vertex 63.5671 30.8 17.558
      vertex 65.3978 30.8 17.2235
    endloop
  endfacet
  facet normal 0 1 0
    outer loop
      vertex 63.5671 30.8 17.558
      vertex 65.2716 30.8 16.8519
      vertex 63.5003 30.8 17.4225
    endloop
  endfacet
  facet normal 0 1 -0
    outer loop
      vertex 65.0981 30.8 16.5
      vertex 63.5003 30.8 17.4225
      vertex 65.2716 30.8 16.8519
    endloop
  endfacet
  facet normal 0 1 0
    outer loop
      vertex 63.5003 30.8 17.4225
      vertex 65.0981 30.8 16.5
      vertex 63.4163 30.8 17.2969
    endloop
  endfacet
  facet normal 0 1 -0
    outer loop
      vertex 64.8801 30.8 16.1737
      vertex 63.4163 30.8 17.2969
      vertex 65.0981 30.8 16.5
    endloop
  endfacet
  facet normal 0 1 0
    outer loop
      vertex 63.4163 30.8 17.2969
      vertex 64.8801 30.8 16.1737
      vertex 63.3167 30.8 17.1833
    endloop
  endfacet
  facet normal 0 1 -0
    outer loop
      vertex 64.6213 30.8 15.8787
      vertex 63.3167 30.8 17.1833
      vertex 64.8801 30.8 16.1737
    endloop
  endfacet
  facet normal 0 1 0
    outer loop
      vertex 63.3167 30.8 17.1833
      vertex 64.6213 30.8 15.8787
      vertex 63.2031 30.8 17.0837
    endloop
  endfacet
  facet normal 0 1 -0
    outer loop
      vertex 64.3263 30.8 15.6199
      vertex 63.2031 30.8 17.0837
      vertex 64.6213 30.8 15.8787
    endloop
  endfacet
  facet normal 0 1 0
    outer loop
      vertex 63.2031 30.8 17.0837
      vertex 64.3263 30.8 15.6199
      vertex 63.0775 30.8 16.9997
    endloop
  endfacet
  facet normal 0 1 -0
    outer loop
      vertex 64 30.8 15.4019
      vertex 63.0775 30.8 16.9997
      vertex 64.3263 30.8 15.6199
    endloop
  endfacet
  facet normal 0 1 0
    outer loop
      vertex 61 30.8 20.5981
      vertex 61.9225 30.8 19.0003
      vertex 60.6737 30.8 20.3801
    endloop
  endfacet
  facet normal 0 1 -0
    outer loop
      vertex 61.7969 30.8 18.9163
      vertex 60.6737 30.8 20.3801
      vertex 61.9225 30.8 19.0003
    endloop
  endfacet
  facet normal 0 1 0
    outer loop
      vertex 60.6737 30.8 20.3801
      vertex 61.7969 30.8 18.9163
      vertex 60.3787 30.8 20.1213
    endloop
  endfacet
  facet normal 0 1 -0
    outer loop
      vertex 61.6833 30.8 18.8167
      vertex 60.3787 30.8 20.1213
      vertex 61.7969 30.8 18.9163
    endloop
  endfacet
  facet normal 0 1 0
    outer loop
      vertex 60.3787 30.8 20.1213
      vertex 61.6833 30.8 18.8167
      vertex 60.1199 30.8 19.8263
    endloop
  endfacet
  facet normal 0 1 -0
    outer loop
      vertex 61.5837 30.8 18.7031
      vertex 60.1199 30.8 19.8263
      vertex 61.6833 30.8 18.8167
    endloop
  endfacet
  facet normal 0 1 0
    outer loop
      vertex 60.1199 30.8 19.8263
      vertex 61.5837 30.8 18.7031
      vertex 59.9019 30.8 19.5
    endloop
  endfacet
  facet normal 0 1 -0
    outer loop
      vertex 61.4997 30.8 18.5775
      vertex 59.9019 30.8 19.5
      vertex 61.5837 30.8 18.7031
    endloop
  endfacet
  facet normal 0 1 0
    outer loop
      vertex 59.9019 30.8 19.5
      vertex 61.4997 30.8 18.5775
      vertex 59.7284 30.8 19.148
    endloop
  endfacet
  facet normal 0 1 -0
    outer loop
      vertex 61.4329 30.8 18.442
      vertex 59.7284 30.8 19.148
      vertex 61.4997 30.8 18.5775
    endloop
  endfacet
  facet normal 0 1 0
    outer loop
      vertex 59.7284 30.8 19.148
      vertex 61.4329 30.8 18.442
      vertex 59.6022 30.8 18.7765
    endloop
  endfacet
  facet normal 0 1 -0
    outer loop
      vertex 61.3844 30.8 18.2989
      vertex 59.6022 30.8 18.7765
      vertex 61.4329 30.8 18.442
    endloop
  endfacet
  facet normal 0 1 0
    outer loop
      vertex 59.6022 30.8 18.7765
      vertex 61.3844 30.8 18.2989
      vertex 59.5257 30.8 18.3916
    endloop
  endfacet
  facet normal 0 1 -0
    outer loop
      vertex 61.3549 30.8 18.1508
      vertex 59.5257 30.8 18.3916
      vertex 61.3844 30.8 18.2989
    endloop
  endfacet
  facet normal 0 1 -0
    outer loop
      vertex 61.345 30.8 18
      vertex 59.5257 30.8 18.3916
      vertex 61.3549 30.8 18.1508
    endloop
  endfacet
  facet normal 0 1 0
    outer loop
      vertex 61.345 30.8 18
      vertex 59.5 30.8 18
      vertex 59.5257 30.8 18.3916
    endloop
  endfacet
  facet normal 0 1 0
    outer loop
      vertex 61.3549 30.8 17.8492
      vertex 59.5 30.8 18
      vertex 61.345 30.8 18
    endloop
  endfacet
  facet normal 0 1 0
    outer loop
      vertex 59.5257 30.8 17.6084
      vertex 61.3549 30.8 17.8492
      vertex 61.3844 30.8 17.7011
    endloop
  endfacet
  facet normal 0 1 0
    outer loop
      vertex 61.3549 30.8 17.8492
      vertex 59.5257 30.8 17.6084
      vertex 59.5 30.8 18
    endloop
  endfacet
  facet normal 0 1 0
    outer loop
      vertex 59.6022 30.8 17.2235
      vertex 61.3844 30.8 17.7011
      vertex 61.4329 30.8 17.558
    endloop
  endfacet
  facet normal 0 1 0
    outer loop
      vertex 59.7284 30.8 16.8519
      vertex 61.4329 30.8 17.558
      vertex 61.4997 30.8 17.4225
    endloop
  endfacet
  facet normal 0 1 0
    outer loop
      vertex 59.9019 30.8 16.5
      vertex 61.4997 30.8 17.4225
      vertex 61.5837 30.8 17.2969
    endloop
  endfacet
  facet normal 0 1 0
    outer loop
      vertex 61.3844 30.8 17.7011
      vertex 59.6022 30.8 17.2235
      vertex 59.5257 30.8 17.6084
    endloop
  endfacet
  facet normal 0 1 0
    outer loop
      vertex 60.1199 30.8 16.1737
      vertex 61.5837 30.8 17.2969
      vertex 61.6833 30.8 17.1833
    endloop
  endfacet
  facet normal 0 1 0
    outer loop
      vertex 60.3787 30.8 15.8787
      vertex 61.6833 30.8 17.1833
      vertex 61.7969 30.8 17.0837
    endloop
  endfacet
  facet normal 0 1 0
    outer loop
      vertex 60.6737 30.8 15.6199
      vertex 61.7969 30.8 17.0837
      vertex 61.9225 30.8 16.9997
    endloop
  endfacet
  facet normal 0 1 0
    outer loop
      vertex 61 30.8 15.4019
      vertex 61.9225 30.8 16.9997
      vertex 62.058 30.8 16.9329
    endloop
  endfacet
  facet normal 0 1 0
    outer loop
      vertex 61.352 30.8 15.2284
      vertex 62.058 30.8 16.9329
      vertex 62.2011 30.8 16.8844
    endloop
  endfacet
  facet normal 0 1 0
    outer loop
      vertex 61.7235 30.8 15.1022
      vertex 62.2011 30.8 16.8844
      vertex 62.3492 30.8 16.8549
    endloop
  endfacet
  facet normal 0 1 0
    outer loop
      vertex 61.4329 30.8 17.558
      vertex 59.7284 30.8 16.8519
      vertex 59.6022 30.8 17.2235
    endloop
  endfacet
  facet normal 0 1 0
    outer loop
      vertex 62.1084 30.8 15.0257
      vertex 62.3492 30.8 16.8549
      vertex 62.5 30.8 16.845
    endloop
  endfacet
  facet normal 0 1 0
    outer loop
      vertex 63.0775 30.8 16.9997
      vertex 64 30.8 15.4019
      vertex 62.942 30.8 16.9329
    endloop
  endfacet
  facet normal 0 1 0
    outer loop
      vertex 61.4997 30.8 17.4225
      vertex 59.9019 30.8 16.5
      vertex 59.7284 30.8 16.8519
    endloop
  endfacet
  facet normal 0 1 -0
    outer loop
      vertex 63.648 30.8 15.2284
      vertex 62.942 30.8 16.9329
      vertex 64 30.8 15.4019
    endloop
  endfacet
  facet normal 0 1 0
    outer loop
      vertex 61.5837 30.8 17.2969
      vertex 60.1199 30.8 16.1737
      vertex 59.9019 30.8 16.5
    endloop
  endfacet
  facet normal 0 1 0
    outer loop
      vertex 62.942 30.8 16.9329
      vertex 63.648 30.8 15.2284
      vertex 62.7989 30.8 16.8844
    endloop
  endfacet
  facet normal 0 1 0
    outer loop
      vertex 61.6833 30.8 17.1833
      vertex 60.3787 30.8 15.8787
      vertex 60.1199 30.8 16.1737
    endloop
  endfacet
  facet normal 0 1 -0
    outer loop
      vertex 63.2765 30.8 15.1022
      vertex 62.7989 30.8 16.8844
      vertex 63.648 30.8 15.2284
    endloop
  endfacet
  facet normal 0 1 0
    outer loop
      vertex 61.7969 30.8 17.0837
      vertex 60.6737 30.8 15.6199
      vertex 60.3787 30.8 15.8787
    endloop
  endfacet
  facet normal 0 1 0
    outer loop
      vertex 62.7989 30.8 16.8844
      vertex 63.2765 30.8 15.1022
      vertex 62.6508 30.8 16.8549
    endloop
  endfacet
  facet normal 0 1 0
    outer loop
      vertex 61.9225 30.8 16.9997
      vertex 61 30.8 15.4019
      vertex 60.6737 30.8 15.6199
    endloop
  endfacet
  facet normal 0 1 -0
    outer loop
      vertex 62.8916 30.8 15.0257
      vertex 62.6508 30.8 16.8549
      vertex 63.2765 30.8 15.1022
    endloop
  endfacet
  facet normal 0 1 0
    outer loop
      vertex 62.058 30.8 16.9329
      vertex 61.352 30.8 15.2284
      vertex 61 30.8 15.4019
    endloop
  endfacet
  facet normal 0 1 0
    outer loop
      vertex 62.6508 30.8 16.8549
      vertex 62.8916 30.8 15.0257
      vertex 62.5 30.8 16.845
    endloop
  endfacet
  facet normal 0 1 0
    outer loop
      vertex 62.2011 30.8 16.8844
      vertex 61.7235 30.8 15.1022
      vertex 61.352 30.8 15.2284
    endloop
  endfacet
  facet normal 0 1 0
    outer loop
      vertex 62.5 30.8 15
      vertex 62.5 30.8 16.845
      vertex 62.8916 30.8 15.0257
    endloop
  endfacet
  facet normal 0 1 0
    outer loop
      vertex 62.3492 30.8 16.8549
      vertex 62.1084 30.8 15.0257
      vertex 61.7235 30.8 15.1022
    endloop
  endfacet
  facet normal 0 1 0
    outer loop
      vertex 62.5 30.8 16.845
      vertex 62.5 30.8 15
      vertex 62.1084 30.8 15.0257
    endloop
  endfacet
  facet normal -0.19494 0 0.980815
    outer loop
      vertex 61.7235 30.8 20.8978
      vertex 62.1084 29.2 20.9743
      vertex 62.1084 30.8 20.9743
    endloop
  endfacet
  facet normal -0.19494 0 0.980815
    outer loop
      vertex 62.1084 29.2 20.9743
      vertex 61.7235 30.8 20.8978
      vertex 61.7235 29.2 20.8978
    endloop
  endfacet
  facet normal -0.659478 0 0.751724
    outer loop
      vertex 60.3787 30.8 20.1213
      vertex 60.6737 29.2 20.3801
      vertex 60.6737 30.8 20.3801
    endloop
  endfacet
  facet normal -0.659478 0 0.751724
    outer loop
      vertex 60.6737 29.2 20.3801
      vertex 60.3787 30.8 20.1213
      vertex 60.3787 29.2 20.1213
    endloop
  endfacet
  facet normal 0.980815 0 -0.19494
    outer loop
      vertex 65.4743 29.2 75.6084
      vertex 65.3978 30.8 75.2235
      vertex 65.4743 30.8 75.6084
    endloop
  endfacet
  facet normal 0.980815 0 -0.19494
    outer loop
      vertex 65.3978 30.8 75.2235
      vertex 65.4743 29.2 75.6084
      vertex 65.3978 29.2 75.2235
    endloop
  endfacet
  facet normal 0.997853 0 -0.0654873
    outer loop
      vertex 65.5 29.2 76
      vertex 65.4743 30.8 75.6084
      vertex 65.5 30.8 76
    endloop
  endfacet
  facet normal 0.997853 0 -0.0654873
    outer loop
      vertex 65.4743 30.8 75.6084
      vertex 65.5 29.2 76
      vertex 65.4743 29.2 75.6084
    endloop
  endfacet
  facet normal -0.896961 0 0.44211
    outer loop
      vertex 59.7284 29.2 77.148
      vertex 59.9019 30.8 77.5
      vertex 59.7284 30.8 77.148
    endloop
  endfacet
  facet normal -0.896961 0 0.44211
    outer loop
      vertex 59.9019 30.8 77.5
      vertex 59.7284 29.2 77.148
      vertex 59.9019 29.2 77.5
    endloop
  endfacet
  facet normal -0.555523 0 0.831501
    outer loop
      vertex 60.6737 30.8 78.3801
      vertex 61 29.2 78.5981
      vertex 61 30.8 78.5981
    endloop
  endfacet
  facet normal -0.555523 0 0.831501
    outer loop
      vertex 61 29.2 78.5981
      vertex 60.6737 30.8 78.3801
      vertex 60.6737 29.2 78.3801
    endloop
  endfacet
  facet normal 0.946858 -0 0.321651
    outer loop
      vertex 65.2716 29.2 77.148
      vertex 65.3978 30.8 76.7765
      vertex 65.2716 30.8 77.148
    endloop
  endfacet
  facet normal 0.946858 0 0.321651
    outer loop
      vertex 65.3978 30.8 76.7765
      vertex 65.2716 29.2 77.148
      vertex 65.3978 29.2 76.7765
    endloop
  endfacet
  facet normal 0.997853 -0 0.0654873
    outer loop
      vertex 65.4743 29.2 76.3916
      vertex 65.5 30.8 76
      vertex 65.4743 30.8 76.3916
    endloop
  endfacet
  facet normal 0.997853 0 0.0654873
    outer loop
      vertex 65.5 30.8 76
      vertex 65.4743 29.2 76.3916
      vertex 65.5 29.2 76
    endloop
  endfacet
  facet normal 0.896961 0 -0.44211
    outer loop
      vertex 65.2716 29.2 74.852
      vertex 65.0981 30.8 74.5
      vertex 65.2716 30.8 74.852
    endloop
  endfacet
  facet normal 0.896961 0 -0.44211
    outer loop
      vertex 65.0981 30.8 74.5
      vertex 65.2716 29.2 74.852
      vertex 65.0981 29.2 74.5
    endloop
  endfacet
  facet normal -0.321651 0 0.946858
    outer loop
      vertex 61.352 30.8 78.7716
      vertex 61.7235 29.2 78.8978
      vertex 61.7235 30.8 78.8978
    endloop
  endfacet
  facet normal -0.321651 0 0.946858
    outer loop
      vertex 61.7235 29.2 78.8978
      vertex 61.352 30.8 78.7716
      vertex 61.352 29.2 78.7716
    endloop
  endfacet
  facet normal 0.659478 0 -0.751724
    outer loop
      vertex 64.3263 29.2 73.6199
      vertex 64.6213 30.8 73.8787
      vertex 64.6213 29.2 73.8787
    endloop
  endfacet
  facet normal 0.659478 0 -0.751724
    outer loop
      vertex 64.6213 30.8 73.8787
      vertex 64.3263 29.2 73.6199
      vertex 64.3263 30.8 73.6199
    endloop
  endfacet
  facet normal 0.321651 0 -0.946858
    outer loop
      vertex 63.2765 29.2 73.1022
      vertex 63.648 30.8 73.2284
      vertex 63.648 29.2 73.2284
    endloop
  endfacet
  facet normal 0.321651 0 -0.946858
    outer loop
      vertex 63.648 30.8 73.2284
      vertex 63.2765 29.2 73.1022
      vertex 63.2765 30.8 73.1022
    endloop
  endfacet
  facet normal -0.321651 0 -0.946858
    outer loop
      vertex 61.352 29.2 73.2284
      vertex 61.7235 30.8 73.1022
      vertex 61.7235 29.2 73.1022
    endloop
  endfacet
  facet normal -0.321651 0 -0.946858
    outer loop
      vertex 61.7235 30.8 73.1022
      vertex 61.352 29.2 73.2284
      vertex 61.352 30.8 73.2284
    endloop
  endfacet
  facet normal 0.659478 0 0.751724
    outer loop
      vertex 64.3263 30.8 78.3801
      vertex 64.6213 29.2 78.1213
      vertex 64.6213 30.8 78.1213
    endloop
  endfacet
  facet normal 0.659478 0 0.751724
    outer loop
      vertex 64.6213 29.2 78.1213
      vertex 64.3263 30.8 78.3801
      vertex 64.3263 29.2 78.3801
    endloop
  endfacet
  facet normal 0.896961 -0 0.44211
    outer loop
      vertex 65.0981 29.2 77.5
      vertex 65.2716 30.8 77.148
      vertex 65.0981 30.8 77.5
    endloop
  endfacet
  facet normal 0.896961 0 0.44211
    outer loop
      vertex 65.2716 30.8 77.148
      vertex 65.0981 29.2 77.5
      vertex 65.2716 29.2 77.148
    endloop
  endfacet
  facet normal -0.946858 0 0.321651
    outer loop
      vertex 59.6022 29.2 76.7765
      vertex 59.7284 30.8 77.148
      vertex 59.6022 30.8 76.7765
    endloop
  endfacet
  facet normal -0.946858 0 0.321651
    outer loop
      vertex 59.7284 30.8 77.148
      vertex 59.6022 29.2 76.7765
      vertex 59.7284 29.2 77.148
    endloop
  endfacet
  facet normal -0.946858 0 -0.321651
    outer loop
      vertex 59.7284 29.2 74.852
      vertex 59.6022 30.8 75.2235
      vertex 59.7284 30.8 74.852
    endloop
  endfacet
  facet normal -0.946858 -0 -0.321651
    outer loop
      vertex 59.6022 30.8 75.2235
      vertex 59.7284 29.2 74.852
      vertex 59.6022 29.2 75.2235
    endloop
  endfacet
  facet normal 0.44211 0 0.896961
    outer loop
      vertex 63.648 30.8 78.7716
      vertex 64 29.2 78.5981
      vertex 64 30.8 78.5981
    endloop
  endfacet
  facet normal 0.44211 0 0.896961
    outer loop
      vertex 64 29.2 78.5981
      vertex 63.648 30.8 78.7716
      vertex 63.648 29.2 78.7716
    endloop
  endfacet
  facet normal -0.997853 0 0.0654873
    outer loop
      vertex 59.5 29.2 76
      vertex 59.5257 30.8 76.3916
      vertex 59.5 30.8 76
    endloop
  endfacet
  facet normal -0.997853 0 0.0654873
    outer loop
      vertex 59.5257 30.8 76.3916
      vertex 59.5 29.2 76
      vertex 59.5257 29.2 76.3916
    endloop
  endfacet
  facet normal 0.321651 0 0.946858
    outer loop
      vertex 63.2765 30.8 78.8978
      vertex 63.648 29.2 78.7716
      vertex 63.648 30.8 78.7716
    endloop
  endfacet
  facet normal 0.321651 0 0.946858
    outer loop
      vertex 63.648 29.2 78.7716
      vertex 63.2765 30.8 78.8978
      vertex 63.2765 29.2 78.8978
    endloop
  endfacet
  facet normal -0.980815 0 -0.19494
    outer loop
      vertex 59.6022 29.2 75.2235
      vertex 59.5257 30.8 75.6084
      vertex 59.6022 30.8 75.2235
    endloop
  endfacet
  facet normal -0.980815 -0 -0.19494
    outer loop
      vertex 59.5257 30.8 75.6084
      vertex 59.6022 29.2 75.2235
      vertex 59.5257 29.2 75.6084
    endloop
  endfacet
  facet normal -0.751724 0 0.659478
    outer loop
      vertex 60.1199 29.2 77.8263
      vertex 60.3787 30.8 78.1213
      vertex 60.1199 30.8 77.8263
    endloop
  endfacet
  facet normal -0.751724 0 0.659478
    outer loop
      vertex 60.3787 30.8 78.1213
      vertex 60.1199 29.2 77.8263
      vertex 60.3787 29.2 78.1213
    endloop
  endfacet
  facet normal -0.751724 0 -0.659478
    outer loop
      vertex 60.3787 29.2 73.8787
      vertex 60.1199 30.8 74.1737
      vertex 60.3787 30.8 73.8787
    endloop
  endfacet
  facet normal -0.751724 -0 -0.659478
    outer loop
      vertex 60.1199 30.8 74.1737
      vertex 60.3787 29.2 73.8787
      vertex 60.1199 29.2 74.1737
    endloop
  endfacet
  facet normal -0.0654873 0 0.997853
    outer loop
      vertex 62.1084 30.8 78.9743
      vertex 62.5 29.2 79
      vertex 62.5 30.8 79
    endloop
  endfacet
  facet normal -0.0654873 0 0.997853
    outer loop
      vertex 62.5 29.2 79
      vertex 62.1084 30.8 78.9743
      vertex 62.1084 29.2 78.9743
    endloop
  endfacet
  facet normal 0.751724 -0 0.659478
    outer loop
      vertex 64.6213 29.2 78.1213
      vertex 64.8801 30.8 77.8263
      vertex 64.6213 30.8 78.1213
    endloop
  endfacet
  facet normal 0.751724 0 0.659478
    outer loop
      vertex 64.8801 30.8 77.8263
      vertex 64.6213 29.2 78.1213
      vertex 64.8801 29.2 77.8263
    endloop
  endfacet
  facet normal 0.831501 0 -0.555523
    outer loop
      vertex 65.0981 29.2 74.5
      vertex 64.8801 30.8 74.1737
      vertex 65.0981 30.8 74.5
    endloop
  endfacet
  facet normal 0.831501 0 -0.555523
    outer loop
      vertex 64.8801 30.8 74.1737
      vertex 65.0981 29.2 74.5
      vertex 64.8801 29.2 74.1737
    endloop
  endfacet
  facet normal 0.44211 0 -0.896961
    outer loop
      vertex 63.648 29.2 73.2284
      vertex 64 30.8 73.4019
      vertex 64 29.2 73.4019
    endloop
  endfacet
  facet normal 0.44211 0 -0.896961
    outer loop
      vertex 64 30.8 73.4019
      vertex 63.648 29.2 73.2284
      vertex 63.648 30.8 73.2284
    endloop
  endfacet
  facet normal -0.997853 0 -0.0654873
    outer loop
      vertex 59.5257 29.2 75.6084
      vertex 59.5 30.8 76
      vertex 59.5257 30.8 75.6084
    endloop
  endfacet
  facet normal -0.997853 -0 -0.0654873
    outer loop
      vertex 59.5 30.8 76
      vertex 59.5257 29.2 75.6084
      vertex 59.5 29.2 76
    endloop
  endfacet
  facet normal 0.19494 0 0.980815
    outer loop
      vertex 62.8916 30.8 78.9743
      vertex 63.2765 29.2 78.8978
      vertex 63.2765 30.8 78.8978
    endloop
  endfacet
  facet normal 0.19494 0 0.980815
    outer loop
      vertex 63.2765 29.2 78.8978
      vertex 62.8916 30.8 78.9743
      vertex 62.8916 29.2 78.9743
    endloop
  endfacet
  facet normal -0.0654873 0 -0.997853
    outer loop
      vertex 62.1084 29.2 73.0257
      vertex 62.5 30.8 73
      vertex 62.5 29.2 73
    endloop
  endfacet
  facet normal -0.0654873 0 -0.997853
    outer loop
      vertex 62.5 30.8 73
      vertex 62.1084 29.2 73.0257
      vertex 62.1084 30.8 73.0257
    endloop
  endfacet
  facet normal 0.555523 0 -0.831501
    outer loop
      vertex 64 29.2 73.4019
      vertex 64.3263 30.8 73.6199
      vertex 64.3263 29.2 73.6199
    endloop
  endfacet
  facet normal 0.555523 0 -0.831501
    outer loop
      vertex 64.3263 30.8 73.6199
      vertex 64 29.2 73.4019
      vertex 64 30.8 73.4019
    endloop
  endfacet
  facet normal 0.980815 -0 0.19494
    outer loop
      vertex 65.3978 29.2 76.7765
      vertex 65.4743 30.8 76.3916
      vertex 65.3978 30.8 76.7765
    endloop
  endfacet
  facet normal 0.980815 0 0.19494
    outer loop
      vertex 65.4743 30.8 76.3916
      vertex 65.3978 29.2 76.7765
      vertex 65.4743 29.2 76.3916
    endloop
  endfacet
  facet normal 0.0654873 0 -0.997853
    outer loop
      vertex 62.5 29.2 73
      vertex 62.8916 30.8 73.0257
      vertex 62.8916 29.2 73.0257
    endloop
  endfacet
  facet normal 0.0654873 0 -0.997853
    outer loop
      vertex 62.8916 30.8 73.0257
      vertex 62.5 29.2 73
      vertex 62.5 30.8 73
    endloop
  endfacet
  facet normal -0.659478 0 -0.751724
    outer loop
      vertex 60.3787 29.2 73.8787
      vertex 60.6737 30.8 73.6199
      vertex 60.6737 29.2 73.6199
    endloop
  endfacet
  facet normal -0.659478 0 -0.751724
    outer loop
      vertex 60.6737 30.8 73.6199
      vertex 60.3787 29.2 73.8787
      vertex 60.3787 30.8 73.8787
    endloop
  endfacet
  facet normal -0.831501 0 0.555523
    outer loop
      vertex 59.9019 29.2 77.5
      vertex 60.1199 30.8 77.8263
      vertex 59.9019 30.8 77.5
    endloop
  endfacet
  facet normal -0.831501 0 0.555523
    outer loop
      vertex 60.1199 30.8 77.8263
      vertex 59.9019 29.2 77.5
      vertex 60.1199 29.2 77.8263
    endloop
  endfacet
  facet normal -0.19494 0 -0.980815
    outer loop
      vertex 61.7235 29.2 73.1022
      vertex 62.1084 30.8 73.0257
      vertex 62.1084 29.2 73.0257
    endloop
  endfacet
  facet normal -0.19494 0 -0.980815
    outer loop
      vertex 62.1084 30.8 73.0257
      vertex 61.7235 29.2 73.1022
      vertex 61.7235 30.8 73.1022
    endloop
  endfacet
  facet normal 0.0654873 0 0.997853
    outer loop
      vertex 62.5 30.8 79
      vertex 62.8916 29.2 78.9743
      vertex 62.8916 30.8 78.9743
    endloop
  endfacet
  facet normal 0.0654873 0 0.997853
    outer loop
      vertex 62.8916 29.2 78.9743
      vertex 62.5 30.8 79
      vertex 62.5 29.2 79
    endloop
  endfacet
  facet normal -0.980815 0 0.19494
    outer loop
      vertex 59.5257 29.2 76.3916
      vertex 59.6022 30.8 76.7765
      vertex 59.5257 30.8 76.3916
    endloop
  endfacet
  facet normal -0.980815 0 0.19494
    outer loop
      vertex 59.6022 30.8 76.7765
      vertex 59.5257 29.2 76.3916
      vertex 59.6022 29.2 76.7765
    endloop
  endfacet
  facet normal 0.555523 0 0.831501
    outer loop
      vertex 64 30.8 78.5981
      vertex 64.3263 29.2 78.3801
      vertex 64.3263 30.8 78.3801
    endloop
  endfacet
  facet normal 0.555523 0 0.831501
    outer loop
      vertex 64.3263 29.2 78.3801
      vertex 64 30.8 78.5981
      vertex 64 29.2 78.5981
    endloop
  endfacet
  facet normal 0.831501 -0 0.555523
    outer loop
      vertex 64.8801 29.2 77.8263
      vertex 65.0981 30.8 77.5
      vertex 64.8801 30.8 77.8263
    endloop
  endfacet
  facet normal 0.831501 0 0.555523
    outer loop
      vertex 65.0981 30.8 77.5
      vertex 64.8801 29.2 77.8263
      vertex 65.0981 29.2 77.5
    endloop
  endfacet
  facet normal 0.19494 0 -0.980815
    outer loop
      vertex 62.8916 29.2 73.0257
      vertex 63.2765 30.8 73.1022
      vertex 63.2765 29.2 73.1022
    endloop
  endfacet
  facet normal 0.19494 0 -0.980815
    outer loop
      vertex 63.2765 30.8 73.1022
      vertex 62.8916 29.2 73.0257
      vertex 62.8916 30.8 73.0257
    endloop
  endfacet
  facet normal -0.896961 0 -0.44211
    outer loop
      vertex 59.9019 29.2 74.5
      vertex 59.7284 30.8 74.852
      vertex 59.9019 30.8 74.5
    endloop
  endfacet
  facet normal -0.896961 -0 -0.44211
    outer loop
      vertex 59.7284 30.8 74.852
      vertex 59.9019 29.2 74.5
      vertex 59.7284 29.2 74.852
    endloop
  endfacet
  facet normal -0.555523 0 -0.831501
    outer loop
      vertex 60.6737 29.2 73.6199
      vertex 61 30.8 73.4019
      vertex 61 29.2 73.4019
    endloop
  endfacet
  facet normal -0.555523 0 -0.831501
    outer loop
      vertex 61 30.8 73.4019
      vertex 60.6737 29.2 73.6199
      vertex 60.6737 30.8 73.6199
    endloop
  endfacet
  facet normal 0.751724 0 -0.659478
    outer loop
      vertex 64.8801 29.2 74.1737
      vertex 64.6213 30.8 73.8787
      vertex 64.8801 30.8 74.1737
    endloop
  endfacet
  facet normal 0.751724 0 -0.659478
    outer loop
      vertex 64.6213 30.8 73.8787
      vertex 64.8801 29.2 74.1737
      vertex 64.6213 29.2 73.8787
    endloop
  endfacet
  facet normal 0.946858 0 -0.321651
    outer loop
      vertex 65.3978 29.2 75.2235
      vertex 65.2716 30.8 74.852
      vertex 65.3978 30.8 75.2235
    endloop
  endfacet
  facet normal 0.946858 0 -0.321651
    outer loop
      vertex 65.2716 30.8 74.852
      vertex 65.3978 29.2 75.2235
      vertex 65.2716 29.2 74.852
    endloop
  endfacet
  facet normal -0.44211 0 -0.896961
    outer loop
      vertex 61 29.2 73.4019
      vertex 61.352 30.8 73.2284
      vertex 61.352 29.2 73.2284
    endloop
  endfacet
  facet normal -0.44211 0 -0.896961
    outer loop
      vertex 61.352 30.8 73.2284
      vertex 61 29.2 73.4019
      vertex 61 30.8 73.4019
    endloop
  endfacet
  facet normal -0.44211 0 0.896961
    outer loop
      vertex 61 30.8 78.5981
      vertex 61.352 29.2 78.7716
      vertex 61.352 30.8 78.7716
    endloop
  endfacet
  facet normal -0.44211 0 0.896961
    outer loop
      vertex 61.352 29.2 78.7716
      vertex 61 30.8 78.5981
      vertex 61 29.2 78.5981
    endloop
  endfacet
  facet normal -0.831501 0 -0.555523
    outer loop
      vertex 60.1199 29.2 74.1737
      vertex 59.9019 30.8 74.5
      vertex 60.1199 30.8 74.1737
    endloop
  endfacet
  facet normal -0.831501 -0 -0.555523
    outer loop
      vertex 59.9019 30.8 74.5
      vertex 60.1199 29.2 74.1737
      vertex 59.9019 29.2 74.5
    endloop
  endfacet
  facet normal 0 1 0
    outer loop
      vertex 62.5 30.8 77.155
      vertex 62.5 30.8 79
      vertex 62.8916 30.8 78.9743
    endloop
  endfacet
  facet normal 0 1 0
    outer loop
      vertex 62.6508 30.8 77.1451
      vertex 62.8916 30.8 78.9743
      vertex 63.2765 30.8 78.8978
    endloop
  endfacet
  facet normal 0 1 0
    outer loop
      vertex 62.5 30.8 79
      vertex 62.5 30.8 77.155
      vertex 62.1084 30.8 78.9743
    endloop
  endfacet
  facet normal 0 1 0
    outer loop
      vertex 62.7989 30.8 77.1156
      vertex 63.2765 30.8 78.8978
      vertex 63.648 30.8 78.7716
    endloop
  endfacet
  facet normal 0 1 -0
    outer loop
      vertex 62.3492 30.8 77.1451
      vertex 62.1084 30.8 78.9743
      vertex 62.5 30.8 77.155
    endloop
  endfacet
  facet normal 0 1 0
    outer loop
      vertex 62.942 30.8 77.0671
      vertex 63.648 30.8 78.7716
      vertex 64 30.8 78.5981
    endloop
  endfacet
  facet normal 0 1 0
    outer loop
      vertex 62.1084 30.8 78.9743
      vertex 62.3492 30.8 77.1451
      vertex 61.7235 30.8 78.8978
    endloop
  endfacet
  facet normal 0 1 0
    outer loop
      vertex 63.0775 30.8 77.0003
      vertex 64 30.8 78.5981
      vertex 64.3263 30.8 78.3801
    endloop
  endfacet
  facet normal 0 1 -0
    outer loop
      vertex 62.2011 30.8 77.1156
      vertex 61.7235 30.8 78.8978
      vertex 62.3492 30.8 77.1451
    endloop
  endfacet
  facet normal 0 1 0
    outer loop
      vertex 63.2031 30.8 76.9163
      vertex 64.3263 30.8 78.3801
      vertex 64.6213 30.8 78.1213
    endloop
  endfacet
  facet normal 0 1 0
    outer loop
      vertex 61.7235 30.8 78.8978
      vertex 62.2011 30.8 77.1156
      vertex 61.352 30.8 78.7716
    endloop
  endfacet
  facet normal 0 1 0
    outer loop
      vertex 63.3167 30.8 76.8167
      vertex 64.6213 30.8 78.1213
      vertex 64.8801 30.8 77.8263
    endloop
  endfacet
  facet normal 0 1 -0
    outer loop
      vertex 62.058 30.8 77.0671
      vertex 61.352 30.8 78.7716
      vertex 62.2011 30.8 77.1156
    endloop
  endfacet
  facet normal 0 1 0
    outer loop
      vertex 63.4163 30.8 76.7031
      vertex 64.8801 30.8 77.8263
      vertex 65.0981 30.8 77.5
    endloop
  endfacet
  facet normal 0 1 0
    outer loop
      vertex 61.352 30.8 78.7716
      vertex 62.058 30.8 77.0671
      vertex 61 30.8 78.5981
    endloop
  endfacet
  facet normal 0 1 -0
    outer loop
      vertex 61.9225 30.8 77.0003
      vertex 61 30.8 78.5981
      vertex 62.058 30.8 77.0671
    endloop
  endfacet
  facet normal 0 1 0
    outer loop
      vertex 63.5003 30.8 76.5775
      vertex 65.0981 30.8 77.5
      vertex 65.2716 30.8 77.148
    endloop
  endfacet
  facet normal 0 1 0
    outer loop
      vertex 62.8916 30.8 78.9743
      vertex 62.6508 30.8 77.1451
      vertex 62.5 30.8 77.155
    endloop
  endfacet
  facet normal 0 1 0
    outer loop
      vertex 63.2765 30.8 78.8978
      vertex 62.7989 30.8 77.1156
      vertex 62.6508 30.8 77.1451
    endloop
  endfacet
  facet normal 0 1 0
    outer loop
      vertex 63.648 30.8 78.7716
      vertex 62.942 30.8 77.0671
      vertex 62.7989 30.8 77.1156
    endloop
  endfacet
  facet normal 0 1 0
    outer loop
      vertex 64 30.8 78.5981
      vertex 63.0775 30.8 77.0003
      vertex 62.942 30.8 77.0671
    endloop
  endfacet
  facet normal 0 1 0
    outer loop
      vertex 64.3263 30.8 78.3801
      vertex 63.2031 30.8 76.9163
      vertex 63.0775 30.8 77.0003
    endloop
  endfacet
  facet normal 0 1 0
    outer loop
      vertex 64.6213 30.8 78.1213
      vertex 63.3167 30.8 76.8167
      vertex 63.2031 30.8 76.9163
    endloop
  endfacet
  facet normal 0 1 0
    outer loop
      vertex 63.5671 30.8 76.442
      vertex 65.2716 30.8 77.148
      vertex 65.3978 30.8 76.7765
    endloop
  endfacet
  facet normal 0 1 0
    outer loop
      vertex 64.8801 30.8 77.8263
      vertex 63.4163 30.8 76.7031
      vertex 63.3167 30.8 76.8167
    endloop
  endfacet
  facet normal 0 1 0
    outer loop
      vertex 65.0981 30.8 77.5
      vertex 63.5003 30.8 76.5775
      vertex 63.4163 30.8 76.7031
    endloop
  endfacet
  facet normal 0 1 0
    outer loop
      vertex 65.2716 30.8 77.148
      vertex 63.5671 30.8 76.442
      vertex 63.5003 30.8 76.5775
    endloop
  endfacet
  facet normal 0 1 0
    outer loop
      vertex 63.6156 30.8 76.2989
      vertex 65.3978 30.8 76.7765
      vertex 65.4743 30.8 76.3916
    endloop
  endfacet
  facet normal 0 1 0
    outer loop
      vertex 65.3978 30.8 76.7765
      vertex 63.6156 30.8 76.2989
      vertex 63.5671 30.8 76.442
    endloop
  endfacet
  facet normal 0 1 0
    outer loop
      vertex 65.4743 30.8 76.3916
      vertex 63.6451 30.8 76.1508
      vertex 63.6156 30.8 76.2989
    endloop
  endfacet
  facet normal 0 1 0
    outer loop
      vertex 65.5 30.8 76
      vertex 63.6451 30.8 76.1508
      vertex 65.4743 30.8 76.3916
    endloop
  endfacet
  facet normal 0 1 0
    outer loop
      vertex 65.5 30.8 76
      vertex 63.655 30.8 76
      vertex 63.6451 30.8 76.1508
    endloop
  endfacet
  facet normal 0 1 0
    outer loop
      vertex 65.5 30.8 76
      vertex 63.6451 30.8 75.8492
      vertex 63.655 30.8 76
    endloop
  endfacet
  facet normal 0 1 -0
    outer loop
      vertex 65.4743 30.8 75.6084
      vertex 63.6451 30.8 75.8492
      vertex 65.5 30.8 76
    endloop
  endfacet
  facet normal 0 1 0
    outer loop
      vertex 63.6451 30.8 75.8492
      vertex 65.4743 30.8 75.6084
      vertex 63.6156 30.8 75.7011
    endloop
  endfacet
  facet normal 0 1 -0
    outer loop
      vertex 65.3978 30.8 75.2235
      vertex 63.6156 30.8 75.7011
      vertex 65.4743 30.8 75.6084
    endloop
  endfacet
  facet normal 0 1 0
    outer loop
      vertex 63.6156 30.8 75.7011
      vertex 65.3978 30.8 75.2235
      vertex 63.5671 30.8 75.558
    endloop
  endfacet
  facet normal 0 1 -0
    outer loop
      vertex 65.2716 30.8 74.852
      vertex 63.5671 30.8 75.558
      vertex 65.3978 30.8 75.2235
    endloop
  endfacet
  facet normal 0 1 0
    outer loop
      vertex 63.5671 30.8 75.558
      vertex 65.2716 30.8 74.852
      vertex 63.5003 30.8 75.4225
    endloop
  endfacet
  facet normal 0 1 -0
    outer loop
      vertex 65.0981 30.8 74.5
      vertex 63.5003 30.8 75.4225
      vertex 65.2716 30.8 74.852
    endloop
  endfacet
  facet normal 0 1 0
    outer loop
      vertex 63.5003 30.8 75.4225
      vertex 65.0981 30.8 74.5
      vertex 63.4163 30.8 75.2969
    endloop
  endfacet
  facet normal 0 1 -0
    outer loop
      vertex 64.8801 30.8 74.1737
      vertex 63.4163 30.8 75.2969
      vertex 65.0981 30.8 74.5
    endloop
  endfacet
  facet normal 0 1 0
    outer loop
      vertex 63.4163 30.8 75.2969
      vertex 64.8801 30.8 74.1737
      vertex 63.3167 30.8 75.1833
    endloop
  endfacet
  facet normal 0 1 -0
    outer loop
      vertex 64.6213 30.8 73.8787
      vertex 63.3167 30.8 75.1833
      vertex 64.8801 30.8 74.1737
    endloop
  endfacet
  facet normal 0 1 0
    outer loop
      vertex 63.3167 30.8 75.1833
      vertex 64.6213 30.8 73.8787
      vertex 63.2031 30.8 75.0837
    endloop
  endfacet
  facet normal 0 1 -0
    outer loop
      vertex 64.3263 30.8 73.6199
      vertex 63.2031 30.8 75.0837
      vertex 64.6213 30.8 73.8787
    endloop
  endfacet
  facet normal 0 1 0
    outer loop
      vertex 63.2031 30.8 75.0837
      vertex 64.3263 30.8 73.6199
      vertex 63.0775 30.8 74.9997
    endloop
  endfacet
  facet normal 0 1 -0
    outer loop
      vertex 64 30.8 73.4019
      vertex 63.0775 30.8 74.9997
      vertex 64.3263 30.8 73.6199
    endloop
  endfacet
  facet normal 0 1 0
    outer loop
      vertex 61 30.8 78.5981
      vertex 61.9225 30.8 77.0003
      vertex 60.6737 30.8 78.3801
    endloop
  endfacet
  facet normal 0 1 -0
    outer loop
      vertex 61.7969 30.8 76.9163
      vertex 60.6737 30.8 78.3801
      vertex 61.9225 30.8 77.0003
    endloop
  endfacet
  facet normal 0 1 0
    outer loop
      vertex 60.6737 30.8 78.3801
      vertex 61.7969 30.8 76.9163
      vertex 60.3787 30.8 78.1213
    endloop
  endfacet
  facet normal 0 1 -0
    outer loop
      vertex 61.6833 30.8 76.8167
      vertex 60.3787 30.8 78.1213
      vertex 61.7969 30.8 76.9163
    endloop
  endfacet
  facet normal 0 1 0
    outer loop
      vertex 60.3787 30.8 78.1213
      vertex 61.6833 30.8 76.8167
      vertex 60.1199 30.8 77.8263
    endloop
  endfacet
  facet normal 0 1 -0
    outer loop
      vertex 61.5837 30.8 76.7031
      vertex 60.1199 30.8 77.8263
      vertex 61.6833 30.8 76.8167
    endloop
  endfacet
  facet normal 0 1 0
    outer loop
      vertex 60.1199 30.8 77.8263
      vertex 61.5837 30.8 76.7031
      vertex 59.9019 30.8 77.5
    endloop
  endfacet
  facet normal 0 1 -0
    outer loop
      vertex 61.4997 30.8 76.5775
      vertex 59.9019 30.8 77.5
      vertex 61.5837 30.8 76.7031
    endloop
  endfacet
  facet normal 0 1 0
    outer loop
      vertex 59.9019 30.8 77.5
      vertex 61.4997 30.8 76.5775
      vertex 59.7284 30.8 77.148
    endloop
  endfacet
  facet normal 0 1 -0
    outer loop
      vertex 61.4329 30.8 76.442
      vertex 59.7284 30.8 77.148
      vertex 61.4997 30.8 76.5775
    endloop
  endfacet
  facet normal 0 1 0
    outer loop
      vertex 59.7284 30.8 77.148
      vertex 61.4329 30.8 76.442
      vertex 59.6022 30.8 76.7765
    endloop
  endfacet
  facet normal 0 1 -0
    outer loop
      vertex 61.3844 30.8 76.2989
      vertex 59.6022 30.8 76.7765
      vertex 61.4329 30.8 76.442
    endloop
  endfacet
  facet normal 0 1 0
    outer loop
      vertex 59.6022 30.8 76.7765
      vertex 61.3844 30.8 76.2989
      vertex 59.5257 30.8 76.3916
    endloop
  endfacet
  facet normal 0 1 -0
    outer loop
      vertex 61.3549 30.8 76.1508
      vertex 59.5257 30.8 76.3916
      vertex 61.3844 30.8 76.2989
    endloop
  endfacet
  facet normal 0 1 -0
    outer loop
      vertex 61.345 30.8 76
      vertex 59.5257 30.8 76.3916
      vertex 61.3549 30.8 76.1508
    endloop
  endfacet
  facet normal 0 1 0
    outer loop
      vertex 61.345 30.8 76
      vertex 59.5 30.8 76
      vertex 59.5257 30.8 76.3916
    endloop
  endfacet
  facet normal 0 1 0
    outer loop
      vertex 61.3549 30.8 75.8492
      vertex 59.5 30.8 76
      vertex 61.345 30.8 76
    endloop
  endfacet
  facet normal 0 1 0
    outer loop
      vertex 59.5257 30.8 75.6084
      vertex 61.3549 30.8 75.8492
      vertex 61.3844 30.8 75.7011
    endloop
  endfacet
  facet normal 0 1 0
    outer loop
      vertex 61.3549 30.8 75.8492
      vertex 59.5257 30.8 75.6084
      vertex 59.5 30.8 76
    endloop
  endfacet
  facet normal 0 1 0
    outer loop
      vertex 59.6022 30.8 75.2235
      vertex 61.3844 30.8 75.7011
      vertex 61.4329 30.8 75.558
    endloop
  endfacet
  facet normal 0 1 0
    outer loop
      vertex 59.7284 30.8 74.852
      vertex 61.4329 30.8 75.558
      vertex 61.4997 30.8 75.4225
    endloop
  endfacet
  facet normal 0 1 0
    outer loop
      vertex 59.9019 30.8 74.5
      vertex 61.4997 30.8 75.4225
      vertex 61.5837 30.8 75.2969
    endloop
  endfacet
  facet normal 0 1 0
    outer loop
      vertex 61.3844 30.8 75.7011
      vertex 59.6022 30.8 75.2235
      vertex 59.5257 30.8 75.6084
    endloop
  endfacet
  facet normal 0 1 0
    outer loop
      vertex 60.1199 30.8 74.1737
      vertex 61.5837 30.8 75.2969
      vertex 61.6833 30.8 75.1833
    endloop
  endfacet
  facet normal 0 1 0
    outer loop
      vertex 60.3787 30.8 73.8787
      vertex 61.6833 30.8 75.1833
      vertex 61.7969 30.8 75.0837
    endloop
  endfacet
  facet normal 0 1 0
    outer loop
      vertex 60.6737 30.8 73.6199
      vertex 61.7969 30.8 75.0837
      vertex 61.9225 30.8 74.9997
    endloop
  endfacet
  facet normal 0 1 0
    outer loop
      vertex 61 30.8 73.4019
      vertex 61.9225 30.8 74.9997
      vertex 62.058 30.8 74.9329
    endloop
  endfacet
  facet normal 0 1 0
    outer loop
      vertex 61.352 30.8 73.2284
      vertex 62.058 30.8 74.9329
      vertex 62.2011 30.8 74.8844
    endloop
  endfacet
  facet normal 0 1 0
    outer loop
      vertex 61.7235 30.8 73.1022
      vertex 62.2011 30.8 74.8844
      vertex 62.3492 30.8 74.8549
    endloop
  endfacet
  facet normal 0 1 0
    outer loop
      vertex 61.4329 30.8 75.558
      vertex 59.7284 30.8 74.852
      vertex 59.6022 30.8 75.2235
    endloop
  endfacet
  facet normal 0 1 0
    outer loop
      vertex 62.1084 30.8 73.0257
      vertex 62.3492 30.8 74.8549
      vertex 62.5 30.8 74.845
    endloop
  endfacet
  facet normal 0 1 0
    outer loop
      vertex 63.0775 30.8 74.9997
      vertex 64 30.8 73.4019
      vertex 62.942 30.8 74.9329
    endloop
  endfacet
  facet normal 0 1 0
    outer loop
      vertex 61.4997 30.8 75.4225
      vertex 59.9019 30.8 74.5
      vertex 59.7284 30.8 74.852
    endloop
  endfacet
  facet normal 0 1 -0
    outer loop
      vertex 63.648 30.8 73.2284
      vertex 62.942 30.8 74.9329
      vertex 64 30.8 73.4019
    endloop
  endfacet
  facet normal 0 1 0
    outer loop
      vertex 61.5837 30.8 75.2969
      vertex 60.1199 30.8 74.1737
      vertex 59.9019 30.8 74.5
    endloop
  endfacet
  facet normal 0 1 0
    outer loop
      vertex 62.942 30.8 74.9329
      vertex 63.648 30.8 73.2284
      vertex 62.7989 30.8 74.8844
    endloop
  endfacet
  facet normal 0 1 0
    outer loop
      vertex 61.6833 30.8 75.1833
      vertex 60.3787 30.8 73.8787
      vertex 60.1199 30.8 74.1737
    endloop
  endfacet
  facet normal 0 1 -0
    outer loop
      vertex 63.2765 30.8 73.1022
      vertex 62.7989 30.8 74.8844
      vertex 63.648 30.8 73.2284
    endloop
  endfacet
  facet normal 0 1 0
    outer loop
      vertex 61.7969 30.8 75.0837
      vertex 60.6737 30.8 73.6199
      vertex 60.3787 30.8 73.8787
    endloop
  endfacet
  facet normal 0 1 0
    outer loop
      vertex 62.7989 30.8 74.8844
      vertex 63.2765 30.8 73.1022
      vertex 62.6508 30.8 74.8549
    endloop
  endfacet
  facet normal 0 1 0
    outer loop
      vertex 61.9225 30.8 74.9997
      vertex 61 30.8 73.4019
      vertex 60.6737 30.8 73.6199
    endloop
  endfacet
  facet normal 0 1 -0
    outer loop
      vertex 62.8916 30.8 73.0257
      vertex 62.6508 30.8 74.8549
      vertex 63.2765 30.8 73.1022
    endloop
  endfacet
  facet normal 0 1 0
    outer loop
      vertex 62.058 30.8 74.9329
      vertex 61.352 30.8 73.2284
      vertex 61 30.8 73.4019
    endloop
  endfacet
  facet normal 0 1 0
    outer loop
      vertex 62.6508 30.8 74.8549
      vertex 62.8916 30.8 73.0257
      vertex 62.5 30.8 74.845
    endloop
  endfacet
  facet normal 0 1 0
    outer loop
      vertex 62.2011 30.8 74.8844
      vertex 61.7235 30.8 73.1022
      vertex 61.352 30.8 73.2284
    endloop
  endfacet
  facet normal 0 1 0
    outer loop
      vertex 62.5 30.8 73
      vertex 62.5 30.8 74.845
      vertex 62.8916 30.8 73.0257
    endloop
  endfacet
  facet normal 0 1 0
    outer loop
      vertex 62.3492 30.8 74.8549
      vertex 62.1084 30.8 73.0257
      vertex 61.7235 30.8 73.1022
    endloop
  endfacet
  facet normal 0 1 0
    outer loop
      vertex 62.5 30.8 74.845
      vertex 62.5 30.8 73
      vertex 62.1084 30.8 73.0257
    endloop
  endfacet
  facet normal -0.19494 0 0.980815
    outer loop
      vertex 61.7235 30.8 78.8978
      vertex 62.1084 29.2 78.9743
      vertex 62.1084 30.8 78.9743
    endloop
  endfacet
  facet normal -0.19494 0 0.980815
    outer loop
      vertex 62.1084 29.2 78.9743
      vertex 61.7235 30.8 78.8978
      vertex 61.7235 29.2 78.8978
    endloop
  endfacet
  facet normal -0.659478 0 0.751724
    outer loop
      vertex 60.3787 30.8 78.1213
      vertex 60.6737 29.2 78.3801
      vertex 60.6737 30.8 78.3801
    endloop
  endfacet
  facet normal -0.659478 0 0.751724
    outer loop
      vertex 60.6737 29.2 78.3801
      vertex 60.3787 30.8 78.1213
      vertex 60.3787 29.2 78.1213
    endloop
  endfacet
  facet normal 1 -0 0
    outer loop
      vertex 25.5 18.8293 31.5
      vertex 25.5 20.8 8.5
      vertex 25.5 20.8 31.5
    endloop
  endfacet
  facet normal 1 0 0
    outer loop
      vertex 25.5 20.8 8.5
      vertex 25.5 18.8293 31.5
      vertex 25.5 6.98719 8.5
    endloop
  endfacet
  facet normal -1 0 0
    outer loop
      vertex 25.5 20.8 31.5
      vertex 25.5 26.8 65.5
      vertex 25.5 26.8 31.5
    endloop
  endfacet
  facet normal -1 -0 0
    outer loop
      vertex 25.5 26.8 65.5
      vertex 25.5 20.8 31.5
      vertex 25.5 20.8 65.5
    endloop
  endfacet
  facet normal 0 -0.889075 0.457762
    outer loop
      vertex 20.5 6.98719 8.5
      vertex 25.5 18.8293 31.5
      vertex 20.5 18.8293 31.5
    endloop
  endfacet
  facet normal 0 -0.889075 0.457762
    outer loop
      vertex 25.5 18.8293 31.5
      vertex 20.5 6.98719 8.5
      vertex 25.5 6.98719 8.5
    endloop
  endfacet
  facet normal -1 0 0
    outer loop
      vertex 20.5 20.8 8.5
      vertex 20.5 18.8293 31.5
      vertex 20.5 20.8 31.5
    endloop
  endfacet
  facet normal -1 0 -0
    outer loop
      vertex 20.5 18.8293 31.5
      vertex 20.5 20.8 8.5
      vertex 20.5 6.98719 8.5
    endloop
  endfacet
  facet normal 1 0 0
    outer loop
      vertex 45.5 20.8 35.3275
      vertex 45.5 6.98719 8.5
      vertex 45.5 20.8 8.5
    endloop
  endfacet
  facet normal 0 -0.889075 0.457762
    outer loop
      vertex 40.5 18.8293 31.5
      vertex 40.5 6.98719 8.5
      vertex 42.5 18.8293 31.5
    endloop
  endfacet
  facet normal 0 -0.889073 0.457765
    outer loop
      vertex 42.5 18.8293 31.5
      vertex 45.5 20.8 35.3275
      vertex 42.5 20.8 35.3275
    endloop
  endfacet
  facet normal 0 -0.889075 0.457762
    outer loop
      vertex 45.5 6.98719 8.5
      vertex 42.5 18.8293 31.5
      vertex 40.5 6.98719 8.5
    endloop
  endfacet
  facet normal 4.68357e-06 -0.889075 0.457762
    outer loop
      vertex 42.5 18.8293 31.5
      vertex 45.5 6.98719 8.5
      vertex 45.5 20.8 35.3275
    endloop
  endfacet
  facet normal -1 0 0
    outer loop
      vertex 40.5 20.8 8.5
      vertex 40.5 18.8293 31.5
      vertex 40.5 20.8 31.5
    endloop
  endfacet
  facet normal -1 0 -0
    outer loop
      vertex 40.5 18.8293 31.5
      vertex 40.5 20.8 8.5
      vertex 40.5 6.98719 8.5
    endloop
  endfacet
  facet normal 1 0 0
    outer loop
      vertex 65.5 20.8 35.3275
      vertex 65.5 6.98719 8.5
      vertex 65.5 20.8 8.5
    endloop
  endfacet
  facet normal 0 -0.889075 0.457762
    outer loop
      vertex 60.5 6.98719 8.5
      vertex 65.5 20.8 35.3275
      vertex 60.5 20.8 35.3275
    endloop
  endfacet
  facet normal 0 -0.889075 0.457762
    outer loop
      vertex 65.5 20.8 35.3275
      vertex 60.5 6.98719 8.5
      vertex 65.5 6.98719 8.5
    endloop
  endfacet
  facet normal -1 0 0
    outer loop
      vertex 60.5 20.8 8.5
      vertex 60.5 6.98719 8.5
      vertex 60.5 20.8 35.3275
    endloop
  endfacet
  facet normal 0 1 -0
    outer loop
      vertex 67.2 47 3.995
      vertex 8.8 47 4
      vertex 67.2 47 4
    endloop
  endfacet
  facet normal 0 1 0
    outer loop
      vertex 67.2 47 3.995
      vertex 8.8 47 3.995
      vertex 8.8 47 4
    endloop
  endfacet
  facet normal 0 1 -0
    outer loop
      vertex 67.0953 47 -0.00499916
      vertex 8.8 47 3.995
      vertex 67.2 47 3.995
    endloop
  endfacet
  facet normal 0 1 0
    outer loop
      vertex 8.8 47 3.995
      vertex 67.0953 47 -0.00499916
      vertex 8.90474 47 -0.00499916
    endloop
  endfacet
  facet normal 0 -1 0
    outer loop
      vertex 8.8 3 3.995
      vertex 67.2 3 4
      vertex 8.8 3 4
    endloop
  endfacet
  facet normal 0 -1 0
    outer loop
      vertex 8.8 3 3.995
      vertex 67.2 3 3.995
      vertex 67.2 3 4
    endloop
  endfacet
  facet normal 0 -1 0
    outer loop
      vertex 8.90474 3 -0.00499916
      vertex 67.2 3 3.995
      vertex 8.8 3 3.995
    endloop
  endfacet
  facet normal 0 -1 0
    outer loop
      vertex 67.2 3 3.995
      vertex 8.90474 3 -0.00499916
      vertex 67.0953 3 -0.00499916
    endloop
  endfacet
  facet normal 0 0 -1
    outer loop
      vertex 8.90474 3 -0.00499916
      vertex 67.0953 47 -0.00499916
      vertex 67.0953 3 -0.00499916
    endloop
  endfacet
  facet normal -0 0 -1
    outer loop
      vertex 67.0953 47 -0.00499916
      vertex 8.90474 3 -0.00499916
      vertex 8.90474 47 -0.00499916
    endloop
  endfacet
  facet normal -1 0 0
    outer loop
      vertex 8.8 3 3.995
      vertex 8.8 47 4
      vertex 8.8 47 3.995
    endloop
  endfacet
  facet normal -1 -0 0
    outer loop
      vertex 8.8 47 4
      vertex 8.8 3 3.995
      vertex 8.8 3 4
    endloop
  endfacet
  facet normal 1 -0 0
    outer loop
      vertex 67.2 3 4
      vertex 67.2 47 3.995
      vertex 67.2 47 4
    endloop
  endfacet
  facet normal 1 0 0
    outer loop
      vertex 67.2 47 3.995
      vertex 67.2 3 4
      vertex 67.2 3 3.995
    endloop
  endfacet
  facet normal -0.999657 0 -0.026176
    outer loop
      vertex 8.90474 3 -0.00499916
      vertex 8.8 47 3.995
      vertex 8.90474 47 -0.00499916
    endloop
  endfacet
  facet normal -0.999657 -0 -0.026176
    outer loop
      vertex 8.8 47 3.995
      vertex 8.90474 3 -0.00499916
      vertex 8.8 3 3.995
    endloop
  endfacet
  facet normal 0.999658 0 -0.026166
    outer loop
      vertex 67.2 3 3.995
      vertex 67.0953 47 -0.00499916
      vertex 67.2 47 3.995
    endloop
  endfacet
  facet normal 0.999658 0 -0.026166
    outer loop
      vertex 67.0953 47 -0.00499916
      vertex 67.2 3 3.995
      vertex 67.0953 3 -0.00499916
    endloop
  endfacet
  facet normal 0.997853 0.0654873 0
    outer loop
      vertex 76 47 8.5
      vertex 75.9743 47.3916 4
      vertex 75.9743 47.3916 8.5
    endloop
  endfacet
  facet normal 0.997853 0.0654873 0
    outer loop
      vertex 75.9743 47.3916 4
      vertex 76 47 8.5
      vertex 76 47 4
    endloop
  endfacet
  facet normal -0.831481 0.555553 0
    outer loop
      vertex 0.401923 48.5 4
      vertex 0.61994 48.8263 8.5
      vertex 0.61994 48.8263 4
    endloop
  endfacet
  facet normal -0.831481 0.555553 0
    outer loop
      vertex 0.61994 48.8263 8.5
      vertex 0.401923 48.5 4
      vertex 0.401923 48.5 8.5
    endloop
  endfacet
  facet normal -0.555547 0.831485 0
    outer loop
      vertex 1.5 49.5981 4
      vertex 1.17372 49.3801 8.5
      vertex 1.5 49.5981 8.5
    endloop
  endfacet
  facet normal -0.555547 0.831485 0
    outer loop
      vertex 1.17372 49.3801 8.5
      vertex 1.5 49.5981 4
      vertex 1.17372 49.3801 4
    endloop
  endfacet
  facet normal 0.831485 -0.555547 0
    outer loop
      vertex 75.3801 1.17372 8.5
      vertex 75.5981 1.5 4
      vertex 75.5981 1.5 8.5
    endloop
  endfacet
  facet normal 0.831485 -0.555547 0
    outer loop
      vertex 75.5981 1.5 4
      vertex 75.3801 1.17372 8.5
      vertex 75.3801 1.17372 4
    endloop
  endfacet
  facet normal 0.946858 0.321651 0
    outer loop
      vertex 75.8978 47.7765 8.5
      vertex 75.7716 48.148 4
      vertex 75.7716 48.148 8.5
    endloop
  endfacet
  facet normal 0.946858 0.321651 0
    outer loop
      vertex 75.7716 48.148 4
      vertex 75.8978 47.7765 8.5
      vertex 75.8978 47.7765 4
    endloop
  endfacet
  facet normal 0 -1 0
    outer loop
      vertex 3 0 4
      vertex 73 0 8.5
      vertex 3 0 8.5
    endloop
  endfacet
  facet normal 0 -1 -0
    outer loop
      vertex 73 0 8.5
      vertex 3 0 4
      vertex 73 0 4
    endloop
  endfacet
  facet normal 0.65939 -0.751801 0
    outer loop
      vertex 74.8263 0.61994 4
      vertex 75.1213 0.878679 8.5
      vertex 74.8263 0.61994 8.5
    endloop
  endfacet
  facet normal 0.65939 -0.751801 0
    outer loop
      vertex 75.1213 0.878679 8.5
      vertex 74.8263 0.61994 4
      vertex 75.1213 0.878679 4
    endloop
  endfacet
  facet normal -0.896873 -0.442288 0
    outer loop
      vertex 0.401923 1.5 4
      vertex 0.228361 1.85195 8.5
      vertex 0.228361 1.85195 4
    endloop
  endfacet
  facet normal -0.896873 -0.442288 0
    outer loop
      vertex 0.228361 1.85195 8.5
      vertex 0.401923 1.5 4
      vertex 0.401923 1.5 8.5
    endloop
  endfacet
  facet normal 0.321512 -0.946905 0
    outer loop
      vertex 73.7765 0.102222 4
      vertex 74.148 0.228361 8.5
      vertex 73.7765 0.102222 8.5
    endloop
  endfacet
  facet normal 0.321512 -0.946905 0
    outer loop
      vertex 74.148 0.228361 8.5
      vertex 73.7765 0.102222 4
      vertex 74.148 0.228361 4
    endloop
  endfacet
  facet normal -0.19495 0.980813 0
    outer loop
      vertex 2.60842 49.9743 4
      vertex 2.22354 49.8978 8.5
      vertex 2.60842 49.9743 8.5
    endloop
  endfacet
  facet normal -0.19495 0.980813 0
    outer loop
      vertex 2.22354 49.8978 8.5
      vertex 2.60842 49.9743 4
      vertex 2.22354 49.8978 4
    endloop
  endfacet
  facet normal -0.555577 -0.831465 0
    outer loop
      vertex 1.17372 0.61994 4
      vertex 1.5 0.401923 8.5
      vertex 1.17372 0.61994 8.5
    endloop
  endfacet
  facet normal -0.555577 -0.831465 -0
    outer loop
      vertex 1.5 0.401923 8.5
      vertex 1.17372 0.61994 4
      vertex 1.5 0.401923 4
    endloop
  endfacet
  facet normal -0.195089 -0.980786 0
    outer loop
      vertex 2.22354 0.102222 4
      vertex 2.60842 0.0256653 8.5
      vertex 2.22354 0.102222 8.5
    endloop
  endfacet
  facet normal -0.195089 -0.980786 -0
    outer loop
      vertex 2.60842 0.0256653 8.5
      vertex 2.22354 0.102222 4
      vertex 2.60842 0.0256653 4
    endloop
  endfacet
  facet normal -0.0654026 -0.997859 0
    outer loop
      vertex 2.60842 0.0256653 4
      vertex 3 0 8.5
      vertex 2.60842 0.0256653 8.5
    endloop
  endfacet
  facet normal -0.0654026 -0.997859 -0
    outer loop
      vertex 3 0 8.5
      vertex 2.60842 0.0256653 4
      vertex 3 0 4
    endloop
  endfacet
  facet normal 0.751724 0.659478 0
    outer loop
      vertex 75.3801 48.8263 8.5
      vertex 75.1213 49.1213 4
      vertex 75.1213 49.1213 8.5
    endloop
  endfacet
  facet normal 0.751724 0.659478 0
    outer loop
      vertex 75.1213 49.1213 4
      vertex 75.3801 48.8263 8.5
      vertex 75.3801 48.8263 4
    endloop
  endfacet
  facet normal 0.442237 -0.896898 0
    outer loop
      vertex 74.148 0.228361 4
      vertex 74.5 0.401923 8.5
      vertex 74.148 0.228361 8.5
    endloop
  endfacet
  facet normal 0.442237 -0.896898 0
    outer loop
      vertex 74.5 0.401923 8.5
      vertex 74.148 0.228361 4
      vertex 74.5 0.401923 4
    endloop
  endfacet
  facet normal -0.442288 -0.896873 0
    outer loop
      vertex 1.5 0.401923 4
      vertex 1.85195 0.228361 8.5
      vertex 1.5 0.401923 8.5
    endloop
  endfacet
  facet normal -0.442288 -0.896873 -0
    outer loop
      vertex 1.85195 0.228361 8.5
      vertex 1.5 0.401923 4
      vertex 1.85195 0.228361 4
    endloop
  endfacet
  facet normal 0.555553 -0.831481 0
    outer loop
      vertex 74.5 0.401923 4
      vertex 74.8263 0.61994 8.5
      vertex 74.5 0.401923 8.5
    endloop
  endfacet
  facet normal 0.555553 -0.831481 0
    outer loop
      vertex 74.8263 0.61994 8.5
      vertex 74.5 0.401923 4
      vertex 74.8263 0.61994 4
    endloop
  endfacet
  facet normal 0.0653993 -0.997859 0
    outer loop
      vertex 73 0 4
      vertex 73.3916 0.0256653 8.5
      vertex 73 0 8.5
    endloop
  endfacet
  facet normal 0.0653993 -0.997859 0
    outer loop
      vertex 73.3916 0.0256653 8.5
      vertex 73 0 4
      vertex 73.3916 0.0256653 4
    endloop
  endfacet
  facet normal -0.659426 0.751769 0
    outer loop
      vertex 1.17372 49.3801 4
      vertex 0.878679 49.1213 8.5
      vertex 1.17372 49.3801 8.5
    endloop
  endfacet
  facet normal -0.659426 0.751769 0
    outer loop
      vertex 0.878679 49.1213 8.5
      vertex 1.17372 49.3801 4
      vertex 0.878679 49.1213 4
    endloop
  endfacet
  facet normal -0.980788 0.195079 0
    outer loop
      vertex 0.0256653 47.3916 4
      vertex 0.102222 47.7765 8.5
      vertex 0.102222 47.7765 4
    endloop
  endfacet
  facet normal -0.980788 0.195079 0
    outer loop
      vertex 0.102222 47.7765 8.5
      vertex 0.0256653 47.3916 4
      vertex 0.0256653 47.3916 8.5
    endloop
  endfacet
  facet normal -0.321442 -0.946929 0
    outer loop
      vertex 1.85195 0.228361 4
      vertex 2.22354 0.102222 8.5
      vertex 1.85195 0.228361 8.5
    endloop
  endfacet
  facet normal -0.321442 -0.946929 -0
    outer loop
      vertex 2.22354 0.102222 8.5
      vertex 1.85195 0.228361 4
      vertex 2.22354 0.102222 4
    endloop
  endfacet
  facet normal 0.19494 0.980815 -0
    outer loop
      vertex 73.7765 49.8978 4
      vertex 73.3916 49.9743 8.5
      vertex 73.7765 49.8978 8.5
    endloop
  endfacet
  facet normal 0.19494 0.980815 0
    outer loop
      vertex 73.3916 49.9743 8.5
      vertex 73.7765 49.8978 4
      vertex 73.3916 49.9743 4
    endloop
  endfacet
  facet normal 1 -0 0
    outer loop
      vertex 76 3 8.5
      vertex 76 47 4
      vertex 76 47 8.5
    endloop
  endfacet
  facet normal 1 0 0
    outer loop
      vertex 76 47 4
      vertex 76 3 8.5
      vertex 76 3 4
    endloop
  endfacet
  facet normal -1 0 0
    outer loop
      vertex 0 3 4
      vertex 0 47 8.5
      vertex 0 47 4
    endloop
  endfacet
  facet normal -1 -0 0
    outer loop
      vertex 0 47 8.5
      vertex 0 3 4
      vertex 0 3 8.5
    endloop
  endfacet
  facet normal 0 1 -0
    outer loop
      vertex 73 50 4
      vertex 3 50 8.5
      vertex 73 50 8.5
    endloop
  endfacet
  facet normal 0 1 0
    outer loop
      vertex 3 50 8.5
      vertex 73 50 4
      vertex 3 50 4
    endloop
  endfacet
  facet normal 0.896936 -0.44216 0
    outer loop
      vertex 75.5981 1.5 8.5
      vertex 75.7716 1.85195 4
      vertex 75.7716 1.85195 8.5
    endloop
  endfacet
  facet normal 0.896936 -0.44216 0
    outer loop
      vertex 75.7716 1.85195 4
      vertex 75.5981 1.5 8.5
      vertex 75.5981 1.5 4
    endloop
  endfacet
  facet normal -0.0654906 0.997853 0
    outer loop
      vertex 3 50 4
      vertex 2.60842 49.9743 8.5
      vertex 3 50 8.5
    endloop
  endfacet
  facet normal -0.0654906 0.997853 0
    outer loop
      vertex 2.60842 49.9743 8.5
      vertex 3 50 4
      vertex 2.60842 49.9743 4
    endloop
  endfacet
  facet normal 0.751769 -0.659426 0
    outer loop
      vertex 75.1213 0.878679 8.5
      vertex 75.3801 1.17372 4
      vertex 75.3801 1.17372 8.5
    endloop
  endfacet
  facet normal 0.751769 -0.659426 0
    outer loop
      vertex 75.3801 1.17372 4
      vertex 75.1213 0.878679 8.5
      vertex 75.1213 0.878679 4
    endloop
  endfacet
  facet normal 0.555523 0.831501 -0
    outer loop
      vertex 74.8263 49.3801 4
      vertex 74.5 49.5981 8.5
      vertex 74.8263 49.3801 8.5
    endloop
  endfacet
  facet normal 0.555523 0.831501 0
    outer loop
      vertex 74.5 49.5981 8.5
      vertex 74.8263 49.3801 4
      vertex 74.5 49.5981 4
    endloop
  endfacet
  facet normal 0.659478 0.751724 -0
    outer loop
      vertex 75.1213 49.1213 4
      vertex 74.8263 49.3801 8.5
      vertex 75.1213 49.1213 8.5
    endloop
  endfacet
  facet normal 0.659478 0.751724 0
    outer loop
      vertex 74.8263 49.3801 8.5
      vertex 75.1213 49.1213 4
      vertex 74.8263 49.3801 4
    endloop
  endfacet
  facet normal -0.980786 -0.195089 0
    outer loop
      vertex 0.102222 2.22354 4
      vertex 0.0256653 2.60842 8.5
      vertex 0.0256653 2.60842 4
    endloop
  endfacet
  facet normal -0.980786 -0.195089 0
    outer loop
      vertex 0.0256653 2.60842 8.5
      vertex 0.102222 2.22354 4
      vertex 0.102222 2.22354 8.5
    endloop
  endfacet
  facet normal 0.831501 0.555523 0
    outer loop
      vertex 75.5981 48.5 8.5
      vertex 75.3801 48.8263 4
      vertex 75.3801 48.8263 8.5
    endloop
  endfacet
  facet normal 0.831501 0.555523 0
    outer loop
      vertex 75.3801 48.8263 4
      vertex 75.5981 48.5 8.5
      vertex 75.5981 48.5 4
    endloop
  endfacet
  facet normal 0 0 1
    outer loop
      vertex 20.5 20.8 8.5
      vertex 10 20.8 8.5
      vertex 20.5 6.98719 8.5
    endloop
  endfacet
  facet normal 0 0 1
    outer loop
      vertex 40.5 20.8 8.5
      vertex 25.5 20.8 8.5
      vertex 40.5 6.98719 8.5
    endloop
  endfacet
  facet normal 0 0 1
    outer loop
      vertex 60.5 20.8 8.5
      vertex 45.5 20.8 8.5
      vertex 60.5 6.98719 8.5
    endloop
  endfacet
  facet normal 0 0 1
    outer loop
      vertex 73 50 8.5
      vertex 76 47 8.5
      vertex 75.9743 47.3916 8.5
    endloop
  endfacet
  facet normal 0 0 1
    outer loop
      vertex 76 47 8.5
      vertex 69 26.2 8.5
      vertex 76 3 8.5
    endloop
  endfacet
  facet normal 0 0 1
    outer loop
      vertex 73 50 8.5
      vertex 75.9743 47.3916 8.5
      vertex 75.8978 47.7765 8.5
    endloop
  endfacet
  facet normal -0 0 1
    outer loop
      vertex 69 23.8 8.5
      vertex 76 3 8.5
      vertex 69 26.2 8.5
    endloop
  endfacet
  facet normal 0 0 1
    outer loop
      vertex 73 50 8.5
      vertex 75.8978 47.7765 8.5
      vertex 75.7716 48.148 8.5
    endloop
  endfacet
  facet normal -0 0 1
    outer loop
      vertex 68.9743 23.4084 8.5
      vertex 76 3 8.5
      vertex 69 23.8 8.5
    endloop
  endfacet
  facet normal 0 0 1
    outer loop
      vertex 73 50 8.5
      vertex 75.7716 48.148 8.5
      vertex 75.5981 48.5 8.5
    endloop
  endfacet
  facet normal -0 0 1
    outer loop
      vertex 68.8978 23.0235 8.5
      vertex 76 3 8.5
      vertex 68.9743 23.4084 8.5
    endloop
  endfacet
  facet normal 0 0 1
    outer loop
      vertex 73 50 8.5
      vertex 75.5981 48.5 8.5
      vertex 75.3801 48.8263 8.5
    endloop
  endfacet
  facet normal -0 0 1
    outer loop
      vertex 68.7716 22.652 8.5
      vertex 76 3 8.5
      vertex 68.8978 23.0235 8.5
    endloop
  endfacet
  facet normal 0 0 1
    outer loop
      vertex 73 50 8.5
      vertex 75.3801 48.8263 8.5
      vertex 75.1213 49.1213 8.5
    endloop
  endfacet
  facet normal -0 0 1
    outer loop
      vertex 68.5981 22.3 8.5
      vertex 76 3 8.5
      vertex 68.7716 22.652 8.5
    endloop
  endfacet
  facet normal 0 0 1
    outer loop
      vertex 73 50 8.5
      vertex 75.1213 49.1213 8.5
      vertex 74.8263 49.3801 8.5
    endloop
  endfacet
  facet normal -0 0 1
    outer loop
      vertex 68.3801 21.9737 8.5
      vertex 76 3 8.5
      vertex 68.5981 22.3 8.5
    endloop
  endfacet
  facet normal 0 0 1
    outer loop
      vertex 73 50 8.5
      vertex 74.8263 49.3801 8.5
      vertex 74.5 49.5981 8.5
    endloop
  endfacet
  facet normal -0 0 1
    outer loop
      vertex 68.1213 21.6787 8.5
      vertex 76 3 8.5
      vertex 68.3801 21.9737 8.5
    endloop
  endfacet
  facet normal 0 0 1
    outer loop
      vertex 73 50 8.5
      vertex 74.5 49.5981 8.5
      vertex 74.148 49.7716 8.5
    endloop
  endfacet
  facet normal -0 0 1
    outer loop
      vertex 67.8263 21.4199 8.5
      vertex 76 3 8.5
      vertex 68.1213 21.6787 8.5
    endloop
  endfacet
  facet normal 0 0 1
    outer loop
      vertex 73 50 8.5
      vertex 74.148 49.7716 8.5
      vertex 73.7765 49.8978 8.5
    endloop
  endfacet
  facet normal -0 0 1
    outer loop
      vertex 65.5 6.98719 8.5
      vertex 76 3 8.5
      vertex 67.8263 21.4199 8.5
    endloop
  endfacet
  facet normal 0 0 1
    outer loop
      vertex 73 50 8.5
      vertex 73.7765 49.8978 8.5
      vertex 73.3916 49.9743 8.5
    endloop
  endfacet
  facet normal 0 -0 1
    outer loop
      vertex 73 0 8.5
      vertex 76 3 8.5
      vertex 65.5 6.98719 8.5
    endloop
  endfacet
  facet normal 0 0 1
    outer loop
      vertex 66 29.2 8.5
      vertex 76 47 8.5
      vertex 73 50 8.5
    endloop
  endfacet
  facet normal 0 0 1
    outer loop
      vertex 76 3 8.5
      vertex 73 0 8.5
      vertex 75.9743 2.60842 8.5
    endloop
  endfacet
  facet normal 0 0 1
    outer loop
      vertex 75.9743 2.60842 8.5
      vertex 73 0 8.5
      vertex 75.8978 2.22354 8.5
    endloop
  endfacet
  facet normal 0 0 1
    outer loop
      vertex 76 47 8.5
      vertex 68.9743 26.5916 8.5
      vertex 69 26.2 8.5
    endloop
  endfacet
  facet normal 0 0 1
    outer loop
      vertex 76 47 8.5
      vertex 68.8978 26.9765 8.5
      vertex 68.9743 26.5916 8.5
    endloop
  endfacet
  facet normal 0 0 1
    outer loop
      vertex 76 47 8.5
      vertex 68.7716 27.348 8.5
      vertex 68.8978 26.9765 8.5
    endloop
  endfacet
  facet normal 0 0 1
    outer loop
      vertex 76 47 8.5
      vertex 68.5981 27.7 8.5
      vertex 68.7716 27.348 8.5
    endloop
  endfacet
  facet normal 0 0 1
    outer loop
      vertex 76 47 8.5
      vertex 68.3801 28.0263 8.5
      vertex 68.5981 27.7 8.5
    endloop
  endfacet
  facet normal 0 0 1
    outer loop
      vertex 76 47 8.5
      vertex 68.1213 28.3213 8.5
      vertex 68.3801 28.0263 8.5
    endloop
  endfacet
  facet normal 0 0 1
    outer loop
      vertex 76 47 8.5
      vertex 67.8263 28.5801 8.5
      vertex 68.1213 28.3213 8.5
    endloop
  endfacet
  facet normal 0 0 1
    outer loop
      vertex 76 47 8.5
      vertex 67.5 28.7981 8.5
      vertex 67.8263 28.5801 8.5
    endloop
  endfacet
  facet normal 0 0 1
    outer loop
      vertex 76 47 8.5
      vertex 67.148 28.9716 8.5
      vertex 67.5 28.7981 8.5
    endloop
  endfacet
  facet normal 0 0 1
    outer loop
      vertex 76 47 8.5
      vertex 66.7765 29.0978 8.5
      vertex 67.148 28.9716 8.5
    endloop
  endfacet
  facet normal 0 0 1
    outer loop
      vertex 76 47 8.5
      vertex 66.3916 29.1743 8.5
      vertex 66.7765 29.0978 8.5
    endloop
  endfacet
  facet normal 0 0 1
    outer loop
      vertex 76 47 8.5
      vertex 66 29.2 8.5
      vertex 66.3916 29.1743 8.5
    endloop
  endfacet
  facet normal 0 0 1
    outer loop
      vertex 73 50 8.5
      vertex 10 29.2 8.5
      vertex 66 29.2 8.5
    endloop
  endfacet
  facet normal -0 0 1
    outer loop
      vertex 3 50 8.5
      vertex 10 29.2 8.5
      vertex 73 50 8.5
    endloop
  endfacet
  facet normal -0 0 1
    outer loop
      vertex 0 47 8.5
      vertex 10 29.2 8.5
      vertex 3 50 8.5
    endloop
  endfacet
  facet normal 0 0 1
    outer loop
      vertex 7.02567 26.5916 8.5
      vertex 0 47 8.5
      vertex 7 26.2 8.5
    endloop
  endfacet
  facet normal 0 0 1
    outer loop
      vertex 7.10222 26.9765 8.5
      vertex 0 47 8.5
      vertex 7.02567 26.5916 8.5
    endloop
  endfacet
  facet normal 0 0 1
    outer loop
      vertex 7.22836 27.348 8.5
      vertex 0 47 8.5
      vertex 7.10222 26.9765 8.5
    endloop
  endfacet
  facet normal 0 0 1
    outer loop
      vertex 7.40192 27.7 8.5
      vertex 0 47 8.5
      vertex 7.22836 27.348 8.5
    endloop
  endfacet
  facet normal 0 0 1
    outer loop
      vertex 7.61994 28.0263 8.5
      vertex 0 47 8.5
      vertex 7.40192 27.7 8.5
    endloop
  endfacet
  facet normal 0 0 1
    outer loop
      vertex 7.87868 28.3213 8.5
      vertex 0 47 8.5
      vertex 7.61994 28.0263 8.5
    endloop
  endfacet
  facet normal 0 0 1
    outer loop
      vertex 8.17372 28.5801 8.5
      vertex 0 47 8.5
      vertex 7.87868 28.3213 8.5
    endloop
  endfacet
  facet normal 0 0 1
    outer loop
      vertex 8.5 28.7981 8.5
      vertex 0 47 8.5
      vertex 8.17372 28.5801 8.5
    endloop
  endfacet
  facet normal 0 0 1
    outer loop
      vertex 8.85195 28.9716 8.5
      vertex 0 47 8.5
      vertex 8.5 28.7981 8.5
    endloop
  endfacet
  facet normal 0 0 1
    outer loop
      vertex 9.22354 29.0978 8.5
      vertex 0 47 8.5
      vertex 8.85195 28.9716 8.5
    endloop
  endfacet
  facet normal 0 0 1
    outer loop
      vertex 9.60842 29.1743 8.5
      vertex 0 47 8.5
      vertex 9.22354 29.0978 8.5
    endloop
  endfacet
  facet normal 0 0 1
    outer loop
      vertex 10 29.2 8.5
      vertex 0 47 8.5
      vertex 9.60842 29.1743 8.5
    endloop
  endfacet
  facet normal 0 0 1
    outer loop
      vertex 75.7716 1.85195 8.5
      vertex 73 0 8.5
      vertex 75.5981 1.5 8.5
    endloop
  endfacet
  facet normal 0 0 1
    outer loop
      vertex 75.5981 1.5 8.5
      vertex 73 0 8.5
      vertex 75.3801 1.17372 8.5
    endloop
  endfacet
  facet normal 0 0 1
    outer loop
      vertex 75.3801 1.17372 8.5
      vertex 73 0 8.5
      vertex 75.1213 0.878679 8.5
    endloop
  endfacet
  facet normal 0 0 1
    outer loop
      vertex 75.1213 0.878679 8.5
      vertex 73 0 8.5
      vertex 74.8263 0.61994 8.5
    endloop
  endfacet
  facet normal 0 0 1
    outer loop
      vertex 74.8263 0.61994 8.5
      vertex 73 0 8.5
      vertex 74.5 0.401923 8.5
    endloop
  endfacet
  facet normal 0 0 1
    outer loop
      vertex 74.5 0.401923 8.5
      vertex 73 0 8.5
      vertex 74.148 0.228361 8.5
    endloop
  endfacet
  facet normal 0 0 1
    outer loop
      vertex 74.148 0.228361 8.5
      vertex 73 0 8.5
      vertex 73.7765 0.102222 8.5
    endloop
  endfacet
  facet normal 0 0 1
    outer loop
      vertex 75.8978 2.22354 8.5
      vertex 73 0 8.5
      vertex 75.7716 1.85195 8.5
    endloop
  endfacet
  facet normal 0 0 1
    outer loop
      vertex 65.5 6.98719 8.5
      vertex 67.8263 21.4199 8.5
      vertex 67.5 21.2019 8.5
    endloop
  endfacet
  facet normal 0 0 1
    outer loop
      vertex 65.5 6.98719 8.5
      vertex 67.5 21.2019 8.5
      vertex 67.148 21.0284 8.5
    endloop
  endfacet
  facet normal 0 0 1
    outer loop
      vertex 65.5 6.98719 8.5
      vertex 67.148 21.0284 8.5
      vertex 66.7765 20.9022 8.5
    endloop
  endfacet
  facet normal 0 0 1
    outer loop
      vertex 65.5 6.98719 8.5
      vertex 66.7765 20.9022 8.5
      vertex 66.3916 20.8257 8.5
    endloop
  endfacet
  facet normal 0 0 1
    outer loop
      vertex 65.5 6.98719 8.5
      vertex 66.3916 20.8257 8.5
      vertex 66 20.8 8.5
    endloop
  endfacet
  facet normal 0 0 1
    outer loop
      vertex 65.5 6.98719 8.5
      vertex 66 20.8 8.5
      vertex 65.5 20.8 8.5
    endloop
  endfacet
  facet normal 0 0 1
    outer loop
      vertex 73.7765 0.102222 8.5
      vertex 73 0 8.5
      vertex 73.3916 0.0256653 8.5
    endloop
  endfacet
  facet normal -0 0 1
    outer loop
      vertex 60.5 6.98719 8.5
      vertex 73 0 8.5
      vertex 65.5 6.98719 8.5
    endloop
  endfacet
  facet normal 0 0 1
    outer loop
      vertex 45.5 6.98719 8.5
      vertex 60.5 6.98719 8.5
      vertex 45.5 20.8 8.5
    endloop
  endfacet
  facet normal -0 0 1
    outer loop
      vertex 45.5 6.98719 8.5
      vertex 73 0 8.5
      vertex 60.5 6.98719 8.5
    endloop
  endfacet
  facet normal -0 0 1
    outer loop
      vertex 40.5 6.98719 8.5
      vertex 73 0 8.5
      vertex 45.5 6.98719 8.5
    endloop
  endfacet
  facet normal 0 0 1
    outer loop
      vertex 25.5 6.98719 8.5
      vertex 40.5 6.98719 8.5
      vertex 25.5 20.8 8.5
    endloop
  endfacet
  facet normal 0 0 1
    outer loop
      vertex 3 0 8.5
      vertex 40.5 6.98719 8.5
      vertex 25.5 6.98719 8.5
    endloop
  endfacet
  facet normal 0 0 1
    outer loop
      vertex 3 0 8.5
      vertex 25.5 6.98719 8.5
      vertex 20.5 6.98719 8.5
    endloop
  endfacet
  facet normal 0 0 1
    outer loop
      vertex 0 3 8.5
      vertex 10 20.8 8.5
      vertex 9.60842 20.8257 8.5
    endloop
  endfacet
  facet normal 0 0 1
    outer loop
      vertex 0 3 8.5
      vertex 9.60842 20.8257 8.5
      vertex 9.22354 20.9022 8.5
    endloop
  endfacet
  facet normal 0 0 1
    outer loop
      vertex 0 3 8.5
      vertex 9.22354 20.9022 8.5
      vertex 8.85195 21.0284 8.5
    endloop
  endfacet
  facet normal 0 0 1
    outer loop
      vertex 0 3 8.5
      vertex 8.85195 21.0284 8.5
      vertex 8.5 21.2019 8.5
    endloop
  endfacet
  facet normal 0 0 1
    outer loop
      vertex 0 3 8.5
      vertex 8.5 21.2019 8.5
      vertex 8.17372 21.4199 8.5
    endloop
  endfacet
  facet normal 0 0 1
    outer loop
      vertex 0 3 8.5
      vertex 8.17372 21.4199 8.5
      vertex 7.87868 21.6787 8.5
    endloop
  endfacet
  facet normal 0 0 1
    outer loop
      vertex 0 3 8.5
      vertex 7.87868 21.6787 8.5
      vertex 7.61994 21.9737 8.5
    endloop
  endfacet
  facet normal 0 0 1
    outer loop
      vertex 7 26.2 8.5
      vertex 0 47 8.5
      vertex 7 23.8 8.5
    endloop
  endfacet
  facet normal 0 0 1
    outer loop
      vertex 40.5 6.98719 8.5
      vertex 3 0 8.5
      vertex 73 0 8.5
    endloop
  endfacet
  facet normal 0 0 1
    outer loop
      vertex 10 20.8 8.5
      vertex 0 3 8.5
      vertex 20.5 6.98719 8.5
    endloop
  endfacet
  facet normal 0 0 1
    outer loop
      vertex 0 3 8.5
      vertex 7.61994 21.9737 8.5
      vertex 7.40192 22.3 8.5
    endloop
  endfacet
  facet normal 0 0 1
    outer loop
      vertex 0 3 8.5
      vertex 7.40192 22.3 8.5
      vertex 7.22836 22.652 8.5
    endloop
  endfacet
  facet normal 0 0 1
    outer loop
      vertex 0 3 8.5
      vertex 7.22836 22.652 8.5
      vertex 7.10222 23.0235 8.5
    endloop
  endfacet
  facet normal 0 0 1
    outer loop
      vertex 0 3 8.5
      vertex 7.10222 23.0235 8.5
      vertex 7.02567 23.4084 8.5
    endloop
  endfacet
  facet normal 0 0 1
    outer loop
      vertex 0 3 8.5
      vertex 7 23.8 8.5
      vertex 0 47 8.5
    endloop
  endfacet
  facet normal 0 0 1
    outer loop
      vertex 0 47 8.5
      vertex 3 50 8.5
      vertex 2.60842 49.9743 8.5
    endloop
  endfacet
  facet normal 0 0 1
    outer loop
      vertex 7 23.8 8.5
      vertex 0 3 8.5
      vertex 7.02567 23.4084 8.5
    endloop
  endfacet
  facet normal 0 0 1
    outer loop
      vertex 0 47 8.5
      vertex 2.60842 49.9743 8.5
      vertex 2.22354 49.8978 8.5
    endloop
  endfacet
  facet normal 0 0 1
    outer loop
      vertex 20.5 6.98719 8.5
      vertex 0 3 8.5
      vertex 3 0 8.5
    endloop
  endfacet
  facet normal 0 0 1
    outer loop
      vertex 0 47 8.5
      vertex 2.22354 49.8978 8.5
      vertex 1.85195 49.7716 8.5
    endloop
  endfacet
  facet normal 0 0 1
    outer loop
      vertex 3 0 8.5
      vertex 0 3 8.5
      vertex 2.60842 0.0256653 8.5
    endloop
  endfacet
  facet normal 0 0 1
    outer loop
      vertex 0 47 8.5
      vertex 1.85195 49.7716 8.5
      vertex 1.5 49.5981 8.5
    endloop
  endfacet
  facet normal 0 0 1
    outer loop
      vertex 2.60842 0.0256653 8.5
      vertex 0 3 8.5
      vertex 2.22354 0.102222 8.5
    endloop
  endfacet
  facet normal 0 0 1
    outer loop
      vertex 0 47 8.5
      vertex 1.5 49.5981 8.5
      vertex 1.17372 49.3801 8.5
    endloop
  endfacet
  facet normal 0 0 1
    outer loop
      vertex 2.22354 0.102222 8.5
      vertex 0 3 8.5
      vertex 1.85195 0.228361 8.5
    endloop
  endfacet
  facet normal 0 0 1
    outer loop
      vertex 0 47 8.5
      vertex 1.17372 49.3801 8.5
      vertex 0.878679 49.1213 8.5
    endloop
  endfacet
  facet normal 0 0 1
    outer loop
      vertex 1.85195 0.228361 8.5
      vertex 0 3 8.5
      vertex 1.5 0.401923 8.5
    endloop
  endfacet
  facet normal 0 0 1
    outer loop
      vertex 0 47 8.5
      vertex 0.878679 49.1213 8.5
      vertex 0.61994 48.8263 8.5
    endloop
  endfacet
  facet normal 0 0 1
    outer loop
      vertex 1.5 0.401923 8.5
      vertex 0 3 8.5
      vertex 1.17372 0.61994 8.5
    endloop
  endfacet
  facet normal 0 0 1
    outer loop
      vertex 0 47 8.5
      vertex 0.61994 48.8263 8.5
      vertex 0.401923 48.5 8.5
    endloop
  endfacet
  facet normal 0 0 1
    outer loop
      vertex 1.17372 0.61994 8.5
      vertex 0 3 8.5
      vertex 0.878679 0.878679 8.5
    endloop
  endfacet
  facet normal 0 0 1
    outer loop
      vertex 0 47 8.5
      vertex 0.401923 48.5 8.5
      vertex 0.228361 48.148 8.5
    endloop
  endfacet
  facet normal 0 0 1
    outer loop
      vertex 0.878679 0.878679 8.5
      vertex 0 3 8.5
      vertex 0.61994 1.17372 8.5
    endloop
  endfacet
  facet normal 0 0 1
    outer loop
      vertex 0 47 8.5
      vertex 0.228361 48.148 8.5
      vertex 0.102222 47.7765 8.5
    endloop
  endfacet
  facet normal 0 0 1
    outer loop
      vertex 0.61994 1.17372 8.5
      vertex 0 3 8.5
      vertex 0.401923 1.5 8.5
    endloop
  endfacet
  facet normal 0 0 1
    outer loop
      vertex 0 47 8.5
      vertex 0.102222 47.7765 8.5
      vertex 0.0256653 47.3916 8.5
    endloop
  endfacet
  facet normal 0 0 1
    outer loop
      vertex 0.401923 1.5 8.5
      vertex 0 3 8.5
      vertex 0.228361 1.85195 8.5
    endloop
  endfacet
  facet normal 0 0 1
    outer loop
      vertex 0.228361 1.85195 8.5
      vertex 0 3 8.5
      vertex 0.102222 2.22354 8.5
    endloop
  endfacet
  facet normal 0 0 1
    outer loop
      vertex 0.102222 2.22354 8.5
      vertex 0 3 8.5
      vertex 0.0256653 2.60842 8.5
    endloop
  endfacet
  facet normal 0.896961 0.44211 0
    outer loop
      vertex 75.7716 48.148 8.5
      vertex 75.5981 48.5 4
      vertex 75.5981 48.5 8.5
    endloop
  endfacet
  facet normal 0.896961 0.44211 0
    outer loop
      vertex 75.5981 48.5 4
      vertex 75.7716 48.148 8.5
      vertex 75.7716 48.148 4
    endloop
  endfacet
  facet normal 0.195079 -0.980788 0
    outer loop
      vertex 73.3916 0.0256653 4
      vertex 73.7765 0.102222 8.5
      vertex 73.3916 0.0256653 8.5
    endloop
  endfacet
  facet normal 0.195079 -0.980788 0
    outer loop
      vertex 73.7765 0.102222 8.5
      vertex 73.3916 0.0256653 4
      vertex 73.7765 0.102222 4
    endloop
  endfacet
  facet normal -0.44216 0.896936 0
    outer loop
      vertex 1.85195 49.7716 4
      vertex 1.5 49.5981 8.5
      vertex 1.85195 49.7716 8.5
    endloop
  endfacet
  facet normal -0.44216 0.896936 0
    outer loop
      vertex 1.5 49.5981 8.5
      vertex 1.85195 49.7716 4
      vertex 1.5 49.5981 4
    endloop
  endfacet
  facet normal -0.997859 -0.0654026 0
    outer loop
      vertex 0.0256653 2.60842 4
      vertex 0 3 8.5
      vertex 0 3 4
    endloop
  endfacet
  facet normal -0.997859 -0.0654026 0
    outer loop
      vertex 0 3 8.5
      vertex 0.0256653 2.60842 4
      vertex 0.0256653 2.60842 8.5
    endloop
  endfacet
  facet normal 0.44211 0.896961 -0
    outer loop
      vertex 74.5 49.5981 4
      vertex 74.148 49.7716 8.5
      vertex 74.5 49.5981 8.5
    endloop
  endfacet
  facet normal 0.44211 0.896961 0
    outer loop
      vertex 74.148 49.7716 8.5
      vertex 74.5 49.5981 4
      vertex 74.148 49.7716 4
    endloop
  endfacet
  facet normal -0.751846 -0.659339 0
    outer loop
      vertex 0.878679 0.878679 4
      vertex 0.61994 1.17372 8.5
      vertex 0.61994 1.17372 4
    endloop
  endfacet
  facet normal -0.751846 -0.659339 0
    outer loop
      vertex 0.61994 1.17372 8.5
      vertex 0.878679 0.878679 4
      vertex 0.878679 0.878679 8.5
    endloop
  endfacet
  facet normal 0.946882 -0.321582 0
    outer loop
      vertex 75.7716 1.85195 8.5
      vertex 75.8978 2.22354 4
      vertex 75.8978 2.22354 8.5
    endloop
  endfacet
  facet normal 0.946882 -0.321582 0
    outer loop
      vertex 75.8978 2.22354 4
      vertex 75.7716 1.85195 8.5
      vertex 75.7716 1.85195 4
    endloop
  endfacet
  facet normal -0.321582 0.946882 0
    outer loop
      vertex 2.22354 49.8978 4
      vertex 1.85195 49.7716 8.5
      vertex 2.22354 49.8978 8.5
    endloop
  endfacet
  facet normal -0.321582 0.946882 0
    outer loop
      vertex 1.85195 49.7716 8.5
      vertex 2.22354 49.8978 4
      vertex 1.85195 49.7716 4
    endloop
  endfacet
  facet normal -0.659339 -0.751846 0
    outer loop
      vertex 0.878679 0.878679 4
      vertex 1.17372 0.61994 8.5
      vertex 0.878679 0.878679 8.5
    endloop
  endfacet
  facet normal -0.659339 -0.751846 -0
    outer loop
      vertex 1.17372 0.61994 8.5
      vertex 0.878679 0.878679 4
      vertex 1.17372 0.61994 4
    endloop
  endfacet
  facet normal 0.321651 0.946858 -0
    outer loop
      vertex 74.148 49.7716 4
      vertex 73.7765 49.8978 8.5
      vertex 74.148 49.7716 8.5
    endloop
  endfacet
  facet normal 0.321651 0.946858 0
    outer loop
      vertex 73.7765 49.8978 8.5
      vertex 74.148 49.7716 4
      vertex 73.7765 49.8978 4
    endloop
  endfacet
  facet normal -0.946905 0.321512 0
    outer loop
      vertex 0.102222 47.7765 4
      vertex 0.228361 48.148 8.5
      vertex 0.228361 48.148 4
    endloop
  endfacet
  facet normal -0.946905 0.321512 0
    outer loop
      vertex 0.228361 48.148 8.5
      vertex 0.102222 47.7765 4
      vertex 0.102222 47.7765 8.5
    endloop
  endfacet
  facet normal 0.980815 0.19494 0
    outer loop
      vertex 75.9743 47.3916 8.5
      vertex 75.8978 47.7765 4
      vertex 75.8978 47.7765 8.5
    endloop
  endfacet
  facet normal 0.980815 0.19494 0
    outer loop
      vertex 75.8978 47.7765 4
      vertex 75.9743 47.3916 8.5
      vertex 75.9743 47.3916 4
    endloop
  endfacet
  facet normal 0.997853 -0.0654906 0
    outer loop
      vertex 75.9743 2.60842 8.5
      vertex 76 3 4
      vertex 76 3 8.5
    endloop
  endfacet
  facet normal 0.997853 -0.0654906 0
    outer loop
      vertex 76 3 4
      vertex 75.9743 2.60842 8.5
      vertex 75.9743 2.60842 4
    endloop
  endfacet
  facet normal -0.751801 0.65939 0
    outer loop
      vertex 0.61994 48.8263 4
      vertex 0.878679 49.1213 8.5
      vertex 0.878679 49.1213 4
    endloop
  endfacet
  facet normal -0.751801 0.65939 0
    outer loop
      vertex 0.878679 49.1213 8.5
      vertex 0.61994 48.8263 4
      vertex 0.61994 48.8263 8.5
    endloop
  endfacet
  facet normal -0.831465 -0.555577 0
    outer loop
      vertex 0.61994 1.17372 4
      vertex 0.401923 1.5 8.5
      vertex 0.401923 1.5 4
    endloop
  endfacet
  facet normal -0.831465 -0.555577 0
    outer loop
      vertex 0.401923 1.5 8.5
      vertex 0.61994 1.17372 4
      vertex 0.61994 1.17372 8.5
    endloop
  endfacet
  facet normal 0.0654873 0.997853 -0
    outer loop
      vertex 73.3916 49.9743 4
      vertex 73 50 8.5
      vertex 73.3916 49.9743 8.5
    endloop
  endfacet
  facet normal 0.0654873 0.997853 0
    outer loop
      vertex 73 50 8.5
      vertex 73.3916 49.9743 4
      vertex 73 50 4
    endloop
  endfacet
  facet normal -0.997859 0.0653993 0
    outer loop
      vertex 0 47 4
      vertex 0.0256653 47.3916 8.5
      vertex 0.0256653 47.3916 4
    endloop
  endfacet
  facet normal -0.997859 0.0653993 0
    outer loop
      vertex 0.0256653 47.3916 8.5
      vertex 0 47 4
      vertex 0 47 8.5
    endloop
  endfacet
  facet normal -0.946929 -0.321442 0
    outer loop
      vertex 0.228361 1.85195 4
      vertex 0.102222 2.22354 8.5
      vertex 0.102222 2.22354 4
    endloop
  endfacet
  facet normal -0.946929 -0.321442 0
    outer loop
      vertex 0.102222 2.22354 8.5
      vertex 0.228361 1.85195 4
      vertex 0.228361 1.85195 8.5
    endloop
  endfacet
  facet normal 0 0 -1
    outer loop
      vertex 73 0 4
      vertex 76 3 4
      vertex 75.9743 2.60842 4
    endloop
  endfacet
  facet normal 0 0 -1
    outer loop
      vertex 76 3 4
      vertex 67.2 3 4
      vertex 76 47 4
    endloop
  endfacet
  facet normal 0 0 -1
    outer loop
      vertex 73 0 4
      vertex 75.9743 2.60842 4
      vertex 75.8978 2.22354 4
    endloop
  endfacet
  facet normal 0 0 -1
    outer loop
      vertex 67.2 47 4
      vertex 76 47 4
      vertex 67.2 3 4
    endloop
  endfacet
  facet normal 0 0 -1
    outer loop
      vertex 73 0 4
      vertex 75.8978 2.22354 4
      vertex 75.7716 1.85195 4
    endloop
  endfacet
  facet normal 0 -0 -1
    outer loop
      vertex 73 50 4
      vertex 76 47 4
      vertex 67.2 47 4
    endloop
  endfacet
  facet normal 0 0 -1
    outer loop
      vertex 73 0 4
      vertex 75.7716 1.85195 4
      vertex 75.5981 1.5 4
    endloop
  endfacet
  facet normal 0 0 -1
    outer loop
      vertex 76 47 4
      vertex 73 50 4
      vertex 75.9743 47.3916 4
    endloop
  endfacet
  facet normal 0 0 -1
    outer loop
      vertex 73 0 4
      vertex 75.5981 1.5 4
      vertex 75.3801 1.17372 4
    endloop
  endfacet
  facet normal 0 0 -1
    outer loop
      vertex 75.9743 47.3916 4
      vertex 73 50 4
      vertex 75.8978 47.7765 4
    endloop
  endfacet
  facet normal 0 0 -1
    outer loop
      vertex 73 0 4
      vertex 75.3801 1.17372 4
      vertex 75.1213 0.878679 4
    endloop
  endfacet
  facet normal 0 0 -1
    outer loop
      vertex 75.8978 47.7765 4
      vertex 73 50 4
      vertex 75.7716 48.148 4
    endloop
  endfacet
  facet normal 0 0 -1
    outer loop
      vertex 73 0 4
      vertex 75.1213 0.878679 4
      vertex 74.8263 0.61994 4
    endloop
  endfacet
  facet normal 0 0 -1
    outer loop
      vertex 75.7716 48.148 4
      vertex 73 50 4
      vertex 75.5981 48.5 4
    endloop
  endfacet
  facet normal 0 0 -1
    outer loop
      vertex 73 0 4
      vertex 74.8263 0.61994 4
      vertex 74.5 0.401923 4
    endloop
  endfacet
  facet normal 0 0 -1
    outer loop
      vertex 75.5981 48.5 4
      vertex 73 50 4
      vertex 75.3801 48.8263 4
    endloop
  endfacet
  facet normal 0 0 -1
    outer loop
      vertex 73 0 4
      vertex 74.5 0.401923 4
      vertex 74.148 0.228361 4
    endloop
  endfacet
  facet normal 0 0 -1
    outer loop
      vertex 75.3801 48.8263 4
      vertex 73 50 4
      vertex 75.1213 49.1213 4
    endloop
  endfacet
  facet normal 0 0 -1
    outer loop
      vertex 73 0 4
      vertex 74.148 0.228361 4
      vertex 73.7765 0.102222 4
    endloop
  endfacet
  facet normal 0 0 -1
    outer loop
      vertex 75.1213 49.1213 4
      vertex 73 50 4
      vertex 74.8263 49.3801 4
    endloop
  endfacet
  facet normal 0 0 -1
    outer loop
      vertex 73 0 4
      vertex 73.7765 0.102222 4
      vertex 73.3916 0.0256653 4
    endloop
  endfacet
  facet normal 0 0 -1
    outer loop
      vertex 74.8263 49.3801 4
      vertex 73 50 4
      vertex 74.5 49.5981 4
    endloop
  endfacet
  facet normal -0 0 -1
    outer loop
      vertex 76 3 4
      vertex 73 0 4
      vertex 67.2 3 4
    endloop
  endfacet
  facet normal 0 0 -1
    outer loop
      vertex 74.5 49.5981 4
      vertex 73 50 4
      vertex 74.148 49.7716 4
    endloop
  endfacet
  facet normal 0 0 -1
    outer loop
      vertex 74.148 49.7716 4
      vertex 73 50 4
      vertex 73.7765 49.8978 4
    endloop
  endfacet
  facet normal 0 0 -1
    outer loop
      vertex 73 0 4
      vertex 8.8 3 4
      vertex 67.2 3 4
    endloop
  endfacet
  facet normal 0 0 -1
    outer loop
      vertex 0 3 4
      vertex 8.8 3 4
      vertex 3 0 4
    endloop
  endfacet
  facet normal 0 0 -1
    outer loop
      vertex 3 0 4
      vertex 8.8 3 4
      vertex 73 0 4
    endloop
  endfacet
  facet normal 0 0 -1
    outer loop
      vertex 73.7765 49.8978 4
      vertex 73 50 4
      vertex 73.3916 49.9743 4
    endloop
  endfacet
  facet normal 0 0 -1
    outer loop
      vertex 8.8 47 4
      vertex 73 50 4
      vertex 67.2 47 4
    endloop
  endfacet
  facet normal 0 0 -1
    outer loop
      vertex 8.8 47 4
      vertex 3 50 4
      vertex 73 50 4
    endloop
  endfacet
  facet normal 0 0 -1
    outer loop
      vertex 8.8 3 4
      vertex 0 3 4
      vertex 8.8 47 4
    endloop
  endfacet
  facet normal 0 0 -1
    outer loop
      vertex 0 3 4
      vertex 3 0 4
      vertex 2.60842 0.0256653 4
    endloop
  endfacet
  facet normal 0 0 -1
    outer loop
      vertex 0 47 4
      vertex 8.8 47 4
      vertex 0 3 4
    endloop
  endfacet
  facet normal 0 0 -1
    outer loop
      vertex 0 3 4
      vertex 2.60842 0.0256653 4
      vertex 2.22354 0.102222 4
    endloop
  endfacet
  facet normal 0 0 -1
    outer loop
      vertex 8.8 47 4
      vertex 0 47 4
      vertex 3 50 4
    endloop
  endfacet
  facet normal 0 0 -1
    outer loop
      vertex 0 3 4
      vertex 2.22354 0.102222 4
      vertex 1.85195 0.228361 4
    endloop
  endfacet
  facet normal 0 0 -1
    outer loop
      vertex 3 50 4
      vertex 0 47 4
      vertex 2.60842 49.9743 4
    endloop
  endfacet
  facet normal 0 0 -1
    outer loop
      vertex 0 3 4
      vertex 1.85195 0.228361 4
      vertex 1.5 0.401923 4
    endloop
  endfacet
  facet normal 0 0 -1
    outer loop
      vertex 2.60842 49.9743 4
      vertex 0 47 4
      vertex 2.22354 49.8978 4
    endloop
  endfacet
  facet normal 0 0 -1
    outer loop
      vertex 0 3 4
      vertex 1.5 0.401923 4
      vertex 1.17372 0.61994 4
    endloop
  endfacet
  facet normal 0 0 -1
    outer loop
      vertex 2.22354 49.8978 4
      vertex 0 47 4
      vertex 1.85195 49.7716 4
    endloop
  endfacet
  facet normal 0 0 -1
    outer loop
      vertex 0 3 4
      vertex 1.17372 0.61994 4
      vertex 0.878679 0.878679 4
    endloop
  endfacet
  facet normal 0 0 -1
    outer loop
      vertex 1.85195 49.7716 4
      vertex 0 47 4
      vertex 1.5 49.5981 4
    endloop
  endfacet
  facet normal 0 0 -1
    outer loop
      vertex 0 3 4
      vertex 0.878679 0.878679 4
      vertex 0.61994 1.17372 4
    endloop
  endfacet
  facet normal 0 0 -1
    outer loop
      vertex 1.5 49.5981 4
      vertex 0 47 4
      vertex 1.17372 49.3801 4
    endloop
  endfacet
  facet normal 0 0 -1
    outer loop
      vertex 0 3 4
      vertex 0.61994 1.17372 4
      vertex 0.401923 1.5 4
    endloop
  endfacet
  facet normal 0 0 -1
    outer loop
      vertex 1.17372 49.3801 4
      vertex 0 47 4
      vertex 0.878679 49.1213 4
    endloop
  endfacet
  facet normal 0 0 -1
    outer loop
      vertex 0 3 4
      vertex 0.401923 1.5 4
      vertex 0.228361 1.85195 4
    endloop
  endfacet
  facet normal 0 0 -1
    outer loop
      vertex 0.878679 49.1213 4
      vertex 0 47 4
      vertex 0.61994 48.8263 4
    endloop
  endfacet
  facet normal 0 0 -1
    outer loop
      vertex 0 3 4
      vertex 0.228361 1.85195 4
      vertex 0.102222 2.22354 4
    endloop
  endfacet
  facet normal 0 0 -1
    outer loop
      vertex 0.61994 48.8263 4
      vertex 0 47 4
      vertex 0.401923 48.5 4
    endloop
  endfacet
  facet normal 0 0 -1
    outer loop
      vertex 0 3 4
      vertex 0.102222 2.22354 4
      vertex 0.0256653 2.60842 4
    endloop
  endfacet
  facet normal 0 0 -1
    outer loop
      vertex 0.401923 48.5 4
      vertex 0 47 4
      vertex 0.228361 48.148 4
    endloop
  endfacet
  facet normal 0 0 -1
    outer loop
      vertex 0.228361 48.148 4
      vertex 0 47 4
      vertex 0.102222 47.7765 4
    endloop
  endfacet
  facet normal 0 0 -1
    outer loop
      vertex 0.102222 47.7765 4
      vertex 0 47 4
      vertex 0.0256653 47.3916 4
    endloop
  endfacet
  facet normal -0.896898 0.442237 0
    outer loop
      vertex 0.228361 48.148 4
      vertex 0.401923 48.5 8.5
      vertex 0.401923 48.5 4
    endloop
  endfacet
  facet normal -0.896898 0.442237 0
    outer loop
      vertex 0.401923 48.5 8.5
      vertex 0.228361 48.148 4
      vertex 0.228361 48.148 8.5
    endloop
  endfacet
  facet normal 0.980813 -0.19495 0
    outer loop
      vertex 75.8978 2.22354 8.5
      vertex 75.9743 2.60842 4
      vertex 75.9743 2.60842 8.5
    endloop
  endfacet
  facet normal 0.980813 -0.19495 0
    outer loop
      vertex 75.9743 2.60842 4
      vertex 75.8978 2.22354 8.5
      vertex 75.8978 2.22354 4
    endloop
  endfacet
  facet normal -0.751799 -0.659392 0
    outer loop
      vertex 7.87868 21.6787 8.5
      vertex 7.61994 21.9737 100.5
      vertex 7.61994 21.9737 8.5
    endloop
  endfacet
  facet normal -0.751799 -0.659392 0
    outer loop
      vertex 7.61994 21.9737 100.5
      vertex 7.87868 21.6787 8.5
      vertex 7.87868 21.6787 100.5
    endloop
  endfacet
  facet normal 0.980815 0.19494 0
    outer loop
      vertex 68.9743 26.5916 100.5
      vertex 68.8978 26.9765 8.5
      vertex 68.8978 26.9765 100.5
    endloop
  endfacet
  facet normal 0.980815 0.19494 0
    outer loop
      vertex 68.8978 26.9765 8.5
      vertex 68.9743 26.5916 100.5
      vertex 68.9743 26.5916 8.5
    endloop
  endfacet
  facet normal 0.997853 -0.0654873 0
    outer loop
      vertex 68.9743 23.4084 100.5
      vertex 69 23.8 8.5
      vertex 69 23.8 100.5
    endloop
  endfacet
  facet normal 0.997853 -0.0654873 0
    outer loop
      vertex 69 23.8 8.5
      vertex 68.9743 23.4084 100.5
      vertex 68.9743 23.4084 8.5
    endloop
  endfacet
  facet normal 0 1 0
    outer loop
      vertex 61 29.2 20.5981
      vertex 61 29.2 73.4019
      vertex 61.352 29.2 20.7716
    endloop
  endfacet
  facet normal 0 1 0
    outer loop
      vertex 15.3263 29.2 73.6199
      vertex 13.8916 29.2 20.9743
      vertex 13.5 29.2 21
    endloop
  endfacet
  facet normal 0 1 0
    outer loop
      vertex 61 29.2 73.4019
      vertex 61 29.2 20.5981
      vertex 60.6737 29.2 73.6199
    endloop
  endfacet
  facet normal 0 1 0
    outer loop
      vertex 15.3263 29.2 73.6199
      vertex 14.2765 29.2 20.8978
      vertex 13.8916 29.2 20.9743
    endloop
  endfacet
  facet normal 0 1 0
    outer loop
      vertex 60.6737 29.2 20.3801
      vertex 60.6737 29.2 73.6199
      vertex 61 29.2 20.5981
    endloop
  endfacet
  facet normal 0 1 0
    outer loop
      vertex 15.3263 29.2 73.6199
      vertex 14.648 29.2 20.7716
      vertex 14.2765 29.2 20.8978
    endloop
  endfacet
  facet normal 0 1 0
    outer loop
      vertex 60.6737 29.2 73.6199
      vertex 60.6737 29.2 20.3801
      vertex 15.3263 29.2 73.6199
    endloop
  endfacet
  facet normal 0 1 0
    outer loop
      vertex 15.3263 29.2 73.6199
      vertex 15 29.2 20.5981
      vertex 14.648 29.2 20.7716
    endloop
  endfacet
  facet normal 0 1 0
    outer loop
      vertex 15.3263 29.2 20.3801
      vertex 15.3263 29.2 73.6199
      vertex 60.6737 29.2 20.3801
    endloop
  endfacet
  facet normal 0 1 0
    outer loop
      vertex 15.3263 29.2 73.6199
      vertex 15.3263 29.2 20.3801
      vertex 15 29.2 20.5981
    endloop
  endfacet
  facet normal 0 1 -0
    outer loop
      vertex 60.3787 29.2 20.1213
      vertex 15.3263 29.2 20.3801
      vertex 60.6737 29.2 20.3801
    endloop
  endfacet
  facet normal 0 1 0
    outer loop
      vertex 60.3787 29.2 20.1213
      vertex 15.6213 29.2 20.1213
      vertex 15.3263 29.2 20.3801
    endloop
  endfacet
  facet normal 0 1 -0
    outer loop
      vertex 60.1199 29.2 19.8263
      vertex 15.6213 29.2 20.1213
      vertex 60.3787 29.2 20.1213
    endloop
  endfacet
  facet normal 0 1 0
    outer loop
      vertex 60.1199 29.2 19.8263
      vertex 15.8801 29.2 19.8263
      vertex 15.6213 29.2 20.1213
    endloop
  endfacet
  facet normal 0 1 -0
    outer loop
      vertex 59.9019 29.2 19.5
      vertex 15.8801 29.2 19.8263
      vertex 60.1199 29.2 19.8263
    endloop
  endfacet
  facet normal 0 1 0
    outer loop
      vertex 59.9019 29.2 19.5
      vertex 16.0981 29.2 19.5
      vertex 15.8801 29.2 19.8263
    endloop
  endfacet
  facet normal 0 1 -0
    outer loop
      vertex 59.7284 29.2 19.148
      vertex 16.0981 29.2 19.5
      vertex 59.9019 29.2 19.5
    endloop
  endfacet
  facet normal 0 1 0
    outer loop
      vertex 59.7284 29.2 19.148
      vertex 16.2716 29.2 19.148
      vertex 16.0981 29.2 19.5
    endloop
  endfacet
  facet normal 0 1 -0
    outer loop
      vertex 59.6022 29.2 18.7765
      vertex 16.2716 29.2 19.148
      vertex 59.7284 29.2 19.148
    endloop
  endfacet
  facet normal 0 1 0
    outer loop
      vertex 59.6022 29.2 18.7765
      vertex 16.3978 29.2 18.7765
      vertex 16.2716 29.2 19.148
    endloop
  endfacet
  facet normal 0 1 -0
    outer loop
      vertex 59.5257 29.2 18.3916
      vertex 16.3978 29.2 18.7765
      vertex 59.6022 29.2 18.7765
    endloop
  endfacet
  facet normal 0 1 0
    outer loop
      vertex 59.5257 29.2 18.3916
      vertex 16.4743 29.2 18.3916
      vertex 16.3978 29.2 18.7765
    endloop
  endfacet
  facet normal 0 1 -0
    outer loop
      vertex 59.5 29.2 18
      vertex 16.4743 29.2 18.3916
      vertex 59.5257 29.2 18.3916
    endloop
  endfacet
  facet normal 0 1 0
    outer loop
      vertex 59.5 29.2 18
      vertex 16.5 29.2 18
      vertex 16.4743 29.2 18.3916
    endloop
  endfacet
  facet normal 0 1 0
    outer loop
      vertex 59.5257 29.2 17.6084
      vertex 16.5 29.2 18
      vertex 59.5 29.2 18
    endloop
  endfacet
  facet normal 0 1 0
    outer loop
      vertex 59.5257 29.2 17.6084
      vertex 16.4743 29.2 17.6084
      vertex 16.5 29.2 18
    endloop
  endfacet
  facet normal 0 1 0
    outer loop
      vertex 59.6022 29.2 17.2235
      vertex 16.4743 29.2 17.6084
      vertex 59.5257 29.2 17.6084
    endloop
  endfacet
  facet normal 0 1 0
    outer loop
      vertex 59.6022 29.2 17.2235
      vertex 16.3978 29.2 17.2235
      vertex 16.4743 29.2 17.6084
    endloop
  endfacet
  facet normal 0 1 0
    outer loop
      vertex 59.7284 29.2 16.8519
      vertex 16.3978 29.2 17.2235
      vertex 59.6022 29.2 17.2235
    endloop
  endfacet
  facet normal 0 1 0
    outer loop
      vertex 59.7284 29.2 16.8519
      vertex 16.2716 29.2 16.8519
      vertex 16.3978 29.2 17.2235
    endloop
  endfacet
  facet normal 0 1 0
    outer loop
      vertex 59.9019 29.2 16.5
      vertex 16.2716 29.2 16.8519
      vertex 59.7284 29.2 16.8519
    endloop
  endfacet
  facet normal 0 1 0
    outer loop
      vertex 59.9019 29.2 16.5
      vertex 16.0981 29.2 16.5
      vertex 16.2716 29.2 16.8519
    endloop
  endfacet
  facet normal 0 1 0
    outer loop
      vertex 60.1199 29.2 16.1737
      vertex 16.0981 29.2 16.5
      vertex 59.9019 29.2 16.5
    endloop
  endfacet
  facet normal 0 1 0
    outer loop
      vertex 60.1199 29.2 16.1737
      vertex 15.8801 29.2 16.1737
      vertex 16.0981 29.2 16.5
    endloop
  endfacet
  facet normal 0 1 0
    outer loop
      vertex 60.3787 29.2 15.8787
      vertex 15.8801 29.2 16.1737
      vertex 60.1199 29.2 16.1737
    endloop
  endfacet
  facet normal 0 1 0
    outer loop
      vertex 60.3787 29.2 15.8787
      vertex 15.6213 29.2 15.8787
      vertex 15.8801 29.2 16.1737
    endloop
  endfacet
  facet normal 0 1 0
    outer loop
      vertex 66 29.2 8.5
      vertex 60.3787 29.2 15.8787
      vertex 60.6737 29.2 15.6199
    endloop
  endfacet
  facet normal 0 1 0
    outer loop
      vertex 60.3787 29.2 15.8787
      vertex 66 29.2 8.5
      vertex 15.6213 29.2 15.8787
    endloop
  endfacet
  facet normal 0 1 0
    outer loop
      vertex 66 29.2 8.5
      vertex 60.6737 29.2 15.6199
      vertex 61 29.2 15.4019
    endloop
  endfacet
  facet normal 0 1 0
    outer loop
      vertex 10 29.2 8.5
      vertex 15.6213 29.2 15.8787
      vertex 66 29.2 8.5
    endloop
  endfacet
  facet normal 0 1 0
    outer loop
      vertex 66 29.2 8.5
      vertex 61 29.2 15.4019
      vertex 61.352 29.2 15.2284
    endloop
  endfacet
  facet normal 0 1 0
    outer loop
      vertex 15.6213 29.2 15.8787
      vertex 10 29.2 8.5
      vertex 15.3263 29.2 15.6199
    endloop
  endfacet
  facet normal 0 1 0
    outer loop
      vertex 66 29.2 8.5
      vertex 61.352 29.2 15.2284
      vertex 61.7235 29.2 15.1022
    endloop
  endfacet
  facet normal 0 1 0
    outer loop
      vertex 15.3263 29.2 15.6199
      vertex 10 29.2 8.5
      vertex 15 29.2 15.4019
    endloop
  endfacet
  facet normal 0 1 0
    outer loop
      vertex 66 29.2 8.5
      vertex 61.7235 29.2 15.1022
      vertex 62.1084 29.2 15.0257
    endloop
  endfacet
  facet normal 0 1 0
    outer loop
      vertex 15 29.2 15.4019
      vertex 10 29.2 8.5
      vertex 14.648 29.2 15.2284
    endloop
  endfacet
  facet normal 0 1 0
    outer loop
      vertex 66 29.2 8.5
      vertex 62.1084 29.2 15.0257
      vertex 62.5 29.2 15
    endloop
  endfacet
  facet normal 0 1 0
    outer loop
      vertex 14.648 29.2 15.2284
      vertex 10 29.2 8.5
      vertex 14.2765 29.2 15.1022
    endloop
  endfacet
  facet normal 0 1 0
    outer loop
      vertex 61.352 29.2 78.7716
      vertex 66 29.2 100.5
      vertex 61.7235 29.2 78.8978
    endloop
  endfacet
  facet normal 0 1 0
    outer loop
      vertex 10 29.2 100.5
      vertex 13.8916 29.2 78.9743
      vertex 13.5 29.2 79
    endloop
  endfacet
  facet normal 0 1 0
    outer loop
      vertex 61 29.2 78.5981
      vertex 66 29.2 100.5
      vertex 61.352 29.2 78.7716
    endloop
  endfacet
  facet normal 0 1 0
    outer loop
      vertex 10 29.2 100.5
      vertex 14.2765 29.2 78.8978
      vertex 13.8916 29.2 78.9743
    endloop
  endfacet
  facet normal 0 1 0
    outer loop
      vertex 60.6737 29.2 78.3801
      vertex 66 29.2 100.5
      vertex 61 29.2 78.5981
    endloop
  endfacet
  facet normal 0 1 0
    outer loop
      vertex 10 29.2 100.5
      vertex 14.648 29.2 78.7716
      vertex 14.2765 29.2 78.8978
    endloop
  endfacet
  facet normal 0 1 0
    outer loop
      vertex 60.3787 29.2 78.1213
      vertex 66 29.2 100.5
      vertex 60.6737 29.2 78.3801
    endloop
  endfacet
  facet normal 0 1 0
    outer loop
      vertex 10 29.2 100.5
      vertex 15 29.2 78.5981
      vertex 14.648 29.2 78.7716
    endloop
  endfacet
  facet normal 0 1 0
    outer loop
      vertex 60.1199 29.2 77.8263
      vertex 66 29.2 100.5
      vertex 60.3787 29.2 78.1213
    endloop
  endfacet
  facet normal 0 1 0
    outer loop
      vertex 10 29.2 100.5
      vertex 15.3263 29.2 78.3801
      vertex 15 29.2 78.5981
    endloop
  endfacet
  facet normal 0 1 0
    outer loop
      vertex 66 29.2 100.5
      vertex 60.1199 29.2 77.8263
      vertex 10 29.2 100.5
    endloop
  endfacet
  facet normal 0 1 0
    outer loop
      vertex 10 29.2 100.5
      vertex 15.6213 29.2 78.1213
      vertex 15.3263 29.2 78.3801
    endloop
  endfacet
  facet normal 0 1 -0
    outer loop
      vertex 15.8801 29.2 77.8263
      vertex 10 29.2 100.5
      vertex 60.1199 29.2 77.8263
    endloop
  endfacet
  facet normal 0 1 0
    outer loop
      vertex 10 29.2 100.5
      vertex 15.8801 29.2 77.8263
      vertex 15.6213 29.2 78.1213
    endloop
  endfacet
  facet normal 0 1 -0
    outer loop
      vertex 59.9019 29.2 77.5
      vertex 15.8801 29.2 77.8263
      vertex 60.1199 29.2 77.8263
    endloop
  endfacet
  facet normal 0 1 0
    outer loop
      vertex 59.9019 29.2 77.5
      vertex 16.0981 29.2 77.5
      vertex 15.8801 29.2 77.8263
    endloop
  endfacet
  facet normal 0 1 -0
    outer loop
      vertex 59.7284 29.2 77.148
      vertex 16.0981 29.2 77.5
      vertex 59.9019 29.2 77.5
    endloop
  endfacet
  facet normal 0 1 0
    outer loop
      vertex 59.7284 29.2 77.148
      vertex 16.2716 29.2 77.148
      vertex 16.0981 29.2 77.5
    endloop
  endfacet
  facet normal 0 1 -0
    outer loop
      vertex 59.6022 29.2 76.7765
      vertex 16.2716 29.2 77.148
      vertex 59.7284 29.2 77.148
    endloop
  endfacet
  facet normal 0 1 0
    outer loop
      vertex 59.6022 29.2 76.7765
      vertex 16.3978 29.2 76.7765
      vertex 16.2716 29.2 77.148
    endloop
  endfacet
  facet normal 0 1 -0
    outer loop
      vertex 59.5257 29.2 76.3916
      vertex 16.3978 29.2 76.7765
      vertex 59.6022 29.2 76.7765
    endloop
  endfacet
  facet normal 0 1 0
    outer loop
      vertex 59.5257 29.2 76.3916
      vertex 16.4743 29.2 76.3916
      vertex 16.3978 29.2 76.7765
    endloop
  endfacet
  facet normal 0 1 -0
    outer loop
      vertex 59.5 29.2 76
      vertex 16.4743 29.2 76.3916
      vertex 59.5257 29.2 76.3916
    endloop
  endfacet
  facet normal 0 1 0
    outer loop
      vertex 59.5 29.2 76
      vertex 16.5 29.2 76
      vertex 16.4743 29.2 76.3916
    endloop
  endfacet
  facet normal 0 1 0
    outer loop
      vertex 59.5257 29.2 75.6084
      vertex 16.5 29.2 76
      vertex 59.5 29.2 76
    endloop
  endfacet
  facet normal 0 1 0
    outer loop
      vertex 59.5257 29.2 75.6084
      vertex 16.4743 29.2 75.6084
      vertex 16.5 29.2 76
    endloop
  endfacet
  facet normal 0 1 0
    outer loop
      vertex 59.6022 29.2 75.2235
      vertex 16.4743 29.2 75.6084
      vertex 59.5257 29.2 75.6084
    endloop
  endfacet
  facet normal 0 1 0
    outer loop
      vertex 59.6022 29.2 75.2235
      vertex 16.3978 29.2 75.2235
      vertex 16.4743 29.2 75.6084
    endloop
  endfacet
  facet normal 0 1 0
    outer loop
      vertex 59.7284 29.2 74.852
      vertex 16.3978 29.2 75.2235
      vertex 59.6022 29.2 75.2235
    endloop
  endfacet
  facet normal 0 1 0
    outer loop
      vertex 59.7284 29.2 74.852
      vertex 16.2716 29.2 74.852
      vertex 16.3978 29.2 75.2235
    endloop
  endfacet
  facet normal 0 1 0
    outer loop
      vertex 59.9019 29.2 74.5
      vertex 16.2716 29.2 74.852
      vertex 59.7284 29.2 74.852
    endloop
  endfacet
  facet normal 0 1 0
    outer loop
      vertex 59.9019 29.2 74.5
      vertex 16.0981 29.2 74.5
      vertex 16.2716 29.2 74.852
    endloop
  endfacet
  facet normal 0 1 0
    outer loop
      vertex 60.1199 29.2 74.1737
      vertex 16.0981 29.2 74.5
      vertex 59.9019 29.2 74.5
    endloop
  endfacet
  facet normal 0 1 0
    outer loop
      vertex 60.1199 29.2 74.1737
      vertex 15.8801 29.2 74.1737
      vertex 16.0981 29.2 74.5
    endloop
  endfacet
  facet normal 0 1 0
    outer loop
      vertex 60.3787 29.2 73.8787
      vertex 15.8801 29.2 74.1737
      vertex 60.1199 29.2 74.1737
    endloop
  endfacet
  facet normal 0 1 0
    outer loop
      vertex 60.3787 29.2 73.8787
      vertex 15.6213 29.2 73.8787
      vertex 15.8801 29.2 74.1737
    endloop
  endfacet
  facet normal 0 1 0
    outer loop
      vertex 60.6737 29.2 73.6199
      vertex 15.6213 29.2 73.8787
      vertex 60.3787 29.2 73.8787
    endloop
  endfacet
  facet normal 0 1 0
    outer loop
      vertex 60.6737 29.2 73.6199
      vertex 15.3263 29.2 73.6199
      vertex 15.6213 29.2 73.8787
    endloop
  endfacet
  facet normal 0 1 0
    outer loop
      vertex 61.7235 29.2 73.1022
      vertex 61.7235 29.2 20.8978
      vertex 61.352 29.2 73.2284
    endloop
  endfacet
  facet normal 0 1 0
    outer loop
      vertex 61.352 29.2 20.7716
      vertex 61.352 29.2 73.2284
      vertex 61.7235 29.2 20.8978
    endloop
  endfacet
  facet normal 0 1 0
    outer loop
      vertex 61.7235 29.2 20.8978
      vertex 61.7235 29.2 73.1022
      vertex 62.1084 29.2 20.9743
    endloop
  endfacet
  facet normal 0 1 0
    outer loop
      vertex 61.352 29.2 73.2284
      vertex 61.352 29.2 20.7716
      vertex 61 29.2 73.4019
    endloop
  endfacet
  facet normal 0 1 0
    outer loop
      vertex 62.1084 29.2 73.0257
      vertex 62.1084 29.2 20.9743
      vertex 61.7235 29.2 73.1022
    endloop
  endfacet
  facet normal 0 1 0
    outer loop
      vertex 15.3263 29.2 73.6199
      vertex 13.5 29.2 21
      vertex 15 29.2 73.4019
    endloop
  endfacet
  facet normal 0 1 0
    outer loop
      vertex 62.1084 29.2 20.9743
      vertex 62.1084 29.2 73.0257
      vertex 62.5 29.2 21
    endloop
  endfacet
  facet normal 0 1 0
    outer loop
      vertex 15 29.2 73.4019
      vertex 13.5 29.2 21
      vertex 14.648 29.2 73.2284
    endloop
  endfacet
  facet normal 0 1 -0
    outer loop
      vertex 62.5 29.2 21
      vertex 62.1084 29.2 73.0257
      vertex 62.5 29.2 73
    endloop
  endfacet
  facet normal 0 1 0
    outer loop
      vertex 14.648 29.2 73.2284
      vertex 13.5 29.2 21
      vertex 14.2765 29.2 73.1022
    endloop
  endfacet
  facet normal 0 1 0
    outer loop
      vertex 62.1084 29.2 78.9743
      vertex 66 29.2 100.5
      vertex 62.5 29.2 79
    endloop
  endfacet
  facet normal 0 1 0
    outer loop
      vertex 66 29.2 100.5
      vertex 62.8916 29.2 78.9743
      vertex 62.5 29.2 79
    endloop
  endfacet
  facet normal 0 1 0
    outer loop
      vertex 66 29.2 100.5
      vertex 63.2765 29.2 78.8978
      vertex 62.8916 29.2 78.9743
    endloop
  endfacet
  facet normal 0 1 0
    outer loop
      vertex 66 29.2 100.5
      vertex 63.648 29.2 78.7716
      vertex 63.2765 29.2 78.8978
    endloop
  endfacet
  facet normal 0 1 0
    outer loop
      vertex 66 29.2 100.5
      vertex 64 29.2 78.5981
      vertex 63.648 29.2 78.7716
    endloop
  endfacet
  facet normal 0 1 0
    outer loop
      vertex 66 29.2 100.5
      vertex 64.3263 29.2 78.3801
      vertex 64 29.2 78.5981
    endloop
  endfacet
  facet normal 0 1 0
    outer loop
      vertex 66 29.2 100.5
      vertex 64.6213 29.2 78.1213
      vertex 64.3263 29.2 78.3801
    endloop
  endfacet
  facet normal 0 1 0
    outer loop
      vertex 66 29.2 100.5
      vertex 64.8801 29.2 77.8263
      vertex 64.6213 29.2 78.1213
    endloop
  endfacet
  facet normal 0 1 0
    outer loop
      vertex 66 29.2 100.5
      vertex 65.0981 29.2 77.5
      vertex 64.8801 29.2 77.8263
    endloop
  endfacet
  facet normal 0 1 0
    outer loop
      vertex 66 29.2 100.5
      vertex 65.2716 29.2 77.148
      vertex 65.0981 29.2 77.5
    endloop
  endfacet
  facet normal 0 1 0
    outer loop
      vertex 66 29.2 100.5
      vertex 65.3978 29.2 76.7765
      vertex 65.2716 29.2 77.148
    endloop
  endfacet
  facet normal 0 1 0
    outer loop
      vertex 66 29.2 100.5
      vertex 65.4743 29.2 76.3916
      vertex 65.3978 29.2 76.7765
    endloop
  endfacet
  facet normal 0 1 0
    outer loop
      vertex 66 29.2 100.5
      vertex 65.5 29.2 76
      vertex 65.4743 29.2 76.3916
    endloop
  endfacet
  facet normal 0 1 0
    outer loop
      vertex 14.2765 29.2 73.1022
      vertex 13.5 29.2 21
      vertex 13.8916 29.2 73.0257
    endloop
  endfacet
  facet normal 0 1 0
    outer loop
      vertex 62.8916 29.2 73.0257
      vertex 62.5 29.2 21
      vertex 62.5 29.2 73
    endloop
  endfacet
  facet normal 0 1 0
    outer loop
      vertex 62.8916 29.2 20.9743
      vertex 62.8916 29.2 73.0257
      vertex 63.2765 29.2 73.1022
    endloop
  endfacet
  facet normal 0 1 0
    outer loop
      vertex 63.2765 29.2 20.8978
      vertex 63.2765 29.2 73.1022
      vertex 63.648 29.2 73.2284
    endloop
  endfacet
  facet normal 0 1 0
    outer loop
      vertex 63.648 29.2 20.7716
      vertex 63.648 29.2 73.2284
      vertex 64 29.2 73.4019
    endloop
  endfacet
  facet normal 0 1 0
    outer loop
      vertex 64 29.2 20.5981
      vertex 64 29.2 73.4019
      vertex 64.3263 29.2 73.6199
    endloop
  endfacet
  facet normal 0 1 0
    outer loop
      vertex 64.3263 29.2 20.3801
      vertex 64.3263 29.2 73.6199
      vertex 64.6213 29.2 73.8787
    endloop
  endfacet
  facet normal 0 1 0
    outer loop
      vertex 64.6213 29.2 20.1213
      vertex 64.6213 29.2 73.8787
      vertex 64.8801 29.2 74.1737
    endloop
  endfacet
  facet normal 0 1 0
    outer loop
      vertex 64.8801 29.2 19.8263
      vertex 64.8801 29.2 74.1737
      vertex 65.0981 29.2 74.5
    endloop
  endfacet
  facet normal 0 1 0
    outer loop
      vertex 65.0981 29.2 19.5
      vertex 65.0981 29.2 74.5
      vertex 65.2716 29.2 74.852
    endloop
  endfacet
  facet normal 0 1 0
    outer loop
      vertex 65.2716 29.2 19.148
      vertex 65.2716 29.2 74.852
      vertex 65.3978 29.2 75.2235
    endloop
  endfacet
  facet normal 0 1 0
    outer loop
      vertex 65.3978 29.2 18.7765
      vertex 65.3978 29.2 75.2235
      vertex 65.4743 29.2 75.6084
    endloop
  endfacet
  facet normal 0 1 0
    outer loop
      vertex 65.4743 29.2 18.3916
      vertex 65.4743 29.2 75.6084
      vertex 65.5 29.2 76
    endloop
  endfacet
  facet normal 0 1 0
    outer loop
      vertex 62.8916 29.2 73.0257
      vertex 62.8916 29.2 20.9743
      vertex 62.5 29.2 21
    endloop
  endfacet
  facet normal 0 1 0
    outer loop
      vertex 63.2765 29.2 73.1022
      vertex 63.2765 29.2 20.8978
      vertex 62.8916 29.2 20.9743
    endloop
  endfacet
  facet normal 0 1 0
    outer loop
      vertex 63.648 29.2 73.2284
      vertex 63.648 29.2 20.7716
      vertex 63.2765 29.2 20.8978
    endloop
  endfacet
  facet normal 0 1 0
    outer loop
      vertex 64 29.2 73.4019
      vertex 64 29.2 20.5981
      vertex 63.648 29.2 20.7716
    endloop
  endfacet
  facet normal 0 1 0
    outer loop
      vertex 64.3263 29.2 73.6199
      vertex 64.3263 29.2 20.3801
      vertex 64 29.2 20.5981
    endloop
  endfacet
  facet normal 0 1 0
    outer loop
      vertex 64.6213 29.2 73.8787
      vertex 64.6213 29.2 20.1213
      vertex 64.3263 29.2 20.3801
    endloop
  endfacet
  facet normal 0 1 -0
    outer loop
      vertex 66 29.2 8.5
      vertex 65.5 29.2 76
      vertex 66 29.2 100.5
    endloop
  endfacet
  facet normal 0 1 0
    outer loop
      vertex 64.8801 29.2 74.1737
      vertex 64.8801 29.2 19.8263
      vertex 64.6213 29.2 20.1213
    endloop
  endfacet
  facet normal 0 1 0
    outer loop
      vertex 65.0981 29.2 74.5
      vertex 65.0981 29.2 19.5
      vertex 64.8801 29.2 19.8263
    endloop
  endfacet
  facet normal 0 1 0
    outer loop
      vertex 65.2716 29.2 74.852
      vertex 65.2716 29.2 19.148
      vertex 65.0981 29.2 19.5
    endloop
  endfacet
  facet normal 0 1 0
    outer loop
      vertex 65.3978 29.2 75.2235
      vertex 65.3978 29.2 18.7765
      vertex 65.2716 29.2 19.148
    endloop
  endfacet
  facet normal 0 1 0
    outer loop
      vertex 65.4743 29.2 75.6084
      vertex 65.4743 29.2 18.3916
      vertex 65.3978 29.2 18.7765
    endloop
  endfacet
  facet normal 0 1 0
    outer loop
      vertex 65.5 29.2 76
      vertex 65.5 29.2 18
      vertex 65.4743 29.2 18.3916
    endloop
  endfacet
  facet normal 0 1 0
    outer loop
      vertex 14.2765 29.2 15.1022
      vertex 10 29.2 8.5
      vertex 13.8916 29.2 15.0257
    endloop
  endfacet
  facet normal 0 1 0
    outer loop
      vertex 62.8916 29.2 15.0257
      vertex 66 29.2 8.5
      vertex 62.5 29.2 15
    endloop
  endfacet
  facet normal 0 1 0
    outer loop
      vertex 63.2765 29.2 15.1022
      vertex 66 29.2 8.5
      vertex 62.8916 29.2 15.0257
    endloop
  endfacet
  facet normal 0 1 0
    outer loop
      vertex 63.648 29.2 15.2284
      vertex 66 29.2 8.5
      vertex 63.2765 29.2 15.1022
    endloop
  endfacet
  facet normal 0 1 0
    outer loop
      vertex 64 29.2 15.4019
      vertex 66 29.2 8.5
      vertex 63.648 29.2 15.2284
    endloop
  endfacet
  facet normal 0 1 0
    outer loop
      vertex 64.3263 29.2 15.6199
      vertex 66 29.2 8.5
      vertex 64 29.2 15.4019
    endloop
  endfacet
  facet normal 0 1 0
    outer loop
      vertex 64.6213 29.2 15.8787
      vertex 66 29.2 8.5
      vertex 64.3263 29.2 15.6199
    endloop
  endfacet
  facet normal 0 1 0
    outer loop
      vertex 64.8801 29.2 16.1737
      vertex 66 29.2 8.5
      vertex 64.6213 29.2 15.8787
    endloop
  endfacet
  facet normal 0 1 0
    outer loop
      vertex 65.0981 29.2 16.5
      vertex 66 29.2 8.5
      vertex 64.8801 29.2 16.1737
    endloop
  endfacet
  facet normal 0 1 0
    outer loop
      vertex 65.2716 29.2 16.8519
      vertex 66 29.2 8.5
      vertex 65.0981 29.2 16.5
    endloop
  endfacet
  facet normal 0 1 0
    outer loop
      vertex 65.3978 29.2 17.2235
      vertex 66 29.2 8.5
      vertex 65.2716 29.2 16.8519
    endloop
  endfacet
  facet normal 0 1 0
    outer loop
      vertex 65.4743 29.2 17.6084
      vertex 66 29.2 8.5
      vertex 65.3978 29.2 17.2235
    endloop
  endfacet
  facet normal 0 1 0
    outer loop
      vertex 65.5 29.2 18
      vertex 66 29.2 8.5
      vertex 65.4743 29.2 17.6084
    endloop
  endfacet
  facet normal 0 1 0
    outer loop
      vertex 65.5 29.2 76
      vertex 66 29.2 8.5
      vertex 65.5 29.2 18
    endloop
  endfacet
  facet normal 0 1 0
    outer loop
      vertex 61.7235 29.2 78.8978
      vertex 66 29.2 100.5
      vertex 62.1084 29.2 78.9743
    endloop
  endfacet
  facet normal 0 1 -0
    outer loop
      vertex 13.1084 29.2 78.9743
      vertex 10 29.2 100.5
      vertex 13.5 29.2 79
    endloop
  endfacet
  facet normal 0 1 -0
    outer loop
      vertex 12.7235 29.2 78.8978
      vertex 10 29.2 100.5
      vertex 13.1084 29.2 78.9743
    endloop
  endfacet
  facet normal 0 1 -0
    outer loop
      vertex 12.3519 29.2 78.7716
      vertex 10 29.2 100.5
      vertex 12.7235 29.2 78.8978
    endloop
  endfacet
  facet normal 0 1 -0
    outer loop
      vertex 12 29.2 78.5981
      vertex 10 29.2 100.5
      vertex 12.3519 29.2 78.7716
    endloop
  endfacet
  facet normal 0 1 -0
    outer loop
      vertex 11.6737 29.2 78.3801
      vertex 10 29.2 100.5
      vertex 12 29.2 78.5981
    endloop
  endfacet
  facet normal 0 1 -0
    outer loop
      vertex 11.3787 29.2 78.1213
      vertex 10 29.2 100.5
      vertex 11.6737 29.2 78.3801
    endloop
  endfacet
  facet normal 0 1 -0
    outer loop
      vertex 11.1199 29.2 77.8263
      vertex 10 29.2 100.5
      vertex 11.3787 29.2 78.1213
    endloop
  endfacet
  facet normal 0 1 -0
    outer loop
      vertex 10.9019 29.2 77.5
      vertex 10 29.2 100.5
      vertex 11.1199 29.2 77.8263
    endloop
  endfacet
  facet normal 0 1 -0
    outer loop
      vertex 10.7284 29.2 77.148
      vertex 10 29.2 100.5
      vertex 10.9019 29.2 77.5
    endloop
  endfacet
  facet normal 0 1 -0
    outer loop
      vertex 10.6022 29.2 76.7765
      vertex 10 29.2 100.5
      vertex 10.7284 29.2 77.148
    endloop
  endfacet
  facet normal 0 1 -0
    outer loop
      vertex 10.5257 29.2 76.3916
      vertex 10 29.2 100.5
      vertex 10.6022 29.2 76.7765
    endloop
  endfacet
  facet normal 0 1 -0
    outer loop
      vertex 10.5 29.2 76
      vertex 10 29.2 100.5
      vertex 10.5257 29.2 76.3916
    endloop
  endfacet
  facet normal 0 1 0
    outer loop
      vertex 13.8916 29.2 73.0257
      vertex 13.5 29.2 21
      vertex 13.5 29.2 73
    endloop
  endfacet
  facet normal 0 1 0
    outer loop
      vertex 13.5 29.2 73
      vertex 13.5 29.2 21
      vertex 13.1084 29.2 73.0257
    endloop
  endfacet
  facet normal 0 1 0
    outer loop
      vertex 13.1084 29.2 20.9743
      vertex 13.1084 29.2 73.0257
      vertex 13.5 29.2 21
    endloop
  endfacet
  facet normal 0 1 0
    outer loop
      vertex 13.1084 29.2 73.0257
      vertex 13.1084 29.2 20.9743
      vertex 12.7235 29.2 73.1022
    endloop
  endfacet
  facet normal 0 1 0
    outer loop
      vertex 12.7235 29.2 20.8978
      vertex 12.7235 29.2 73.1022
      vertex 13.1084 29.2 20.9743
    endloop
  endfacet
  facet normal 0 1 0
    outer loop
      vertex 12.7235 29.2 73.1022
      vertex 12.7235 29.2 20.8978
      vertex 12.3519 29.2 73.2284
    endloop
  endfacet
  facet normal 0 1 0
    outer loop
      vertex 12.3519 29.2 20.7716
      vertex 12.3519 29.2 73.2284
      vertex 12.7235 29.2 20.8978
    endloop
  endfacet
  facet normal 0 1 0
    outer loop
      vertex 12.3519 29.2 73.2284
      vertex 12.3519 29.2 20.7716
      vertex 12 29.2 73.4019
    endloop
  endfacet
  facet normal 0 1 0
    outer loop
      vertex 12 29.2 20.5981
      vertex 12 29.2 73.4019
      vertex 12.3519 29.2 20.7716
    endloop
  endfacet
  facet normal 0 1 0
    outer loop
      vertex 12 29.2 73.4019
      vertex 12 29.2 20.5981
      vertex 11.6737 29.2 73.6199
    endloop
  endfacet
  facet normal 0 1 0
    outer loop
      vertex 11.6737 29.2 20.3801
      vertex 11.6737 29.2 73.6199
      vertex 12 29.2 20.5981
    endloop
  endfacet
  facet normal 0 1 0
    outer loop
      vertex 11.6737 29.2 73.6199
      vertex 11.6737 29.2 20.3801
      vertex 11.3787 29.2 73.8787
    endloop
  endfacet
  facet normal 0 1 0
    outer loop
      vertex 11.3787 29.2 20.1213
      vertex 11.3787 29.2 73.8787
      vertex 11.6737 29.2 20.3801
    endloop
  endfacet
  facet normal 0 1 0
    outer loop
      vertex 11.3787 29.2 73.8787
      vertex 11.3787 29.2 20.1213
      vertex 11.1199 29.2 74.1737
    endloop
  endfacet
  facet normal 0 1 0
    outer loop
      vertex 11.1199 29.2 19.8263
      vertex 11.1199 29.2 74.1737
      vertex 11.3787 29.2 20.1213
    endloop
  endfacet
  facet normal 0 1 0
    outer loop
      vertex 11.1199 29.2 74.1737
      vertex 11.1199 29.2 19.8263
      vertex 10.9019 29.2 74.5
    endloop
  endfacet
  facet normal 0 1 0
    outer loop
      vertex 10.9019 29.2 19.5
      vertex 10.9019 29.2 74.5
      vertex 11.1199 29.2 19.8263
    endloop
  endfacet
  facet normal 0 1 0
    outer loop
      vertex 10.9019 29.2 74.5
      vertex 10.9019 29.2 19.5
      vertex 10.7284 29.2 74.852
    endloop
  endfacet
  facet normal 0 1 0
    outer loop
      vertex 10.7284 29.2 19.148
      vertex 10.7284 29.2 74.852
      vertex 10.9019 29.2 19.5
    endloop
  endfacet
  facet normal 0 1 0
    outer loop
      vertex 10.7284 29.2 74.852
      vertex 10.7284 29.2 19.148
      vertex 10.6022 29.2 75.2235
    endloop
  endfacet
  facet normal 0 1 0
    outer loop
      vertex 10.6022 29.2 18.7765
      vertex 10.6022 29.2 75.2235
      vertex 10.7284 29.2 19.148
    endloop
  endfacet
  facet normal 0 1 0
    outer loop
      vertex 10.6022 29.2 75.2235
      vertex 10.6022 29.2 18.7765
      vertex 10.5257 29.2 75.6084
    endloop
  endfacet
  facet normal 0 1 0
    outer loop
      vertex 10.5257 29.2 18.3916
      vertex 10.5257 29.2 75.6084
      vertex 10.6022 29.2 18.7765
    endloop
  endfacet
  facet normal 0 1 0
    outer loop
      vertex 10.5257 29.2 75.6084
      vertex 10.5257 29.2 18.3916
      vertex 10.5 29.2 76
    endloop
  endfacet
  facet normal 0 1 0
    outer loop
      vertex 10.5 29.2 18
      vertex 10.5 29.2 76
      vertex 10.5257 29.2 18.3916
    endloop
  endfacet
  facet normal 0 1 0
    outer loop
      vertex 10 29.2 8.5
      vertex 10.5 29.2 76
      vertex 10.5 29.2 18
    endloop
  endfacet
  facet normal 0 1 0
    outer loop
      vertex 13.8916 29.2 15.0257
      vertex 10 29.2 8.5
      vertex 13.5 29.2 15
    endloop
  endfacet
  facet normal 0 1 0
    outer loop
      vertex 10.5 29.2 76
      vertex 10 29.2 8.5
      vertex 10 29.2 100.5
    endloop
  endfacet
  facet normal 0 1 0
    outer loop
      vertex 10.5257 29.2 17.6084
      vertex 10 29.2 8.5
      vertex 10.5 29.2 18
    endloop
  endfacet
  facet normal 0 1 0
    outer loop
      vertex 10.6022 29.2 17.2235
      vertex 10 29.2 8.5
      vertex 10.5257 29.2 17.6084
    endloop
  endfacet
  facet normal 0 1 0
    outer loop
      vertex 10.7284 29.2 16.8519
      vertex 10 29.2 8.5
      vertex 10.6022 29.2 17.2235
    endloop
  endfacet
  facet normal 0 1 0
    outer loop
      vertex 10.9019 29.2 16.5
      vertex 10 29.2 8.5
      vertex 10.7284 29.2 16.8519
    endloop
  endfacet
  facet normal 0 1 0
    outer loop
      vertex 11.1199 29.2 16.1737
      vertex 10 29.2 8.5
      vertex 10.9019 29.2 16.5
    endloop
  endfacet
  facet normal 0 1 0
    outer loop
      vertex 11.3787 29.2 15.8787
      vertex 10 29.2 8.5
      vertex 11.1199 29.2 16.1737
    endloop
  endfacet
  facet normal 0 1 0
    outer loop
      vertex 11.6737 29.2 15.6199
      vertex 10 29.2 8.5
      vertex 11.3787 29.2 15.8787
    endloop
  endfacet
  facet normal 0 1 0
    outer loop
      vertex 12 29.2 15.4019
      vertex 10 29.2 8.5
      vertex 11.6737 29.2 15.6199
    endloop
  endfacet
  facet normal 0 1 0
    outer loop
      vertex 12.3519 29.2 15.2284
      vertex 10 29.2 8.5
      vertex 12 29.2 15.4019
    endloop
  endfacet
  facet normal 0 1 0
    outer loop
      vertex 12.7235 29.2 15.1022
      vertex 10 29.2 8.5
      vertex 12.3519 29.2 15.2284
    endloop
  endfacet
  facet normal 0 1 0
    outer loop
      vertex 13.1084 29.2 15.0257
      vertex 10 29.2 8.5
      vertex 12.7235 29.2 15.1022
    endloop
  endfacet
  facet normal 0 1 0
    outer loop
      vertex 13.5 29.2 15
      vertex 10 29.2 8.5
      vertex 13.1084 29.2 15.0257
    endloop
  endfacet
  facet normal -0.0654906 0.997853 0
    outer loop
      vertex 10 29.2 8.5
      vertex 9.60842 29.1743 100.5
      vertex 10 29.2 100.5
    endloop
  endfacet
  facet normal -0.0654906 0.997853 0
    outer loop
      vertex 9.60842 29.1743 100.5
      vertex 10 29.2 8.5
      vertex 9.60842 29.1743 8.5
    endloop
  endfacet
  facet normal -0.0654906 -0.997853 0
    outer loop
      vertex 9.60842 20.8257 8.5
      vertex 10 20.8 100.5
      vertex 9.60842 20.8257 100.5
    endloop
  endfacet
  facet normal -0.0654906 -0.997853 -0
    outer loop
      vertex 10 20.8 100.5
      vertex 9.60842 20.8257 8.5
      vertex 10 20.8 8.5
    endloop
  endfacet
  facet normal 1 -0 0
    outer loop
      vertex 69 23.8 100.5
      vertex 69 26.2 8.5
      vertex 69 26.2 100.5
    endloop
  endfacet
  facet normal 1 0 0
    outer loop
      vertex 69 26.2 8.5
      vertex 69 23.8 100.5
      vertex 69 23.8 8.5
    endloop
  endfacet
  facet normal 0.997853 0.0654873 0
    outer loop
      vertex 69 26.2 100.5
      vertex 68.9743 26.5916 8.5
      vertex 68.9743 26.5916 100.5
    endloop
  endfacet
  facet normal 0.997853 0.0654873 0
    outer loop
      vertex 68.9743 26.5916 8.5
      vertex 69 26.2 100.5
      vertex 69 26.2 8.5
    endloop
  endfacet
  facet normal 0.896961 -0.44211 0
    outer loop
      vertex 68.5981 22.3 100.5
      vertex 68.7716 22.652 8.5
      vertex 68.7716 22.652 100.5
    endloop
  endfacet
  facet normal 0.896961 -0.44211 0
    outer loop
      vertex 68.7716 22.652 8.5
      vertex 68.5981 22.3 100.5
      vertex 68.5981 22.3 8.5
    endloop
  endfacet
  facet normal 0.0654873 0.997853 -0
    outer loop
      vertex 66.3916 29.1743 8.5
      vertex 66 29.2 100.5
      vertex 66.3916 29.1743 100.5
    endloop
  endfacet
  facet normal 0.0654873 0.997853 0
    outer loop
      vertex 66 29.2 100.5
      vertex 66.3916 29.1743 8.5
      vertex 66 29.2 8.5
    endloop
  endfacet
  facet normal 0.0654873 -0.997853 0
    outer loop
      vertex 66 20.8 8.5
      vertex 66.3916 20.8257 100.5
      vertex 66 20.8 100.5
    endloop
  endfacet
  facet normal 0.0654873 -0.997853 0
    outer loop
      vertex 66.3916 20.8257 100.5
      vertex 66 20.8 8.5
      vertex 66.3916 20.8257 8.5
    endloop
  endfacet
  facet normal 0.751724 0.659478 0
    outer loop
      vertex 68.3801 28.0263 100.5
      vertex 68.1213 28.3213 8.5
      vertex 68.1213 28.3213 100.5
    endloop
  endfacet
  facet normal 0.751724 0.659478 0
    outer loop
      vertex 68.1213 28.3213 8.5
      vertex 68.3801 28.0263 100.5
      vertex 68.3801 28.0263 8.5
    endloop
  endfacet
  facet normal -1 0 0
    outer loop
      vertex 7 23.8 8.5
      vertex 7 26.2 100.5
      vertex 7 26.2 8.5
    endloop
  endfacet
  facet normal -1 -0 0
    outer loop
      vertex 7 26.2 100.5
      vertex 7 23.8 8.5
      vertex 7 23.8 100.5
    endloop
  endfacet
  facet normal -0.321582 -0.946882 0
    outer loop
      vertex 8.85195 21.0284 8.5
      vertex 9.22354 20.9022 100.5
      vertex 8.85195 21.0284 100.5
    endloop
  endfacet
  facet normal -0.321582 -0.946882 -0
    outer loop
      vertex 9.22354 20.9022 100.5
      vertex 8.85195 21.0284 8.5
      vertex 9.22354 20.9022 8.5
    endloop
  endfacet
  facet normal 0 -1 0
    outer loop
      vertex 59.5 20.8 31.5
      vertex 60.5 20.8 35.3275
      vertex 59.5 20.8 65.5
    endloop
  endfacet
  facet normal 0 -1 0
    outer loop
      vertex 59.5 20.8 31.5
      vertex 60.5 20.8 8.5
      vertex 60.5 20.8 35.3275
    endloop
  endfacet
  facet normal 0 -1 0
    outer loop
      vertex 50.5 20.8 31.5
      vertex 60.5 20.8 8.5
      vertex 59.5 20.8 31.5
    endloop
  endfacet
  facet normal 0 -1 0
    outer loop
      vertex 45.5 20.8 35.3275
      vertex 42.5 20.8 65.5
      vertex 42.5 20.8 35.3275
    endloop
  endfacet
  facet normal 0 -1 0
    outer loop
      vertex 42.5 20.8 65.5
      vertex 45.5 20.8 35.3275
      vertex 50.5 20.8 65.5
    endloop
  endfacet
  facet normal 0 -1 0
    outer loop
      vertex 45.5 20.8 35.3275
      vertex 50.5 20.8 31.5
      vertex 50.5 20.8 65.5
    endloop
  endfacet
  facet normal 0 -1 0
    outer loop
      vertex 60.5 20.8 8.5
      vertex 50.5 20.8 31.5
      vertex 45.5 20.8 8.5
    endloop
  endfacet
  facet normal 0 -1 0
    outer loop
      vertex 45.5 20.8 8.5
      vertex 50.5 20.8 31.5
      vertex 45.5 20.8 35.3275
    endloop
  endfacet
  facet normal 0 -1 0
    outer loop
      vertex 25.5 20.8 31.5
      vertex 33.5 20.8 65.5
      vertex 25.5 20.8 65.5
    endloop
  endfacet
  facet normal 0 -1 0
    outer loop
      vertex 25.5 20.8 31.5
      vertex 33.5 20.8 31.5
      vertex 33.5 20.8 65.5
    endloop
  endfacet
  facet normal 0 -1 0
    outer loop
      vertex 25.5 20.8 8.5
      vertex 33.5 20.8 31.5
      vertex 25.5 20.8 31.5
    endloop
  endfacet
  facet normal 0 -1 0
    outer loop
      vertex 40.5 20.8 8.5
      vertex 33.5 20.8 31.5
      vertex 25.5 20.8 8.5
    endloop
  endfacet
  facet normal 0 -1 0
    outer loop
      vertex 33.5 20.8 31.5
      vertex 40.5 20.8 8.5
      vertex 40.5 20.8 31.5
    endloop
  endfacet
  facet normal 0 -1 0
    outer loop
      vertex 25.5 20.8 65.5
      vertex 10 20.8 100.5
      vertex 16.5 20.8 65.5
    endloop
  endfacet
  facet normal 0 -1 0
    outer loop
      vertex 10 20.8 8.5
      vertex 16.5 20.8 65.5
      vertex 10 20.8 100.5
    endloop
  endfacet
  facet normal 0 -1 -0
    outer loop
      vertex 16.5 20.8 65.5
      vertex 10 20.8 8.5
      vertex 16.5 20.8 31.5
    endloop
  endfacet
  facet normal 0 -1 0
    outer loop
      vertex 20.5 20.8 8.5
      vertex 16.5 20.8 31.5
      vertex 10 20.8 8.5
    endloop
  endfacet
  facet normal 0 -1 0
    outer loop
      vertex 16.5 20.8 31.5
      vertex 20.5 20.8 8.5
      vertex 20.5 20.8 31.5
    endloop
  endfacet
  facet normal 0 -1 0
    outer loop
      vertex 33.5 20.8 65.5
      vertex 10 20.8 100.5
      vertex 25.5 20.8 65.5
    endloop
  endfacet
  facet normal 0 -1 0
    outer loop
      vertex 10 20.8 100.5
      vertex 33.5 20.8 65.5
      vertex 66 20.8 100.5
    endloop
  endfacet
  facet normal 0 -1 0
    outer loop
      vertex 42.5 20.8 65.5
      vertex 66 20.8 100.5
      vertex 33.5 20.8 65.5
    endloop
  endfacet
  facet normal 0 -1 0
    outer loop
      vertex 50.5 20.8 65.5
      vertex 66 20.8 100.5
      vertex 42.5 20.8 65.5
    endloop
  endfacet
  facet normal 0 -1 0
    outer loop
      vertex 59.5 20.8 65.5
      vertex 66 20.8 100.5
      vertex 50.5 20.8 65.5
    endloop
  endfacet
  facet normal 0 -1 0
    outer loop
      vertex 65.5 20.8 35.3275
      vertex 59.5 20.8 65.5
      vertex 60.5 20.8 35.3275
    endloop
  endfacet
  facet normal 0 -1 0
    outer loop
      vertex 59.5 20.8 65.5
      vertex 65.5 20.8 35.3275
      vertex 66 20.8 100.5
    endloop
  endfacet
  facet normal 0 -1 0
    outer loop
      vertex 66 20.8 8.5
      vertex 65.5 20.8 35.3275
      vertex 65.5 20.8 8.5
    endloop
  endfacet
  facet normal 0 -1 0
    outer loop
      vertex 65.5 20.8 35.3275
      vertex 66 20.8 8.5
      vertex 66 20.8 100.5
    endloop
  endfacet
  facet normal -0.555547 -0.831485 0
    outer loop
      vertex 8.17372 21.4199 8.5
      vertex 8.5 21.2019 100.5
      vertex 8.17372 21.4199 100.5
    endloop
  endfacet
  facet normal -0.555547 -0.831485 -0
    outer loop
      vertex 8.5 21.2019 100.5
      vertex 8.17372 21.4199 8.5
      vertex 8.5 21.2019 8.5
    endloop
  endfacet
  facet normal -0.946905 -0.321514 0
    outer loop
      vertex 7.22836 22.652 8.5
      vertex 7.10222 23.0235 100.5
      vertex 7.10222 23.0235 8.5
    endloop
  endfacet
  facet normal -0.946905 -0.321514 0
    outer loop
      vertex 7.10222 23.0235 100.5
      vertex 7.22836 22.652 8.5
      vertex 7.22836 22.652 100.5
    endloop
  endfacet
  facet normal 0.555523 -0.831501 0
    outer loop
      vertex 67.5 21.2019 8.5
      vertex 67.8263 21.4199 100.5
      vertex 67.5 21.2019 100.5
    endloop
  endfacet
  facet normal 0.555523 -0.831501 0
    outer loop
      vertex 67.8263 21.4199 100.5
      vertex 67.5 21.2019 8.5
      vertex 67.8263 21.4199 8.5
    endloop
  endfacet
  facet normal 0.980815 -0.19494 0
    outer loop
      vertex 68.8978 23.0235 100.5
      vertex 68.9743 23.4084 8.5
      vertex 68.9743 23.4084 100.5
    endloop
  endfacet
  facet normal 0.980815 -0.19494 0
    outer loop
      vertex 68.9743 23.4084 8.5
      vertex 68.8978 23.0235 100.5
      vertex 68.8978 23.0235 8.5
    endloop
  endfacet
  facet normal 0.19494 -0.980815 0
    outer loop
      vertex 66.3916 20.8257 8.5
      vertex 66.7765 20.9022 100.5
      vertex 66.3916 20.8257 100.5
    endloop
  endfacet
  facet normal 0.19494 -0.980815 0
    outer loop
      vertex 66.7765 20.9022 100.5
      vertex 66.3916 20.8257 8.5
      vertex 66.7765 20.9022 8.5
    endloop
  endfacet
  facet normal -0.8969 -0.442233 0
    outer loop
      vertex 7.40192 22.3 8.5
      vertex 7.22836 22.652 100.5
      vertex 7.22836 22.652 8.5
    endloop
  endfacet
  facet normal -0.8969 -0.442233 0
    outer loop
      vertex 7.22836 22.652 100.5
      vertex 7.40192 22.3 8.5
      vertex 7.40192 22.3 100.5
    endloop
  endfacet
  facet normal 0.321651 0.946858 -0
    outer loop
      vertex 67.148 28.9716 8.5
      vertex 66.7765 29.0978 100.5
      vertex 67.148 28.9716 100.5
    endloop
  endfacet
  facet normal 0.321651 0.946858 0
    outer loop
      vertex 66.7765 29.0978 100.5
      vertex 67.148 28.9716 8.5
      vertex 66.7765 29.0978 8.5
    endloop
  endfacet
  facet normal 0.44211 0.896961 -0
    outer loop
      vertex 67.5 28.7981 8.5
      vertex 67.148 28.9716 100.5
      vertex 67.5 28.7981 100.5
    endloop
  endfacet
  facet normal 0.44211 0.896961 0
    outer loop
      vertex 67.148 28.9716 100.5
      vertex 67.5 28.7981 8.5
      vertex 67.148 28.9716 8.5
    endloop
  endfacet
  facet normal -0.980791 0.195062 0
    outer loop
      vertex 7.02567 26.5916 8.5
      vertex 7.10222 26.9765 100.5
      vertex 7.10222 26.9765 8.5
    endloop
  endfacet
  facet normal -0.980791 0.195062 0
    outer loop
      vertex 7.10222 26.9765 100.5
      vertex 7.02567 26.5916 8.5
      vertex 7.02567 26.5916 100.5
    endloop
  endfacet
  facet normal 0.896961 0.44211 0
    outer loop
      vertex 68.7716 27.348 100.5
      vertex 68.5981 27.7 8.5
      vertex 68.5981 27.7 100.5
    endloop
  endfacet
  facet normal 0.896961 0.44211 0
    outer loop
      vertex 68.5981 27.7 8.5
      vertex 68.7716 27.348 100.5
      vertex 68.7716 27.348 8.5
    endloop
  endfacet
  facet normal -0.997858 -0.0654112 0
    outer loop
      vertex 7.02567 23.4084 8.5
      vertex 7 23.8 100.5
      vertex 7 23.8 8.5
    endloop
  endfacet
  facet normal -0.997858 -0.0654112 0
    outer loop
      vertex 7 23.8 100.5
      vertex 7.02567 23.4084 8.5
      vertex 7.02567 23.4084 100.5
    endloop
  endfacet
  facet normal -0.44216 0.896936 0
    outer loop
      vertex 8.85195 28.9716 8.5
      vertex 8.5 28.7981 100.5
      vertex 8.85195 28.9716 100.5
    endloop
  endfacet
  facet normal -0.44216 0.896936 0
    outer loop
      vertex 8.5 28.7981 100.5
      vertex 8.85195 28.9716 8.5
      vertex 8.5 28.7981 8.5
    endloop
  endfacet
  facet normal 0 0 1
    outer loop
      vertex 66 29.2 100.5
      vertex 69 26.2 100.5
      vertex 68.9743 26.5916 100.5
    endloop
  endfacet
  facet normal 0 0 1
    outer loop
      vertex 69 26.2 100.5
      vertex 66 29.2 100.5
      vertex 69 23.8 100.5
    endloop
  endfacet
  facet normal 0 0 1
    outer loop
      vertex 66 29.2 100.5
      vertex 68.9743 26.5916 100.5
      vertex 68.8978 26.9765 100.5
    endloop
  endfacet
  facet normal 0 0 1
    outer loop
      vertex 66 20.8 100.5
      vertex 69 23.8 100.5
      vertex 66 29.2 100.5
    endloop
  endfacet
  facet normal 0 0 1
    outer loop
      vertex 66 29.2 100.5
      vertex 68.8978 26.9765 100.5
      vertex 68.7716 27.348 100.5
    endloop
  endfacet
  facet normal 0 0 1
    outer loop
      vertex 69 23.8 100.5
      vertex 66 20.8 100.5
      vertex 68.9743 23.4084 100.5
    endloop
  endfacet
  facet normal 0 0 1
    outer loop
      vertex 66 29.2 100.5
      vertex 68.7716 27.348 100.5
      vertex 68.5981 27.7 100.5
    endloop
  endfacet
  facet normal 0 0 1
    outer loop
      vertex 68.9743 23.4084 100.5
      vertex 66 20.8 100.5
      vertex 68.8978 23.0235 100.5
    endloop
  endfacet
  facet normal 0 0 1
    outer loop
      vertex 66 29.2 100.5
      vertex 68.5981 27.7 100.5
      vertex 68.3801 28.0263 100.5
    endloop
  endfacet
  facet normal 0 0 1
    outer loop
      vertex 68.8978 23.0235 100.5
      vertex 66 20.8 100.5
      vertex 68.7716 22.652 100.5
    endloop
  endfacet
  facet normal 0 0 1
    outer loop
      vertex 66 29.2 100.5
      vertex 68.3801 28.0263 100.5
      vertex 68.1213 28.3213 100.5
    endloop
  endfacet
  facet normal 0 0 1
    outer loop
      vertex 68.7716 22.652 100.5
      vertex 66 20.8 100.5
      vertex 68.5981 22.3 100.5
    endloop
  endfacet
  facet normal 0 0 1
    outer loop
      vertex 66 29.2 100.5
      vertex 68.1213 28.3213 100.5
      vertex 67.8263 28.5801 100.5
    endloop
  endfacet
  facet normal 0 0 1
    outer loop
      vertex 68.5981 22.3 100.5
      vertex 66 20.8 100.5
      vertex 68.3801 21.9737 100.5
    endloop
  endfacet
  facet normal 0 0 1
    outer loop
      vertex 66 29.2 100.5
      vertex 67.8263 28.5801 100.5
      vertex 67.5 28.7981 100.5
    endloop
  endfacet
  facet normal 0 0 1
    outer loop
      vertex 68.3801 21.9737 100.5
      vertex 66 20.8 100.5
      vertex 68.1213 21.6787 100.5
    endloop
  endfacet
  facet normal 0 0 1
    outer loop
      vertex 66 29.2 100.5
      vertex 67.5 28.7981 100.5
      vertex 67.148 28.9716 100.5
    endloop
  endfacet
  facet normal 0 0 1
    outer loop
      vertex 68.1213 21.6787 100.5
      vertex 66 20.8 100.5
      vertex 67.8263 21.4199 100.5
    endloop
  endfacet
  facet normal 0 0 1
    outer loop
      vertex 66 29.2 100.5
      vertex 67.148 28.9716 100.5
      vertex 66.7765 29.0978 100.5
    endloop
  endfacet
  facet normal 0 0 1
    outer loop
      vertex 67.8263 21.4199 100.5
      vertex 66 20.8 100.5
      vertex 67.5 21.2019 100.5
    endloop
  endfacet
  facet normal 0 0 1
    outer loop
      vertex 66 29.2 100.5
      vertex 66.7765 29.0978 100.5
      vertex 66.3916 29.1743 100.5
    endloop
  endfacet
  facet normal 0 0 1
    outer loop
      vertex 67.5 21.2019 100.5
      vertex 66 20.8 100.5
      vertex 67.148 21.0284 100.5
    endloop
  endfacet
  facet normal 0 0 1
    outer loop
      vertex 67.148 21.0284 100.5
      vertex 66 20.8 100.5
      vertex 66.7765 20.9022 100.5
    endloop
  endfacet
  facet normal 0 0 1
    outer loop
      vertex 66.7765 20.9022 100.5
      vertex 66 20.8 100.5
      vertex 66.3916 20.8257 100.5
    endloop
  endfacet
  facet normal -0 0 1
    outer loop
      vertex 10 29.2 100.5
      vertex 66 20.8 100.5
      vertex 66 29.2 100.5
    endloop
  endfacet
  facet normal 0 0 1
    outer loop
      vertex 10 29.2 100.5
      vertex 10 20.8 100.5
      vertex 66 20.8 100.5
    endloop
  endfacet
  facet normal 0 0 1
    outer loop
      vertex 7 26.2 100.5
      vertex 10 29.2 100.5
      vertex 9.60842 29.1743 100.5
    endloop
  endfacet
  facet normal 0 0 1
    outer loop
      vertex 10 29.2 100.5
      vertex 7 26.2 100.5
      vertex 10 20.8 100.5
    endloop
  endfacet
  facet normal 0 0 1
    outer loop
      vertex 7 26.2 100.5
      vertex 9.60842 29.1743 100.5
      vertex 9.22354 29.0978 100.5
    endloop
  endfacet
  facet normal -0 0 1
    outer loop
      vertex 7 23.8 100.5
      vertex 10 20.8 100.5
      vertex 7 26.2 100.5
    endloop
  endfacet
  facet normal 0 0 1
    outer loop
      vertex 7 26.2 100.5
      vertex 9.22354 29.0978 100.5
      vertex 8.85195 28.9716 100.5
    endloop
  endfacet
  facet normal 0 0 1
    outer loop
      vertex 10 20.8 100.5
      vertex 7 23.8 100.5
      vertex 9.60842 20.8257 100.5
    endloop
  endfacet
  facet normal 0 0 1
    outer loop
      vertex 7 26.2 100.5
      vertex 8.85195 28.9716 100.5
      vertex 8.5 28.7981 100.5
    endloop
  endfacet
  facet normal 0 0 1
    outer loop
      vertex 9.60842 20.8257 100.5
      vertex 7 23.8 100.5
      vertex 9.22354 20.9022 100.5
    endloop
  endfacet
  facet normal 0 0 1
    outer loop
      vertex 7 26.2 100.5
      vertex 8.5 28.7981 100.5
      vertex 8.17372 28.5801 100.5
    endloop
  endfacet
  facet normal 0 0 1
    outer loop
      vertex 9.22354 20.9022 100.5
      vertex 7 23.8 100.5
      vertex 8.85195 21.0284 100.5
    endloop
  endfacet
  facet normal 0 0 1
    outer loop
      vertex 7 26.2 100.5
      vertex 8.17372 28.5801 100.5
      vertex 7.87868 28.3213 100.5
    endloop
  endfacet
  facet normal 0 0 1
    outer loop
      vertex 8.85195 21.0284 100.5
      vertex 7 23.8 100.5
      vertex 8.5 21.2019 100.5
    endloop
  endfacet
  facet normal 0 0 1
    outer loop
      vertex 7 26.2 100.5
      vertex 7.87868 28.3213 100.5
      vertex 7.61994 28.0263 100.5
    endloop
  endfacet
  facet normal 0 0 1
    outer loop
      vertex 8.5 21.2019 100.5
      vertex 7 23.8 100.5
      vertex 8.17372 21.4199 100.5
    endloop
  endfacet
  facet normal 0 0 1
    outer loop
      vertex 7 26.2 100.5
      vertex 7.61994 28.0263 100.5
      vertex 7.40192 27.7 100.5
    endloop
  endfacet
  facet normal 0 0 1
    outer loop
      vertex 8.17372 21.4199 100.5
      vertex 7 23.8 100.5
      vertex 7.87868 21.6787 100.5
    endloop
  endfacet
  facet normal 0 0 1
    outer loop
      vertex 7 26.2 100.5
      vertex 7.40192 27.7 100.5
      vertex 7.22836 27.348 100.5
    endloop
  endfacet
  facet normal 0 0 1
    outer loop
      vertex 7.87868 21.6787 100.5
      vertex 7 23.8 100.5
      vertex 7.61994 21.9737 100.5
    endloop
  endfacet
  facet normal 0 0 1
    outer loop
      vertex 7 26.2 100.5
      vertex 7.22836 27.348 100.5
      vertex 7.10222 26.9765 100.5
    endloop
  endfacet
  facet normal 0 0 1
    outer loop
      vertex 7.61994 21.9737 100.5
      vertex 7 23.8 100.5
      vertex 7.40192 22.3 100.5
    endloop
  endfacet
  facet normal 0 0 1
    outer loop
      vertex 7 26.2 100.5
      vertex 7.10222 26.9765 100.5
      vertex 7.02567 26.5916 100.5
    endloop
  endfacet
  facet normal 0 0 1
    outer loop
      vertex 7.40192 22.3 100.5
      vertex 7 23.8 100.5
      vertex 7.22836 22.652 100.5
    endloop
  endfacet
  facet normal 0 0 1
    outer loop
      vertex 7.22836 22.652 100.5
      vertex 7 23.8 100.5
      vertex 7.10222 23.0235 100.5
    endloop
  endfacet
  facet normal 0 0 1
    outer loop
      vertex 7.10222 23.0235 100.5
      vertex 7 23.8 100.5
      vertex 7.02567 23.4084 100.5
    endloop
  endfacet
  facet normal -0.19495 0.980813 0
    outer loop
      vertex 9.60842 29.1743 8.5
      vertex 9.22354 29.0978 100.5
      vertex 9.60842 29.1743 100.5
    endloop
  endfacet
  facet normal -0.19495 0.980813 0
    outer loop
      vertex 9.22354 29.0978 100.5
      vertex 9.60842 29.1743 8.5
      vertex 9.22354 29.0978 8.5
    endloop
  endfacet
  facet normal -0.997858 0.0654112 0
    outer loop
      vertex 7 26.2 8.5
      vertex 7.02567 26.5916 100.5
      vertex 7.02567 26.5916 8.5
    endloop
  endfacet
  facet normal -0.997858 0.0654112 0
    outer loop
      vertex 7.02567 26.5916 100.5
      vertex 7 26.2 8.5
      vertex 7 26.2 100.5
    endloop
  endfacet
  facet normal -0.831477 0.555558 0
    outer loop
      vertex 7.40192 27.7 8.5
      vertex 7.61994 28.0263 100.5
      vertex 7.61994 28.0263 8.5
    endloop
  endfacet
  facet normal -0.831477 0.555558 0
    outer loop
      vertex 7.61994 28.0263 100.5
      vertex 7.40192 27.7 8.5
      vertex 7.40192 27.7 100.5
    endloop
  endfacet
  facet normal 0.659478 0.751724 -0
    outer loop
      vertex 68.1213 28.3213 8.5
      vertex 67.8263 28.5801 100.5
      vertex 68.1213 28.3213 100.5
    endloop
  endfacet
  facet normal 0.659478 0.751724 0
    outer loop
      vertex 67.8263 28.5801 100.5
      vertex 68.1213 28.3213 8.5
      vertex 67.8263 28.5801 8.5
    endloop
  endfacet
  facet normal 0.831501 -0.555523 0
    outer loop
      vertex 68.3801 21.9737 100.5
      vertex 68.5981 22.3 8.5
      vertex 68.5981 22.3 100.5
    endloop
  endfacet
  facet normal 0.831501 -0.555523 0
    outer loop
      vertex 68.5981 22.3 8.5
      vertex 68.3801 21.9737 100.5
      vertex 68.3801 21.9737 8.5
    endloop
  endfacet
  facet normal -0.321582 0.946882 0
    outer loop
      vertex 9.22354 29.0978 8.5
      vertex 8.85195 28.9716 100.5
      vertex 9.22354 29.0978 100.5
    endloop
  endfacet
  facet normal -0.321582 0.946882 0
    outer loop
      vertex 8.85195 28.9716 100.5
      vertex 9.22354 29.0978 8.5
      vertex 8.85195 28.9716 8.5
    endloop
  endfacet
  facet normal 0.19494 0.980815 -0
    outer loop
      vertex 66.7765 29.0978 8.5
      vertex 66.3916 29.1743 100.5
      vertex 66.7765 29.0978 100.5
    endloop
  endfacet
  facet normal 0.19494 0.980815 0
    outer loop
      vertex 66.3916 29.1743 100.5
      vertex 66.7765 29.0978 8.5
      vertex 66.3916 29.1743 8.5
    endloop
  endfacet
  facet normal 0.751724 -0.659478 0
    outer loop
      vertex 68.1213 21.6787 100.5
      vertex 68.3801 21.9737 8.5
      vertex 68.3801 21.9737 100.5
    endloop
  endfacet
  facet normal 0.751724 -0.659478 0
    outer loop
      vertex 68.3801 21.9737 8.5
      vertex 68.1213 21.6787 100.5
      vertex 68.1213 21.6787 8.5
    endloop
  endfacet
  facet normal -0.980791 -0.195062 0
    outer loop
      vertex 7.10222 23.0235 8.5
      vertex 7.02567 23.4084 100.5
      vertex 7.02567 23.4084 8.5
    endloop
  endfacet
  facet normal -0.980791 -0.195062 0
    outer loop
      vertex 7.02567 23.4084 100.5
      vertex 7.10222 23.0235 8.5
      vertex 7.10222 23.0235 100.5
    endloop
  endfacet
  facet normal -0.19495 -0.980813 0
    outer loop
      vertex 9.22354 20.9022 8.5
      vertex 9.60842 20.8257 100.5
      vertex 9.22354 20.9022 100.5
    endloop
  endfacet
  facet normal -0.19495 -0.980813 -0
    outer loop
      vertex 9.60842 20.8257 100.5
      vertex 9.22354 20.9022 8.5
      vertex 9.60842 20.8257 8.5
    endloop
  endfacet
  facet normal 0.321651 -0.946858 0
    outer loop
      vertex 66.7765 20.9022 8.5
      vertex 67.148 21.0284 100.5
      vertex 66.7765 20.9022 100.5
    endloop
  endfacet
  facet normal 0.321651 -0.946858 0
    outer loop
      vertex 67.148 21.0284 100.5
      vertex 66.7765 20.9022 8.5
      vertex 67.148 21.0284 8.5
    endloop
  endfacet
  facet normal -0.659428 0.751768 0
    outer loop
      vertex 8.17372 28.5801 8.5
      vertex 7.87868 28.3213 100.5
      vertex 8.17372 28.5801 100.5
    endloop
  endfacet
  facet normal -0.659428 0.751768 0
    outer loop
      vertex 7.87868 28.3213 100.5
      vertex 8.17372 28.5801 8.5
      vertex 7.87868 28.3213 8.5
    endloop
  endfacet
  facet normal -0.946905 0.321514 0
    outer loop
      vertex 7.10222 26.9765 8.5
      vertex 7.22836 27.348 100.5
      vertex 7.22836 27.348 8.5
    endloop
  endfacet
  facet normal -0.946905 0.321514 0
    outer loop
      vertex 7.22836 27.348 100.5
      vertex 7.10222 26.9765 8.5
      vertex 7.10222 26.9765 100.5
    endloop
  endfacet
  facet normal 0.44211 -0.896961 0
    outer loop
      vertex 67.148 21.0284 8.5
      vertex 67.5 21.2019 100.5
      vertex 67.148 21.0284 100.5
    endloop
  endfacet
  facet normal 0.44211 -0.896961 0
    outer loop
      vertex 67.5 21.2019 100.5
      vertex 67.148 21.0284 8.5
      vertex 67.5 21.2019 8.5
    endloop
  endfacet
  facet normal -0.555547 0.831485 0
    outer loop
      vertex 8.5 28.7981 8.5
      vertex 8.17372 28.5801 100.5
      vertex 8.5 28.7981 100.5
    endloop
  endfacet
  facet normal -0.555547 0.831485 0
    outer loop
      vertex 8.17372 28.5801 100.5
      vertex 8.5 28.7981 8.5
      vertex 8.17372 28.5801 8.5
    endloop
  endfacet
  facet normal 0.946858 -0.321651 0
    outer loop
      vertex 68.7716 22.652 100.5
      vertex 68.8978 23.0235 8.5
      vertex 68.8978 23.0235 100.5
    endloop
  endfacet
  facet normal 0.946858 -0.321651 0
    outer loop
      vertex 68.8978 23.0235 8.5
      vertex 68.7716 22.652 100.5
      vertex 68.7716 22.652 8.5
    endloop
  endfacet
  facet normal 0.831501 0.555523 0
    outer loop
      vertex 68.5981 27.7 100.5
      vertex 68.3801 28.0263 8.5
      vertex 68.3801 28.0263 100.5
    endloop
  endfacet
  facet normal 0.831501 0.555523 0
    outer loop
      vertex 68.3801 28.0263 8.5
      vertex 68.5981 27.7 100.5
      vertex 68.5981 27.7 8.5
    endloop
  endfacet
  facet normal -0.44216 -0.896936 0
    outer loop
      vertex 8.5 21.2019 8.5
      vertex 8.85195 21.0284 100.5
      vertex 8.5 21.2019 100.5
    endloop
  endfacet
  facet normal -0.44216 -0.896936 -0
    outer loop
      vertex 8.85195 21.0284 100.5
      vertex 8.5 21.2019 8.5
      vertex 8.85195 21.0284 8.5
    endloop
  endfacet
  facet normal -0.8969 0.442233 0
    outer loop
      vertex 7.22836 27.348 8.5
      vertex 7.40192 27.7 100.5
      vertex 7.40192 27.7 8.5
    endloop
  endfacet
  facet normal -0.8969 0.442233 0
    outer loop
      vertex 7.40192 27.7 100.5
      vertex 7.22836 27.348 8.5
      vertex 7.22836 27.348 100.5
    endloop
  endfacet
  facet normal -0.659428 -0.751768 0
    outer loop
      vertex 7.87868 21.6787 8.5
      vertex 8.17372 21.4199 100.5
      vertex 7.87868 21.6787 100.5
    endloop
  endfacet
  facet normal -0.659428 -0.751768 -0
    outer loop
      vertex 8.17372 21.4199 100.5
      vertex 7.87868 21.6787 8.5
      vertex 8.17372 21.4199 8.5
    endloop
  endfacet
  facet normal 0.555523 0.831501 -0
    outer loop
      vertex 67.8263 28.5801 8.5
      vertex 67.5 28.7981 100.5
      vertex 67.8263 28.5801 100.5
    endloop
  endfacet
  facet normal 0.555523 0.831501 0
    outer loop
      vertex 67.5 28.7981 100.5
      vertex 67.8263 28.5801 8.5
      vertex 67.5 28.7981 8.5
    endloop
  endfacet
  facet normal -0.751799 0.659392 0
    outer loop
      vertex 7.61994 28.0263 8.5
      vertex 7.87868 28.3213 100.5
      vertex 7.87868 28.3213 8.5
    endloop
  endfacet
  facet normal -0.751799 0.659392 0
    outer loop
      vertex 7.87868 28.3213 100.5
      vertex 7.61994 28.0263 8.5
      vertex 7.61994 28.0263 100.5
    endloop
  endfacet
  facet normal -0.831477 -0.555558 0
    outer loop
      vertex 7.61994 21.9737 8.5
      vertex 7.40192 22.3 100.5
      vertex 7.40192 22.3 8.5
    endloop
  endfacet
  facet normal -0.831477 -0.555558 0
    outer loop
      vertex 7.40192 22.3 100.5
      vertex 7.61994 21.9737 8.5
      vertex 7.61994 21.9737 100.5
    endloop
  endfacet
  facet normal 0.946858 0.321651 0
    outer loop
      vertex 68.8978 26.9765 100.5
      vertex 68.7716 27.348 8.5
      vertex 68.7716 27.348 100.5
    endloop
  endfacet
  facet normal 0.946858 0.321651 0
    outer loop
      vertex 68.7716 27.348 8.5
      vertex 68.8978 26.9765 100.5
      vertex 68.8978 26.9765 8.5
    endloop
  endfacet
  facet normal 0.659478 -0.751724 0
    outer loop
      vertex 67.8263 21.4199 8.5
      vertex 68.1213 21.6787 100.5
      vertex 67.8263 21.4199 100.5
    endloop
  endfacet
  facet normal 0.659478 -0.751724 0
    outer loop
      vertex 68.1213 21.6787 100.5
      vertex 67.8263 21.4199 8.5
      vertex 68.1213 21.6787 8.5
    endloop
  endfacet
  facet normal 0.320989 0 0.947083
    outer loop
      vertex 13.058 30.8 16.9329
      vertex 13.2011 22.2 16.8844
      vertex 13.2011 30.8 16.8844
    endloop
  endfacet
  facet normal 0.320989 0 0.947083
    outer loop
      vertex 13.2011 22.2 16.8844
      vertex 13.058 30.8 16.9329
      vertex 13.058 22.2 16.9329
    endloop
  endfacet
  facet normal 0.831235 0 -0.555921
    outer loop
      vertex 12.5837 22.2 18.7031
      vertex 12.4997 30.8 18.5775
      vertex 12.5837 30.8 18.7031
    endloop
  endfacet
  facet normal 0.831235 0 -0.555921
    outer loop
      vertex 12.4997 30.8 18.5775
      vertex 12.5837 22.2 18.7031
      vertex 12.4997 22.2 18.5775
    endloop
  endfacet
  facet normal -0.896928 0 0.442176
    outer loop
      vertex 14.5003 22.2 17.4225
      vertex 14.5671 30.8 17.558
      vertex 14.5003 30.8 17.4225
    endloop
  endfacet
  facet normal -0.896928 0 0.442176
    outer loop
      vertex 14.5671 30.8 17.558
      vertex 14.5003 22.2 17.4225
      vertex 14.5671 22.2 17.558
    endloop
  endfacet
  facet normal 0.997852 -0 0.0655089
    outer loop
      vertex 12.345 22.2 18
      vertex 12.3549 30.8 17.8492
      vertex 12.345 30.8 18
    endloop
  endfacet
  facet normal 0.997852 0 0.0655089
    outer loop
      vertex 12.3549 30.8 17.8492
      vertex 12.345 22.2 18
      vertex 12.3549 22.2 17.8492
    endloop
  endfacet
  facet normal 0.0655089 0 0.997852
    outer loop
      vertex 13.3492 30.8 16.8549
      vertex 13.5 22.2 16.845
      vertex 13.5 30.8 16.845
    endloop
  endfacet
  facet normal 0.0655089 0 0.997852
    outer loop
      vertex 13.5 22.2 16.845
      vertex 13.3492 30.8 16.8549
      vertex 13.3492 22.2 16.8549
    endloop
  endfacet
  facet normal 0.659254 0 0.75192
    outer loop
      vertex 12.6833 30.8 17.1833
      vertex 12.7969 22.2 17.0837
      vertex 12.7969 30.8 17.0837
    endloop
  endfacet
  facet normal 0.659254 0 0.75192
    outer loop
      vertex 12.7969 22.2 17.0837
      vertex 12.6833 30.8 17.1833
      vertex 12.6833 22.2 17.1833
    endloop
  endfacet
  facet normal -0.195352 0 -0.980733
    outer loop
      vertex 13.6508 22.2 19.1451
      vertex 13.7989 30.8 19.1156
      vertex 13.7989 22.2 19.1156
    endloop
  endfacet
  facet normal -0.195352 0 -0.980733
    outer loop
      vertex 13.7989 30.8 19.1156
      vertex 13.6508 22.2 19.1451
      vertex 13.6508 30.8 19.1451
    endloop
  endfacet
  facet normal -0.980733 0 0.195352
    outer loop
      vertex 14.6156 22.2 17.7011
      vertex 14.6451 30.8 17.8492
      vertex 14.6156 30.8 17.7011
    endloop
  endfacet
  facet normal -0.980733 0 0.195352
    outer loop
      vertex 14.6451 30.8 17.8492
      vertex 14.6156 22.2 17.7011
      vertex 14.6451 22.2 17.8492
    endloop
  endfacet
  facet normal -0.980733 0 -0.195352
    outer loop
      vertex 14.6451 22.2 18.1508
      vertex 14.6156 30.8 18.2989
      vertex 14.6451 30.8 18.1508
    endloop
  endfacet
  facet normal -0.980733 -0 -0.195352
    outer loop
      vertex 14.6156 30.8 18.2989
      vertex 14.6451 22.2 18.1508
      vertex 14.6156 22.2 18.2989
    endloop
  endfacet
  facet normal 0.997852 0 -0.0655089
    outer loop
      vertex 12.3549 22.2 18.1508
      vertex 12.345 30.8 18
      vertex 12.3549 30.8 18.1508
    endloop
  endfacet
  facet normal 0.997852 0 -0.0655089
    outer loop
      vertex 12.345 30.8 18
      vertex 12.3549 22.2 18.1508
      vertex 12.345 22.2 18
    endloop
  endfacet
  facet normal -0.659254 0 -0.75192
    outer loop
      vertex 14.2031 22.2 18.9163
      vertex 14.3167 30.8 18.8167
      vertex 14.3167 22.2 18.8167
    endloop
  endfacet
  facet normal -0.659254 0 -0.75192
    outer loop
      vertex 14.3167 30.8 18.8167
      vertex 14.2031 22.2 18.9163
      vertex 14.2031 30.8 18.9163
    endloop
  endfacet
  facet normal 0.0655089 0 -0.997852
    outer loop
      vertex 13.3492 22.2 19.1451
      vertex 13.5 30.8 19.155
      vertex 13.5 22.2 19.155
    endloop
  endfacet
  facet normal 0.0655089 0 -0.997852
    outer loop
      vertex 13.5 30.8 19.155
      vertex 13.3492 22.2 19.1451
      vertex 13.3492 30.8 19.1451
    endloop
  endfacet
  facet normal 0.195352 0 -0.980733
    outer loop
      vertex 13.2011 22.2 19.1156
      vertex 13.3492 30.8 19.1451
      vertex 13.3492 22.2 19.1451
    endloop
  endfacet
  facet normal 0.195352 0 -0.980733
    outer loop
      vertex 13.3492 30.8 19.1451
      vertex 13.2011 22.2 19.1156
      vertex 13.2011 30.8 19.1156
    endloop
  endfacet
  facet normal -0.947083 0 0.320989
    outer loop
      vertex 14.5671 22.2 17.558
      vertex 14.6156 30.8 17.7011
      vertex 14.5671 30.8 17.558
    endloop
  endfacet
  facet normal -0.947083 0 0.320989
    outer loop
      vertex 14.6156 30.8 17.7011
      vertex 14.5671 22.2 17.558
      vertex 14.6156 22.2 17.7011
    endloop
  endfacet
  facet normal -0.831235 0 -0.555921
    outer loop
      vertex 14.5003 22.2 18.5775
      vertex 14.4163 30.8 18.7031
      vertex 14.5003 30.8 18.5775
    endloop
  endfacet
  facet normal -0.831235 -0 -0.555921
    outer loop
      vertex 14.4163 30.8 18.7031
      vertex 14.5003 22.2 18.5775
      vertex 14.4163 22.2 18.7031
    endloop
  endfacet
  facet normal 0.659254 0 -0.75192
    outer loop
      vertex 12.6833 22.2 18.8167
      vertex 12.7969 30.8 18.9163
      vertex 12.7969 22.2 18.9163
    endloop
  endfacet
  facet normal 0.659254 0 -0.75192
    outer loop
      vertex 12.7969 30.8 18.9163
      vertex 12.6833 22.2 18.8167
      vertex 12.6833 30.8 18.8167
    endloop
  endfacet
  facet normal -0.75192 0 -0.659254
    outer loop
      vertex 14.4163 22.2 18.7031
      vertex 14.3167 30.8 18.8167
      vertex 14.4163 30.8 18.7031
    endloop
  endfacet
  facet normal -0.75192 -0 -0.659254
    outer loop
      vertex 14.3167 30.8 18.8167
      vertex 14.4163 22.2 18.7031
      vertex 14.3167 22.2 18.8167
    endloop
  endfacet
  facet normal -0.0655089 0 -0.997852
    outer loop
      vertex 13.5 22.2 19.155
      vertex 13.6508 30.8 19.1451
      vertex 13.6508 22.2 19.1451
    endloop
  endfacet
  facet normal -0.0655089 0 -0.997852
    outer loop
      vertex 13.6508 30.8 19.1451
      vertex 13.5 22.2 19.155
      vertex 13.5 30.8 19.155
    endloop
  endfacet
  facet normal -0.195352 0 0.980733
    outer loop
      vertex 13.6508 30.8 16.8549
      vertex 13.7989 22.2 16.8844
      vertex 13.7989 30.8 16.8844
    endloop
  endfacet
  facet normal -0.195352 0 0.980733
    outer loop
      vertex 13.7989 22.2 16.8844
      vertex 13.6508 30.8 16.8549
      vertex 13.6508 22.2 16.8549
    endloop
  endfacet
  facet normal -0.997852 0 0.0655089
    outer loop
      vertex 14.6451 22.2 17.8492
      vertex 14.655 30.8 18
      vertex 14.6451 30.8 17.8492
    endloop
  endfacet
  facet normal -0.997852 0 0.0655089
    outer loop
      vertex 14.655 30.8 18
      vertex 14.6451 22.2 17.8492
      vertex 14.655 22.2 18
    endloop
  endfacet
  facet normal -0.555921 0 0.831235
    outer loop
      vertex 14.0775 30.8 16.9997
      vertex 14.2031 22.2 17.0837
      vertex 14.2031 30.8 17.0837
    endloop
  endfacet
  facet normal -0.555921 0 0.831235
    outer loop
      vertex 14.2031 22.2 17.0837
      vertex 14.0775 30.8 16.9997
      vertex 14.0775 22.2 16.9997
    endloop
  endfacet
  facet normal -0.997852 0 -0.0655089
    outer loop
      vertex 14.655 22.2 18
      vertex 14.6451 30.8 18.1508
      vertex 14.655 30.8 18
    endloop
  endfacet
  facet normal -0.997852 -0 -0.0655089
    outer loop
      vertex 14.6451 30.8 18.1508
      vertex 14.655 22.2 18
      vertex 14.6451 22.2 18.1508
    endloop
  endfacet
  facet normal 0.75192 0 -0.659254
    outer loop
      vertex 12.6833 22.2 18.8167
      vertex 12.5837 30.8 18.7031
      vertex 12.6833 30.8 18.8167
    endloop
  endfacet
  facet normal 0.75192 0 -0.659254
    outer loop
      vertex 12.5837 30.8 18.7031
      vertex 12.6833 22.2 18.8167
      vertex 12.5837 22.2 18.7031
    endloop
  endfacet
  facet normal 0.831235 -0 0.555921
    outer loop
      vertex 12.4997 22.2 17.4225
      vertex 12.5837 30.8 17.2969
      vertex 12.4997 30.8 17.4225
    endloop
  endfacet
  facet normal 0.831235 0 0.555921
    outer loop
      vertex 12.5837 30.8 17.2969
      vertex 12.4997 22.2 17.4225
      vertex 12.5837 22.2 17.2969
    endloop
  endfacet
  facet normal -0.947083 0 -0.320989
    outer loop
      vertex 14.6156 22.2 18.2989
      vertex 14.5671 30.8 18.442
      vertex 14.6156 30.8 18.2989
    endloop
  endfacet
  facet normal -0.947083 -0 -0.320989
    outer loop
      vertex 14.5671 30.8 18.442
      vertex 14.6156 22.2 18.2989
      vertex 14.5671 22.2 18.442
    endloop
  endfacet
  facet normal -0.442176 0 0.896928
    outer loop
      vertex 13.942 30.8 16.9329
      vertex 14.0775 22.2 16.9997
      vertex 14.0775 30.8 16.9997
    endloop
  endfacet
  facet normal -0.442176 0 0.896928
    outer loop
      vertex 14.0775 22.2 16.9997
      vertex 13.942 30.8 16.9329
      vertex 13.942 22.2 16.9329
    endloop
  endfacet
  facet normal 0.555921 0 0.831235
    outer loop
      vertex 12.7969 30.8 17.0837
      vertex 12.9225 22.2 16.9997
      vertex 12.9225 30.8 16.9997
    endloop
  endfacet
  facet normal 0.555921 0 0.831235
    outer loop
      vertex 12.9225 22.2 16.9997
      vertex 12.7969 30.8 17.0837
      vertex 12.7969 22.2 17.0837
    endloop
  endfacet
  facet normal -0.320989 0 0.947083
    outer loop
      vertex 13.7989 30.8 16.8844
      vertex 13.942 22.2 16.9329
      vertex 13.942 30.8 16.9329
    endloop
  endfacet
  facet normal -0.320989 0 0.947083
    outer loop
      vertex 13.942 22.2 16.9329
      vertex 13.7989 30.8 16.8844
      vertex 13.7989 22.2 16.8844
    endloop
  endfacet
  facet normal -0.896928 0 -0.442176
    outer loop
      vertex 14.5671 22.2 18.442
      vertex 14.5003 30.8 18.5775
      vertex 14.5671 30.8 18.442
    endloop
  endfacet
  facet normal -0.896928 -0 -0.442176
    outer loop
      vertex 14.5003 30.8 18.5775
      vertex 14.5671 22.2 18.442
      vertex 14.5003 22.2 18.5775
    endloop
  endfacet
  facet normal 0.896928 0 -0.442176
    outer loop
      vertex 12.4997 22.2 18.5775
      vertex 12.4329 30.8 18.442
      vertex 12.4997 30.8 18.5775
    endloop
  endfacet
  facet normal 0.896928 0 -0.442176
    outer loop
      vertex 12.4329 30.8 18.442
      vertex 12.4997 22.2 18.5775
      vertex 12.4329 22.2 18.442
    endloop
  endfacet
  facet normal -0.831235 0 0.555921
    outer loop
      vertex 14.4163 22.2 17.2969
      vertex 14.5003 30.8 17.4225
      vertex 14.4163 30.8 17.2969
    endloop
  endfacet
  facet normal -0.831235 0 0.555921
    outer loop
      vertex 14.5003 30.8 17.4225
      vertex 14.4163 22.2 17.2969
      vertex 14.5003 22.2 17.4225
    endloop
  endfacet
  facet normal -0.442176 0 -0.896928
    outer loop
      vertex 13.942 22.2 19.0671
      vertex 14.0775 30.8 19.0003
      vertex 14.0775 22.2 19.0003
    endloop
  endfacet
  facet normal -0.442176 0 -0.896928
    outer loop
      vertex 14.0775 30.8 19.0003
      vertex 13.942 22.2 19.0671
      vertex 13.942 30.8 19.0671
    endloop
  endfacet
  facet normal 0.896928 -0 0.442176
    outer loop
      vertex 12.4329 22.2 17.558
      vertex 12.4997 30.8 17.4225
      vertex 12.4329 30.8 17.558
    endloop
  endfacet
  facet normal 0.896928 0 0.442176
    outer loop
      vertex 12.4997 30.8 17.4225
      vertex 12.4329 22.2 17.558
      vertex 12.4997 22.2 17.4225
    endloop
  endfacet
  facet normal 0.947083 0 -0.320989
    outer loop
      vertex 12.4329 22.2 18.442
      vertex 12.3844 30.8 18.2989
      vertex 12.4329 30.8 18.442
    endloop
  endfacet
  facet normal 0.947083 0 -0.320989
    outer loop
      vertex 12.3844 30.8 18.2989
      vertex 12.4329 22.2 18.442
      vertex 12.3844 22.2 18.2989
    endloop
  endfacet
  facet normal 0.442176 0 0.896928
    outer loop
      vertex 12.9225 30.8 16.9997
      vertex 13.058 22.2 16.9329
      vertex 13.058 30.8 16.9329
    endloop
  endfacet
  facet normal 0.442176 0 0.896928
    outer loop
      vertex 13.058 22.2 16.9329
      vertex 12.9225 30.8 16.9997
      vertex 12.9225 22.2 16.9997
    endloop
  endfacet
  facet normal 0.442176 0 -0.896928
    outer loop
      vertex 12.9225 22.2 19.0003
      vertex 13.058 30.8 19.0671
      vertex 13.058 22.2 19.0671
    endloop
  endfacet
  facet normal 0.442176 0 -0.896928
    outer loop
      vertex 13.058 30.8 19.0671
      vertex 12.9225 22.2 19.0003
      vertex 12.9225 30.8 19.0003
    endloop
  endfacet
  facet normal 0.980733 -0 0.195352
    outer loop
      vertex 12.3549 22.2 17.8492
      vertex 12.3844 30.8 17.7011
      vertex 12.3549 30.8 17.8492
    endloop
  endfacet
  facet normal 0.980733 0 0.195352
    outer loop
      vertex 12.3844 30.8 17.7011
      vertex 12.3549 22.2 17.8492
      vertex 12.3844 22.2 17.7011
    endloop
  endfacet
  facet normal 0.195352 0 0.980733
    outer loop
      vertex 13.2011 30.8 16.8844
      vertex 13.3492 22.2 16.8549
      vertex 13.3492 30.8 16.8549
    endloop
  endfacet
  facet normal 0.195352 0 0.980733
    outer loop
      vertex 13.3492 22.2 16.8549
      vertex 13.2011 30.8 16.8844
      vertex 13.2011 22.2 16.8844
    endloop
  endfacet
  facet normal 0 1 0
    outer loop
      vertex 13.6508 22.2 19.1451
      vertex 13.3492 22.2 19.1451
      vertex 13.5 22.2 19.155
    endloop
  endfacet
  facet normal 0 1 0
    outer loop
      vertex 13.7989 22.2 19.1156
      vertex 13.3492 22.2 19.1451
      vertex 13.6508 22.2 19.1451
    endloop
  endfacet
  facet normal 0 1 0
    outer loop
      vertex 13.7989 22.2 19.1156
      vertex 13.2011 22.2 19.1156
      vertex 13.3492 22.2 19.1451
    endloop
  endfacet
  facet normal 0 1 0
    outer loop
      vertex 13.942 22.2 19.0671
      vertex 13.2011 22.2 19.1156
      vertex 13.7989 22.2 19.1156
    endloop
  endfacet
  facet normal 0 1 0
    outer loop
      vertex 13.942 22.2 19.0671
      vertex 13.058 22.2 19.0671
      vertex 13.2011 22.2 19.1156
    endloop
  endfacet
  facet normal 0 1 0
    outer loop
      vertex 14.0775 22.2 19.0003
      vertex 13.058 22.2 19.0671
      vertex 13.942 22.2 19.0671
    endloop
  endfacet
  facet normal 0 1 0
    outer loop
      vertex 14.0775 22.2 19.0003
      vertex 12.9225 22.2 19.0003
      vertex 13.058 22.2 19.0671
    endloop
  endfacet
  facet normal 0 1 0
    outer loop
      vertex 14.2031 22.2 18.9163
      vertex 12.9225 22.2 19.0003
      vertex 14.0775 22.2 19.0003
    endloop
  endfacet
  facet normal 0 1 0
    outer loop
      vertex 14.2031 22.2 18.9163
      vertex 12.7969 22.2 18.9163
      vertex 12.9225 22.2 19.0003
    endloop
  endfacet
  facet normal 0 1 0
    outer loop
      vertex 14.3167 22.2 18.8167
      vertex 12.7969 22.2 18.9163
      vertex 14.2031 22.2 18.9163
    endloop
  endfacet
  facet normal 0 1 0
    outer loop
      vertex 14.3167 22.2 18.8167
      vertex 12.6833 22.2 18.8167
      vertex 12.7969 22.2 18.9163
    endloop
  endfacet
  facet normal 0 1 0
    outer loop
      vertex 14.4163 22.2 18.7031
      vertex 12.6833 22.2 18.8167
      vertex 14.3167 22.2 18.8167
    endloop
  endfacet
  facet normal 0 1 0
    outer loop
      vertex 14.4163 22.2 18.7031
      vertex 12.5837 22.2 18.7031
      vertex 12.6833 22.2 18.8167
    endloop
  endfacet
  facet normal 0 1 0
    outer loop
      vertex 14.5003 22.2 18.5775
      vertex 12.5837 22.2 18.7031
      vertex 14.4163 22.2 18.7031
    endloop
  endfacet
  facet normal 0 1 0
    outer loop
      vertex 14.5003 22.2 18.5775
      vertex 12.4997 22.2 18.5775
      vertex 12.5837 22.2 18.7031
    endloop
  endfacet
  facet normal 0 1 0
    outer loop
      vertex 14.5671 22.2 18.442
      vertex 12.4997 22.2 18.5775
      vertex 14.5003 22.2 18.5775
    endloop
  endfacet
  facet normal 0 1 0
    outer loop
      vertex 14.5671 22.2 18.442
      vertex 12.4329 22.2 18.442
      vertex 12.4997 22.2 18.5775
    endloop
  endfacet
  facet normal 0 1 0
    outer loop
      vertex 14.6156 22.2 18.2989
      vertex 12.4329 22.2 18.442
      vertex 14.5671 22.2 18.442
    endloop
  endfacet
  facet normal 0 1 0
    outer loop
      vertex 14.6156 22.2 18.2989
      vertex 12.3844 22.2 18.2989
      vertex 12.4329 22.2 18.442
    endloop
  endfacet
  facet normal 0 1 0
    outer loop
      vertex 14.6451 22.2 18.1508
      vertex 12.3844 22.2 18.2989
      vertex 14.6156 22.2 18.2989
    endloop
  endfacet
  facet normal 0 1 0
    outer loop
      vertex 14.6451 22.2 18.1508
      vertex 12.3549 22.2 18.1508
      vertex 12.3844 22.2 18.2989
    endloop
  endfacet
  facet normal 0 1 0
    outer loop
      vertex 14.655 22.2 18
      vertex 12.3549 22.2 18.1508
      vertex 14.6451 22.2 18.1508
    endloop
  endfacet
  facet normal 0 1 0
    outer loop
      vertex 14.655 22.2 18
      vertex 12.345 22.2 18
      vertex 12.3549 22.2 18.1508
    endloop
  endfacet
  facet normal 0 1 -0
    outer loop
      vertex 14.6451 22.2 17.8492
      vertex 12.345 22.2 18
      vertex 14.655 22.2 18
    endloop
  endfacet
  facet normal 0 1 0
    outer loop
      vertex 14.6451 22.2 17.8492
      vertex 12.3549 22.2 17.8492
      vertex 12.345 22.2 18
    endloop
  endfacet
  facet normal 0 1 -0
    outer loop
      vertex 14.6156 22.2 17.7011
      vertex 12.3549 22.2 17.8492
      vertex 14.6451 22.2 17.8492
    endloop
  endfacet
  facet normal 0 1 0
    outer loop
      vertex 14.6156 22.2 17.7011
      vertex 12.3844 22.2 17.7011
      vertex 12.3549 22.2 17.8492
    endloop
  endfacet
  facet normal 0 1 -0
    outer loop
      vertex 14.5671 22.2 17.558
      vertex 12.3844 22.2 17.7011
      vertex 14.6156 22.2 17.7011
    endloop
  endfacet
  facet normal 0 1 0
    outer loop
      vertex 14.5671 22.2 17.558
      vertex 12.4329 22.2 17.558
      vertex 12.3844 22.2 17.7011
    endloop
  endfacet
  facet normal 0 1 -0
    outer loop
      vertex 14.5003 22.2 17.4225
      vertex 12.4329 22.2 17.558
      vertex 14.5671 22.2 17.558
    endloop
  endfacet
  facet normal 0 1 0
    outer loop
      vertex 14.5003 22.2 17.4225
      vertex 12.4997 22.2 17.4225
      vertex 12.4329 22.2 17.558
    endloop
  endfacet
  facet normal 0 1 -0
    outer loop
      vertex 14.4163 22.2 17.2969
      vertex 12.4997 22.2 17.4225
      vertex 14.5003 22.2 17.4225
    endloop
  endfacet
  facet normal 0 1 0
    outer loop
      vertex 14.4163 22.2 17.2969
      vertex 12.5837 22.2 17.2969
      vertex 12.4997 22.2 17.4225
    endloop
  endfacet
  facet normal 0 1 -0
    outer loop
      vertex 14.3167 22.2 17.1833
      vertex 12.5837 22.2 17.2969
      vertex 14.4163 22.2 17.2969
    endloop
  endfacet
  facet normal 0 1 0
    outer loop
      vertex 14.3167 22.2 17.1833
      vertex 12.6833 22.2 17.1833
      vertex 12.5837 22.2 17.2969
    endloop
  endfacet
  facet normal 0 1 -0
    outer loop
      vertex 14.2031 22.2 17.0837
      vertex 12.6833 22.2 17.1833
      vertex 14.3167 22.2 17.1833
    endloop
  endfacet
  facet normal 0 1 0
    outer loop
      vertex 14.2031 22.2 17.0837
      vertex 12.7969 22.2 17.0837
      vertex 12.6833 22.2 17.1833
    endloop
  endfacet
  facet normal 0 1 -0
    outer loop
      vertex 14.0775 22.2 16.9997
      vertex 12.7969 22.2 17.0837
      vertex 14.2031 22.2 17.0837
    endloop
  endfacet
  facet normal 0 1 0
    outer loop
      vertex 14.0775 22.2 16.9997
      vertex 12.9225 22.2 16.9997
      vertex 12.7969 22.2 17.0837
    endloop
  endfacet
  facet normal 0 1 -0
    outer loop
      vertex 13.942 22.2 16.9329
      vertex 12.9225 22.2 16.9997
      vertex 14.0775 22.2 16.9997
    endloop
  endfacet
  facet normal 0 1 0
    outer loop
      vertex 13.942 22.2 16.9329
      vertex 13.058 22.2 16.9329
      vertex 12.9225 22.2 16.9997
    endloop
  endfacet
  facet normal 0 1 -0
    outer loop
      vertex 13.7989 22.2 16.8844
      vertex 13.058 22.2 16.9329
      vertex 13.942 22.2 16.9329
    endloop
  endfacet
  facet normal 0 1 0
    outer loop
      vertex 13.7989 22.2 16.8844
      vertex 13.2011 22.2 16.8844
      vertex 13.058 22.2 16.9329
    endloop
  endfacet
  facet normal 0 1 -0
    outer loop
      vertex 13.6508 22.2 16.8549
      vertex 13.2011 22.2 16.8844
      vertex 13.7989 22.2 16.8844
    endloop
  endfacet
  facet normal 0 1 0
    outer loop
      vertex 13.6508 22.2 16.8549
      vertex 13.3492 22.2 16.8549
      vertex 13.2011 22.2 16.8844
    endloop
  endfacet
  facet normal -0 1 0
    outer loop
      vertex 13.3492 22.2 16.8549
      vertex 13.6508 22.2 16.8549
      vertex 13.5 22.2 16.845
    endloop
  endfacet
  facet normal 0.947083 -0 0.320989
    outer loop
      vertex 12.3844 22.2 17.7011
      vertex 12.4329 30.8 17.558
      vertex 12.3844 30.8 17.7011
    endloop
  endfacet
  facet normal 0.947083 0 0.320989
    outer loop
      vertex 12.4329 30.8 17.558
      vertex 12.3844 22.2 17.7011
      vertex 12.4329 22.2 17.558
    endloop
  endfacet
  facet normal 0.320989 0 -0.947083
    outer loop
      vertex 13.058 22.2 19.0671
      vertex 13.2011 30.8 19.1156
      vertex 13.2011 22.2 19.1156
    endloop
  endfacet
  facet normal 0.320989 0 -0.947083
    outer loop
      vertex 13.2011 30.8 19.1156
      vertex 13.058 22.2 19.0671
      vertex 13.058 30.8 19.0671
    endloop
  endfacet
  facet normal -0.0655089 0 0.997852
    outer loop
      vertex 13.5 30.8 16.845
      vertex 13.6508 22.2 16.8549
      vertex 13.6508 30.8 16.8549
    endloop
  endfacet
  facet normal -0.0655089 0 0.997852
    outer loop
      vertex 13.6508 22.2 16.8549
      vertex 13.5 30.8 16.845
      vertex 13.5 22.2 16.845
    endloop
  endfacet
  facet normal -0.75192 0 0.659254
    outer loop
      vertex 14.3167 22.2 17.1833
      vertex 14.4163 30.8 17.2969
      vertex 14.3167 30.8 17.1833
    endloop
  endfacet
  facet normal -0.75192 0 0.659254
    outer loop
      vertex 14.4163 30.8 17.2969
      vertex 14.3167 22.2 17.1833
      vertex 14.4163 22.2 17.2969
    endloop
  endfacet
  facet normal -0.320989 0 -0.947083
    outer loop
      vertex 13.7989 22.2 19.1156
      vertex 13.942 30.8 19.0671
      vertex 13.942 22.2 19.0671
    endloop
  endfacet
  facet normal -0.320989 0 -0.947083
    outer loop
      vertex 13.942 30.8 19.0671
      vertex 13.7989 22.2 19.1156
      vertex 13.7989 30.8 19.1156
    endloop
  endfacet
  facet normal 0.980733 0 -0.195352
    outer loop
      vertex 12.3844 22.2 18.2989
      vertex 12.3549 30.8 18.1508
      vertex 12.3844 30.8 18.2989
    endloop
  endfacet
  facet normal 0.980733 0 -0.195352
    outer loop
      vertex 12.3549 30.8 18.1508
      vertex 12.3844 22.2 18.2989
      vertex 12.3549 22.2 18.1508
    endloop
  endfacet
  facet normal 0.555921 0 -0.831235
    outer loop
      vertex 12.7969 22.2 18.9163
      vertex 12.9225 30.8 19.0003
      vertex 12.9225 22.2 19.0003
    endloop
  endfacet
  facet normal 0.555921 0 -0.831235
    outer loop
      vertex 12.9225 30.8 19.0003
      vertex 12.7969 22.2 18.9163
      vertex 12.7969 30.8 18.9163
    endloop
  endfacet
  facet normal 0.75192 -0 0.659254
    outer loop
      vertex 12.5837 22.2 17.2969
      vertex 12.6833 30.8 17.1833
      vertex 12.5837 30.8 17.2969
    endloop
  endfacet
  facet normal 0.75192 0 0.659254
    outer loop
      vertex 12.6833 30.8 17.1833
      vertex 12.5837 22.2 17.2969
      vertex 12.6833 22.2 17.1833
    endloop
  endfacet
  facet normal -0.555921 0 -0.831235
    outer loop
      vertex 14.0775 22.2 19.0003
      vertex 14.2031 30.8 18.9163
      vertex 14.2031 22.2 18.9163
    endloop
  endfacet
  facet normal -0.555921 0 -0.831235
    outer loop
      vertex 14.2031 30.8 18.9163
      vertex 14.0775 22.2 19.0003
      vertex 14.0775 30.8 19.0003
    endloop
  endfacet
  facet normal -0.659254 0 0.75192
    outer loop
      vertex 14.2031 30.8 17.0837
      vertex 14.3167 22.2 17.1833
      vertex 14.3167 30.8 17.1833
    endloop
  endfacet
  facet normal -0.659254 0 0.75192
    outer loop
      vertex 14.3167 22.2 17.1833
      vertex 14.2031 30.8 17.0837
      vertex 14.2031 22.2 17.0837
    endloop
  endfacet
  facet normal -0.195352 0 0.980733
    outer loop
      vertex 13.6508 30.8 74.8549
      vertex 13.7989 22.2 74.8844
      vertex 13.7989 30.8 74.8844
    endloop
  endfacet
  facet normal -0.195352 0 0.980733
    outer loop
      vertex 13.7989 22.2 74.8844
      vertex 13.6508 30.8 74.8549
      vertex 13.6508 22.2 74.8549
    endloop
  endfacet
  facet normal -0.980733 0 0.195352
    outer loop
      vertex 14.6156 22.2 75.7011
      vertex 14.6451 30.8 75.8492
      vertex 14.6156 30.8 75.7011
    endloop
  endfacet
  facet normal -0.980733 0 0.195352
    outer loop
      vertex 14.6451 30.8 75.8492
      vertex 14.6156 22.2 75.7011
      vertex 14.6451 22.2 75.8492
    endloop
  endfacet
  facet normal -0.997852 0 0.0655089
    outer loop
      vertex 14.6451 22.2 75.8492
      vertex 14.655 30.8 76
      vertex 14.6451 30.8 75.8492
    endloop
  endfacet
  facet normal -0.997852 0 0.0655089
    outer loop
      vertex 14.655 30.8 76
      vertex 14.6451 22.2 75.8492
      vertex 14.655 22.2 76
    endloop
  endfacet
  facet normal -0.947083 0 0.320989
    outer loop
      vertex 14.5671 22.2 75.558
      vertex 14.6156 30.8 75.7011
      vertex 14.5671 30.8 75.558
    endloop
  endfacet
  facet normal -0.947083 0 0.320989
    outer loop
      vertex 14.6156 30.8 75.7011
      vertex 14.5671 22.2 75.558
      vertex 14.6156 22.2 75.7011
    endloop
  endfacet
  facet normal -0.831235 0 0.555921
    outer loop
      vertex 14.4163 22.2 75.2969
      vertex 14.5003 30.8 75.4225
      vertex 14.4163 30.8 75.2969
    endloop
  endfacet
  facet normal -0.831235 0 0.555921
    outer loop
      vertex 14.5003 30.8 75.4225
      vertex 14.4163 22.2 75.2969
      vertex 14.5003 22.2 75.4225
    endloop
  endfacet
  facet normal -0.320989 0 0.947083
    outer loop
      vertex 13.7989 30.8 74.8844
      vertex 13.942 22.2 74.9329
      vertex 13.942 30.8 74.9329
    endloop
  endfacet
  facet normal -0.320989 0 0.947083
    outer loop
      vertex 13.942 22.2 74.9329
      vertex 13.7989 30.8 74.8844
      vertex 13.7989 22.2 74.8844
    endloop
  endfacet
  facet normal 0.980733 0 -0.195352
    outer loop
      vertex 12.3844 22.2 76.2989
      vertex 12.3549 30.8 76.1508
      vertex 12.3844 30.8 76.2989
    endloop
  endfacet
  facet normal 0.980733 0 -0.195352
    outer loop
      vertex 12.3549 30.8 76.1508
      vertex 12.3844 22.2 76.2989
      vertex 12.3549 22.2 76.1508
    endloop
  endfacet
  facet normal -0.997852 0 -0.0655089
    outer loop
      vertex 14.655 22.2 76
      vertex 14.6451 30.8 76.1508
      vertex 14.655 30.8 76
    endloop
  endfacet
  facet normal -0.997852 -0 -0.0655089
    outer loop
      vertex 14.6451 30.8 76.1508
      vertex 14.655 22.2 76
      vertex 14.6451 22.2 76.1508
    endloop
  endfacet
  facet normal 0.555921 0 -0.831235
    outer loop
      vertex 12.7969 22.2 76.9163
      vertex 12.9225 30.8 77.0003
      vertex 12.9225 22.2 77.0003
    endloop
  endfacet
  facet normal 0.555921 0 -0.831235
    outer loop
      vertex 12.9225 30.8 77.0003
      vertex 12.7969 22.2 76.9163
      vertex 12.7969 30.8 76.9163
    endloop
  endfacet
  facet normal 0.997852 0 -0.0655089
    outer loop
      vertex 12.3549 22.2 76.1508
      vertex 12.345 30.8 76
      vertex 12.3549 30.8 76.1508
    endloop
  endfacet
  facet normal 0.997852 0 -0.0655089
    outer loop
      vertex 12.345 30.8 76
      vertex 12.3549 22.2 76.1508
      vertex 12.345 22.2 76
    endloop
  endfacet
  facet normal 0.320989 0 -0.947083
    outer loop
      vertex 13.058 22.2 77.0671
      vertex 13.2011 30.8 77.1156
      vertex 13.2011 22.2 77.1156
    endloop
  endfacet
  facet normal 0.320989 0 -0.947083
    outer loop
      vertex 13.2011 30.8 77.1156
      vertex 13.058 22.2 77.0671
      vertex 13.058 30.8 77.0671
    endloop
  endfacet
  facet normal -0.896928 0 0.442176
    outer loop
      vertex 14.5003 22.2 75.4225
      vertex 14.5671 30.8 75.558
      vertex 14.5003 30.8 75.4225
    endloop
  endfacet
  facet normal -0.896928 0 0.442176
    outer loop
      vertex 14.5671 30.8 75.558
      vertex 14.5003 22.2 75.4225
      vertex 14.5671 22.2 75.558
    endloop
  endfacet
  facet normal -0.75192 0 0.659254
    outer loop
      vertex 14.3167 22.2 75.1833
      vertex 14.4163 30.8 75.2969
      vertex 14.3167 30.8 75.1833
    endloop
  endfacet
  facet normal -0.75192 0 0.659254
    outer loop
      vertex 14.4163 30.8 75.2969
      vertex 14.3167 22.2 75.1833
      vertex 14.4163 22.2 75.2969
    endloop
  endfacet
  facet normal -0.947083 0 -0.320989
    outer loop
      vertex 14.6156 22.2 76.2989
      vertex 14.5671 30.8 76.442
      vertex 14.6156 30.8 76.2989
    endloop
  endfacet
  facet normal -0.947083 -0 -0.320989
    outer loop
      vertex 14.5671 30.8 76.442
      vertex 14.6156 22.2 76.2989
      vertex 14.5671 22.2 76.442
    endloop
  endfacet
  facet normal 0.75192 0 -0.659254
    outer loop
      vertex 12.6833 22.2 76.8167
      vertex 12.5837 30.8 76.7031
      vertex 12.6833 30.8 76.8167
    endloop
  endfacet
  facet normal 0.75192 0 -0.659254
    outer loop
      vertex 12.5837 30.8 76.7031
      vertex 12.6833 22.2 76.8167
      vertex 12.5837 22.2 76.7031
    endloop
  endfacet
  facet normal -0.980733 0 -0.195352
    outer loop
      vertex 14.6451 22.2 76.1508
      vertex 14.6156 30.8 76.2989
      vertex 14.6451 30.8 76.1508
    endloop
  endfacet
  facet normal -0.980733 -0 -0.195352
    outer loop
      vertex 14.6156 30.8 76.2989
      vertex 14.6451 22.2 76.1508
      vertex 14.6156 22.2 76.2989
    endloop
  endfacet
  facet normal -0.0655089 0 -0.997852
    outer loop
      vertex 13.5 22.2 77.155
      vertex 13.6508 30.8 77.1451
      vertex 13.6508 22.2 77.1451
    endloop
  endfacet
  facet normal -0.0655089 0 -0.997852
    outer loop
      vertex 13.6508 30.8 77.1451
      vertex 13.5 22.2 77.155
      vertex 13.5 30.8 77.155
    endloop
  endfacet
  facet normal 0.947083 0 -0.320989
    outer loop
      vertex 12.4329 22.2 76.442
      vertex 12.3844 30.8 76.2989
      vertex 12.4329 30.8 76.442
    endloop
  endfacet
  facet normal 0.947083 0 -0.320989
    outer loop
      vertex 12.3844 30.8 76.2989
      vertex 12.4329 22.2 76.442
      vertex 12.3844 22.2 76.2989
    endloop
  endfacet
  facet normal -0.831235 0 -0.555921
    outer loop
      vertex 14.5003 22.2 76.5775
      vertex 14.4163 30.8 76.7031
      vertex 14.5003 30.8 76.5775
    endloop
  endfacet
  facet normal -0.831235 -0 -0.555921
    outer loop
      vertex 14.4163 30.8 76.7031
      vertex 14.5003 22.2 76.5775
      vertex 14.4163 22.2 76.7031
    endloop
  endfacet
  facet normal -0.442176 0 0.896928
    outer loop
      vertex 13.942 30.8 74.9329
      vertex 14.0775 22.2 74.9997
      vertex 14.0775 30.8 74.9997
    endloop
  endfacet
  facet normal -0.442176 0 0.896928
    outer loop
      vertex 14.0775 22.2 74.9997
      vertex 13.942 30.8 74.9329
      vertex 13.942 22.2 74.9329
    endloop
  endfacet
  facet normal 0.442176 0 0.896928
    outer loop
      vertex 12.9225 30.8 74.9997
      vertex 13.058 22.2 74.9329
      vertex 13.058 30.8 74.9329
    endloop
  endfacet
  facet normal 0.442176 0 0.896928
    outer loop
      vertex 13.058 22.2 74.9329
      vertex 12.9225 30.8 74.9997
      vertex 12.9225 22.2 74.9997
    endloop
  endfacet
  facet normal -0.442176 0 -0.896928
    outer loop
      vertex 13.942 22.2 77.0671
      vertex 14.0775 30.8 77.0003
      vertex 14.0775 22.2 77.0003
    endloop
  endfacet
  facet normal -0.442176 0 -0.896928
    outer loop
      vertex 14.0775 30.8 77.0003
      vertex 13.942 22.2 77.0671
      vertex 13.942 30.8 77.0671
    endloop
  endfacet
  facet normal -0.320989 0 -0.947083
    outer loop
      vertex 13.7989 22.2 77.1156
      vertex 13.942 30.8 77.0671
      vertex 13.942 22.2 77.0671
    endloop
  endfacet
  facet normal -0.320989 0 -0.947083
    outer loop
      vertex 13.942 30.8 77.0671
      vertex 13.7989 22.2 77.1156
      vertex 13.7989 30.8 77.1156
    endloop
  endfacet
  facet normal 0.195352 0 -0.980733
    outer loop
      vertex 13.2011 22.2 77.1156
      vertex 13.3492 30.8 77.1451
      vertex 13.3492 22.2 77.1451
    endloop
  endfacet
  facet normal 0.195352 0 -0.980733
    outer loop
      vertex 13.3492 30.8 77.1451
      vertex 13.2011 22.2 77.1156
      vertex 13.2011 30.8 77.1156
    endloop
  endfacet
  facet normal 0.947083 -0 0.320989
    outer loop
      vertex 12.3844 22.2 75.7011
      vertex 12.4329 30.8 75.558
      vertex 12.3844 30.8 75.7011
    endloop
  endfacet
  facet normal 0.947083 0 0.320989
    outer loop
      vertex 12.4329 30.8 75.558
      vertex 12.3844 22.2 75.7011
      vertex 12.4329 22.2 75.558
    endloop
  endfacet
  facet normal 0.195352 0 0.980733
    outer loop
      vertex 13.2011 30.8 74.8844
      vertex 13.3492 22.2 74.8549
      vertex 13.3492 30.8 74.8549
    endloop
  endfacet
  facet normal 0.195352 0 0.980733
    outer loop
      vertex 13.3492 22.2 74.8549
      vertex 13.2011 30.8 74.8844
      vertex 13.2011 22.2 74.8844
    endloop
  endfacet
  facet normal 0.555921 0 0.831235
    outer loop
      vertex 12.7969 30.8 75.0837
      vertex 12.9225 22.2 74.9997
      vertex 12.9225 30.8 74.9997
    endloop
  endfacet
  facet normal 0.555921 0 0.831235
    outer loop
      vertex 12.9225 22.2 74.9997
      vertex 12.7969 30.8 75.0837
      vertex 12.7969 22.2 75.0837
    endloop
  endfacet
  facet normal -0.555921 0 -0.831235
    outer loop
      vertex 14.0775 22.2 77.0003
      vertex 14.2031 30.8 76.9163
      vertex 14.2031 22.2 76.9163
    endloop
  endfacet
  facet normal -0.555921 0 -0.831235
    outer loop
      vertex 14.2031 30.8 76.9163
      vertex 14.0775 22.2 77.0003
      vertex 14.0775 30.8 77.0003
    endloop
  endfacet
  facet normal -0.195352 0 -0.980733
    outer loop
      vertex 13.6508 22.2 77.1451
      vertex 13.7989 30.8 77.1156
      vertex 13.7989 22.2 77.1156
    endloop
  endfacet
  facet normal -0.195352 0 -0.980733
    outer loop
      vertex 13.7989 30.8 77.1156
      vertex 13.6508 22.2 77.1451
      vertex 13.6508 30.8 77.1451
    endloop
  endfacet
  facet normal 0.896928 -0 0.442176
    outer loop
      vertex 12.4329 22.2 75.558
      vertex 12.4997 30.8 75.4225
      vertex 12.4329 30.8 75.558
    endloop
  endfacet
  facet normal 0.896928 0 0.442176
    outer loop
      vertex 12.4997 30.8 75.4225
      vertex 12.4329 22.2 75.558
      vertex 12.4997 22.2 75.4225
    endloop
  endfacet
  facet normal -0.659254 0 0.75192
    outer loop
      vertex 14.2031 30.8 75.0837
      vertex 14.3167 22.2 75.1833
      vertex 14.3167 30.8 75.1833
    endloop
  endfacet
  facet normal -0.659254 0 0.75192
    outer loop
      vertex 14.3167 22.2 75.1833
      vertex 14.2031 30.8 75.0837
      vertex 14.2031 22.2 75.0837
    endloop
  endfacet
  facet normal 0.831235 -0 0.555921
    outer loop
      vertex 12.4997 22.2 75.4225
      vertex 12.5837 30.8 75.2969
      vertex 12.4997 30.8 75.4225
    endloop
  endfacet
  facet normal 0.831235 0 0.555921
    outer loop
      vertex 12.5837 30.8 75.2969
      vertex 12.4997 22.2 75.4225
      vertex 12.5837 22.2 75.2969
    endloop
  endfacet
  facet normal 0.0655089 0 -0.997852
    outer loop
      vertex 13.3492 22.2 77.1451
      vertex 13.5 30.8 77.155
      vertex 13.5 22.2 77.155
    endloop
  endfacet
  facet normal 0.0655089 0 -0.997852
    outer loop
      vertex 13.5 30.8 77.155
      vertex 13.3492 22.2 77.1451
      vertex 13.3492 30.8 77.1451
    endloop
  endfacet
  facet normal 0.659254 0 0.75192
    outer loop
      vertex 12.6833 30.8 75.1833
      vertex 12.7969 22.2 75.0837
      vertex 12.7969 30.8 75.0837
    endloop
  endfacet
  facet normal 0.659254 0 0.75192
    outer loop
      vertex 12.7969 22.2 75.0837
      vertex 12.6833 30.8 75.1833
      vertex 12.6833 22.2 75.1833
    endloop
  endfacet
  facet normal 0.659254 0 -0.75192
    outer loop
      vertex 12.6833 22.2 76.8167
      vertex 12.7969 30.8 76.9163
      vertex 12.7969 22.2 76.9163
    endloop
  endfacet
  facet normal 0.659254 0 -0.75192
    outer loop
      vertex 12.7969 30.8 76.9163
      vertex 12.6833 22.2 76.8167
      vertex 12.6833 30.8 76.8167
    endloop
  endfacet
  facet normal 0 1 0
    outer loop
      vertex 13.6508 22.2 77.1451
      vertex 13.3492 22.2 77.1451
      vertex 13.5 22.2 77.155
    endloop
  endfacet
  facet normal 0 1 0
    outer loop
      vertex 13.7989 22.2 77.1156
      vertex 13.3492 22.2 77.1451
      vertex 13.6508 22.2 77.1451
    endloop
  endfacet
  facet normal 0 1 0
    outer loop
      vertex 13.7989 22.2 77.1156
      vertex 13.2011 22.2 77.1156
      vertex 13.3492 22.2 77.1451
    endloop
  endfacet
  facet normal 0 1 0
    outer loop
      vertex 13.942 22.2 77.0671
      vertex 13.2011 22.2 77.1156
      vertex 13.7989 22.2 77.1156
    endloop
  endfacet
  facet normal 0 1 0
    outer loop
      vertex 13.942 22.2 77.0671
      vertex 13.058 22.2 77.0671
      vertex 13.2011 22.2 77.1156
    endloop
  endfacet
  facet normal 0 1 0
    outer loop
      vertex 14.0775 22.2 77.0003
      vertex 13.058 22.2 77.0671
      vertex 13.942 22.2 77.0671
    endloop
  endfacet
  facet normal 0 1 0
    outer loop
      vertex 14.0775 22.2 77.0003
      vertex 12.9225 22.2 77.0003
      vertex 13.058 22.2 77.0671
    endloop
  endfacet
  facet normal 0 1 0
    outer loop
      vertex 14.2031 22.2 76.9163
      vertex 12.9225 22.2 77.0003
      vertex 14.0775 22.2 77.0003
    endloop
  endfacet
  facet normal 0 1 0
    outer loop
      vertex 14.2031 22.2 76.9163
      vertex 12.7969 22.2 76.9163
      vertex 12.9225 22.2 77.0003
    endloop
  endfacet
  facet normal 0 1 0
    outer loop
      vertex 14.3167 22.2 76.8167
      vertex 12.7969 22.2 76.9163
      vertex 14.2031 22.2 76.9163
    endloop
  endfacet
  facet normal 0 1 0
    outer loop
      vertex 14.3167 22.2 76.8167
      vertex 12.6833 22.2 76.8167
      vertex 12.7969 22.2 76.9163
    endloop
  endfacet
  facet normal 0 1 0
    outer loop
      vertex 14.4163 22.2 76.7031
      vertex 12.6833 22.2 76.8167
      vertex 14.3167 22.2 76.8167
    endloop
  endfacet
  facet normal 0 1 0
    outer loop
      vertex 14.4163 22.2 76.7031
      vertex 12.5837 22.2 76.7031
      vertex 12.6833 22.2 76.8167
    endloop
  endfacet
  facet normal 0 1 0
    outer loop
      vertex 14.5003 22.2 76.5775
      vertex 12.5837 22.2 76.7031
      vertex 14.4163 22.2 76.7031
    endloop
  endfacet
  facet normal 0 1 0
    outer loop
      vertex 14.5003 22.2 76.5775
      vertex 12.4997 22.2 76.5775
      vertex 12.5837 22.2 76.7031
    endloop
  endfacet
  facet normal 0 1 0
    outer loop
      vertex 14.5671 22.2 76.442
      vertex 12.4997 22.2 76.5775
      vertex 14.5003 22.2 76.5775
    endloop
  endfacet
  facet normal 0 1 0
    outer loop
      vertex 14.5671 22.2 76.442
      vertex 12.4329 22.2 76.442
      vertex 12.4997 22.2 76.5775
    endloop
  endfacet
  facet normal 0 1 0
    outer loop
      vertex 14.6156 22.2 76.2989
      vertex 12.4329 22.2 76.442
      vertex 14.5671 22.2 76.442
    endloop
  endfacet
  facet normal 0 1 0
    outer loop
      vertex 14.6156 22.2 76.2989
      vertex 12.3844 22.2 76.2989
      vertex 12.4329 22.2 76.442
    endloop
  endfacet
  facet normal 0 1 0
    outer loop
      vertex 14.6451 22.2 76.1508
      vertex 12.3844 22.2 76.2989
      vertex 14.6156 22.2 76.2989
    endloop
  endfacet
  facet normal 0 1 0
    outer loop
      vertex 14.6451 22.2 76.1508
      vertex 12.3549 22.2 76.1508
      vertex 12.3844 22.2 76.2989
    endloop
  endfacet
  facet normal 0 1 0
    outer loop
      vertex 14.655 22.2 76
      vertex 12.3549 22.2 76.1508
      vertex 14.6451 22.2 76.1508
    endloop
  endfacet
  facet normal 0 1 0
    outer loop
      vertex 14.655 22.2 76
      vertex 12.345 22.2 76
      vertex 12.3549 22.2 76.1508
    endloop
  endfacet
  facet normal 0 1 -0
    outer loop
      vertex 14.6451 22.2 75.8492
      vertex 12.345 22.2 76
      vertex 14.655 22.2 76
    endloop
  endfacet
  facet normal 0 1 0
    outer loop
      vertex 14.6451 22.2 75.8492
      vertex 12.3549 22.2 75.8492
      vertex 12.345 22.2 76
    endloop
  endfacet
  facet normal 0 1 -0
    outer loop
      vertex 14.6156 22.2 75.7011
      vertex 12.3549 22.2 75.8492
      vertex 14.6451 22.2 75.8492
    endloop
  endfacet
  facet normal 0 1 0
    outer loop
      vertex 14.6156 22.2 75.7011
      vertex 12.3844 22.2 75.7011
      vertex 12.3549 22.2 75.8492
    endloop
  endfacet
  facet normal 0 1 -0
    outer loop
      vertex 14.5671 22.2 75.558
      vertex 12.3844 22.2 75.7011
      vertex 14.6156 22.2 75.7011
    endloop
  endfacet
  facet normal 0 1 0
    outer loop
      vertex 14.5671 22.2 75.558
      vertex 12.4329 22.2 75.558
      vertex 12.3844 22.2 75.7011
    endloop
  endfacet
  facet normal 0 1 -0
    outer loop
      vertex 14.5003 22.2 75.4225
      vertex 12.4329 22.2 75.558
      vertex 14.5671 22.2 75.558
    endloop
  endfacet
  facet normal 0 1 0
    outer loop
      vertex 14.5003 22.2 75.4225
      vertex 12.4997 22.2 75.4225
      vertex 12.4329 22.2 75.558
    endloop
  endfacet
  facet normal 0 1 -0
    outer loop
      vertex 14.4163 22.2 75.2969
      vertex 12.4997 22.2 75.4225
      vertex 14.5003 22.2 75.4225
    endloop
  endfacet
  facet normal 0 1 0
    outer loop
      vertex 14.4163 22.2 75.2969
      vertex 12.5837 22.2 75.2969
      vertex 12.4997 22.2 75.4225
    endloop
  endfacet
  facet normal 0 1 -0
    outer loop
      vertex 14.3167 22.2 75.1833
      vertex 12.5837 22.2 75.2969
      vertex 14.4163 22.2 75.2969
    endloop
  endfacet
  facet normal 0 1 0
    outer loop
      vertex 14.3167 22.2 75.1833
      vertex 12.6833 22.2 75.1833
      vertex 12.5837 22.2 75.2969
    endloop
  endfacet
  facet normal 0 1 -0
    outer loop
      vertex 14.2031 22.2 75.0837
      vertex 12.6833 22.2 75.1833
      vertex 14.3167 22.2 75.1833
    endloop
  endfacet
  facet normal 0 1 0
    outer loop
      vertex 14.2031 22.2 75.0837
      vertex 12.7969 22.2 75.0837
      vertex 12.6833 22.2 75.1833
    endloop
  endfacet
  facet normal 0 1 -0
    outer loop
      vertex 14.0775 22.2 74.9997
      vertex 12.7969 22.2 75.0837
      vertex 14.2031 22.2 75.0837
    endloop
  endfacet
  facet normal 0 1 0
    outer loop
      vertex 14.0775 22.2 74.9997
      vertex 12.9225 22.2 74.9997
      vertex 12.7969 22.2 75.0837
    endloop
  endfacet
  facet normal 0 1 -0
    outer loop
      vertex 13.942 22.2 74.9329
      vertex 12.9225 22.2 74.9997
      vertex 14.0775 22.2 74.9997
    endloop
  endfacet
  facet normal 0 1 0
    outer loop
      vertex 13.942 22.2 74.9329
      vertex 13.058 22.2 74.9329
      vertex 12.9225 22.2 74.9997
    endloop
  endfacet
  facet normal 0 1 -0
    outer loop
      vertex 13.7989 22.2 74.8844
      vertex 13.058 22.2 74.9329
      vertex 13.942 22.2 74.9329
    endloop
  endfacet
  facet normal 0 1 0
    outer loop
      vertex 13.7989 22.2 74.8844
      vertex 13.2011 22.2 74.8844
      vertex 13.058 22.2 74.9329
    endloop
  endfacet
  facet normal 0 1 -0
    outer loop
      vertex 13.6508 22.2 74.8549
      vertex 13.2011 22.2 74.8844
      vertex 13.7989 22.2 74.8844
    endloop
  endfacet
  facet normal 0 1 0
    outer loop
      vertex 13.6508 22.2 74.8549
      vertex 13.3492 22.2 74.8549
      vertex 13.2011 22.2 74.8844
    endloop
  endfacet
  facet normal -0 1 0
    outer loop
      vertex 13.3492 22.2 74.8549
      vertex 13.6508 22.2 74.8549
      vertex 13.5 22.2 74.845
    endloop
  endfacet
  facet normal 0.75192 -0 0.659254
    outer loop
      vertex 12.5837 22.2 75.2969
      vertex 12.6833 30.8 75.1833
      vertex 12.5837 30.8 75.2969
    endloop
  endfacet
  facet normal 0.75192 0 0.659254
    outer loop
      vertex 12.6833 30.8 75.1833
      vertex 12.5837 22.2 75.2969
      vertex 12.6833 22.2 75.1833
    endloop
  endfacet
  facet normal -0.75192 0 -0.659254
    outer loop
      vertex 14.4163 22.2 76.7031
      vertex 14.3167 30.8 76.8167
      vertex 14.4163 30.8 76.7031
    endloop
  endfacet
  facet normal -0.75192 -0 -0.659254
    outer loop
      vertex 14.3167 30.8 76.8167
      vertex 14.4163 22.2 76.7031
      vertex 14.3167 22.2 76.8167
    endloop
  endfacet
  facet normal -0.896928 0 -0.442176
    outer loop
      vertex 14.5671 22.2 76.442
      vertex 14.5003 30.8 76.5775
      vertex 14.5671 30.8 76.442
    endloop
  endfacet
  facet normal -0.896928 -0 -0.442176
    outer loop
      vertex 14.5003 30.8 76.5775
      vertex 14.5671 22.2 76.442
      vertex 14.5003 22.2 76.5775
    endloop
  endfacet
  facet normal 0.980733 -0 0.195352
    outer loop
      vertex 12.3549 22.2 75.8492
      vertex 12.3844 30.8 75.7011
      vertex 12.3549 30.8 75.8492
    endloop
  endfacet
  facet normal 0.980733 0 0.195352
    outer loop
      vertex 12.3844 30.8 75.7011
      vertex 12.3549 22.2 75.8492
      vertex 12.3844 22.2 75.7011
    endloop
  endfacet
  facet normal -0.0655089 0 0.997852
    outer loop
      vertex 13.5 30.8 74.845
      vertex 13.6508 22.2 74.8549
      vertex 13.6508 30.8 74.8549
    endloop
  endfacet
  facet normal -0.0655089 0 0.997852
    outer loop
      vertex 13.6508 22.2 74.8549
      vertex 13.5 30.8 74.845
      vertex 13.5 22.2 74.845
    endloop
  endfacet
  facet normal -0.555921 0 0.831235
    outer loop
      vertex 14.0775 30.8 74.9997
      vertex 14.2031 22.2 75.0837
      vertex 14.2031 30.8 75.0837
    endloop
  endfacet
  facet normal -0.555921 0 0.831235
    outer loop
      vertex 14.2031 22.2 75.0837
      vertex 14.0775 30.8 74.9997
      vertex 14.0775 22.2 74.9997
    endloop
  endfacet
  facet normal 0.320989 0 0.947083
    outer loop
      vertex 13.058 30.8 74.9329
      vertex 13.2011 22.2 74.8844
      vertex 13.2011 30.8 74.8844
    endloop
  endfacet
  facet normal 0.320989 0 0.947083
    outer loop
      vertex 13.2011 22.2 74.8844
      vertex 13.058 30.8 74.9329
      vertex 13.058 22.2 74.9329
    endloop
  endfacet
  facet normal 0.0655089 0 0.997852
    outer loop
      vertex 13.3492 30.8 74.8549
      vertex 13.5 22.2 74.845
      vertex 13.5 30.8 74.845
    endloop
  endfacet
  facet normal 0.0655089 0 0.997852
    outer loop
      vertex 13.5 22.2 74.845
      vertex 13.3492 30.8 74.8549
      vertex 13.3492 22.2 74.8549
    endloop
  endfacet
  facet normal 0.997852 -0 0.0655089
    outer loop
      vertex 12.345 22.2 76
      vertex 12.3549 30.8 75.8492
      vertex 12.345 30.8 76
    endloop
  endfacet
  facet normal 0.997852 0 0.0655089
    outer loop
      vertex 12.3549 30.8 75.8492
      vertex 12.345 22.2 76
      vertex 12.3549 22.2 75.8492
    endloop
  endfacet
  facet normal 0.442176 0 -0.896928
    outer loop
      vertex 12.9225 22.2 77.0003
      vertex 13.058 30.8 77.0671
      vertex 13.058 22.2 77.0671
    endloop
  endfacet
  facet normal 0.442176 0 -0.896928
    outer loop
      vertex 13.058 30.8 77.0671
      vertex 12.9225 22.2 77.0003
      vertex 12.9225 30.8 77.0003
    endloop
  endfacet
  facet normal -0.659254 0 -0.75192
    outer loop
      vertex 14.2031 22.2 76.9163
      vertex 14.3167 30.8 76.8167
      vertex 14.3167 22.2 76.8167
    endloop
  endfacet
  facet normal -0.659254 0 -0.75192
    outer loop
      vertex 14.3167 30.8 76.8167
      vertex 14.2031 22.2 76.9163
      vertex 14.2031 30.8 76.9163
    endloop
  endfacet
  facet normal 0.831235 0 -0.555921
    outer loop
      vertex 12.5837 22.2 76.7031
      vertex 12.4997 30.8 76.5775
      vertex 12.5837 30.8 76.7031
    endloop
  endfacet
  facet normal 0.831235 0 -0.555921
    outer loop
      vertex 12.4997 30.8 76.5775
      vertex 12.5837 22.2 76.7031
      vertex 12.4997 22.2 76.5775
    endloop
  endfacet
  facet normal 0.896928 0 -0.442176
    outer loop
      vertex 12.4997 22.2 76.5775
      vertex 12.4329 30.8 76.442
      vertex 12.4997 30.8 76.5775
    endloop
  endfacet
  facet normal 0.896928 0 -0.442176
    outer loop
      vertex 12.4329 30.8 76.442
      vertex 12.4997 22.2 76.5775
      vertex 12.4329 22.2 76.442
    endloop
  endfacet
  facet normal -0.195352 0 0.980733
    outer loop
      vertex 62.6508 30.8 16.8549
      vertex 62.7989 22.2 16.8844
      vertex 62.7989 30.8 16.8844
    endloop
  endfacet
  facet normal -0.195352 0 0.980733
    outer loop
      vertex 62.7989 22.2 16.8844
      vertex 62.6508 30.8 16.8549
      vertex 62.6508 22.2 16.8549
    endloop
  endfacet
  facet normal -0.980733 0 0.195352
    outer loop
      vertex 63.6156 22.2 17.7011
      vertex 63.6451 30.8 17.8492
      vertex 63.6156 30.8 17.7011
    endloop
  endfacet
  facet normal -0.980733 0 0.195352
    outer loop
      vertex 63.6451 30.8 17.8492
      vertex 63.6156 22.2 17.7011
      vertex 63.6451 22.2 17.8492
    endloop
  endfacet
  facet normal -0.997852 0 0.0655089
    outer loop
      vertex 63.6451 22.2 17.8492
      vertex 63.655 30.8 18
      vertex 63.6451 30.8 17.8492
    endloop
  endfacet
  facet normal -0.997852 0 0.0655089
    outer loop
      vertex 63.655 30.8 18
      vertex 63.6451 22.2 17.8492
      vertex 63.655 22.2 18
    endloop
  endfacet
  facet normal -0.947083 0 0.320989
    outer loop
      vertex 63.5671 22.2 17.558
      vertex 63.6156 30.8 17.7011
      vertex 63.5671 30.8 17.558
    endloop
  endfacet
  facet normal -0.947083 0 0.320989
    outer loop
      vertex 63.6156 30.8 17.7011
      vertex 63.5671 22.2 17.558
      vertex 63.6156 22.2 17.7011
    endloop
  endfacet
  facet normal -0.831235 0 0.555921
    outer loop
      vertex 63.4163 22.2 17.2969
      vertex 63.5003 30.8 17.4225
      vertex 63.4163 30.8 17.2969
    endloop
  endfacet
  facet normal -0.831235 0 0.555921
    outer loop
      vertex 63.5003 30.8 17.4225
      vertex 63.4163 22.2 17.2969
      vertex 63.5003 22.2 17.4225
    endloop
  endfacet
  facet normal -0.320989 0 0.947083
    outer loop
      vertex 62.7989 30.8 16.8844
      vertex 62.942 22.2 16.9329
      vertex 62.942 30.8 16.9329
    endloop
  endfacet
  facet normal -0.320989 0 0.947083
    outer loop
      vertex 62.942 22.2 16.9329
      vertex 62.7989 30.8 16.8844
      vertex 62.7989 22.2 16.8844
    endloop
  endfacet
  facet normal 0.980733 0 -0.195352
    outer loop
      vertex 61.3844 22.2 18.2989
      vertex 61.3549 30.8 18.1508
      vertex 61.3844 30.8 18.2989
    endloop
  endfacet
  facet normal 0.980733 0 -0.195352
    outer loop
      vertex 61.3549 30.8 18.1508
      vertex 61.3844 22.2 18.2989
      vertex 61.3549 22.2 18.1508
    endloop
  endfacet
  facet normal -0.997852 0 -0.0655089
    outer loop
      vertex 63.655 22.2 18
      vertex 63.6451 30.8 18.1508
      vertex 63.655 30.8 18
    endloop
  endfacet
  facet normal -0.997852 -0 -0.0655089
    outer loop
      vertex 63.6451 30.8 18.1508
      vertex 63.655 22.2 18
      vertex 63.6451 22.2 18.1508
    endloop
  endfacet
  facet normal 0.555921 0 -0.831235
    outer loop
      vertex 61.7969 22.2 18.9163
      vertex 61.9225 30.8 19.0003
      vertex 61.9225 22.2 19.0003
    endloop
  endfacet
  facet normal 0.555921 0 -0.831235
    outer loop
      vertex 61.9225 30.8 19.0003
      vertex 61.7969 22.2 18.9163
      vertex 61.7969 30.8 18.9163
    endloop
  endfacet
  facet normal 0.997852 0 -0.0655089
    outer loop
      vertex 61.3549 22.2 18.1508
      vertex 61.345 30.8 18
      vertex 61.3549 30.8 18.1508
    endloop
  endfacet
  facet normal 0.997852 0 -0.0655089
    outer loop
      vertex 61.345 30.8 18
      vertex 61.3549 22.2 18.1508
      vertex 61.345 22.2 18
    endloop
  endfacet
  facet normal 0.320989 0 -0.947083
    outer loop
      vertex 62.058 22.2 19.0671
      vertex 62.2011 30.8 19.1156
      vertex 62.2011 22.2 19.1156
    endloop
  endfacet
  facet normal 0.320989 0 -0.947083
    outer loop
      vertex 62.2011 30.8 19.1156
      vertex 62.058 22.2 19.0671
      vertex 62.058 30.8 19.0671
    endloop
  endfacet
  facet normal -0.896928 0 0.442176
    outer loop
      vertex 63.5003 22.2 17.4225
      vertex 63.5671 30.8 17.558
      vertex 63.5003 30.8 17.4225
    endloop
  endfacet
  facet normal -0.896928 0 0.442176
    outer loop
      vertex 63.5671 30.8 17.558
      vertex 63.5003 22.2 17.4225
      vertex 63.5671 22.2 17.558
    endloop
  endfacet
  facet normal -0.75192 0 0.659254
    outer loop
      vertex 63.3167 22.2 17.1833
      vertex 63.4163 30.8 17.2969
      vertex 63.3167 30.8 17.1833
    endloop
  endfacet
  facet normal -0.75192 0 0.659254
    outer loop
      vertex 63.4163 30.8 17.2969
      vertex 63.3167 22.2 17.1833
      vertex 63.4163 22.2 17.2969
    endloop
  endfacet
  facet normal -0.947083 0 -0.320989
    outer loop
      vertex 63.6156 22.2 18.2989
      vertex 63.5671 30.8 18.442
      vertex 63.6156 30.8 18.2989
    endloop
  endfacet
  facet normal -0.947083 -0 -0.320989
    outer loop
      vertex 63.5671 30.8 18.442
      vertex 63.6156 22.2 18.2989
      vertex 63.5671 22.2 18.442
    endloop
  endfacet
  facet normal 0.75192 0 -0.659254
    outer loop
      vertex 61.6833 22.2 18.8167
      vertex 61.5837 30.8 18.7031
      vertex 61.6833 30.8 18.8167
    endloop
  endfacet
  facet normal 0.75192 0 -0.659254
    outer loop
      vertex 61.5837 30.8 18.7031
      vertex 61.6833 22.2 18.8167
      vertex 61.5837 22.2 18.7031
    endloop
  endfacet
  facet normal -0.980733 0 -0.195352
    outer loop
      vertex 63.6451 22.2 18.1508
      vertex 63.6156 30.8 18.2989
      vertex 63.6451 30.8 18.1508
    endloop
  endfacet
  facet normal -0.980733 -0 -0.195352
    outer loop
      vertex 63.6156 30.8 18.2989
      vertex 63.6451 22.2 18.1508
      vertex 63.6156 22.2 18.2989
    endloop
  endfacet
  facet normal -0.0655089 0 -0.997852
    outer loop
      vertex 62.5 22.2 19.155
      vertex 62.6508 30.8 19.1451
      vertex 62.6508 22.2 19.1451
    endloop
  endfacet
  facet normal -0.0655089 0 -0.997852
    outer loop
      vertex 62.6508 30.8 19.1451
      vertex 62.5 22.2 19.155
      vertex 62.5 30.8 19.155
    endloop
  endfacet
  facet normal 0.947083 0 -0.320989
    outer loop
      vertex 61.4329 22.2 18.442
      vertex 61.3844 30.8 18.2989
      vertex 61.4329 30.8 18.442
    endloop
  endfacet
  facet normal 0.947083 0 -0.320989
    outer loop
      vertex 61.3844 30.8 18.2989
      vertex 61.4329 22.2 18.442
      vertex 61.3844 22.2 18.2989
    endloop
  endfacet
  facet normal -0.831235 0 -0.555921
    outer loop
      vertex 63.5003 22.2 18.5775
      vertex 63.4163 30.8 18.7031
      vertex 63.5003 30.8 18.5775
    endloop
  endfacet
  facet normal -0.831235 -0 -0.555921
    outer loop
      vertex 63.4163 30.8 18.7031
      vertex 63.5003 22.2 18.5775
      vertex 63.4163 22.2 18.7031
    endloop
  endfacet
  facet normal -0.442176 0 0.896928
    outer loop
      vertex 62.942 30.8 16.9329
      vertex 63.0775 22.2 16.9997
      vertex 63.0775 30.8 16.9997
    endloop
  endfacet
  facet normal -0.442176 0 0.896928
    outer loop
      vertex 63.0775 22.2 16.9997
      vertex 62.942 30.8 16.9329
      vertex 62.942 22.2 16.9329
    endloop
  endfacet
  facet normal 0.442176 0 0.896928
    outer loop
      vertex 61.9225 30.8 16.9997
      vertex 62.058 22.2 16.9329
      vertex 62.058 30.8 16.9329
    endloop
  endfacet
  facet normal 0.442176 0 0.896928
    outer loop
      vertex 62.058 22.2 16.9329
      vertex 61.9225 30.8 16.9997
      vertex 61.9225 22.2 16.9997
    endloop
  endfacet
  facet normal -0.442176 0 -0.896928
    outer loop
      vertex 62.942 22.2 19.0671
      vertex 63.0775 30.8 19.0003
      vertex 63.0775 22.2 19.0003
    endloop
  endfacet
  facet normal -0.442176 0 -0.896928
    outer loop
      vertex 63.0775 30.8 19.0003
      vertex 62.942 22.2 19.0671
      vertex 62.942 30.8 19.0671
    endloop
  endfacet
  facet normal -0.320989 0 -0.947083
    outer loop
      vertex 62.7989 22.2 19.1156
      vertex 62.942 30.8 19.0671
      vertex 62.942 22.2 19.0671
    endloop
  endfacet
  facet normal -0.320989 0 -0.947083
    outer loop
      vertex 62.942 30.8 19.0671
      vertex 62.7989 22.2 19.1156
      vertex 62.7989 30.8 19.1156
    endloop
  endfacet
  facet normal 0.195352 0 -0.980733
    outer loop
      vertex 62.2011 22.2 19.1156
      vertex 62.3492 30.8 19.1451
      vertex 62.3492 22.2 19.1451
    endloop
  endfacet
  facet normal 0.195352 0 -0.980733
    outer loop
      vertex 62.3492 30.8 19.1451
      vertex 62.2011 22.2 19.1156
      vertex 62.2011 30.8 19.1156
    endloop
  endfacet
  facet normal 0.947083 -0 0.320989
    outer loop
      vertex 61.3844 22.2 17.7011
      vertex 61.4329 30.8 17.558
      vertex 61.3844 30.8 17.7011
    endloop
  endfacet
  facet normal 0.947083 0 0.320989
    outer loop
      vertex 61.4329 30.8 17.558
      vertex 61.3844 22.2 17.7011
      vertex 61.4329 22.2 17.558
    endloop
  endfacet
  facet normal 0.195352 0 0.980733
    outer loop
      vertex 62.2011 30.8 16.8844
      vertex 62.3492 22.2 16.8549
      vertex 62.3492 30.8 16.8549
    endloop
  endfacet
  facet normal 0.195352 0 0.980733
    outer loop
      vertex 62.3492 22.2 16.8549
      vertex 62.2011 30.8 16.8844
      vertex 62.2011 22.2 16.8844
    endloop
  endfacet
  facet normal 0.555921 0 0.831235
    outer loop
      vertex 61.7969 30.8 17.0837
      vertex 61.9225 22.2 16.9997
      vertex 61.9225 30.8 16.9997
    endloop
  endfacet
  facet normal 0.555921 0 0.831235
    outer loop
      vertex 61.9225 22.2 16.9997
      vertex 61.7969 30.8 17.0837
      vertex 61.7969 22.2 17.0837
    endloop
  endfacet
  facet normal -0.555921 0 -0.831235
    outer loop
      vertex 63.0775 22.2 19.0003
      vertex 63.2031 30.8 18.9163
      vertex 63.2031 22.2 18.9163
    endloop
  endfacet
  facet normal -0.555921 0 -0.831235
    outer loop
      vertex 63.2031 30.8 18.9163
      vertex 63.0775 22.2 19.0003
      vertex 63.0775 30.8 19.0003
    endloop
  endfacet
  facet normal -0.195352 0 -0.980733
    outer loop
      vertex 62.6508 22.2 19.1451
      vertex 62.7989 30.8 19.1156
      vertex 62.7989 22.2 19.1156
    endloop
  endfacet
  facet normal -0.195352 0 -0.980733
    outer loop
      vertex 62.7989 30.8 19.1156
      vertex 62.6508 22.2 19.1451
      vertex 62.6508 30.8 19.1451
    endloop
  endfacet
  facet normal 0.896928 -0 0.442176
    outer loop
      vertex 61.4329 22.2 17.558
      vertex 61.4997 30.8 17.4225
      vertex 61.4329 30.8 17.558
    endloop
  endfacet
  facet normal 0.896928 0 0.442176
    outer loop
      vertex 61.4997 30.8 17.4225
      vertex 61.4329 22.2 17.558
      vertex 61.4997 22.2 17.4225
    endloop
  endfacet
  facet normal -0.659254 0 0.75192
    outer loop
      vertex 63.2031 30.8 17.0837
      vertex 63.3167 22.2 17.1833
      vertex 63.3167 30.8 17.1833
    endloop
  endfacet
  facet normal -0.659254 0 0.75192
    outer loop
      vertex 63.3167 22.2 17.1833
      vertex 63.2031 30.8 17.0837
      vertex 63.2031 22.2 17.0837
    endloop
  endfacet
  facet normal 0.831235 -0 0.555921
    outer loop
      vertex 61.4997 22.2 17.4225
      vertex 61.5837 30.8 17.2969
      vertex 61.4997 30.8 17.4225
    endloop
  endfacet
  facet normal 0.831235 0 0.555921
    outer loop
      vertex 61.5837 30.8 17.2969
      vertex 61.4997 22.2 17.4225
      vertex 61.5837 22.2 17.2969
    endloop
  endfacet
  facet normal 0.0655089 0 -0.997852
    outer loop
      vertex 62.3492 22.2 19.1451
      vertex 62.5 30.8 19.155
      vertex 62.5 22.2 19.155
    endloop
  endfacet
  facet normal 0.0655089 0 -0.997852
    outer loop
      vertex 62.5 30.8 19.155
      vertex 62.3492 22.2 19.1451
      vertex 62.3492 30.8 19.1451
    endloop
  endfacet
  facet normal 0.659254 0 0.75192
    outer loop
      vertex 61.6833 30.8 17.1833
      vertex 61.7969 22.2 17.0837
      vertex 61.7969 30.8 17.0837
    endloop
  endfacet
  facet normal 0.659254 0 0.75192
    outer loop
      vertex 61.7969 22.2 17.0837
      vertex 61.6833 30.8 17.1833
      vertex 61.6833 22.2 17.1833
    endloop
  endfacet
  facet normal 0.659254 0 -0.75192
    outer loop
      vertex 61.6833 22.2 18.8167
      vertex 61.7969 30.8 18.9163
      vertex 61.7969 22.2 18.9163
    endloop
  endfacet
  facet normal 0.659254 0 -0.75192
    outer loop
      vertex 61.7969 30.8 18.9163
      vertex 61.6833 22.2 18.8167
      vertex 61.6833 30.8 18.8167
    endloop
  endfacet
  facet normal 0 1 0
    outer loop
      vertex 62.6508 22.2 19.1451
      vertex 62.3492 22.2 19.1451
      vertex 62.5 22.2 19.155
    endloop
  endfacet
  facet normal 0 1 0
    outer loop
      vertex 62.7989 22.2 19.1156
      vertex 62.3492 22.2 19.1451
      vertex 62.6508 22.2 19.1451
    endloop
  endfacet
  facet normal 0 1 0
    outer loop
      vertex 62.7989 22.2 19.1156
      vertex 62.2011 22.2 19.1156
      vertex 62.3492 22.2 19.1451
    endloop
  endfacet
  facet normal 0 1 0
    outer loop
      vertex 62.942 22.2 19.0671
      vertex 62.2011 22.2 19.1156
      vertex 62.7989 22.2 19.1156
    endloop
  endfacet
  facet normal 0 1 0
    outer loop
      vertex 62.942 22.2 19.0671
      vertex 62.058 22.2 19.0671
      vertex 62.2011 22.2 19.1156
    endloop
  endfacet
  facet normal 0 1 0
    outer loop
      vertex 63.0775 22.2 19.0003
      vertex 62.058 22.2 19.0671
      vertex 62.942 22.2 19.0671
    endloop
  endfacet
  facet normal 0 1 0
    outer loop
      vertex 63.0775 22.2 19.0003
      vertex 61.9225 22.2 19.0003
      vertex 62.058 22.2 19.0671
    endloop
  endfacet
  facet normal 0 1 0
    outer loop
      vertex 63.2031 22.2 18.9163
      vertex 61.9225 22.2 19.0003
      vertex 63.0775 22.2 19.0003
    endloop
  endfacet
  facet normal 0 1 0
    outer loop
      vertex 63.2031 22.2 18.9163
      vertex 61.7969 22.2 18.9163
      vertex 61.9225 22.2 19.0003
    endloop
  endfacet
  facet normal 0 1 0
    outer loop
      vertex 63.3167 22.2 18.8167
      vertex 61.7969 22.2 18.9163
      vertex 63.2031 22.2 18.9163
    endloop
  endfacet
  facet normal 0 1 0
    outer loop
      vertex 63.3167 22.2 18.8167
      vertex 61.6833 22.2 18.8167
      vertex 61.7969 22.2 18.9163
    endloop
  endfacet
  facet normal 0 1 0
    outer loop
      vertex 63.4163 22.2 18.7031
      vertex 61.6833 22.2 18.8167
      vertex 63.3167 22.2 18.8167
    endloop
  endfacet
  facet normal 0 1 0
    outer loop
      vertex 63.4163 22.2 18.7031
      vertex 61.5837 22.2 18.7031
      vertex 61.6833 22.2 18.8167
    endloop
  endfacet
  facet normal 0 1 0
    outer loop
      vertex 63.5003 22.2 18.5775
      vertex 61.5837 22.2 18.7031
      vertex 63.4163 22.2 18.7031
    endloop
  endfacet
  facet normal 0 1 0
    outer loop
      vertex 63.5003 22.2 18.5775
      vertex 61.4997 22.2 18.5775
      vertex 61.5837 22.2 18.7031
    endloop
  endfacet
  facet normal 0 1 0
    outer loop
      vertex 63.5671 22.2 18.442
      vertex 61.4997 22.2 18.5775
      vertex 63.5003 22.2 18.5775
    endloop
  endfacet
  facet normal 0 1 0
    outer loop
      vertex 63.5671 22.2 18.442
      vertex 61.4329 22.2 18.442
      vertex 61.4997 22.2 18.5775
    endloop
  endfacet
  facet normal 0 1 0
    outer loop
      vertex 63.6156 22.2 18.2989
      vertex 61.4329 22.2 18.442
      vertex 63.5671 22.2 18.442
    endloop
  endfacet
  facet normal 0 1 0
    outer loop
      vertex 63.6156 22.2 18.2989
      vertex 61.3844 22.2 18.2989
      vertex 61.4329 22.2 18.442
    endloop
  endfacet
  facet normal 0 1 0
    outer loop
      vertex 63.6451 22.2 18.1508
      vertex 61.3844 22.2 18.2989
      vertex 63.6156 22.2 18.2989
    endloop
  endfacet
  facet normal 0 1 0
    outer loop
      vertex 63.6451 22.2 18.1508
      vertex 61.3549 22.2 18.1508
      vertex 61.3844 22.2 18.2989
    endloop
  endfacet
  facet normal 0 1 0
    outer loop
      vertex 63.655 22.2 18
      vertex 61.3549 22.2 18.1508
      vertex 63.6451 22.2 18.1508
    endloop
  endfacet
  facet normal 0 1 0
    outer loop
      vertex 63.655 22.2 18
      vertex 61.345 22.2 18
      vertex 61.3549 22.2 18.1508
    endloop
  endfacet
  facet normal 0 1 -0
    outer loop
      vertex 63.6451 22.2 17.8492
      vertex 61.345 22.2 18
      vertex 63.655 22.2 18
    endloop
  endfacet
  facet normal 0 1 0
    outer loop
      vertex 63.6451 22.2 17.8492
      vertex 61.3549 22.2 17.8492
      vertex 61.345 22.2 18
    endloop
  endfacet
  facet normal 0 1 -0
    outer loop
      vertex 63.6156 22.2 17.7011
      vertex 61.3549 22.2 17.8492
      vertex 63.6451 22.2 17.8492
    endloop
  endfacet
  facet normal 0 1 0
    outer loop
      vertex 63.6156 22.2 17.7011
      vertex 61.3844 22.2 17.7011
      vertex 61.3549 22.2 17.8492
    endloop
  endfacet
  facet normal 0 1 -0
    outer loop
      vertex 63.5671 22.2 17.558
      vertex 61.3844 22.2 17.7011
      vertex 63.6156 22.2 17.7011
    endloop
  endfacet
  facet normal 0 1 0
    outer loop
      vertex 63.5671 22.2 17.558
      vertex 61.4329 22.2 17.558
      vertex 61.3844 22.2 17.7011
    endloop
  endfacet
  facet normal 0 1 -0
    outer loop
      vertex 63.5003 22.2 17.4225
      vertex 61.4329 22.2 17.558
      vertex 63.5671 22.2 17.558
    endloop
  endfacet
  facet normal 0 1 0
    outer loop
      vertex 63.5003 22.2 17.4225
      vertex 61.4997 22.2 17.4225
      vertex 61.4329 22.2 17.558
    endloop
  endfacet
  facet normal 0 1 -0
    outer loop
      vertex 63.4163 22.2 17.2969
      vertex 61.4997 22.2 17.4225
      vertex 63.5003 22.2 17.4225
    endloop
  endfacet
  facet normal 0 1 0
    outer loop
      vertex 63.4163 22.2 17.2969
      vertex 61.5837 22.2 17.2969
      vertex 61.4997 22.2 17.4225
    endloop
  endfacet
  facet normal 0 1 -0
    outer loop
      vertex 63.3167 22.2 17.1833
      vertex 61.5837 22.2 17.2969
      vertex 63.4163 22.2 17.2969
    endloop
  endfacet
  facet normal 0 1 0
    outer loop
      vertex 63.3167 22.2 17.1833
      vertex 61.6833 22.2 17.1833
      vertex 61.5837 22.2 17.2969
    endloop
  endfacet
  facet normal 0 1 -0
    outer loop
      vertex 63.2031 22.2 17.0837
      vertex 61.6833 22.2 17.1833
      vertex 63.3167 22.2 17.1833
    endloop
  endfacet
  facet normal 0 1 0
    outer loop
      vertex 63.2031 22.2 17.0837
      vertex 61.7969 22.2 17.0837
      vertex 61.6833 22.2 17.1833
    endloop
  endfacet
  facet normal 0 1 -0
    outer loop
      vertex 63.0775 22.2 16.9997
      vertex 61.7969 22.2 17.0837
      vertex 63.2031 22.2 17.0837
    endloop
  endfacet
  facet normal 0 1 0
    outer loop
      vertex 63.0775 22.2 16.9997
      vertex 61.9225 22.2 16.9997
      vertex 61.7969 22.2 17.0837
    endloop
  endfacet
  facet normal 0 1 -0
    outer loop
      vertex 62.942 22.2 16.9329
      vertex 61.9225 22.2 16.9997
      vertex 63.0775 22.2 16.9997
    endloop
  endfacet
  facet normal 0 1 0
    outer loop
      vertex 62.942 22.2 16.9329
      vertex 62.058 22.2 16.9329
      vertex 61.9225 22.2 16.9997
    endloop
  endfacet
  facet normal 0 1 -0
    outer loop
      vertex 62.7989 22.2 16.8844
      vertex 62.058 22.2 16.9329
      vertex 62.942 22.2 16.9329
    endloop
  endfacet
  facet normal 0 1 0
    outer loop
      vertex 62.7989 22.2 16.8844
      vertex 62.2011 22.2 16.8844
      vertex 62.058 22.2 16.9329
    endloop
  endfacet
  facet normal 0 1 -0
    outer loop
      vertex 62.6508 22.2 16.8549
      vertex 62.2011 22.2 16.8844
      vertex 62.7989 22.2 16.8844
    endloop
  endfacet
  facet normal 0 1 0
    outer loop
      vertex 62.6508 22.2 16.8549
      vertex 62.3492 22.2 16.8549
      vertex 62.2011 22.2 16.8844
    endloop
  endfacet
  facet normal -0 1 0
    outer loop
      vertex 62.3492 22.2 16.8549
      vertex 62.6508 22.2 16.8549
      vertex 62.5 22.2 16.845
    endloop
  endfacet
  facet normal 0.75192 -0 0.659254
    outer loop
      vertex 61.5837 22.2 17.2969
      vertex 61.6833 30.8 17.1833
      vertex 61.5837 30.8 17.2969
    endloop
  endfacet
  facet normal 0.75192 0 0.659254
    outer loop
      vertex 61.6833 30.8 17.1833
      vertex 61.5837 22.2 17.2969
      vertex 61.6833 22.2 17.1833
    endloop
  endfacet
  facet normal -0.75192 0 -0.659254
    outer loop
      vertex 63.4163 22.2 18.7031
      vertex 63.3167 30.8 18.8167
      vertex 63.4163 30.8 18.7031
    endloop
  endfacet
  facet normal -0.75192 -0 -0.659254
    outer loop
      vertex 63.3167 30.8 18.8167
      vertex 63.4163 22.2 18.7031
      vertex 63.3167 22.2 18.8167
    endloop
  endfacet
  facet normal -0.896928 0 -0.442176
    outer loop
      vertex 63.5671 22.2 18.442
      vertex 63.5003 30.8 18.5775
      vertex 63.5671 30.8 18.442
    endloop
  endfacet
  facet normal -0.896928 -0 -0.442176
    outer loop
      vertex 63.5003 30.8 18.5775
      vertex 63.5671 22.2 18.442
      vertex 63.5003 22.2 18.5775
    endloop
  endfacet
  facet normal 0.980733 -0 0.195352
    outer loop
      vertex 61.3549 22.2 17.8492
      vertex 61.3844 30.8 17.7011
      vertex 61.3549 30.8 17.8492
    endloop
  endfacet
  facet normal 0.980733 0 0.195352
    outer loop
      vertex 61.3844 30.8 17.7011
      vertex 61.3549 22.2 17.8492
      vertex 61.3844 22.2 17.7011
    endloop
  endfacet
  facet normal -0.0655089 0 0.997852
    outer loop
      vertex 62.5 30.8 16.845
      vertex 62.6508 22.2 16.8549
      vertex 62.6508 30.8 16.8549
    endloop
  endfacet
  facet normal -0.0655089 0 0.997852
    outer loop
      vertex 62.6508 22.2 16.8549
      vertex 62.5 30.8 16.845
      vertex 62.5 22.2 16.845
    endloop
  endfacet
  facet normal -0.555921 0 0.831235
    outer loop
      vertex 63.0775 30.8 16.9997
      vertex 63.2031 22.2 17.0837
      vertex 63.2031 30.8 17.0837
    endloop
  endfacet
  facet normal -0.555921 0 0.831235
    outer loop
      vertex 63.2031 22.2 17.0837
      vertex 63.0775 30.8 16.9997
      vertex 63.0775 22.2 16.9997
    endloop
  endfacet
  facet normal 0.320989 0 0.947083
    outer loop
      vertex 62.058 30.8 16.9329
      vertex 62.2011 22.2 16.8844
      vertex 62.2011 30.8 16.8844
    endloop
  endfacet
  facet normal 0.320989 0 0.947083
    outer loop
      vertex 62.2011 22.2 16.8844
      vertex 62.058 30.8 16.9329
      vertex 62.058 22.2 16.9329
    endloop
  endfacet
  facet normal 0.0655089 0 0.997852
    outer loop
      vertex 62.3492 30.8 16.8549
      vertex 62.5 22.2 16.845
      vertex 62.5 30.8 16.845
    endloop
  endfacet
  facet normal 0.0655089 0 0.997852
    outer loop
      vertex 62.5 22.2 16.845
      vertex 62.3492 30.8 16.8549
      vertex 62.3492 22.2 16.8549
    endloop
  endfacet
  facet normal 0.997852 -0 0.0655089
    outer loop
      vertex 61.345 22.2 18
      vertex 61.3549 30.8 17.8492
      vertex 61.345 30.8 18
    endloop
  endfacet
  facet normal 0.997852 0 0.0655089
    outer loop
      vertex 61.3549 30.8 17.8492
      vertex 61.345 22.2 18
      vertex 61.3549 22.2 17.8492
    endloop
  endfacet
  facet normal 0.442176 0 -0.896928
    outer loop
      vertex 61.9225 22.2 19.0003
      vertex 62.058 30.8 19.0671
      vertex 62.058 22.2 19.0671
    endloop
  endfacet
  facet normal 0.442176 0 -0.896928
    outer loop
      vertex 62.058 30.8 19.0671
      vertex 61.9225 22.2 19.0003
      vertex 61.9225 30.8 19.0003
    endloop
  endfacet
  facet normal -0.659254 0 -0.75192
    outer loop
      vertex 63.2031 22.2 18.9163
      vertex 63.3167 30.8 18.8167
      vertex 63.3167 22.2 18.8167
    endloop
  endfacet
  facet normal -0.659254 0 -0.75192
    outer loop
      vertex 63.3167 30.8 18.8167
      vertex 63.2031 22.2 18.9163
      vertex 63.2031 30.8 18.9163
    endloop
  endfacet
  facet normal 0.831235 0 -0.555921
    outer loop
      vertex 61.5837 22.2 18.7031
      vertex 61.4997 30.8 18.5775
      vertex 61.5837 30.8 18.7031
    endloop
  endfacet
  facet normal 0.831235 0 -0.555921
    outer loop
      vertex 61.4997 30.8 18.5775
      vertex 61.5837 22.2 18.7031
      vertex 61.4997 22.2 18.5775
    endloop
  endfacet
  facet normal 0.896928 0 -0.442176
    outer loop
      vertex 61.4997 22.2 18.5775
      vertex 61.4329 30.8 18.442
      vertex 61.4997 30.8 18.5775
    endloop
  endfacet
  facet normal 0.896928 0 -0.442176
    outer loop
      vertex 61.4329 30.8 18.442
      vertex 61.4997 22.2 18.5775
      vertex 61.4329 22.2 18.442
    endloop
  endfacet
  facet normal -0.195352 0 0.980733
    outer loop
      vertex 62.6508 30.8 74.8549
      vertex 62.7989 22.2 74.8844
      vertex 62.7989 30.8 74.8844
    endloop
  endfacet
  facet normal -0.195352 0 0.980733
    outer loop
      vertex 62.7989 22.2 74.8844
      vertex 62.6508 30.8 74.8549
      vertex 62.6508 22.2 74.8549
    endloop
  endfacet
  facet normal -0.980733 0 0.195352
    outer loop
      vertex 63.6156 22.2 75.7011
      vertex 63.6451 30.8 75.8492
      vertex 63.6156 30.8 75.7011
    endloop
  endfacet
  facet normal -0.980733 0 0.195352
    outer loop
      vertex 63.6451 30.8 75.8492
      vertex 63.6156 22.2 75.7011
      vertex 63.6451 22.2 75.8492
    endloop
  endfacet
  facet normal -0.997852 0 0.0655089
    outer loop
      vertex 63.6451 22.2 75.8492
      vertex 63.655 30.8 76
      vertex 63.6451 30.8 75.8492
    endloop
  endfacet
  facet normal -0.997852 0 0.0655089
    outer loop
      vertex 63.655 30.8 76
      vertex 63.6451 22.2 75.8492
      vertex 63.655 22.2 76
    endloop
  endfacet
  facet normal -0.947083 0 0.320989
    outer loop
      vertex 63.5671 22.2 75.558
      vertex 63.6156 30.8 75.7011
      vertex 63.5671 30.8 75.558
    endloop
  endfacet
  facet normal -0.947083 0 0.320989
    outer loop
      vertex 63.6156 30.8 75.7011
      vertex 63.5671 22.2 75.558
      vertex 63.6156 22.2 75.7011
    endloop
  endfacet
  facet normal -0.831235 0 0.555921
    outer loop
      vertex 63.4163 22.2 75.2969
      vertex 63.5003 30.8 75.4225
      vertex 63.4163 30.8 75.2969
    endloop
  endfacet
  facet normal -0.831235 0 0.555921
    outer loop
      vertex 63.5003 30.8 75.4225
      vertex 63.4163 22.2 75.2969
      vertex 63.5003 22.2 75.4225
    endloop
  endfacet
  facet normal -0.320989 0 0.947083
    outer loop
      vertex 62.7989 30.8 74.8844
      vertex 62.942 22.2 74.9329
      vertex 62.942 30.8 74.9329
    endloop
  endfacet
  facet normal -0.320989 0 0.947083
    outer loop
      vertex 62.942 22.2 74.9329
      vertex 62.7989 30.8 74.8844
      vertex 62.7989 22.2 74.8844
    endloop
  endfacet
  facet normal 0.980733 0 -0.195352
    outer loop
      vertex 61.3844 22.2 76.2989
      vertex 61.3549 30.8 76.1508
      vertex 61.3844 30.8 76.2989
    endloop
  endfacet
  facet normal 0.980733 0 -0.195352
    outer loop
      vertex 61.3549 30.8 76.1508
      vertex 61.3844 22.2 76.2989
      vertex 61.3549 22.2 76.1508
    endloop
  endfacet
  facet normal -0.997852 0 -0.0655089
    outer loop
      vertex 63.655 22.2 76
      vertex 63.6451 30.8 76.1508
      vertex 63.655 30.8 76
    endloop
  endfacet
  facet normal -0.997852 -0 -0.0655089
    outer loop
      vertex 63.6451 30.8 76.1508
      vertex 63.655 22.2 76
      vertex 63.6451 22.2 76.1508
    endloop
  endfacet
  facet normal 0.555921 0 -0.831235
    outer loop
      vertex 61.7969 22.2 76.9163
      vertex 61.9225 30.8 77.0003
      vertex 61.9225 22.2 77.0003
    endloop
  endfacet
  facet normal 0.555921 0 -0.831235
    outer loop
      vertex 61.9225 30.8 77.0003
      vertex 61.7969 22.2 76.9163
      vertex 61.7969 30.8 76.9163
    endloop
  endfacet
  facet normal 0.997852 0 -0.0655089
    outer loop
      vertex 61.3549 22.2 76.1508
      vertex 61.345 30.8 76
      vertex 61.3549 30.8 76.1508
    endloop
  endfacet
  facet normal 0.997852 0 -0.0655089
    outer loop
      vertex 61.345 30.8 76
      vertex 61.3549 22.2 76.1508
      vertex 61.345 22.2 76
    endloop
  endfacet
  facet normal 0.320989 0 -0.947083
    outer loop
      vertex 62.058 22.2 77.0671
      vertex 62.2011 30.8 77.1156
      vertex 62.2011 22.2 77.1156
    endloop
  endfacet
  facet normal 0.320989 0 -0.947083
    outer loop
      vertex 62.2011 30.8 77.1156
      vertex 62.058 22.2 77.0671
      vertex 62.058 30.8 77.0671
    endloop
  endfacet
  facet normal -0.896928 0 0.442176
    outer loop
      vertex 63.5003 22.2 75.4225
      vertex 63.5671 30.8 75.558
      vertex 63.5003 30.8 75.4225
    endloop
  endfacet
  facet normal -0.896928 0 0.442176
    outer loop
      vertex 63.5671 30.8 75.558
      vertex 63.5003 22.2 75.4225
      vertex 63.5671 22.2 75.558
    endloop
  endfacet
  facet normal -0.75192 0 0.659254
    outer loop
      vertex 63.3167 22.2 75.1833
      vertex 63.4163 30.8 75.2969
      vertex 63.3167 30.8 75.1833
    endloop
  endfacet
  facet normal -0.75192 0 0.659254
    outer loop
      vertex 63.4163 30.8 75.2969
      vertex 63.3167 22.2 75.1833
      vertex 63.4163 22.2 75.2969
    endloop
  endfacet
  facet normal -0.947083 0 -0.320989
    outer loop
      vertex 63.6156 22.2 76.2989
      vertex 63.5671 30.8 76.442
      vertex 63.6156 30.8 76.2989
    endloop
  endfacet
  facet normal -0.947083 -0 -0.320989
    outer loop
      vertex 63.5671 30.8 76.442
      vertex 63.6156 22.2 76.2989
      vertex 63.5671 22.2 76.442
    endloop
  endfacet
  facet normal 0.75192 0 -0.659254
    outer loop
      vertex 61.6833 22.2 76.8167
      vertex 61.5837 30.8 76.7031
      vertex 61.6833 30.8 76.8167
    endloop
  endfacet
  facet normal 0.75192 0 -0.659254
    outer loop
      vertex 61.5837 30.8 76.7031
      vertex 61.6833 22.2 76.8167
      vertex 61.5837 22.2 76.7031
    endloop
  endfacet
  facet normal -0.980733 0 -0.195352
    outer loop
      vertex 63.6451 22.2 76.1508
      vertex 63.6156 30.8 76.2989
      vertex 63.6451 30.8 76.1508
    endloop
  endfacet
  facet normal -0.980733 -0 -0.195352
    outer loop
      vertex 63.6156 30.8 76.2989
      vertex 63.6451 22.2 76.1508
      vertex 63.6156 22.2 76.2989
    endloop
  endfacet
  facet normal -0.0655089 0 -0.997852
    outer loop
      vertex 62.5 22.2 77.155
      vertex 62.6508 30.8 77.1451
      vertex 62.6508 22.2 77.1451
    endloop
  endfacet
  facet normal -0.0655089 0 -0.997852
    outer loop
      vertex 62.6508 30.8 77.1451
      vertex 62.5 22.2 77.155
      vertex 62.5 30.8 77.155
    endloop
  endfacet
  facet normal 0.947083 0 -0.320989
    outer loop
      vertex 61.4329 22.2 76.442
      vertex 61.3844 30.8 76.2989
      vertex 61.4329 30.8 76.442
    endloop
  endfacet
  facet normal 0.947083 0 -0.320989
    outer loop
      vertex 61.3844 30.8 76.2989
      vertex 61.4329 22.2 76.442
      vertex 61.3844 22.2 76.2989
    endloop
  endfacet
  facet normal -0.831235 0 -0.555921
    outer loop
      vertex 63.5003 22.2 76.5775
      vertex 63.4163 30.8 76.7031
      vertex 63.5003 30.8 76.5775
    endloop
  endfacet
  facet normal -0.831235 -0 -0.555921
    outer loop
      vertex 63.4163 30.8 76.7031
      vertex 63.5003 22.2 76.5775
      vertex 63.4163 22.2 76.7031
    endloop
  endfacet
  facet normal -0.442176 0 0.896928
    outer loop
      vertex 62.942 30.8 74.9329
      vertex 63.0775 22.2 74.9997
      vertex 63.0775 30.8 74.9997
    endloop
  endfacet
  facet normal -0.442176 0 0.896928
    outer loop
      vertex 63.0775 22.2 74.9997
      vertex 62.942 30.8 74.9329
      vertex 62.942 22.2 74.9329
    endloop
  endfacet
  facet normal 0.442176 0 0.896928
    outer loop
      vertex 61.9225 30.8 74.9997
      vertex 62.058 22.2 74.9329
      vertex 62.058 30.8 74.9329
    endloop
  endfacet
  facet normal 0.442176 0 0.896928
    outer loop
      vertex 62.058 22.2 74.9329
      vertex 61.9225 30.8 74.9997
      vertex 61.9225 22.2 74.9997
    endloop
  endfacet
  facet normal -0.442176 0 -0.896928
    outer loop
      vertex 62.942 22.2 77.0671
      vertex 63.0775 30.8 77.0003
      vertex 63.0775 22.2 77.0003
    endloop
  endfacet
  facet normal -0.442176 0 -0.896928
    outer loop
      vertex 63.0775 30.8 77.0003
      vertex 62.942 22.2 77.0671
      vertex 62.942 30.8 77.0671
    endloop
  endfacet
  facet normal -0.320989 0 -0.947083
    outer loop
      vertex 62.7989 22.2 77.1156
      vertex 62.942 30.8 77.0671
      vertex 62.942 22.2 77.0671
    endloop
  endfacet
  facet normal -0.320989 0 -0.947083
    outer loop
      vertex 62.942 30.8 77.0671
      vertex 62.7989 22.2 77.1156
      vertex 62.7989 30.8 77.1156
    endloop
  endfacet
  facet normal 0.195352 0 -0.980733
    outer loop
      vertex 62.2011 22.2 77.1156
      vertex 62.3492 30.8 77.1451
      vertex 62.3492 22.2 77.1451
    endloop
  endfacet
  facet normal 0.195352 0 -0.980733
    outer loop
      vertex 62.3492 30.8 77.1451
      vertex 62.2011 22.2 77.1156
      vertex 62.2011 30.8 77.1156
    endloop
  endfacet
  facet normal 0.947083 -0 0.320989
    outer loop
      vertex 61.3844 22.2 75.7011
      vertex 61.4329 30.8 75.558
      vertex 61.3844 30.8 75.7011
    endloop
  endfacet
  facet normal 0.947083 0 0.320989
    outer loop
      vertex 61.4329 30.8 75.558
      vertex 61.3844 22.2 75.7011
      vertex 61.4329 22.2 75.558
    endloop
  endfacet
  facet normal 0.195352 0 0.980733
    outer loop
      vertex 62.2011 30.8 74.8844
      vertex 62.3492 22.2 74.8549
      vertex 62.3492 30.8 74.8549
    endloop
  endfacet
  facet normal 0.195352 0 0.980733
    outer loop
      vertex 62.3492 22.2 74.8549
      vertex 62.2011 30.8 74.8844
      vertex 62.2011 22.2 74.8844
    endloop
  endfacet
  facet normal 0.555921 0 0.831235
    outer loop
      vertex 61.7969 30.8 75.0837
      vertex 61.9225 22.2 74.9997
      vertex 61.9225 30.8 74.9997
    endloop
  endfacet
  facet normal 0.555921 0 0.831235
    outer loop
      vertex 61.9225 22.2 74.9997
      vertex 61.7969 30.8 75.0837
      vertex 61.7969 22.2 75.0837
    endloop
  endfacet
  facet normal -0.555921 0 -0.831235
    outer loop
      vertex 63.0775 22.2 77.0003
      vertex 63.2031 30.8 76.9163
      vertex 63.2031 22.2 76.9163
    endloop
  endfacet
  facet normal -0.555921 0 -0.831235
    outer loop
      vertex 63.2031 30.8 76.9163
      vertex 63.0775 22.2 77.0003
      vertex 63.0775 30.8 77.0003
    endloop
  endfacet
  facet normal -0.195352 0 -0.980733
    outer loop
      vertex 62.6508 22.2 77.1451
      vertex 62.7989 30.8 77.1156
      vertex 62.7989 22.2 77.1156
    endloop
  endfacet
  facet normal -0.195352 0 -0.980733
    outer loop
      vertex 62.7989 30.8 77.1156
      vertex 62.6508 22.2 77.1451
      vertex 62.6508 30.8 77.1451
    endloop
  endfacet
  facet normal 0.896928 -0 0.442176
    outer loop
      vertex 61.4329 22.2 75.558
      vertex 61.4997 30.8 75.4225
      vertex 61.4329 30.8 75.558
    endloop
  endfacet
  facet normal 0.896928 0 0.442176
    outer loop
      vertex 61.4997 30.8 75.4225
      vertex 61.4329 22.2 75.558
      vertex 61.4997 22.2 75.4225
    endloop
  endfacet
  facet normal -0.659254 0 0.75192
    outer loop
      vertex 63.2031 30.8 75.0837
      vertex 63.3167 22.2 75.1833
      vertex 63.3167 30.8 75.1833
    endloop
  endfacet
  facet normal -0.659254 0 0.75192
    outer loop
      vertex 63.3167 22.2 75.1833
      vertex 63.2031 30.8 75.0837
      vertex 63.2031 22.2 75.0837
    endloop
  endfacet
  facet normal 0.831235 -0 0.555921
    outer loop
      vertex 61.4997 22.2 75.4225
      vertex 61.5837 30.8 75.2969
      vertex 61.4997 30.8 75.4225
    endloop
  endfacet
  facet normal 0.831235 0 0.555921
    outer loop
      vertex 61.5837 30.8 75.2969
      vertex 61.4997 22.2 75.4225
      vertex 61.5837 22.2 75.2969
    endloop
  endfacet
  facet normal 0.0655089 0 -0.997852
    outer loop
      vertex 62.3492 22.2 77.1451
      vertex 62.5 30.8 77.155
      vertex 62.5 22.2 77.155
    endloop
  endfacet
  facet normal 0.0655089 0 -0.997852
    outer loop
      vertex 62.5 30.8 77.155
      vertex 62.3492 22.2 77.1451
      vertex 62.3492 30.8 77.1451
    endloop
  endfacet
  facet normal 0.659254 0 0.75192
    outer loop
      vertex 61.6833 30.8 75.1833
      vertex 61.7969 22.2 75.0837
      vertex 61.7969 30.8 75.0837
    endloop
  endfacet
  facet normal 0.659254 0 0.75192
    outer loop
      vertex 61.7969 22.2 75.0837
      vertex 61.6833 30.8 75.1833
      vertex 61.6833 22.2 75.1833
    endloop
  endfacet
  facet normal 0.659254 0 -0.75192
    outer loop
      vertex 61.6833 22.2 76.8167
      vertex 61.7969 30.8 76.9163
      vertex 61.7969 22.2 76.9163
    endloop
  endfacet
  facet normal 0.659254 0 -0.75192
    outer loop
      vertex 61.7969 30.8 76.9163
      vertex 61.6833 22.2 76.8167
      vertex 61.6833 30.8 76.8167
    endloop
  endfacet
  facet normal 0 1 0
    outer loop
      vertex 62.6508 22.2 77.1451
      vertex 62.3492 22.2 77.1451
      vertex 62.5 22.2 77.155
    endloop
  endfacet
  facet normal 0 1 0
    outer loop
      vertex 62.7989 22.2 77.1156
      vertex 62.3492 22.2 77.1451
      vertex 62.6508 22.2 77.1451
    endloop
  endfacet
  facet normal 0 1 0
    outer loop
      vertex 62.7989 22.2 77.1156
      vertex 62.2011 22.2 77.1156
      vertex 62.3492 22.2 77.1451
    endloop
  endfacet
  facet normal 0 1 0
    outer loop
      vertex 62.942 22.2 77.0671
      vertex 62.2011 22.2 77.1156
      vertex 62.7989 22.2 77.1156
    endloop
  endfacet
  facet normal 0 1 0
    outer loop
      vertex 62.942 22.2 77.0671
      vertex 62.058 22.2 77.0671
      vertex 62.2011 22.2 77.1156
    endloop
  endfacet
  facet normal 0 1 0
    outer loop
      vertex 63.0775 22.2 77.0003
      vertex 62.058 22.2 77.0671
      vertex 62.942 22.2 77.0671
    endloop
  endfacet
  facet normal 0 1 0
    outer loop
      vertex 63.0775 22.2 77.0003
      vertex 61.9225 22.2 77.0003
      vertex 62.058 22.2 77.0671
    endloop
  endfacet
  facet normal 0 1 0
    outer loop
      vertex 63.2031 22.2 76.9163
      vertex 61.9225 22.2 77.0003
      vertex 63.0775 22.2 77.0003
    endloop
  endfacet
  facet normal 0 1 0
    outer loop
      vertex 63.2031 22.2 76.9163
      vertex 61.7969 22.2 76.9163
      vertex 61.9225 22.2 77.0003
    endloop
  endfacet
  facet normal 0 1 0
    outer loop
      vertex 63.3167 22.2 76.8167
      vertex 61.7969 22.2 76.9163
      vertex 63.2031 22.2 76.9163
    endloop
  endfacet
  facet normal 0 1 0
    outer loop
      vertex 63.3167 22.2 76.8167
      vertex 61.6833 22.2 76.8167
      vertex 61.7969 22.2 76.9163
    endloop
  endfacet
  facet normal 0 1 0
    outer loop
      vertex 63.4163 22.2 76.7031
      vertex 61.6833 22.2 76.8167
      vertex 63.3167 22.2 76.8167
    endloop
  endfacet
  facet normal 0 1 0
    outer loop
      vertex 63.4163 22.2 76.7031
      vertex 61.5837 22.2 76.7031
      vertex 61.6833 22.2 76.8167
    endloop
  endfacet
  facet normal 0 1 0
    outer loop
      vertex 63.5003 22.2 76.5775
      vertex 61.5837 22.2 76.7031
      vertex 63.4163 22.2 76.7031
    endloop
  endfacet
  facet normal 0 1 0
    outer loop
      vertex 63.5003 22.2 76.5775
      vertex 61.4997 22.2 76.5775
      vertex 61.5837 22.2 76.7031
    endloop
  endfacet
  facet normal 0 1 0
    outer loop
      vertex 63.5671 22.2 76.442
      vertex 61.4997 22.2 76.5775
      vertex 63.5003 22.2 76.5775
    endloop
  endfacet
  facet normal 0 1 0
    outer loop
      vertex 63.5671 22.2 76.442
      vertex 61.4329 22.2 76.442
      vertex 61.4997 22.2 76.5775
    endloop
  endfacet
  facet normal 0 1 0
    outer loop
      vertex 63.6156 22.2 76.2989
      vertex 61.4329 22.2 76.442
      vertex 63.5671 22.2 76.442
    endloop
  endfacet
  facet normal 0 1 0
    outer loop
      vertex 63.6156 22.2 76.2989
      vertex 61.3844 22.2 76.2989
      vertex 61.4329 22.2 76.442
    endloop
  endfacet
  facet normal 0 1 0
    outer loop
      vertex 63.6451 22.2 76.1508
      vertex 61.3844 22.2 76.2989
      vertex 63.6156 22.2 76.2989
    endloop
  endfacet
  facet normal 0 1 0
    outer loop
      vertex 63.6451 22.2 76.1508
      vertex 61.3549 22.2 76.1508
      vertex 61.3844 22.2 76.2989
    endloop
  endfacet
  facet normal 0 1 0
    outer loop
      vertex 63.655 22.2 76
      vertex 61.3549 22.2 76.1508
      vertex 63.6451 22.2 76.1508
    endloop
  endfacet
  facet normal 0 1 0
    outer loop
      vertex 63.655 22.2 76
      vertex 61.345 22.2 76
      vertex 61.3549 22.2 76.1508
    endloop
  endfacet
  facet normal 0 1 -0
    outer loop
      vertex 63.6451 22.2 75.8492
      vertex 61.345 22.2 76
      vertex 63.655 22.2 76
    endloop
  endfacet
  facet normal 0 1 0
    outer loop
      vertex 63.6451 22.2 75.8492
      vertex 61.3549 22.2 75.8492
      vertex 61.345 22.2 76
    endloop
  endfacet
  facet normal 0 1 -0
    outer loop
      vertex 63.6156 22.2 75.7011
      vertex 61.3549 22.2 75.8492
      vertex 63.6451 22.2 75.8492
    endloop
  endfacet
  facet normal 0 1 0
    outer loop
      vertex 63.6156 22.2 75.7011
      vertex 61.3844 22.2 75.7011
      vertex 61.3549 22.2 75.8492
    endloop
  endfacet
  facet normal 0 1 -0
    outer loop
      vertex 63.5671 22.2 75.558
      vertex 61.3844 22.2 75.7011
      vertex 63.6156 22.2 75.7011
    endloop
  endfacet
  facet normal 0 1 0
    outer loop
      vertex 63.5671 22.2 75.558
      vertex 61.4329 22.2 75.558
      vertex 61.3844 22.2 75.7011
    endloop
  endfacet
  facet normal 0 1 -0
    outer loop
      vertex 63.5003 22.2 75.4225
      vertex 61.4329 22.2 75.558
      vertex 63.5671 22.2 75.558
    endloop
  endfacet
  facet normal 0 1 0
    outer loop
      vertex 63.5003 22.2 75.4225
      vertex 61.4997 22.2 75.4225
      vertex 61.4329 22.2 75.558
    endloop
  endfacet
  facet normal 0 1 -0
    outer loop
      vertex 63.4163 22.2 75.2969
      vertex 61.4997 22.2 75.4225
      vertex 63.5003 22.2 75.4225
    endloop
  endfacet
  facet normal 0 1 0
    outer loop
      vertex 63.4163 22.2 75.2969
      vertex 61.5837 22.2 75.2969
      vertex 61.4997 22.2 75.4225
    endloop
  endfacet
  facet normal 0 1 -0
    outer loop
      vertex 63.3167 22.2 75.1833
      vertex 61.5837 22.2 75.2969
      vertex 63.4163 22.2 75.2969
    endloop
  endfacet
  facet normal 0 1 0
    outer loop
      vertex 63.3167 22.2 75.1833
      vertex 61.6833 22.2 75.1833
      vertex 61.5837 22.2 75.2969
    endloop
  endfacet
  facet normal 0 1 -0
    outer loop
      vertex 63.2031 22.2 75.0837
      vertex 61.6833 22.2 75.1833
      vertex 63.3167 22.2 75.1833
    endloop
  endfacet
  facet normal 0 1 0
    outer loop
      vertex 63.2031 22.2 75.0837
      vertex 61.7969 22.2 75.0837
      vertex 61.6833 22.2 75.1833
    endloop
  endfacet
  facet normal 0 1 -0
    outer loop
      vertex 63.0775 22.2 74.9997
      vertex 61.7969 22.2 75.0837
      vertex 63.2031 22.2 75.0837
    endloop
  endfacet
  facet normal 0 1 0
    outer loop
      vertex 63.0775 22.2 74.9997
      vertex 61.9225 22.2 74.9997
      vertex 61.7969 22.2 75.0837
    endloop
  endfacet
  facet normal 0 1 -0
    outer loop
      vertex 62.942 22.2 74.9329
      vertex 61.9225 22.2 74.9997
      vertex 63.0775 22.2 74.9997
    endloop
  endfacet
  facet normal 0 1 0
    outer loop
      vertex 62.942 22.2 74.9329
      vertex 62.058 22.2 74.9329
      vertex 61.9225 22.2 74.9997
    endloop
  endfacet
  facet normal 0 1 -0
    outer loop
      vertex 62.7989 22.2 74.8844
      vertex 62.058 22.2 74.9329
      vertex 62.942 22.2 74.9329
    endloop
  endfacet
  facet normal 0 1 0
    outer loop
      vertex 62.7989 22.2 74.8844
      vertex 62.2011 22.2 74.8844
      vertex 62.058 22.2 74.9329
    endloop
  endfacet
  facet normal 0 1 -0
    outer loop
      vertex 62.6508 22.2 74.8549
      vertex 62.2011 22.2 74.8844
      vertex 62.7989 22.2 74.8844
    endloop
  endfacet
  facet normal 0 1 0
    outer loop
      vertex 62.6508 22.2 74.8549
      vertex 62.3492 22.2 74.8549
      vertex 62.2011 22.2 74.8844
    endloop
  endfacet
  facet normal -0 1 0
    outer loop
      vertex 62.3492 22.2 74.8549
      vertex 62.6508 22.2 74.8549
      vertex 62.5 22.2 74.845
    endloop
  endfacet
  facet normal 0.75192 -0 0.659254
    outer loop
      vertex 61.5837 22.2 75.2969
      vertex 61.6833 30.8 75.1833
      vertex 61.5837 30.8 75.2969
    endloop
  endfacet
  facet normal 0.75192 0 0.659254
    outer loop
      vertex 61.6833 30.8 75.1833
      vertex 61.5837 22.2 75.2969
      vertex 61.6833 22.2 75.1833
    endloop
  endfacet
  facet normal -0.75192 0 -0.659254
    outer loop
      vertex 63.4163 22.2 76.7031
      vertex 63.3167 30.8 76.8167
      vertex 63.4163 30.8 76.7031
    endloop
  endfacet
  facet normal -0.75192 -0 -0.659254
    outer loop
      vertex 63.3167 30.8 76.8167
      vertex 63.4163 22.2 76.7031
      vertex 63.3167 22.2 76.8167
    endloop
  endfacet
  facet normal -0.896928 0 -0.442176
    outer loop
      vertex 63.5671 22.2 76.442
      vertex 63.5003 30.8 76.5775
      vertex 63.5671 30.8 76.442
    endloop
  endfacet
  facet normal -0.896928 -0 -0.442176
    outer loop
      vertex 63.5003 30.8 76.5775
      vertex 63.5671 22.2 76.442
      vertex 63.5003 22.2 76.5775
    endloop
  endfacet
  facet normal 0.980733 -0 0.195352
    outer loop
      vertex 61.3549 22.2 75.8492
      vertex 61.3844 30.8 75.7011
      vertex 61.3549 30.8 75.8492
    endloop
  endfacet
  facet normal 0.980733 0 0.195352
    outer loop
      vertex 61.3844 30.8 75.7011
      vertex 61.3549 22.2 75.8492
      vertex 61.3844 22.2 75.7011
    endloop
  endfacet
  facet normal -0.0655089 0 0.997852
    outer loop
      vertex 62.5 30.8 74.845
      vertex 62.6508 22.2 74.8549
      vertex 62.6508 30.8 74.8549
    endloop
  endfacet
  facet normal -0.0655089 0 0.997852
    outer loop
      vertex 62.6508 22.2 74.8549
      vertex 62.5 30.8 74.845
      vertex 62.5 22.2 74.845
    endloop
  endfacet
  facet normal -0.555921 0 0.831235
    outer loop
      vertex 63.0775 30.8 74.9997
      vertex 63.2031 22.2 75.0837
      vertex 63.2031 30.8 75.0837
    endloop
  endfacet
  facet normal -0.555921 0 0.831235
    outer loop
      vertex 63.2031 22.2 75.0837
      vertex 63.0775 30.8 74.9997
      vertex 63.0775 22.2 74.9997
    endloop
  endfacet
  facet normal 0.320989 0 0.947083
    outer loop
      vertex 62.058 30.8 74.9329
      vertex 62.2011 22.2 74.8844
      vertex 62.2011 30.8 74.8844
    endloop
  endfacet
  facet normal 0.320989 0 0.947083
    outer loop
      vertex 62.2011 22.2 74.8844
      vertex 62.058 30.8 74.9329
      vertex 62.058 22.2 74.9329
    endloop
  endfacet
  facet normal 0.0655089 0 0.997852
    outer loop
      vertex 62.3492 30.8 74.8549
      vertex 62.5 22.2 74.845
      vertex 62.5 30.8 74.845
    endloop
  endfacet
  facet normal 0.0655089 0 0.997852
    outer loop
      vertex 62.5 22.2 74.845
      vertex 62.3492 30.8 74.8549
      vertex 62.3492 22.2 74.8549
    endloop
  endfacet
  facet normal 0.997852 -0 0.0655089
    outer loop
      vertex 61.345 22.2 76
      vertex 61.3549 30.8 75.8492
      vertex 61.345 30.8 76
    endloop
  endfacet
  facet normal 0.997852 0 0.0655089
    outer loop
      vertex 61.3549 30.8 75.8492
      vertex 61.345 22.2 76
      vertex 61.3549 22.2 75.8492
    endloop
  endfacet
  facet normal 0.896928 0 -0.442176
    outer loop
      vertex 61.4997 22.2 76.5775
      vertex 61.4329 30.8 76.442
      vertex 61.4997 30.8 76.5775
    endloop
  endfacet
  facet normal 0.896928 0 -0.442176
    outer loop
      vertex 61.4329 30.8 76.442
      vertex 61.4997 22.2 76.5775
      vertex 61.4329 22.2 76.442
    endloop
  endfacet
  facet normal 0.442176 0 -0.896928
    outer loop
      vertex 61.9225 22.2 77.0003
      vertex 62.058 30.8 77.0671
      vertex 62.058 22.2 77.0671
    endloop
  endfacet
  facet normal 0.442176 0 -0.896928
    outer loop
      vertex 62.058 30.8 77.0671
      vertex 61.9225 22.2 77.0003
      vertex 61.9225 30.8 77.0003
    endloop
  endfacet
  facet normal -0.659254 0 -0.75192
    outer loop
      vertex 63.2031 22.2 76.9163
      vertex 63.3167 30.8 76.8167
      vertex 63.3167 22.2 76.8167
    endloop
  endfacet
  facet normal -0.659254 0 -0.75192
    outer loop
      vertex 63.3167 30.8 76.8167
      vertex 63.2031 22.2 76.9163
      vertex 63.2031 30.8 76.9163
    endloop
  endfacet
  facet normal 0.831235 0 -0.555921
    outer loop
      vertex 61.5837 22.2 76.7031
      vertex 61.4997 30.8 76.5775
      vertex 61.5837 30.8 76.7031
    endloop
  endfacet
  facet normal 0.831235 0 -0.555921
    outer loop
      vertex 61.4997 30.8 76.5775
      vertex 61.5837 22.2 76.7031
      vertex 61.4997 22.2 76.5775
    endloop
  endfacet
  facet normal 0 0 -1
    outer loop
      vertex 16.5 20.8 65.5
      vertex 25.5 26.8 65.5
      vertex 25.5 20.8 65.5
    endloop
  endfacet
  facet normal -0 0 -1
    outer loop
      vertex 25.5 26.8 65.5
      vertex 16.5 20.8 65.5
      vertex 16.5 26.8 65.5
    endloop
  endfacet
  facet normal 0 0 1
    outer loop
      vertex 20.5 20.8 31.5
      vertex 25.5 20.8 31.5
      vertex 25.5 26.8 31.5
    endloop
  endfacet
  facet normal 0 0 1
    outer loop
      vertex 25.5 20.8 31.5
      vertex 20.5 20.8 31.5
      vertex 25.5 18.8293 31.5
    endloop
  endfacet
  facet normal -0 0 1
    outer loop
      vertex 16.5 26.8 31.5
      vertex 20.5 20.8 31.5
      vertex 25.5 26.8 31.5
    endloop
  endfacet
  facet normal 0 0 1
    outer loop
      vertex 20.5 20.8 31.5
      vertex 16.5 26.8 31.5
      vertex 16.5 20.8 31.5
    endloop
  endfacet
  facet normal 0 0 1
    outer loop
      vertex 25.5 18.8293 31.5
      vertex 20.5 20.8 31.5
      vertex 20.5 18.8293 31.5
    endloop
  endfacet
  facet normal 1 -0 0
    outer loop
      vertex 16.5 20.8 65.5
      vertex 16.5 26.8 31.5
      vertex 16.5 26.8 65.5
    endloop
  endfacet
  facet normal 1 0 0
    outer loop
      vertex 16.5 26.8 31.5
      vertex 16.5 20.8 65.5
      vertex 16.5 20.8 31.5
    endloop
  endfacet
  facet normal 0 -1 0
    outer loop
      vertex 16.5 26.8 31.5
      vertex 25.5 26.8 65.5
      vertex 16.5 26.8 65.5
    endloop
  endfacet
  facet normal 0 -1 -0
    outer loop
      vertex 25.5 26.8 65.5
      vertex 16.5 26.8 31.5
      vertex 25.5 26.8 31.5
    endloop
  endfacet
  facet normal -1 0 0
    outer loop
      vertex 42.5 26.8 31.5
      vertex 42.5 20.8 35.3275
      vertex 42.5 26.8 65.5
    endloop
  endfacet
  facet normal -1 0 -0
    outer loop
      vertex 42.5 20.8 35.3275
      vertex 42.5 26.8 31.5
      vertex 42.5 18.8293 31.5
    endloop
  endfacet
  facet normal -1 -0 0
    outer loop
      vertex 42.5 26.8 65.5
      vertex 42.5 20.8 35.3275
      vertex 42.5 20.8 65.5
    endloop
  endfacet
  facet normal 0 0 -1
    outer loop
      vertex 33.5 20.8 65.5
      vertex 42.5 26.8 65.5
      vertex 42.5 20.8 65.5
    endloop
  endfacet
  facet normal -0 0 -1
    outer loop
      vertex 42.5 26.8 65.5
      vertex 33.5 20.8 65.5
      vertex 33.5 26.8 65.5
    endloop
  endfacet
  facet normal 0 0 1
    outer loop
      vertex 42.5 26.8 31.5
      vertex 40.5 20.8 31.5
      vertex 42.5 18.8293 31.5
    endloop
  endfacet
  facet normal -0 0 1
    outer loop
      vertex 33.5 26.8 31.5
      vertex 40.5 20.8 31.5
      vertex 42.5 26.8 31.5
    endloop
  endfacet
  facet normal 0 0 1
    outer loop
      vertex 40.5 20.8 31.5
      vertex 33.5 26.8 31.5
      vertex 33.5 20.8 31.5
    endloop
  endfacet
  facet normal 0 0 1
    outer loop
      vertex 42.5 18.8293 31.5
      vertex 40.5 20.8 31.5
      vertex 40.5 18.8293 31.5
    endloop
  endfacet
  facet normal 1 -0 0
    outer loop
      vertex 33.5 20.8 65.5
      vertex 33.5 26.8 31.5
      vertex 33.5 26.8 65.5
    endloop
  endfacet
  facet normal 1 0 0
    outer loop
      vertex 33.5 26.8 31.5
      vertex 33.5 20.8 65.5
      vertex 33.5 20.8 31.5
    endloop
  endfacet
  facet normal 0 -1 0
    outer loop
      vertex 33.5 26.8 31.5
      vertex 42.5 26.8 65.5
      vertex 33.5 26.8 65.5
    endloop
  endfacet
  facet normal 0 -1 -0
    outer loop
      vertex 42.5 26.8 65.5
      vertex 33.5 26.8 31.5
      vertex 42.5 26.8 31.5
    endloop
  endfacet
  facet normal -1 0 0
    outer loop
      vertex 59.5 20.8 31.5
      vertex 59.5 26.8 65.5
      vertex 59.5 26.8 31.5
    endloop
  endfacet
  facet normal -1 -0 0
    outer loop
      vertex 59.5 26.8 65.5
      vertex 59.5 20.8 31.5
      vertex 59.5 20.8 65.5
    endloop
  endfacet
  facet normal 0 0 -1
    outer loop
      vertex 50.5 20.8 65.5
      vertex 59.5 26.8 65.5
      vertex 59.5 20.8 65.5
    endloop
  endfacet
  facet normal -0 0 -1
    outer loop
      vertex 59.5 26.8 65.5
      vertex 50.5 20.8 65.5
      vertex 50.5 26.8 65.5
    endloop
  endfacet
  facet normal -0 0 1
    outer loop
      vertex 50.5 26.8 31.5
      vertex 59.5 20.8 31.5
      vertex 59.5 26.8 31.5
    endloop
  endfacet
  facet normal 0 0 1
    outer loop
      vertex 59.5 20.8 31.5
      vertex 50.5 26.8 31.5
      vertex 50.5 20.8 31.5
    endloop
  endfacet
  facet normal 1 -0 0
    outer loop
      vertex 50.5 20.8 65.5
      vertex 50.5 26.8 31.5
      vertex 50.5 26.8 65.5
    endloop
  endfacet
  facet normal 1 0 0
    outer loop
      vertex 50.5 26.8 31.5
      vertex 50.5 20.8 65.5
      vertex 50.5 20.8 31.5
    endloop
  endfacet
  facet normal 0 -1 0
    outer loop
      vertex 50.5 26.8 31.5
      vertex 59.5 26.8 65.5
      vertex 50.5 26.8 65.5
    endloop
  endfacet
  facet normal 0 -1 -0
    outer loop
      vertex 59.5 26.8 65.5
      vertex 50.5 26.8 31.5
      vertex 59.5 26.8 31.5
    endloop
  endfacet
endsolid OpenSCAD_Model
