solid OpenSCAD_Model
  facet normal -0.946918 -0.321475 0
    outer loop
      vertex 4.96486 22.9144 4.5
      vertex 4.7357 23.5894 10
      vertex 4.7357 23.5894 4.5
    endloop
  endfacet
  facet normal -0.946918 -0.321475 0
    outer loop
      vertex 4.7357 23.5894 10
      vertex 4.96486 22.9144 4.5
      vertex 4.96486 22.9144 10
    endloop
  endfacet
  facet normal 0.442176 -0.896928 0
    outer loop
      vertex 12.0856 19.9649 10
      vertex 12.0856 19.9649 9.38779
      vertex 12.5278 20.1829 10
    endloop
  endfacet
  facet normal 0.442176 0.896928 0
    outer loop
      vertex 12.5278 29.8171 10
      vertex 12.0856 30.0351 9.38779
      vertex 12.0856 30.0351 10
    endloop
  endfacet
  facet normal 0.321525 -0.946901 0
    outer loop
      vertex 11.4106 19.7357 10
      vertex 12.0856 19.9649 9.38779
      vertex 12.0856 19.9649 10
    endloop
  endfacet
  facet normal 0.321525 -0.946901 0
    outer loop
      vertex 12.0856 19.9649 9.38779
      vertex 11.4106 19.7357 10
      vertex 11.4106 19.7357 8.45309
    endloop
  endfacet
  facet normal -0.980788 -0.195077 0
    outer loop
      vertex 4.7357 23.5894 4.5
      vertex 4.59663 24.2886 10
      vertex 4.59663 24.2886 4.5
    endloop
  endfacet
  facet normal -0.980788 -0.195077 0
    outer loop
      vertex 4.59663 24.2886 10
      vertex 4.7357 23.5894 4.5
      vertex 4.7357 23.5894 10
    endloop
  endfacet
  facet normal -0.0653673 -0.997861 0
    outer loop
      vertex 9.28863 19.5966 10
      vertex 10 19.55 6.5
      vertex 10 19.55 10
    endloop
  endfacet
  facet normal -0.0653673 -0.997861 0
    outer loop
      vertex 10 19.55 6.5
      vertex 9.28863 19.5966 10
      vertex 9.28863 19.5966 5.51503
    endloop
  endfacet
  facet normal -0.0653673 0.997861 0
    outer loop
      vertex 10 30.45 6.5
      vertex 9.28863 30.4034 10
      vertex 10 30.45 10
    endloop
  endfacet
  facet normal -0.0653673 0.997861 0
    outer loop
      vertex 9.28863 30.4034 10
      vertex 10 30.45 6.5
      vertex 9.28863 30.4034 5.51503
    endloop
  endfacet
  facet normal -0.659392 -0.751799 0
    outer loop
      vertex 6.14627 21.1463 4.5
      vertex 6.68225 20.6762 10
      vertex 6.14627 21.1463 10
    endloop
  endfacet
  facet normal -0.659392 -0.751799 -0
    outer loop
      vertex 6.68225 20.6762 10
      vertex 6.14627 21.1463 4.5
      vertex 6.68225 20.6762 4.5
    endloop
  endfacet
  facet normal -0.896882 0.442269 0
    outer loop
      vertex 4.96486 27.0856 4.5
      vertex 5.28016 27.725 10
      vertex 5.28016 27.725 4.5
    endloop
  endfacet
  facet normal -0.896882 0.442269 0
    outer loop
      vertex 5.28016 27.725 10
      vertex 4.96486 27.0856 4.5
      vertex 4.96486 27.0856 10
    endloop
  endfacet
  facet normal -0.83145 0.5556 0
    outer loop
      vertex 5.28016 27.725 4.5
      vertex 5.67622 28.3177 10
      vertex 5.67622 28.3177 4.5
    endloop
  endfacet
  facet normal -0.83145 0.5556 0
    outer loop
      vertex 5.67622 28.3177 10
      vertex 5.28016 27.725 4.5
      vertex 5.28016 27.725 10
    endloop
  endfacet
  facet normal -0.195121 0.980779 0
    outer loop
      vertex 9.28863 30.4034 5.51503
      vertex 8.58944 30.2643 10
      vertex 9.28863 30.4034 10
    endloop
  endfacet
  facet normal -0.195121 0.980779 0
    outer loop
      vertex 8.58944 30.2643 10
      vertex 9.28863 30.4034 5.51503
      vertex 8.58944 30.2643 4.54691
    endloop
  endfacet
  facet normal -0.83145 -0.5556 0
    outer loop
      vertex 5.67622 21.6823 4.5
      vertex 5.28016 22.275 10
      vertex 5.28016 22.275 4.5
    endloop
  endfacet
  facet normal -0.83145 -0.5556 0
    outer loop
      vertex 5.28016 22.275 10
      vertex 5.67622 21.6823 4.5
      vertex 5.67622 21.6823 10
    endloop
  endfacet
  facet normal -0.946918 0.321475 0
    outer loop
      vertex 4.7357 26.4106 4.5
      vertex 4.96486 27.0856 10
      vertex 4.96486 27.0856 4.5
    endloop
  endfacet
  facet normal -0.946918 0.321475 0
    outer loop
      vertex 4.96486 27.0856 10
      vertex 4.7357 26.4106 4.5
      vertex 4.7357 26.4106 10
    endloop
  endfacet
  facet normal -0.997859 -0.0654065 0
    outer loop
      vertex 4.59663 24.2886 4.5
      vertex 4.55 25 10
      vertex 4.55 25 4.5
    endloop
  endfacet
  facet normal -0.997859 -0.0654065 0
    outer loop
      vertex 4.55 25 10
      vertex 4.59663 24.2886 4.5
      vertex 4.59663 24.2886 10
    endloop
  endfacet
  facet normal -0.321496 -0.946911 0
    outer loop
      vertex 7.91437 19.9649 10
      vertex 8.58944 19.7357 4.54691
      vertex 8.58944 19.7357 10
    endloop
  endfacet
  facet normal -0.321496 -0.946911 0
    outer loop
      vertex 7.91437 19.9649 4.5
      vertex 8.58944 19.7357 4.54691
      vertex 7.91437 19.9649 10
    endloop
  endfacet
  facet normal -0.321499 -0.94691 6.26798e-05
    outer loop
      vertex 8.58944 19.7357 4.54691
      vertex 7.91437 19.9649 4.5
      vertex 8.55556 19.7472 4.5
    endloop
  endfacet
  facet normal 0 0 1
    outer loop
      vertex 12.5278 29.8171 10
      vertex 12.3949 27.2634 10
      vertex 12.5278 27.1119 10
    endloop
  endfacet
  facet normal 0 0 1
    outer loop
      vertex 12.5278 29.8171 10
      vertex 12.3335 27.3335 10
      vertex 12.3949 27.2634 10
    endloop
  endfacet
  facet normal 0 0 1
    outer loop
      vertex 12.5278 29.8171 10
      vertex 12.2634 27.3949 10
      vertex 12.3335 27.3335 10
    endloop
  endfacet
  facet normal 0 0 1
    outer loop
      vertex 11.2629 28.0488 10
      vertex 12.5278 29.8171 10
      vertex 12.0856 30.0351 10
    endloop
  endfacet
  facet normal 0 0 1
    outer loop
      vertex 12.5278 29.8171 10
      vertex 12.0089 27.6181 10
      vertex 12.2634 27.3949 10
    endloop
  endfacet
  facet normal 0 0 1
    outer loop
      vertex 12.5278 29.8171 10
      vertex 11.7275 27.8061 10
      vertex 12.0089 27.6181 10
    endloop
  endfacet
  facet normal 0 0 1
    outer loop
      vertex 12.5278 29.8171 10
      vertex 11.65 27.8579 10
      vertex 11.7275 27.8061 10
    endloop
  endfacet
  facet normal 0 0 1
    outer loop
      vertex 12.5278 29.8171 10
      vertex 11.5664 27.8991 10
      vertex 11.65 27.8579 10
    endloop
  endfacet
  facet normal 0 0 1
    outer loop
      vertex 10.9424 28.1576 10
      vertex 12.0856 30.0351 10
      vertex 11.4106 30.2643 10
    endloop
  endfacet
  facet normal 0 0 1
    outer loop
      vertex 12.5278 29.8171 10
      vertex 11.2629 28.0488 10
      vertex 11.5664 27.8991 10
    endloop
  endfacet
  facet normal 0 0 1
    outer loop
      vertex 12.0856 30.0351 10
      vertex 10.9424 28.1576 10
      vertex 11.2629 28.0488 10
    endloop
  endfacet
  facet normal 0 0 1
    outer loop
      vertex 11.4106 30.2643 10
      vertex 10.8541 28.1876 10
      vertex 10.9424 28.1576 10
    endloop
  endfacet
  facet normal 0 0 1
    outer loop
      vertex 11.4106 30.2643 10
      vertex 10.7627 28.2057 10
      vertex 10.8541 28.1876 10
    endloop
  endfacet
  facet normal 0 0 1
    outer loop
      vertex 10.7114 30.4034 10
      vertex 10.7627 28.2057 10
      vertex 11.4106 30.2643 10
    endloop
  endfacet
  facet normal 0 0 1
    outer loop
      vertex 10.7114 30.4034 10
      vertex 10.4307 28.2718 10
      vertex 10.7627 28.2057 10
    endloop
  endfacet
  facet normal 0 0 1
    outer loop
      vertex 10.7114 30.4034 10
      vertex 10.093 28.2939 10
      vertex 10.4307 28.2718 10
    endloop
  endfacet
  facet normal 0 0 1
    outer loop
      vertex 10 30.45 10
      vertex 10.093 28.2939 10
      vertex 10.7114 30.4034 10
    endloop
  endfacet
  facet normal 0 0 1
    outer loop
      vertex 10 30.45 10
      vertex 10 28.3 10
      vertex 10.093 28.2939 10
    endloop
  endfacet
  facet normal 0 0 1
    outer loop
      vertex 10 30.45 10
      vertex 9.907 28.2939 10
      vertex 10 28.3 10
    endloop
  endfacet
  facet normal -0 0 1
    outer loop
      vertex 9.28863 30.4034 10
      vertex 9.907 28.2939 10
      vertex 10 30.45 10
    endloop
  endfacet
  facet normal 0 0 1
    outer loop
      vertex 9.907 28.2939 10
      vertex 9.28863 30.4034 10
      vertex 9.56926 28.2718 10
    endloop
  endfacet
  facet normal 0 0 1
    outer loop
      vertex 9.28863 30.4034 10
      vertex 9.23731 28.2057 10
      vertex 9.56926 28.2718 10
    endloop
  endfacet
  facet normal -0 0 1
    outer loop
      vertex 8.58944 30.2643 10
      vertex 9.23731 28.2057 10
      vertex 9.28863 30.4034 10
    endloop
  endfacet
  facet normal 0 0 1
    outer loop
      vertex 9.23731 28.2057 10
      vertex 8.58944 30.2643 10
      vertex 9.1459 28.1876 10
    endloop
  endfacet
  facet normal 0 0 1
    outer loop
      vertex 9.1459 28.1876 10
      vertex 8.58944 30.2643 10
      vertex 9.05764 28.1576 10
    endloop
  endfacet
  facet normal -0 0 1
    outer loop
      vertex 7.91437 30.0351 10
      vertex 9.05764 28.1576 10
      vertex 8.58944 30.2643 10
    endloop
  endfacet
  facet normal 0 0 1
    outer loop
      vertex 9.05764 28.1576 10
      vertex 7.91437 30.0351 10
      vertex 8.73715 28.0488 10
    endloop
  endfacet
  facet normal 0 0 1
    outer loop
      vertex 8.73715 28.0488 10
      vertex 7.91437 30.0351 10
      vertex 8.43359 27.8991 10
    endloop
  endfacet
  facet normal -0 0 1
    outer loop
      vertex 7.275 29.7198 10
      vertex 8.43359 27.8991 10
      vertex 7.91437 30.0351 10
    endloop
  endfacet
  facet normal 0 0 1
    outer loop
      vertex 8.43359 27.8991 10
      vertex 7.275 29.7198 10
      vertex 8.35 27.8579 10
    endloop
  endfacet
  facet normal 0 0 1
    outer loop
      vertex 8.35 27.8579 10
      vertex 7.275 29.7198 10
      vertex 8.27251 27.8061 10
    endloop
  endfacet
  facet normal -0 0 1
    outer loop
      vertex 6.68225 29.3238 10
      vertex 8.27251 27.8061 10
      vertex 7.275 29.7198 10
    endloop
  endfacet
  facet normal 0 0 1
    outer loop
      vertex 8.27251 27.8061 10
      vertex 6.68225 29.3238 10
      vertex 7.99109 27.6181 10
    endloop
  endfacet
  facet normal 0 0 1
    outer loop
      vertex 7.99109 27.6181 10
      vertex 6.68225 29.3238 10
      vertex 7.73662 27.3949 10
    endloop
  endfacet
  facet normal -0 0 1
    outer loop
      vertex 6.14627 28.8537 10
      vertex 7.73662 27.3949 10
      vertex 6.68225 29.3238 10
    endloop
  endfacet
  facet normal 0 0 1
    outer loop
      vertex 7.73662 27.3949 10
      vertex 6.14627 28.8537 10
      vertex 7.66655 27.3335 10
    endloop
  endfacet
  facet normal 0 0 1
    outer loop
      vertex 7.66655 27.3335 10
      vertex 6.14627 28.8537 10
      vertex 7.6051 27.2634 10
    endloop
  endfacet
  facet normal -0 0 1
    outer loop
      vertex 5.67622 28.3177 10
      vertex 7.6051 27.2634 10
      vertex 6.14627 28.8537 10
    endloop
  endfacet
  facet normal 0 0 1
    outer loop
      vertex 7.6051 27.2634 10
      vertex 5.67622 28.3177 10
      vertex 7.38193 27.0089 10
    endloop
  endfacet
  facet normal 0 0 1
    outer loop
      vertex 7.38193 27.0089 10
      vertex 5.67622 28.3177 10
      vertex 7.1939 26.7275 10
    endloop
  endfacet
  facet normal -0 0 1
    outer loop
      vertex 5.28016 27.725 10
      vertex 7.1939 26.7275 10
      vertex 5.67622 28.3177 10
    endloop
  endfacet
  facet normal 0 0 1
    outer loop
      vertex 7.1939 26.7275 10
      vertex 5.28016 27.725 10
      vertex 7.14212 26.65 10
    endloop
  endfacet
  facet normal 0 0 1
    outer loop
      vertex 7.14212 26.65 10
      vertex 5.28016 27.725 10
      vertex 7.1009 26.5664 10
    endloop
  endfacet
  facet normal -0 0 1
    outer loop
      vertex 4.96486 27.0856 10
      vertex 7.1009 26.5664 10
      vertex 5.28016 27.725 10
    endloop
  endfacet
  facet normal -0 0 1
    outer loop
      vertex 4.7357 26.4106 10
      vertex 6.8424 25.9424 10
      vertex 4.96486 27.0856 10
    endloop
  endfacet
  facet normal 0 0 1
    outer loop
      vertex 6.9512 26.2629 10
      vertex 4.96486 27.0856 10
      vertex 6.8424 25.9424 10
    endloop
  endfacet
  facet normal 0 0 1
    outer loop
      vertex 7.1009 26.5664 10
      vertex 4.96486 27.0856 10
      vertex 6.9512 26.2629 10
    endloop
  endfacet
  facet normal -0 0 1
    outer loop
      vertex 12.3949 22.7366 10
      vertex 12.5278 20.1829 10
      vertex 12.5278 22.8881 10
    endloop
  endfacet
  facet normal -0 0 1
    outer loop
      vertex 12.3335 22.6665 10
      vertex 12.5278 20.1829 10
      vertex 12.3949 22.7366 10
    endloop
  endfacet
  facet normal -0 0 1
    outer loop
      vertex 12.2634 22.6051 10
      vertex 12.5278 20.1829 10
      vertex 12.3335 22.6665 10
    endloop
  endfacet
  facet normal -0 0 1
    outer loop
      vertex 12.0089 22.3819 10
      vertex 12.5278 20.1829 10
      vertex 12.2634 22.6051 10
    endloop
  endfacet
  facet normal -0 0 1
    outer loop
      vertex 11.7275 22.1939 10
      vertex 12.5278 20.1829 10
      vertex 12.0089 22.3819 10
    endloop
  endfacet
  facet normal -0 0 1
    outer loop
      vertex 11.65 22.1421 10
      vertex 12.5278 20.1829 10
      vertex 11.7275 22.1939 10
    endloop
  endfacet
  facet normal -0 0 1
    outer loop
      vertex 11.5664 22.1009 10
      vertex 12.5278 20.1829 10
      vertex 11.65 22.1421 10
    endloop
  endfacet
  facet normal -0 0 1
    outer loop
      vertex 11.2629 21.9512 10
      vertex 12.5278 20.1829 10
      vertex 11.5664 22.1009 10
    endloop
  endfacet
  facet normal 0 0 1
    outer loop
      vertex 12.5278 20.1829 10
      vertex 11.2629 21.9512 10
      vertex 12.0856 19.9649 10
    endloop
  endfacet
  facet normal -0 0 1
    outer loop
      vertex 10.9424 21.8424 10
      vertex 12.0856 19.9649 10
      vertex 11.2629 21.9512 10
    endloop
  endfacet
  facet normal 0 0 1
    outer loop
      vertex 12.0856 19.9649 10
      vertex 10.9424 21.8424 10
      vertex 11.4106 19.7357 10
    endloop
  endfacet
  facet normal -0 0 1
    outer loop
      vertex 10.8541 21.8124 10
      vertex 11.4106 19.7357 10
      vertex 10.9424 21.8424 10
    endloop
  endfacet
  facet normal -0 0 1
    outer loop
      vertex 10.7627 21.7943 10
      vertex 11.4106 19.7357 10
      vertex 10.8541 21.8124 10
    endloop
  endfacet
  facet normal 0 0 1
    outer loop
      vertex 10.7627 21.7943 10
      vertex 10.7114 19.5966 10
      vertex 11.4106 19.7357 10
    endloop
  endfacet
  facet normal -0 0 1
    outer loop
      vertex 10.4307 21.7282 10
      vertex 10.7114 19.5966 10
      vertex 10.7627 21.7943 10
    endloop
  endfacet
  facet normal -0 0 1
    outer loop
      vertex 10.093 21.7061 10
      vertex 10.7114 19.5966 10
      vertex 10.4307 21.7282 10
    endloop
  endfacet
  facet normal 0 0 1
    outer loop
      vertex 10 19.55 10
      vertex 10.093 21.7061 10
      vertex 10 21.7 10
    endloop
  endfacet
  facet normal 0 0 1
    outer loop
      vertex 10.093 21.7061 10
      vertex 10 19.55 10
      vertex 10.7114 19.5966 10
    endloop
  endfacet
  facet normal 0 0 1
    outer loop
      vertex 9.907 21.7061 10
      vertex 10 19.55 10
      vertex 10 21.7 10
    endloop
  endfacet
  facet normal 0 0 1
    outer loop
      vertex 9.28863 19.5966 10
      vertex 9.907 21.7061 10
      vertex 9.56926 21.7282 10
    endloop
  endfacet
  facet normal 0 0 1
    outer loop
      vertex 9.907 21.7061 10
      vertex 9.28863 19.5966 10
      vertex 10 19.55 10
    endloop
  endfacet
  facet normal 0 0 1
    outer loop
      vertex 9.23731 21.7943 10
      vertex 9.28863 19.5966 10
      vertex 9.56926 21.7282 10
    endloop
  endfacet
  facet normal 0 0 1
    outer loop
      vertex 8.58944 19.7357 10
      vertex 9.23731 21.7943 10
      vertex 9.1459 21.8124 10
    endloop
  endfacet
  facet normal 0 0 1
    outer loop
      vertex 8.58944 19.7357 10
      vertex 9.1459 21.8124 10
      vertex 9.05764 21.8424 10
    endloop
  endfacet
  facet normal 0 0 1
    outer loop
      vertex 7.91437 19.9649 10
      vertex 9.05764 21.8424 10
      vertex 8.73715 21.9512 10
    endloop
  endfacet
  facet normal 0 0 1
    outer loop
      vertex 9.23731 21.7943 10
      vertex 8.58944 19.7357 10
      vertex 9.28863 19.5966 10
    endloop
  endfacet
  facet normal 0 0 1
    outer loop
      vertex 7.91437 19.9649 10
      vertex 8.73715 21.9512 10
      vertex 8.43359 22.1009 10
    endloop
  endfacet
  facet normal 0 0 1
    outer loop
      vertex 7.275 20.2802 10
      vertex 8.43359 22.1009 10
      vertex 8.35 22.1421 10
    endloop
  endfacet
  facet normal 0 0 1
    outer loop
      vertex 7.275 20.2802 10
      vertex 8.35 22.1421 10
      vertex 8.27251 22.1939 10
    endloop
  endfacet
  facet normal 0 0 1
    outer loop
      vertex 6.68225 20.6762 10
      vertex 8.27251 22.1939 10
      vertex 7.99109 22.3819 10
    endloop
  endfacet
  facet normal 0 0 1
    outer loop
      vertex 9.05764 21.8424 10
      vertex 7.91437 19.9649 10
      vertex 8.58944 19.7357 10
    endloop
  endfacet
  facet normal 0 0 1
    outer loop
      vertex 6.68225 20.6762 10
      vertex 7.99109 22.3819 10
      vertex 7.73662 22.6051 10
    endloop
  endfacet
  facet normal 0 0 1
    outer loop
      vertex 6.14627 21.1463 10
      vertex 7.73662 22.6051 10
      vertex 7.66655 22.6665 10
    endloop
  endfacet
  facet normal 0 0 1
    outer loop
      vertex 6.14627 21.1463 10
      vertex 7.66655 22.6665 10
      vertex 7.6051 22.7366 10
    endloop
  endfacet
  facet normal 0 0 1
    outer loop
      vertex 5.67622 21.6823 10
      vertex 7.6051 22.7366 10
      vertex 7.38193 22.9911 10
    endloop
  endfacet
  facet normal 0 0 1
    outer loop
      vertex 8.43359 22.1009 10
      vertex 7.275 20.2802 10
      vertex 7.91437 19.9649 10
    endloop
  endfacet
  facet normal 0 0 1
    outer loop
      vertex 5.67622 21.6823 10
      vertex 7.38193 22.9911 10
      vertex 7.1939 23.2725 10
    endloop
  endfacet
  facet normal 0 0 1
    outer loop
      vertex 5.28016 22.275 10
      vertex 7.1939 23.2725 10
      vertex 7.14212 23.35 10
    endloop
  endfacet
  facet normal 0 0 1
    outer loop
      vertex 5.28016 22.275 10
      vertex 7.14212 23.35 10
      vertex 7.1009 23.4336 10
    endloop
  endfacet
  facet normal 0 0 1
    outer loop
      vertex 4.96486 22.9144 10
      vertex 7.1009 23.4336 10
      vertex 6.9512 23.7371 10
    endloop
  endfacet
  facet normal 0 0 1
    outer loop
      vertex 4.96486 22.9144 10
      vertex 6.9512 23.7371 10
      vertex 6.8424 24.0576 10
    endloop
  endfacet
  facet normal 0 0 1
    outer loop
      vertex 4.7357 23.5894 10
      vertex 6.8424 24.0576 10
      vertex 6.81245 24.1459 10
    endloop
  endfacet
  facet normal 0 0 1
    outer loop
      vertex 4.7357 23.5894 10
      vertex 6.81245 24.1459 10
      vertex 6.79426 24.2373 10
    endloop
  endfacet
  facet normal -0 0 1
    outer loop
      vertex 4.59663 24.2886 10
      vertex 6.79426 24.2373 10
      vertex 6.72823 24.5693 10
    endloop
  endfacet
  facet normal 0 0 1
    outer loop
      vertex 8.27251 22.1939 10
      vertex 6.68225 20.6762 10
      vertex 7.275 20.2802 10
    endloop
  endfacet
  facet normal 0 0 1
    outer loop
      vertex 4.59663 24.2886 10
      vertex 6.72823 24.5693 10
      vertex 6.7061 24.907 10
    endloop
  endfacet
  facet normal -0 0 1
    outer loop
      vertex 4.55 25 10
      vertex 6.7061 24.907 10
      vertex 6.7 25 10
    endloop
  endfacet
  facet normal 0 0 1
    outer loop
      vertex 6.8424 25.9424 10
      vertex 4.7357 26.4106 10
      vertex 6.81245 25.8541 10
    endloop
  endfacet
  facet normal 0 0 1
    outer loop
      vertex 6.81245 25.8541 10
      vertex 4.7357 26.4106 10
      vertex 6.79426 25.7627 10
    endloop
  endfacet
  facet normal 0 0 1
    outer loop
      vertex 7.73662 22.6051 10
      vertex 6.14627 21.1463 10
      vertex 6.68225 20.6762 10
    endloop
  endfacet
  facet normal 0 0 1
    outer loop
      vertex 4.59663 25.7114 10
      vertex 6.79426 25.7627 10
      vertex 4.7357 26.4106 10
    endloop
  endfacet
  facet normal 0 0 1
    outer loop
      vertex 7.6051 22.7366 10
      vertex 5.67622 21.6823 10
      vertex 6.14627 21.1463 10
    endloop
  endfacet
  facet normal 0 0 1
    outer loop
      vertex 6.79426 25.7627 10
      vertex 4.59663 25.7114 10
      vertex 6.72823 25.4307 10
    endloop
  endfacet
  facet normal 0 0 1
    outer loop
      vertex 7.1939 23.2725 10
      vertex 5.28016 22.275 10
      vertex 5.67622 21.6823 10
    endloop
  endfacet
  facet normal 0 0 1
    outer loop
      vertex 6.72823 25.4307 10
      vertex 4.59663 25.7114 10
      vertex 6.7061 25.093 10
    endloop
  endfacet
  facet normal 0 0 1
    outer loop
      vertex 7.1009 23.4336 10
      vertex 4.96486 22.9144 10
      vertex 5.28016 22.275 10
    endloop
  endfacet
  facet normal 0 0 1
    outer loop
      vertex 4.55 25 10
      vertex 6.7061 25.093 10
      vertex 4.59663 25.7114 10
    endloop
  endfacet
  facet normal 0 0 1
    outer loop
      vertex 6.8424 24.0576 10
      vertex 4.7357 23.5894 10
      vertex 4.96486 22.9144 10
    endloop
  endfacet
  facet normal 0 0 1
    outer loop
      vertex 6.7061 25.093 10
      vertex 4.55 25 10
      vertex 6.7 25 10
    endloop
  endfacet
  facet normal 0 0 1
    outer loop
      vertex 6.79426 24.2373 10
      vertex 4.59663 24.2886 10
      vertex 4.7357 23.5894 10
    endloop
  endfacet
  facet normal 0 0 1
    outer loop
      vertex 6.7061 24.907 10
      vertex 4.55 25 10
      vertex 4.59663 24.2886 10
    endloop
  endfacet
  facet normal 0.195118 0.98078 -0
    outer loop
      vertex 11.4106 30.2643 8.45309
      vertex 10.7114 30.4034 10
      vertex 11.4106 30.2643 10
    endloop
  endfacet
  facet normal 0.195118 0.98078 0
    outer loop
      vertex 10.7114 30.4034 10
      vertex 11.4106 30.2643 8.45309
      vertex 10.7114 30.4034 7.48497
    endloop
  endfacet
  facet normal 0.195118 -0.98078 0
    outer loop
      vertex 10.7114 19.5966 10
      vertex 11.4106 19.7357 8.45309
      vertex 11.4106 19.7357 10
    endloop
  endfacet
  facet normal 0.195118 -0.98078 0
    outer loop
      vertex 11.4106 19.7357 8.45309
      vertex 10.7114 19.5966 10
      vertex 10.7114 19.5966 7.48497
    endloop
  endfacet
  facet normal -0.195121 -0.980779 0
    outer loop
      vertex 8.58944 19.7357 10
      vertex 9.28863 19.5966 5.51503
      vertex 9.28863 19.5966 10
    endloop
  endfacet
  facet normal -0.195121 -0.980779 0
    outer loop
      vertex 9.28863 19.5966 5.51503
      vertex 8.58944 19.7357 10
      vertex 8.58944 19.7357 4.54691
    endloop
  endfacet
  facet normal 0.0653646 -0.997861 0
    outer loop
      vertex 10 19.55 10
      vertex 10.7114 19.5966 7.48497
      vertex 10.7114 19.5966 10
    endloop
  endfacet
  facet normal 0.0653646 -0.997861 0
    outer loop
      vertex 10.7114 19.5966 7.48497
      vertex 10 19.55 10
      vertex 10 19.55 6.5
    endloop
  endfacet
  facet normal -0.321496 0.946911 0
    outer loop
      vertex 8.58944 30.2643 4.54691
      vertex 7.91437 30.0351 10
      vertex 8.58944 30.2643 10
    endloop
  endfacet
  facet normal -0.321499 0.94691 6.26798e-05
    outer loop
      vertex 7.91437 30.0351 4.5
      vertex 8.58944 30.2643 4.54691
      vertex 8.55556 30.2528 4.5
    endloop
  endfacet
  facet normal -0.321496 0.946911 0
    outer loop
      vertex 8.58944 30.2643 4.54691
      vertex 7.91437 30.0351 4.5
      vertex 7.91437 30.0351 10
    endloop
  endfacet
  facet normal -0.442286 0.896874 0
    outer loop
      vertex 7.91437 30.0351 4.5
      vertex 7.275 29.7198 10
      vertex 7.91437 30.0351 10
    endloop
  endfacet
  facet normal -0.442286 0.896874 0
    outer loop
      vertex 7.275 29.7198 10
      vertex 7.91437 30.0351 4.5
      vertex 7.275 29.7198 4.5
    endloop
  endfacet
  facet normal 0.0653646 0.997861 -0
    outer loop
      vertex 10.7114 30.4034 7.48497
      vertex 10 30.45 10
      vertex 10.7114 30.4034 10
    endloop
  endfacet
  facet normal 0.0653646 0.997861 0
    outer loop
      vertex 10 30.45 10
      vertex 10.7114 30.4034 7.48497
      vertex 10 30.45 6.5
    endloop
  endfacet
  facet normal -0.896882 -0.442269 0
    outer loop
      vertex 5.28016 22.275 4.5
      vertex 4.96486 22.9144 10
      vertex 4.96486 22.9144 4.5
    endloop
  endfacet
  facet normal -0.896882 -0.442269 0
    outer loop
      vertex 4.96486 22.9144 10
      vertex 5.28016 22.275 4.5
      vertex 5.28016 22.275 10
    endloop
  endfacet
  facet normal 0.321525 0.946901 -0
    outer loop
      vertex 12.0856 30.0351 9.38779
      vertex 11.4106 30.2643 10
      vertex 12.0856 30.0351 10
    endloop
  endfacet
  facet normal 0.321525 0.946901 0
    outer loop
      vertex 11.4106 30.2643 10
      vertex 12.0856 30.0351 9.38779
      vertex 11.4106 30.2643 8.45309
    endloop
  endfacet
  facet normal -0.555509 0.83151 0
    outer loop
      vertex 7.275 29.7198 4.5
      vertex 6.68225 29.3238 10
      vertex 7.275 29.7198 10
    endloop
  endfacet
  facet normal -0.555509 0.83151 0
    outer loop
      vertex 6.68225 29.3238 10
      vertex 7.275 29.7198 4.5
      vertex 6.68225 29.3238 4.5
    endloop
  endfacet
  facet normal -0.751846 -0.659338 0
    outer loop
      vertex 6.14627 21.1463 4.5
      vertex 5.67622 21.6823 10
      vertex 5.67622 21.6823 4.5
    endloop
  endfacet
  facet normal -0.751846 -0.659338 0
    outer loop
      vertex 5.67622 21.6823 10
      vertex 6.14627 21.1463 4.5
      vertex 6.14627 21.1463 10
    endloop
  endfacet
  facet normal -0.751846 0.659338 0
    outer loop
      vertex 5.67622 28.3177 4.5
      vertex 6.14627 28.8537 10
      vertex 6.14627 28.8537 4.5
    endloop
  endfacet
  facet normal -0.751846 0.659338 0
    outer loop
      vertex 6.14627 28.8537 10
      vertex 5.67622 28.3177 4.5
      vertex 5.67622 28.3177 10
    endloop
  endfacet
  facet normal -0.555509 -0.83151 0
    outer loop
      vertex 6.68225 20.6762 4.5
      vertex 7.275 20.2802 10
      vertex 6.68225 20.6762 10
    endloop
  endfacet
  facet normal -0.555509 -0.83151 -0
    outer loop
      vertex 7.275 20.2802 10
      vertex 6.68225 20.6762 4.5
      vertex 7.275 20.2802 4.5
    endloop
  endfacet
  facet normal -0.659392 0.751799 0
    outer loop
      vertex 6.68225 29.3238 4.5
      vertex 6.14627 28.8537 10
      vertex 6.68225 29.3238 10
    endloop
  endfacet
  facet normal -0.659392 0.751799 0
    outer loop
      vertex 6.14627 28.8537 10
      vertex 6.68225 29.3238 4.5
      vertex 6.14627 28.8537 4.5
    endloop
  endfacet
  facet normal -0.980788 0.195077 0
    outer loop
      vertex 4.59663 25.7114 4.5
      vertex 4.7357 26.4106 10
      vertex 4.7357 26.4106 4.5
    endloop
  endfacet
  facet normal -0.980788 0.195077 0
    outer loop
      vertex 4.7357 26.4106 10
      vertex 4.59663 25.7114 4.5
      vertex 4.59663 25.7114 10
    endloop
  endfacet
  facet normal -0.997859 0.0654065 0
    outer loop
      vertex 4.55 25 4.5
      vertex 4.59663 25.7114 10
      vertex 4.59663 25.7114 4.5
    endloop
  endfacet
  facet normal -0.997859 0.0654065 0
    outer loop
      vertex 4.59663 25.7114 10
      vertex 4.55 25 4.5
      vertex 4.55 25 10
    endloop
  endfacet
  facet normal 0 0 -1
    outer loop
      vertex 56.5 0 0
      vertex 59.5 3 0
      vertex 59.4743 2.60842 0
    endloop
  endfacet
  facet normal 0 0 -1
    outer loop
      vertex 59.5 3 0
      vertex 51.705 25 0
      vertex 59.5 47 0
    endloop
  endfacet
  facet normal 0 0 -1
    outer loop
      vertex 56.5 0 0
      vertex 59.4743 2.60842 0
      vertex 59.3978 2.22354 0
    endloop
  endfacet
  facet normal 0 0 -1
    outer loop
      vertex 51.6861 25.2878 0
      vertex 59.5 47 0
      vertex 51.705 25 0
    endloop
  endfacet
  facet normal 0 0 -1
    outer loop
      vertex 56.5 0 0
      vertex 59.3978 2.22354 0
      vertex 59.2716 1.85195 0
    endloop
  endfacet
  facet normal 0 0 -1
    outer loop
      vertex 51.6299 25.5707 0
      vertex 59.5 47 0
      vertex 51.6861 25.2878 0
    endloop
  endfacet
  facet normal 0 0 -1
    outer loop
      vertex 56.5 0 0
      vertex 59.2716 1.85195 0
      vertex 59.0981 1.5 0
    endloop
  endfacet
  facet normal 0 0 -1
    outer loop
      vertex 51.5372 25.8438 0
      vertex 59.5 47 0
      vertex 51.6299 25.5707 0
    endloop
  endfacet
  facet normal 0 0 -1
    outer loop
      vertex 56.5 0 0
      vertex 59.0981 1.5 0
      vertex 58.8801 1.17372 0
    endloop
  endfacet
  facet normal 0 0 -1
    outer loop
      vertex 51.4096 26.1025 0
      vertex 59.5 47 0
      vertex 51.5372 25.8438 0
    endloop
  endfacet
  facet normal 0 0 -1
    outer loop
      vertex 56.5 0 0
      vertex 58.8801 1.17372 0
      vertex 58.6213 0.878679 0
    endloop
  endfacet
  facet normal 0 0 -1
    outer loop
      vertex 51.2493 26.3423 0
      vertex 59.5 47 0
      vertex 51.4096 26.1025 0
    endloop
  endfacet
  facet normal 0 0 -1
    outer loop
      vertex 56.5 0 0
      vertex 58.6213 0.878679 0
      vertex 58.3263 0.61994 0
    endloop
  endfacet
  facet normal 0 0 -1
    outer loop
      vertex 51.0592 26.5592 0
      vertex 59.5 47 0
      vertex 51.2493 26.3423 0
    endloop
  endfacet
  facet normal 0 0 -1
    outer loop
      vertex 56.5 0 0
      vertex 58.3263 0.61994 0
      vertex 58 0.401923 0
    endloop
  endfacet
  facet normal 0 0 -1
    outer loop
      vertex 50.8423 26.7493 0
      vertex 59.5 47 0
      vertex 51.0592 26.5592 0
    endloop
  endfacet
  facet normal 0 0 -1
    outer loop
      vertex 56.5 0 0
      vertex 58 0.401923 0
      vertex 57.648 0.228361 0
    endloop
  endfacet
  facet normal 0 0 -1
    outer loop
      vertex 50.6025 26.9096 0
      vertex 59.5 47 0
      vertex 50.8423 26.7493 0
    endloop
  endfacet
  facet normal 0 0 -1
    outer loop
      vertex 56.5 0 0
      vertex 57.648 0.228361 0
      vertex 57.2765 0.102222 0
    endloop
  endfacet
  facet normal 0 0 -1
    outer loop
      vertex 50.3438 27.0372 0
      vertex 59.5 47 0
      vertex 50.6025 26.9096 0
    endloop
  endfacet
  facet normal 0 0 -1
    outer loop
      vertex 56.5 0 0
      vertex 57.2765 0.102222 0
      vertex 56.8916 0.0256653 0
    endloop
  endfacet
  facet normal 0 0 -1
    outer loop
      vertex 50.0707 27.1299 0
      vertex 59.5 47 0
      vertex 50.3438 27.0372 0
    endloop
  endfacet
  facet normal -0 0 -1
    outer loop
      vertex 59.5 3 0
      vertex 56.5 0 0
      vertex 49.5 22.795 0
    endloop
  endfacet
  facet normal 0 0 -1
    outer loop
      vertex 49.7878 27.1861 0
      vertex 59.5 47 0
      vertex 50.0707 27.1299 0
    endloop
  endfacet
  facet normal 0 0 -1
    outer loop
      vertex 49.5 27.205 0
      vertex 59.5 47 0
      vertex 49.7878 27.1861 0
    endloop
  endfacet
  facet normal 0 0 -1
    outer loop
      vertex 59.5 3 0
      vertex 51.6861 24.7122 0
      vertex 51.705 25 0
    endloop
  endfacet
  facet normal 0 0 -1
    outer loop
      vertex 59.5 3 0
      vertex 51.6299 24.4293 0
      vertex 51.6861 24.7122 0
    endloop
  endfacet
  facet normal 0 0 -1
    outer loop
      vertex 59.5 3 0
      vertex 51.5372 24.1562 0
      vertex 51.6299 24.4293 0
    endloop
  endfacet
  facet normal 0 0 -1
    outer loop
      vertex 59.5 3 0
      vertex 51.4096 23.8975 0
      vertex 51.5372 24.1562 0
    endloop
  endfacet
  facet normal 0 0 -1
    outer loop
      vertex 59.5 3 0
      vertex 51.2493 23.6577 0
      vertex 51.4096 23.8975 0
    endloop
  endfacet
  facet normal 0 0 -1
    outer loop
      vertex 59.5 3 0
      vertex 51.0592 23.4408 0
      vertex 51.2493 23.6577 0
    endloop
  endfacet
  facet normal 0 0 -1
    outer loop
      vertex 59.5 3 0
      vertex 50.8423 23.2507 0
      vertex 51.0592 23.4408 0
    endloop
  endfacet
  facet normal 0 0 -1
    outer loop
      vertex 59.5 3 0
      vertex 50.6025 23.0904 0
      vertex 50.8423 23.2507 0
    endloop
  endfacet
  facet normal 0 0 -1
    outer loop
      vertex 59.5 3 0
      vertex 50.3438 22.9628 0
      vertex 50.6025 23.0904 0
    endloop
  endfacet
  facet normal 0 0 -1
    outer loop
      vertex 59.5 3 0
      vertex 50.0707 22.8701 0
      vertex 50.3438 22.9628 0
    endloop
  endfacet
  facet normal 0 0 -1
    outer loop
      vertex 59.5 3 0
      vertex 49.7878 22.8139 0
      vertex 50.0707 22.8701 0
    endloop
  endfacet
  facet normal 0 0 -1
    outer loop
      vertex 59.5 3 0
      vertex 49.5 22.795 0
      vertex 49.7878 22.8139 0
    endloop
  endfacet
  facet normal 0 0 -1
    outer loop
      vertex 56.5 0 0
      vertex 49.2122 22.8139 0
      vertex 49.5 22.795 0
    endloop
  endfacet
  facet normal 0 0 -1
    outer loop
      vertex 56.5 0 0
      vertex 48.9293 22.8701 0
      vertex 49.2122 22.8139 0
    endloop
  endfacet
  facet normal 0 0 -1
    outer loop
      vertex 56.5 0 0
      vertex 48.6562 22.9628 0
      vertex 48.9293 22.8701 0
    endloop
  endfacet
  facet normal 0 0 -1
    outer loop
      vertex 56.5 0 0
      vertex 48.3975 23.0904 0
      vertex 48.6562 22.9628 0
    endloop
  endfacet
  facet normal 0 0 -1
    outer loop
      vertex 56.5 0 0
      vertex 48.1577 23.2507 0
      vertex 48.3975 23.0904 0
    endloop
  endfacet
  facet normal 0 0 -1
    outer loop
      vertex 56.5 0 0
      vertex 47.9408 23.4408 0
      vertex 48.1577 23.2507 0
    endloop
  endfacet
  facet normal 0 0 -1
    outer loop
      vertex 11.5592 23.4408 0
      vertex 47.9408 23.4408 0
      vertex 56.5 0 0
    endloop
  endfacet
  facet normal 0 0 -1
    outer loop
      vertex 47.9408 23.4408 0
      vertex 11.5592 23.4408 0
      vertex 47.7507 23.6577 0
    endloop
  endfacet
  facet normal 0 -0 -1
    outer loop
      vertex 11.7493 23.6577 0
      vertex 47.7507 23.6577 0
      vertex 11.5592 23.4408 0
    endloop
  endfacet
  facet normal 0 0 -1
    outer loop
      vertex 47.3139 24.7122 0
      vertex 12.205 25 0
      vertex 47.295 25 0
    endloop
  endfacet
  facet normal 0 0 -1
    outer loop
      vertex 12.1861 24.7122 0
      vertex 47.3139 24.7122 0
      vertex 47.3701 24.4293 0
    endloop
  endfacet
  facet normal 0 0 -1
    outer loop
      vertex 12.1299 24.4293 0
      vertex 47.3701 24.4293 0
      vertex 47.4628 24.1562 0
    endloop
  endfacet
  facet normal 0 0 -1
    outer loop
      vertex 47.7507 23.6577 0
      vertex 11.7493 23.6577 0
      vertex 47.5904 23.8975 0
    endloop
  endfacet
  facet normal 0 0 -1
    outer loop
      vertex 47.3139 24.7122 0
      vertex 12.1861 24.7122 0
      vertex 12.205 25 0
    endloop
  endfacet
  facet normal 0 0 -1
    outer loop
      vertex 47.3701 24.4293 0
      vertex 12.1299 24.4293 0
      vertex 12.1861 24.7122 0
    endloop
  endfacet
  facet normal 0 0 -1
    outer loop
      vertex 47.4628 24.1562 0
      vertex 12.0372 24.1562 0
      vertex 12.1299 24.4293 0
    endloop
  endfacet
  facet normal -0 0 -1
    outer loop
      vertex 47.4628 24.1562 0
      vertex 11.9096 23.8975 0
      vertex 12.0372 24.1562 0
    endloop
  endfacet
  facet normal 0 0 -1
    outer loop
      vertex 47.5904 23.8975 0
      vertex 11.9096 23.8975 0
      vertex 47.4628 24.1562 0
    endloop
  endfacet
  facet normal 0 -0 -1
    outer loop
      vertex 11.9096 23.8975 0
      vertex 47.5904 23.8975 0
      vertex 11.7493 23.6577 0
    endloop
  endfacet
  facet normal 0 0 -1
    outer loop
      vertex 3 0 0
      vertex 11.5592 23.4408 0
      vertex 56.5 0 0
    endloop
  endfacet
  facet normal 0 0 -1
    outer loop
      vertex 11.5592 23.4408 0
      vertex 3 0 0
      vertex 11.3423 23.2507 0
    endloop
  endfacet
  facet normal 0 0 -1
    outer loop
      vertex 11.3423 23.2507 0
      vertex 3 0 0
      vertex 11.1025 23.0904 0
    endloop
  endfacet
  facet normal 0 0 -1
    outer loop
      vertex 11.1025 23.0904 0
      vertex 3 0 0
      vertex 10.8438 22.9628 0
    endloop
  endfacet
  facet normal 0 0 -1
    outer loop
      vertex 10.8438 22.9628 0
      vertex 3 0 0
      vertex 10.5707 22.8701 0
    endloop
  endfacet
  facet normal 0 0 -1
    outer loop
      vertex 10.5707 22.8701 0
      vertex 3 0 0
      vertex 10.2878 22.8139 0
    endloop
  endfacet
  facet normal 0 0 -1
    outer loop
      vertex 10.2878 22.8139 0
      vertex 3 0 0
      vertex 10 22.795 0
    endloop
  endfacet
  facet normal 0 0 -1
    outer loop
      vertex 0 3 0
      vertex 10 22.795 0
      vertex 3 0 0
    endloop
  endfacet
  facet normal -0 0 -1
    outer loop
      vertex 10 22.795 0
      vertex 0 3 0
      vertex 9.71219 22.8139 0
    endloop
  endfacet
  facet normal -0 0 -1
    outer loop
      vertex 7.87013 24.4293 0
      vertex 0 3 0
      vertex 7.81386 24.7122 0
    endloop
  endfacet
  facet normal -0 0 -1
    outer loop
      vertex 7.96285 24.1562 0
      vertex 0 3 0
      vertex 7.87013 24.4293 0
    endloop
  endfacet
  facet normal -0 0 -1
    outer loop
      vertex 8.09041 23.8975 0
      vertex 0 3 0
      vertex 7.96285 24.1562 0
    endloop
  endfacet
  facet normal -0 0 -1
    outer loop
      vertex 8.25066 23.6577 0
      vertex 0 3 0
      vertex 8.09041 23.8975 0
    endloop
  endfacet
  facet normal -0 0 -1
    outer loop
      vertex 8.44083 23.4408 0
      vertex 0 3 0
      vertex 8.25066 23.6577 0
    endloop
  endfacet
  facet normal -0 0 -1
    outer loop
      vertex 8.65768 23.2507 0
      vertex 0 3 0
      vertex 8.44083 23.4408 0
    endloop
  endfacet
  facet normal -0 0 -1
    outer loop
      vertex 8.8975 23.0904 0
      vertex 0 3 0
      vertex 8.65768 23.2507 0
    endloop
  endfacet
  facet normal -0 0 -1
    outer loop
      vertex 9.15618 22.9628 0
      vertex 0 3 0
      vertex 8.8975 23.0904 0
    endloop
  endfacet
  facet normal -0 0 -1
    outer loop
      vertex 9.4293 22.8701 0
      vertex 0 3 0
      vertex 9.15618 22.9628 0
    endloop
  endfacet
  facet normal -0 0 -1
    outer loop
      vertex 9.71219 22.8139 0
      vertex 0 3 0
      vertex 9.4293 22.8701 0
    endloop
  endfacet
  facet normal 0 -0 -1
    outer loop
      vertex 56.5 50 0
      vertex 59.5 47 0
      vertex 49.5 27.205 0
    endloop
  endfacet
  facet normal 0 0 -1
    outer loop
      vertex 59.4743 47.3916 0
      vertex 56.5 50 0
      vertex 59.3978 47.7765 0
    endloop
  endfacet
  facet normal 0 0 -1
    outer loop
      vertex 59.3978 47.7765 0
      vertex 56.5 50 0
      vertex 59.2716 48.148 0
    endloop
  endfacet
  facet normal 0 0 -1
    outer loop
      vertex 59.0981 48.5 0
      vertex 56.5 50 0
      vertex 58.8801 48.8263 0
    endloop
  endfacet
  facet normal 0 0 -1
    outer loop
      vertex 58.8801 48.8263 0
      vertex 56.5 50 0
      vertex 58.6213 49.1213 0
    endloop
  endfacet
  facet normal 0 0 -1
    outer loop
      vertex 58.3263 49.3801 0
      vertex 56.5 50 0
      vertex 58 49.5981 0
    endloop
  endfacet
  facet normal 0 0 -1
    outer loop
      vertex 58 49.5981 0
      vertex 56.5 50 0
      vertex 57.648 49.7716 0
    endloop
  endfacet
  facet normal 0 0 -1
    outer loop
      vertex 57.2765 49.8978 0
      vertex 56.5 50 0
      vertex 56.8916 49.9743 0
    endloop
  endfacet
  facet normal 0 0 -1
    outer loop
      vertex 57.648 49.7716 0
      vertex 56.5 50 0
      vertex 57.2765 49.8978 0
    endloop
  endfacet
  facet normal 0 0 -1
    outer loop
      vertex 58.6213 49.1213 0
      vertex 56.5 50 0
      vertex 58.3263 49.3801 0
    endloop
  endfacet
  facet normal 0 0 -1
    outer loop
      vertex 59.2716 48.148 0
      vertex 56.5 50 0
      vertex 59.0981 48.5 0
    endloop
  endfacet
  facet normal 0 0 -1
    outer loop
      vertex 59.5 47 0
      vertex 56.5 50 0
      vertex 59.4743 47.3916 0
    endloop
  endfacet
  facet normal 0 0 -1
    outer loop
      vertex 49.2122 27.1861 0
      vertex 56.5 50 0
      vertex 49.5 27.205 0
    endloop
  endfacet
  facet normal 0 0 -1
    outer loop
      vertex 48.9293 27.1299 0
      vertex 56.5 50 0
      vertex 49.2122 27.1861 0
    endloop
  endfacet
  facet normal 0 0 -1
    outer loop
      vertex 48.6562 27.0372 0
      vertex 56.5 50 0
      vertex 48.9293 27.1299 0
    endloop
  endfacet
  facet normal 0 0 -1
    outer loop
      vertex 48.3975 26.9096 0
      vertex 56.5 50 0
      vertex 48.6562 27.0372 0
    endloop
  endfacet
  facet normal 0 0 -1
    outer loop
      vertex 48.1577 26.7493 0
      vertex 56.5 50 0
      vertex 48.3975 26.9096 0
    endloop
  endfacet
  facet normal 0 0 -1
    outer loop
      vertex 47.9408 26.5592 0
      vertex 56.5 50 0
      vertex 48.1577 26.7493 0
    endloop
  endfacet
  facet normal 0 0 -1
    outer loop
      vertex 11.5592 26.5592 0
      vertex 47.9408 26.5592 0
      vertex 47.7507 26.3423 0
    endloop
  endfacet
  facet normal 0 0 -1
    outer loop
      vertex 11.7493 26.3423 0
      vertex 47.7507 26.3423 0
      vertex 47.5904 26.1025 0
    endloop
  endfacet
  facet normal 0 0 -1
    outer loop
      vertex 11.9096 26.1025 0
      vertex 47.5904 26.1025 0
      vertex 47.4628 25.8438 0
    endloop
  endfacet
  facet normal 0 0 -1
    outer loop
      vertex 12.205 25 0
      vertex 47.3139 25.2878 0
      vertex 47.295 25 0
    endloop
  endfacet
  facet normal 0 0 -1
    outer loop
      vertex 12.1861 25.2878 0
      vertex 47.3139 25.2878 0
      vertex 12.205 25 0
    endloop
  endfacet
  facet normal 0 0 -1
    outer loop
      vertex 47.3139 25.2878 0
      vertex 12.1861 25.2878 0
      vertex 47.3701 25.5707 0
    endloop
  endfacet
  facet normal 0 0 -1
    outer loop
      vertex 12.1299 25.5707 0
      vertex 47.3701 25.5707 0
      vertex 12.1861 25.2878 0
    endloop
  endfacet
  facet normal 0 0 -1
    outer loop
      vertex 47.3701 25.5707 0
      vertex 12.1299 25.5707 0
      vertex 47.4628 25.8438 0
    endloop
  endfacet
  facet normal 0 0 -1
    outer loop
      vertex 12.0372 25.8438 0
      vertex 47.4628 25.8438 0
      vertex 12.1299 25.5707 0
    endloop
  endfacet
  facet normal 0 0 -1
    outer loop
      vertex 11.9096 26.1025 0
      vertex 47.4628 25.8438 0
      vertex 12.0372 25.8438 0
    endloop
  endfacet
  facet normal 0 0 -1
    outer loop
      vertex 47.5904 26.1025 0
      vertex 11.9096 26.1025 0
      vertex 11.7493 26.3423 0
    endloop
  endfacet
  facet normal 0 0 -1
    outer loop
      vertex 47.7507 26.3423 0
      vertex 11.7493 26.3423 0
      vertex 11.5592 26.5592 0
    endloop
  endfacet
  facet normal 0 0 -1
    outer loop
      vertex 47.9408 26.5592 0
      vertex 11.5592 26.5592 0
      vertex 56.5 50 0
    endloop
  endfacet
  facet normal 0 0 -1
    outer loop
      vertex 3 50 0
      vertex 11.5592 26.5592 0
      vertex 11.3423 26.7493 0
    endloop
  endfacet
  facet normal 0 0 -1
    outer loop
      vertex 3 50 0
      vertex 11.3423 26.7493 0
      vertex 11.1025 26.9096 0
    endloop
  endfacet
  facet normal 0 0 -1
    outer loop
      vertex 3 50 0
      vertex 11.1025 26.9096 0
      vertex 10.8438 27.0372 0
    endloop
  endfacet
  facet normal 0 0 -1
    outer loop
      vertex 3 50 0
      vertex 10.8438 27.0372 0
      vertex 10.5707 27.1299 0
    endloop
  endfacet
  facet normal 0 0 -1
    outer loop
      vertex 3 50 0
      vertex 10.5707 27.1299 0
      vertex 10.2878 27.1861 0
    endloop
  endfacet
  facet normal 0 0 -1
    outer loop
      vertex 3 50 0
      vertex 10.2878 27.1861 0
      vertex 10 27.205 0
    endloop
  endfacet
  facet normal 0 0 -1
    outer loop
      vertex 0 47 0
      vertex 10 27.205 0
      vertex 9.71219 27.1861 0
    endloop
  endfacet
  facet normal 0 0 -1
    outer loop
      vertex 0 47 0
      vertex 9.71219 27.1861 0
      vertex 9.4293 27.1299 0
    endloop
  endfacet
  facet normal 0 0 -1
    outer loop
      vertex 0 47 0
      vertex 9.4293 27.1299 0
      vertex 9.15618 27.0372 0
    endloop
  endfacet
  facet normal -0 0 -1
    outer loop
      vertex 7.81386 24.7122 0
      vertex 0 3 0
      vertex 7.795 25 0
    endloop
  endfacet
  facet normal 0 0 -1
    outer loop
      vertex 11.5592 26.5592 0
      vertex 3 50 0
      vertex 56.5 50 0
    endloop
  endfacet
  facet normal 0 0 -1
    outer loop
      vertex 0 47 0
      vertex 9.15618 27.0372 0
      vertex 8.8975 26.9096 0
    endloop
  endfacet
  facet normal 0 0 -1
    outer loop
      vertex 0 47 0
      vertex 8.8975 26.9096 0
      vertex 8.65768 26.7493 0
    endloop
  endfacet
  facet normal 0 0 -1
    outer loop
      vertex 0 47 0
      vertex 8.65768 26.7493 0
      vertex 8.44083 26.5592 0
    endloop
  endfacet
  facet normal 0 0 -1
    outer loop
      vertex 0 47 0
      vertex 8.44083 26.5592 0
      vertex 8.25066 26.3423 0
    endloop
  endfacet
  facet normal 0 0 -1
    outer loop
      vertex 0 47 0
      vertex 8.25066 26.3423 0
      vertex 8.09041 26.1025 0
    endloop
  endfacet
  facet normal 0 0 -1
    outer loop
      vertex 0 47 0
      vertex 8.09041 26.1025 0
      vertex 7.96285 25.8438 0
    endloop
  endfacet
  facet normal 0 0 -1
    outer loop
      vertex 0 47 0
      vertex 7.96285 25.8438 0
      vertex 7.87013 25.5707 0
    endloop
  endfacet
  facet normal 0 0 -1
    outer loop
      vertex 0 47 0
      vertex 7.87013 25.5707 0
      vertex 7.81386 25.2878 0
    endloop
  endfacet
  facet normal 0 0 -1
    outer loop
      vertex 0 47 0
      vertex 7.795 25 0
      vertex 0 3 0
    endloop
  endfacet
  facet normal 0 0 -1
    outer loop
      vertex 0 3 0
      vertex 3 0 0
      vertex 2.60842 0.0256653 0
    endloop
  endfacet
  facet normal 0 0 -1
    outer loop
      vertex 7.795 25 0
      vertex 0 47 0
      vertex 7.81386 25.2878 0
    endloop
  endfacet
  facet normal 0 0 -1
    outer loop
      vertex 0 3 0
      vertex 2.60842 0.0256653 0
      vertex 2.22354 0.102222 0
    endloop
  endfacet
  facet normal 0 0 -1
    outer loop
      vertex 10 27.205 0
      vertex 0 47 0
      vertex 3 50 0
    endloop
  endfacet
  facet normal 0 0 -1
    outer loop
      vertex 0 3 0
      vertex 2.22354 0.102222 0
      vertex 1.85195 0.228361 0
    endloop
  endfacet
  facet normal 0 0 -1
    outer loop
      vertex 3 50 0
      vertex 0 47 0
      vertex 2.60842 49.9743 0
    endloop
  endfacet
  facet normal 0 0 -1
    outer loop
      vertex 0 3 0
      vertex 1.85195 0.228361 0
      vertex 1.5 0.401923 0
    endloop
  endfacet
  facet normal 0 0 -1
    outer loop
      vertex 2.60842 49.9743 0
      vertex 0 47 0
      vertex 2.22354 49.8978 0
    endloop
  endfacet
  facet normal 0 0 -1
    outer loop
      vertex 0 3 0
      vertex 1.5 0.401923 0
      vertex 1.17372 0.61994 0
    endloop
  endfacet
  facet normal 0 0 -1
    outer loop
      vertex 2.22354 49.8978 0
      vertex 0 47 0
      vertex 1.85195 49.7716 0
    endloop
  endfacet
  facet normal 0 0 -1
    outer loop
      vertex 0 3 0
      vertex 1.17372 0.61994 0
      vertex 0.878679 0.878679 0
    endloop
  endfacet
  facet normal 0 0 -1
    outer loop
      vertex 1.85195 49.7716 0
      vertex 0 47 0
      vertex 1.5 49.5981 0
    endloop
  endfacet
  facet normal 0 0 -1
    outer loop
      vertex 0 3 0
      vertex 0.878679 0.878679 0
      vertex 0.61994 1.17372 0
    endloop
  endfacet
  facet normal 0 0 -1
    outer loop
      vertex 1.5 49.5981 0
      vertex 0 47 0
      vertex 1.17372 49.3801 0
    endloop
  endfacet
  facet normal 0 0 -1
    outer loop
      vertex 0 3 0
      vertex 0.61994 1.17372 0
      vertex 0.401923 1.5 0
    endloop
  endfacet
  facet normal 0 0 -1
    outer loop
      vertex 1.17372 49.3801 0
      vertex 0 47 0
      vertex 0.878679 49.1213 0
    endloop
  endfacet
  facet normal 0 0 -1
    outer loop
      vertex 0 3 0
      vertex 0.401923 1.5 0
      vertex 0.228361 1.85195 0
    endloop
  endfacet
  facet normal 0 0 -1
    outer loop
      vertex 0.878679 49.1213 0
      vertex 0 47 0
      vertex 0.61994 48.8263 0
    endloop
  endfacet
  facet normal 0 0 -1
    outer loop
      vertex 0 3 0
      vertex 0.228361 1.85195 0
      vertex 0.102222 2.22354 0
    endloop
  endfacet
  facet normal 0 0 -1
    outer loop
      vertex 0.61994 48.8263 0
      vertex 0 47 0
      vertex 0.401923 48.5 0
    endloop
  endfacet
  facet normal 0 0 -1
    outer loop
      vertex 0 3 0
      vertex 0.102222 2.22354 0
      vertex 0.0256653 2.60842 0
    endloop
  endfacet
  facet normal 0 0 -1
    outer loop
      vertex 0.401923 48.5 0
      vertex 0 47 0
      vertex 0.228361 48.148 0
    endloop
  endfacet
  facet normal 0 0 -1
    outer loop
      vertex 0.228361 48.148 0
      vertex 0 47 0
      vertex 0.102222 47.7765 0
    endloop
  endfacet
  facet normal 0 0 -1
    outer loop
      vertex 0.102222 47.7765 0
      vertex 0 47 0
      vertex 0.0256653 47.3916 0
    endloop
  endfacet
  facet normal -0.442286 -0.896874 0
    outer loop
      vertex 7.275 20.2802 4.5
      vertex 7.91437 19.9649 10
      vertex 7.275 20.2802 10
    endloop
  endfacet
  facet normal -0.442286 -0.896874 -0
    outer loop
      vertex 7.91437 19.9649 10
      vertex 7.275 20.2802 4.5
      vertex 7.91437 19.9649 4.5
    endloop
  endfacet
  facet normal 0.98078 0.195118 0
    outer loop
      vertex 54.9034 25.7114 10
      vertex 54.7643 26.4106 4.5
      vertex 54.7643 26.4106 10
    endloop
  endfacet
  facet normal 0.98078 0.195118 0
    outer loop
      vertex 54.7643 26.4106 4.5
      vertex 54.9034 25.7114 10
      vertex 54.9034 25.7114 4.5
    endloop
  endfacet
  facet normal 0.997861 0.0653646 0
    outer loop
      vertex 54.95 25 10
      vertex 54.9034 25.7114 4.5
      vertex 54.9034 25.7114 10
    endloop
  endfacet
  facet normal 0.997861 0.0653646 0
    outer loop
      vertex 54.9034 25.7114 4.5
      vertex 54.95 25 10
      vertex 54.95 25 4.5
    endloop
  endfacet
  facet normal 0.98078 -0.195118 0
    outer loop
      vertex 54.7643 23.5894 10
      vertex 54.9034 24.2886 4.5
      vertex 54.9034 24.2886 10
    endloop
  endfacet
  facet normal 0.98078 -0.195118 0
    outer loop
      vertex 54.9034 24.2886 4.5
      vertex 54.7643 23.5894 10
      vertex 54.7643 23.5894 4.5
    endloop
  endfacet
  facet normal 0.659378 -0.751812 0
    outer loop
      vertex 52.8177 20.6762 4.5
      vertex 53.3537 21.1463 10
      vertex 52.8177 20.6762 10
    endloop
  endfacet
  facet normal 0.659378 -0.751812 0
    outer loop
      vertex 53.3537 21.1463 10
      vertex 52.8177 20.6762 4.5
      vertex 53.3537 21.1463 4.5
    endloop
  endfacet
  facet normal 0.751812 -0.659378 0
    outer loop
      vertex 53.3537 21.1463 10
      vertex 53.8238 21.6823 4.5
      vertex 53.8238 21.6823 10
    endloop
  endfacet
  facet normal 0.751812 -0.659378 0
    outer loop
      vertex 53.8238 21.6823 4.5
      vertex 53.3537 21.1463 10
      vertex 53.3537 21.1463 4.5
    endloop
  endfacet
  facet normal -0.0653646 0.997861 0
    outer loop
      vertex 49.5 30.45 10
      vertex 48.7886 30.4034 7.48497
      vertex 48.7886 30.4034 10
    endloop
  endfacet
  facet normal -0.0653646 0.997861 0
    outer loop
      vertex 48.7886 30.4034 7.48497
      vertex 49.5 30.45 10
      vertex 49.5 30.45 6.5
    endloop
  endfacet
  facet normal 0.321525 0.946901 0
    outer loop
      vertex 51.5856 30.0351 10
      vertex 50.9106 30.2643 4.54691
      vertex 50.9106 30.2643 10
    endloop
  endfacet
  facet normal 0.321525 0.946901 -0
    outer loop
      vertex 51.5856 30.0351 4.5
      vertex 50.9106 30.2643 4.54691
      vertex 51.5856 30.0351 10
    endloop
  endfacet
  facet normal 0.321495 0.946911 -0.000489217
    outer loop
      vertex 50.9106 30.2643 4.54691
      vertex 51.5856 30.0351 4.5
      vertex 50.9444 30.2528 4.5
    endloop
  endfacet
  facet normal 0.195118 -0.98078 0
    outer loop
      vertex 50.2114 19.5966 5.51503
      vertex 50.9106 19.7357 10
      vertex 50.2114 19.5966 10
    endloop
  endfacet
  facet normal 0.195118 -0.98078 0
    outer loop
      vertex 50.9106 19.7357 10
      vertex 50.2114 19.5966 5.51503
      vertex 50.9106 19.7357 4.54691
    endloop
  endfacet
  facet normal 0.946901 0.321525 0
    outer loop
      vertex 54.7643 26.4106 10
      vertex 54.5351 27.0856 4.5
      vertex 54.5351 27.0856 10
    endloop
  endfacet
  facet normal 0.946901 0.321525 0
    outer loop
      vertex 54.5351 27.0856 4.5
      vertex 54.7643 26.4106 10
      vertex 54.7643 26.4106 4.5
    endloop
  endfacet
  facet normal 0.831489 -0.555542 0
    outer loop
      vertex 53.8238 21.6823 10
      vertex 54.2198 22.275 4.5
      vertex 54.2198 22.275 10
    endloop
  endfacet
  facet normal 0.831489 -0.555542 0
    outer loop
      vertex 54.2198 22.275 4.5
      vertex 53.8238 21.6823 10
      vertex 53.8238 21.6823 4.5
    endloop
  endfacet
  facet normal 0.0653646 0.997861 0
    outer loop
      vertex 50.2114 30.4034 10
      vertex 49.5 30.45 6.5
      vertex 49.5 30.45 10
    endloop
  endfacet
  facet normal 0.0653646 0.997861 0
    outer loop
      vertex 49.5 30.45 6.5
      vertex 50.2114 30.4034 10
      vertex 50.2114 30.4034 5.51503
    endloop
  endfacet
  facet normal 0.195118 0.98078 0
    outer loop
      vertex 50.9106 30.2643 10
      vertex 50.2114 30.4034 5.51503
      vertex 50.2114 30.4034 10
    endloop
  endfacet
  facet normal 0.195118 0.98078 0
    outer loop
      vertex 50.2114 30.4034 5.51503
      vertex 50.9106 30.2643 10
      vertex 50.9106 30.2643 4.54691
    endloop
  endfacet
  facet normal 0.321525 -0.946901 0
    outer loop
      vertex 50.9106 19.7357 4.54691
      vertex 51.5856 19.9649 10
      vertex 50.9106 19.7357 10
    endloop
  endfacet
  facet normal 0.321495 -0.946911 -0.000489217
    outer loop
      vertex 51.5856 19.9649 4.5
      vertex 50.9106 19.7357 4.54691
      vertex 50.9444 19.7472 4.5
    endloop
  endfacet
  facet normal 0.321525 -0.946901 0
    outer loop
      vertex 50.9106 19.7357 4.54691
      vertex 51.5856 19.9649 4.5
      vertex 51.5856 19.9649 10
    endloop
  endfacet
  facet normal -0 0 1
    outer loop
      vertex 52.7939 25.093 10
      vertex 54.95 25 10
      vertex 54.9034 25.7114 10
    endloop
  endfacet
  facet normal -0 0 1
    outer loop
      vertex 52.7057 25.7627 10
      vertex 54.9034 25.7114 10
      vertex 54.7643 26.4106 10
    endloop
  endfacet
  facet normal 0 0 1
    outer loop
      vertex 54.95 25 10
      vertex 52.7939 25.093 10
      vertex 52.8 25 10
    endloop
  endfacet
  facet normal 0 0 1
    outer loop
      vertex 52.6576 25.9424 10
      vertex 54.7643 26.4106 10
      vertex 54.5351 27.0856 10
    endloop
  endfacet
  facet normal 0 0 1
    outer loop
      vertex 52.7939 24.907 10
      vertex 54.95 25 10
      vertex 52.8 25 10
    endloop
  endfacet
  facet normal 0 0 1
    outer loop
      vertex 52.3991 26.5664 10
      vertex 54.5351 27.0856 10
      vertex 54.2198 27.725 10
    endloop
  endfacet
  facet normal 0 0 1
    outer loop
      vertex 54.95 25 10
      vertex 52.7939 24.907 10
      vertex 54.9034 24.2886 10
    endloop
  endfacet
  facet normal 0 0 1
    outer loop
      vertex 52.3061 26.7275 10
      vertex 54.2198 27.725 10
      vertex 53.8238 28.3177 10
    endloop
  endfacet
  facet normal -0 0 1
    outer loop
      vertex 52.7718 24.5693 10
      vertex 54.9034 24.2886 10
      vertex 52.7939 24.907 10
    endloop
  endfacet
  facet normal 0 0 1
    outer loop
      vertex 51.8949 27.2634 10
      vertex 53.8238 28.3177 10
      vertex 53.3537 28.8537 10
    endloop
  endfacet
  facet normal 0 0 1
    outer loop
      vertex 52.7057 24.2373 10
      vertex 54.9034 24.2886 10
      vertex 52.7718 24.5693 10
    endloop
  endfacet
  facet normal 0 0 1
    outer loop
      vertex 51.7634 27.3949 10
      vertex 53.3537 28.8537 10
      vertex 52.8177 29.3238 10
    endloop
  endfacet
  facet normal -0 0 1
    outer loop
      vertex 52.6876 24.1459 10
      vertex 54.7643 23.5894 10
      vertex 52.7057 24.2373 10
    endloop
  endfacet
  facet normal -0 0 1
    outer loop
      vertex 52.6576 24.0576 10
      vertex 54.7643 23.5894 10
      vertex 52.6876 24.1459 10
    endloop
  endfacet
  facet normal 0 0 1
    outer loop
      vertex 54.9034 24.2886 10
      vertex 52.7057 24.2373 10
      vertex 54.7643 23.5894 10
    endloop
  endfacet
  facet normal 0 0 1
    outer loop
      vertex 54.9034 25.7114 10
      vertex 52.7718 25.4307 10
      vertex 52.7939 25.093 10
    endloop
  endfacet
  facet normal 0 0 1
    outer loop
      vertex 54.9034 25.7114 10
      vertex 52.7057 25.7627 10
      vertex 52.7718 25.4307 10
    endloop
  endfacet
  facet normal 0 0 1
    outer loop
      vertex 54.7643 26.4106 10
      vertex 52.6876 25.8541 10
      vertex 52.7057 25.7627 10
    endloop
  endfacet
  facet normal 0 0 1
    outer loop
      vertex 54.7643 26.4106 10
      vertex 52.6576 25.9424 10
      vertex 52.6876 25.8541 10
    endloop
  endfacet
  facet normal 0 0 1
    outer loop
      vertex 54.5351 27.0856 10
      vertex 52.5488 26.2629 10
      vertex 52.6576 25.9424 10
    endloop
  endfacet
  facet normal 0 0 1
    outer loop
      vertex 54.5351 27.0856 10
      vertex 52.3991 26.5664 10
      vertex 52.5488 26.2629 10
    endloop
  endfacet
  facet normal 0 0 1
    outer loop
      vertex 54.2198 27.725 10
      vertex 52.3579 26.65 10
      vertex 52.3991 26.5664 10
    endloop
  endfacet
  facet normal 0 0 1
    outer loop
      vertex 54.2198 27.725 10
      vertex 52.3061 26.7275 10
      vertex 52.3579 26.65 10
    endloop
  endfacet
  facet normal 0 0 1
    outer loop
      vertex 51.2275 27.8061 10
      vertex 52.8177 29.3238 10
      vertex 52.225 29.7198 10
    endloop
  endfacet
  facet normal 0 0 1
    outer loop
      vertex 53.8238 28.3177 10
      vertex 52.1181 27.0089 10
      vertex 52.3061 26.7275 10
    endloop
  endfacet
  facet normal 0 0 1
    outer loop
      vertex 53.8238 28.3177 10
      vertex 51.8949 27.2634 10
      vertex 52.1181 27.0089 10
    endloop
  endfacet
  facet normal 0 0 1
    outer loop
      vertex 53.3537 28.8537 10
      vertex 51.8335 27.3335 10
      vertex 51.8949 27.2634 10
    endloop
  endfacet
  facet normal 0 0 1
    outer loop
      vertex 53.3537 28.8537 10
      vertex 51.7634 27.3949 10
      vertex 51.8335 27.3335 10
    endloop
  endfacet
  facet normal 0 0 1
    outer loop
      vertex 51.0664 27.8991 10
      vertex 52.225 29.7198 10
      vertex 51.5856 30.0351 10
    endloop
  endfacet
  facet normal 0 0 1
    outer loop
      vertex 52.8177 29.3238 10
      vertex 51.5089 27.6181 10
      vertex 51.7634 27.3949 10
    endloop
  endfacet
  facet normal 0 0 1
    outer loop
      vertex 52.8177 29.3238 10
      vertex 51.2275 27.8061 10
      vertex 51.5089 27.6181 10
    endloop
  endfacet
  facet normal 0 0 1
    outer loop
      vertex 52.225 29.7198 10
      vertex 51.15 27.8579 10
      vertex 51.2275 27.8061 10
    endloop
  endfacet
  facet normal 0 0 1
    outer loop
      vertex 52.225 29.7198 10
      vertex 51.0664 27.8991 10
      vertex 51.15 27.8579 10
    endloop
  endfacet
  facet normal 0 0 1
    outer loop
      vertex 50.4424 28.1576 10
      vertex 51.5856 30.0351 10
      vertex 50.9106 30.2643 10
    endloop
  endfacet
  facet normal 0 0 1
    outer loop
      vertex 51.5856 30.0351 10
      vertex 50.7629 28.0488 10
      vertex 51.0664 27.8991 10
    endloop
  endfacet
  facet normal 0 0 1
    outer loop
      vertex 51.5856 30.0351 10
      vertex 50.4424 28.1576 10
      vertex 50.7629 28.0488 10
    endloop
  endfacet
  facet normal 0 0 1
    outer loop
      vertex 50.9106 30.2643 10
      vertex 50.3541 28.1876 10
      vertex 50.4424 28.1576 10
    endloop
  endfacet
  facet normal 0 0 1
    outer loop
      vertex 50.9106 30.2643 10
      vertex 50.2627 28.2057 10
      vertex 50.3541 28.1876 10
    endloop
  endfacet
  facet normal 0 0 1
    outer loop
      vertex 50.2114 30.4034 10
      vertex 50.2627 28.2057 10
      vertex 50.9106 30.2643 10
    endloop
  endfacet
  facet normal 0 0 1
    outer loop
      vertex 50.2114 30.4034 10
      vertex 49.9307 28.2718 10
      vertex 50.2627 28.2057 10
    endloop
  endfacet
  facet normal 0 0 1
    outer loop
      vertex 50.2114 30.4034 10
      vertex 49.593 28.2939 10
      vertex 49.9307 28.2718 10
    endloop
  endfacet
  facet normal 0 0 1
    outer loop
      vertex 49.5 30.45 10
      vertex 49.593 28.2939 10
      vertex 50.2114 30.4034 10
    endloop
  endfacet
  facet normal 0 0 1
    outer loop
      vertex 49.5 30.45 10
      vertex 49.5 28.3 10
      vertex 49.593 28.2939 10
    endloop
  endfacet
  facet normal 0 0 1
    outer loop
      vertex 49.5 30.45 10
      vertex 49.407 28.2939 10
      vertex 49.5 28.3 10
    endloop
  endfacet
  facet normal -0 0 1
    outer loop
      vertex 48.7886 30.4034 10
      vertex 49.407 28.2939 10
      vertex 49.5 30.45 10
    endloop
  endfacet
  facet normal 0 0 1
    outer loop
      vertex 49.407 28.2939 10
      vertex 48.7886 30.4034 10
      vertex 49.0693 28.2718 10
    endloop
  endfacet
  facet normal 0 0 1
    outer loop
      vertex 48.7886 30.4034 10
      vertex 48.7373 28.2057 10
      vertex 49.0693 28.2718 10
    endloop
  endfacet
  facet normal -0 0 1
    outer loop
      vertex 48.0894 30.2643 10
      vertex 48.7373 28.2057 10
      vertex 48.7886 30.4034 10
    endloop
  endfacet
  facet normal 0 0 1
    outer loop
      vertex 48.7373 28.2057 10
      vertex 48.0894 30.2643 10
      vertex 48.6459 28.1876 10
    endloop
  endfacet
  facet normal 0 0 1
    outer loop
      vertex 48.6459 28.1876 10
      vertex 48.0894 30.2643 10
      vertex 48.5576 28.1576 10
    endloop
  endfacet
  facet normal -0 0 1
    outer loop
      vertex 47.4144 30.0351 10
      vertex 48.5576 28.1576 10
      vertex 48.0894 30.2643 10
    endloop
  endfacet
  facet normal 0 0 1
    outer loop
      vertex 48.5576 28.1576 10
      vertex 47.4144 30.0351 10
      vertex 48.2371 28.0488 10
    endloop
  endfacet
  facet normal -0 0 1
    outer loop
      vertex 46.9722 29.8171 10
      vertex 48.2371 28.0488 10
      vertex 47.4144 30.0351 10
    endloop
  endfacet
  facet normal 0 0 1
    outer loop
      vertex 48.2371 28.0488 10
      vertex 46.9722 29.8171 10
      vertex 47.9336 27.8991 10
    endloop
  endfacet
  facet normal 0 0 1
    outer loop
      vertex 47.9336 27.8991 10
      vertex 46.9722 29.8171 10
      vertex 47.85 27.8579 10
    endloop
  endfacet
  facet normal 0 0 1
    outer loop
      vertex 47.85 27.8579 10
      vertex 46.9722 29.8171 10
      vertex 47.7725 27.8061 10
    endloop
  endfacet
  facet normal 0 0 1
    outer loop
      vertex 47.7725 27.8061 10
      vertex 46.9722 29.8171 10
      vertex 47.4911 27.6181 10
    endloop
  endfacet
  facet normal 0 0 1
    outer loop
      vertex 47.4911 27.6181 10
      vertex 46.9722 29.8171 10
      vertex 47.2366 27.3949 10
    endloop
  endfacet
  facet normal 0 0 1
    outer loop
      vertex 47.2366 27.3949 10
      vertex 46.9722 29.8171 10
      vertex 47.1665 27.3335 10
    endloop
  endfacet
  facet normal 0 0 1
    outer loop
      vertex 47.1665 27.3335 10
      vertex 46.9722 29.8171 10
      vertex 47.1051 27.2634 10
    endloop
  endfacet
  facet normal 0 0 1
    outer loop
      vertex 47.1051 27.2634 10
      vertex 46.9722 29.8171 10
      vertex 46.9722 27.1119 10
    endloop
  endfacet
  facet normal 0 0 1
    outer loop
      vertex 54.7643 23.5894 10
      vertex 52.6576 24.0576 10
      vertex 54.5351 22.9144 10
    endloop
  endfacet
  facet normal -0 0 1
    outer loop
      vertex 52.5488 23.7371 10
      vertex 54.5351 22.9144 10
      vertex 52.6576 24.0576 10
    endloop
  endfacet
  facet normal -0 0 1
    outer loop
      vertex 52.3991 23.4336 10
      vertex 54.5351 22.9144 10
      vertex 52.5488 23.7371 10
    endloop
  endfacet
  facet normal 0 0 1
    outer loop
      vertex 54.5351 22.9144 10
      vertex 52.3991 23.4336 10
      vertex 54.2198 22.275 10
    endloop
  endfacet
  facet normal -0 0 1
    outer loop
      vertex 52.3579 23.35 10
      vertex 54.2198 22.275 10
      vertex 52.3991 23.4336 10
    endloop
  endfacet
  facet normal -0 0 1
    outer loop
      vertex 52.3061 23.2725 10
      vertex 54.2198 22.275 10
      vertex 52.3579 23.35 10
    endloop
  endfacet
  facet normal 0 0 1
    outer loop
      vertex 54.2198 22.275 10
      vertex 52.3061 23.2725 10
      vertex 53.8238 21.6823 10
    endloop
  endfacet
  facet normal -0 0 1
    outer loop
      vertex 52.1181 22.9911 10
      vertex 53.8238 21.6823 10
      vertex 52.3061 23.2725 10
    endloop
  endfacet
  facet normal -0 0 1
    outer loop
      vertex 51.8949 22.7366 10
      vertex 53.8238 21.6823 10
      vertex 52.1181 22.9911 10
    endloop
  endfacet
  facet normal 0 0 1
    outer loop
      vertex 53.8238 21.6823 10
      vertex 51.8949 22.7366 10
      vertex 53.3537 21.1463 10
    endloop
  endfacet
  facet normal -0 0 1
    outer loop
      vertex 51.8335 22.6665 10
      vertex 53.3537 21.1463 10
      vertex 51.8949 22.7366 10
    endloop
  endfacet
  facet normal -0 0 1
    outer loop
      vertex 51.7634 22.6051 10
      vertex 53.3537 21.1463 10
      vertex 51.8335 22.6665 10
    endloop
  endfacet
  facet normal 0 0 1
    outer loop
      vertex 53.3537 21.1463 10
      vertex 51.7634 22.6051 10
      vertex 52.8177 20.6762 10
    endloop
  endfacet
  facet normal -0 0 1
    outer loop
      vertex 51.5089 22.3819 10
      vertex 52.8177 20.6762 10
      vertex 51.7634 22.6051 10
    endloop
  endfacet
  facet normal -0 0 1
    outer loop
      vertex 51.2275 22.1939 10
      vertex 52.8177 20.6762 10
      vertex 51.5089 22.3819 10
    endloop
  endfacet
  facet normal 0 0 1
    outer loop
      vertex 52.8177 20.6762 10
      vertex 51.2275 22.1939 10
      vertex 52.225 20.2802 10
    endloop
  endfacet
  facet normal -0 0 1
    outer loop
      vertex 51.15 22.1421 10
      vertex 52.225 20.2802 10
      vertex 51.2275 22.1939 10
    endloop
  endfacet
  facet normal -0 0 1
    outer loop
      vertex 51.0664 22.1009 10
      vertex 52.225 20.2802 10
      vertex 51.15 22.1421 10
    endloop
  endfacet
  facet normal 0 0 1
    outer loop
      vertex 52.225 20.2802 10
      vertex 51.0664 22.1009 10
      vertex 51.5856 19.9649 10
    endloop
  endfacet
  facet normal -0 0 1
    outer loop
      vertex 50.7629 21.9512 10
      vertex 51.5856 19.9649 10
      vertex 51.0664 22.1009 10
    endloop
  endfacet
  facet normal -0 0 1
    outer loop
      vertex 50.4424 21.8424 10
      vertex 51.5856 19.9649 10
      vertex 50.7629 21.9512 10
    endloop
  endfacet
  facet normal 0 0 1
    outer loop
      vertex 51.5856 19.9649 10
      vertex 50.4424 21.8424 10
      vertex 50.9106 19.7357 10
    endloop
  endfacet
  facet normal -0 0 1
    outer loop
      vertex 50.3541 21.8124 10
      vertex 50.9106 19.7357 10
      vertex 50.4424 21.8424 10
    endloop
  endfacet
  facet normal -0 0 1
    outer loop
      vertex 50.2627 21.7943 10
      vertex 50.9106 19.7357 10
      vertex 50.3541 21.8124 10
    endloop
  endfacet
  facet normal 0 0 1
    outer loop
      vertex 50.2627 21.7943 10
      vertex 50.2114 19.5966 10
      vertex 50.9106 19.7357 10
    endloop
  endfacet
  facet normal -0 0 1
    outer loop
      vertex 49.9307 21.7282 10
      vertex 50.2114 19.5966 10
      vertex 50.2627 21.7943 10
    endloop
  endfacet
  facet normal -0 0 1
    outer loop
      vertex 49.593 21.7061 10
      vertex 50.2114 19.5966 10
      vertex 49.9307 21.7282 10
    endloop
  endfacet
  facet normal 0 0 1
    outer loop
      vertex 49.5 19.55 10
      vertex 49.593 21.7061 10
      vertex 49.5 21.7 10
    endloop
  endfacet
  facet normal 0 0 1
    outer loop
      vertex 49.593 21.7061 10
      vertex 49.5 19.55 10
      vertex 50.2114 19.5966 10
    endloop
  endfacet
  facet normal 0 0 1
    outer loop
      vertex 49.407 21.7061 10
      vertex 49.5 19.55 10
      vertex 49.5 21.7 10
    endloop
  endfacet
  facet normal 0 0 1
    outer loop
      vertex 48.7886 19.5966 10
      vertex 49.407 21.7061 10
      vertex 49.0693 21.7282 10
    endloop
  endfacet
  facet normal 0 0 1
    outer loop
      vertex 49.407 21.7061 10
      vertex 48.7886 19.5966 10
      vertex 49.5 19.55 10
    endloop
  endfacet
  facet normal 0 0 1
    outer loop
      vertex 48.7373 21.7943 10
      vertex 48.7886 19.5966 10
      vertex 49.0693 21.7282 10
    endloop
  endfacet
  facet normal 0 0 1
    outer loop
      vertex 48.0894 19.7357 10
      vertex 48.7373 21.7943 10
      vertex 48.6459 21.8124 10
    endloop
  endfacet
  facet normal 0 0 1
    outer loop
      vertex 48.0894 19.7357 10
      vertex 48.6459 21.8124 10
      vertex 48.5576 21.8424 10
    endloop
  endfacet
  facet normal 0 0 1
    outer loop
      vertex 47.4144 19.9649 10
      vertex 48.5576 21.8424 10
      vertex 48.2371 21.9512 10
    endloop
  endfacet
  facet normal 0 0 1
    outer loop
      vertex 48.7373 21.7943 10
      vertex 48.0894 19.7357 10
      vertex 48.7886 19.5966 10
    endloop
  endfacet
  facet normal 0 0 1
    outer loop
      vertex 46.9722 20.1829 10
      vertex 48.2371 21.9512 10
      vertex 47.9336 22.1009 10
    endloop
  endfacet
  facet normal 0 0 1
    outer loop
      vertex 46.9722 20.1829 10
      vertex 47.9336 22.1009 10
      vertex 47.85 22.1421 10
    endloop
  endfacet
  facet normal 0 0 1
    outer loop
      vertex 46.9722 20.1829 10
      vertex 47.85 22.1421 10
      vertex 47.7725 22.1939 10
    endloop
  endfacet
  facet normal 0 0 1
    outer loop
      vertex 46.9722 20.1829 10
      vertex 47.7725 22.1939 10
      vertex 47.4911 22.3819 10
    endloop
  endfacet
  facet normal 0 0 1
    outer loop
      vertex 48.5576 21.8424 10
      vertex 47.4144 19.9649 10
      vertex 48.0894 19.7357 10
    endloop
  endfacet
  facet normal 0 0 1
    outer loop
      vertex 46.9722 20.1829 10
      vertex 47.4911 22.3819 10
      vertex 47.2366 22.6051 10
    endloop
  endfacet
  facet normal 0 0 1
    outer loop
      vertex 46.9722 20.1829 10
      vertex 47.2366 22.6051 10
      vertex 47.1665 22.6665 10
    endloop
  endfacet
  facet normal 0 0 1
    outer loop
      vertex 46.9722 20.1829 10
      vertex 47.1665 22.6665 10
      vertex 47.1051 22.7366 10
    endloop
  endfacet
  facet normal 0 0 1
    outer loop
      vertex 46.9722 20.1829 10
      vertex 47.1051 22.7366 10
      vertex 46.9722 22.8881 10
    endloop
  endfacet
  facet normal 0 0 1
    outer loop
      vertex 48.2371 21.9512 10
      vertex 46.9722 20.1829 10
      vertex 47.4144 19.9649 10
    endloop
  endfacet
  facet normal -0.442176 0.896928 0
    outer loop
      vertex 47.4144 30.0351 9.38779
      vertex 46.9722 29.8171 10
      vertex 47.4144 30.0351 10
    endloop
  endfacet
  facet normal 0.896882 0.442269 0
    outer loop
      vertex 54.5351 27.0856 10
      vertex 54.2198 27.725 4.5
      vertex 54.2198 27.725 10
    endloop
  endfacet
  facet normal 0.896882 0.442269 0
    outer loop
      vertex 54.2198 27.725 4.5
      vertex 54.5351 27.0856 10
      vertex 54.5351 27.0856 4.5
    endloop
  endfacet
  facet normal 0.0653646 -0.997861 0
    outer loop
      vertex 49.5 19.55 6.5
      vertex 50.2114 19.5966 10
      vertex 49.5 19.55 10
    endloop
  endfacet
  facet normal 0.0653646 -0.997861 0
    outer loop
      vertex 50.2114 19.5966 10
      vertex 49.5 19.55 6.5
      vertex 50.2114 19.5966 5.51503
    endloop
  endfacet
  facet normal 0.946901 -0.321525 0
    outer loop
      vertex 54.5351 22.9144 10
      vertex 54.7643 23.5894 4.5
      vertex 54.7643 23.5894 10
    endloop
  endfacet
  facet normal 0.946901 -0.321525 0
    outer loop
      vertex 54.7643 23.5894 4.5
      vertex 54.5351 22.9144 10
      vertex 54.5351 22.9144 4.5
    endloop
  endfacet
  facet normal 0.997861 -0.0653646 0
    outer loop
      vertex 54.9034 24.2886 10
      vertex 54.95 25 4.5
      vertex 54.95 25 10
    endloop
  endfacet
  facet normal 0.997861 -0.0653646 0
    outer loop
      vertex 54.95 25 4.5
      vertex 54.9034 24.2886 10
      vertex 54.9034 24.2886 4.5
    endloop
  endfacet
  facet normal 0.442269 0.896882 -0
    outer loop
      vertex 52.225 29.7198 4.5
      vertex 51.5856 30.0351 10
      vertex 52.225 29.7198 10
    endloop
  endfacet
  facet normal 0.442269 0.896882 0
    outer loop
      vertex 51.5856 30.0351 10
      vertex 52.225 29.7198 4.5
      vertex 51.5856 30.0351 4.5
    endloop
  endfacet
  facet normal 0.831489 0.555542 0
    outer loop
      vertex 54.2198 27.725 10
      vertex 53.8238 28.3177 4.5
      vertex 53.8238 28.3177 10
    endloop
  endfacet
  facet normal 0.831489 0.555542 0
    outer loop
      vertex 53.8238 28.3177 4.5
      vertex 54.2198 27.725 10
      vertex 54.2198 27.725 4.5
    endloop
  endfacet
  facet normal -0.0653646 -0.997861 0
    outer loop
      vertex 48.7886 19.5966 7.48497
      vertex 49.5 19.55 10
      vertex 48.7886 19.5966 10
    endloop
  endfacet
  facet normal -0.0653646 -0.997861 -0
    outer loop
      vertex 49.5 19.55 10
      vertex 48.7886 19.5966 7.48497
      vertex 49.5 19.55 6.5
    endloop
  endfacet
  facet normal -0.321525 0.946901 0
    outer loop
      vertex 48.0894 30.2643 10
      vertex 47.4144 30.0351 9.38779
      vertex 47.4144 30.0351 10
    endloop
  endfacet
  facet normal -0.321525 0.946901 0
    outer loop
      vertex 47.4144 30.0351 9.38779
      vertex 48.0894 30.2643 10
      vertex 48.0894 30.2643 8.45309
    endloop
  endfacet
  facet normal -0.195118 0.98078 0
    outer loop
      vertex 48.7886 30.4034 10
      vertex 48.0894 30.2643 8.45309
      vertex 48.0894 30.2643 10
    endloop
  endfacet
  facet normal -0.195118 0.98078 0
    outer loop
      vertex 48.0894 30.2643 8.45309
      vertex 48.7886 30.4034 10
      vertex 48.7886 30.4034 7.48497
    endloop
  endfacet
  facet normal 0.555542 0.831489 -0
    outer loop
      vertex 52.8177 29.3238 4.5
      vertex 52.225 29.7198 10
      vertex 52.8177 29.3238 10
    endloop
  endfacet
  facet normal 0.555542 0.831489 0
    outer loop
      vertex 52.225 29.7198 10
      vertex 52.8177 29.3238 4.5
      vertex 52.225 29.7198 4.5
    endloop
  endfacet
  facet normal 0.896882 -0.442269 0
    outer loop
      vertex 54.2198 22.275 10
      vertex 54.5351 22.9144 4.5
      vertex 54.5351 22.9144 10
    endloop
  endfacet
  facet normal 0.896882 -0.442269 0
    outer loop
      vertex 54.5351 22.9144 4.5
      vertex 54.2198 22.275 10
      vertex 54.2198 22.275 4.5
    endloop
  endfacet
  facet normal 0.659378 0.751812 -0
    outer loop
      vertex 53.3537 28.8537 4.5
      vertex 52.8177 29.3238 10
      vertex 53.3537 28.8537 10
    endloop
  endfacet
  facet normal 0.659378 0.751812 0
    outer loop
      vertex 52.8177 29.3238 10
      vertex 53.3537 28.8537 4.5
      vertex 52.8177 29.3238 4.5
    endloop
  endfacet
  facet normal 0.442269 -0.896882 0
    outer loop
      vertex 51.5856 19.9649 4.5
      vertex 52.225 20.2802 10
      vertex 51.5856 19.9649 10
    endloop
  endfacet
  facet normal 0.442269 -0.896882 0
    outer loop
      vertex 52.225 20.2802 10
      vertex 51.5856 19.9649 4.5
      vertex 52.225 20.2802 4.5
    endloop
  endfacet
  facet normal -0.195118 -0.98078 0
    outer loop
      vertex 48.0894 19.7357 8.45309
      vertex 48.7886 19.5966 10
      vertex 48.0894 19.7357 10
    endloop
  endfacet
  facet normal -0.195118 -0.98078 -0
    outer loop
      vertex 48.7886 19.5966 10
      vertex 48.0894 19.7357 8.45309
      vertex 48.7886 19.5966 7.48497
    endloop
  endfacet
  facet normal 0.751812 0.659378 0
    outer loop
      vertex 53.8238 28.3177 10
      vertex 53.3537 28.8537 4.5
      vertex 53.3537 28.8537 10
    endloop
  endfacet
  facet normal 0.751812 0.659378 0
    outer loop
      vertex 53.3537 28.8537 4.5
      vertex 53.8238 28.3177 10
      vertex 53.8238 28.3177 4.5
    endloop
  endfacet
  facet normal -0.442176 -0.896928 -0
    outer loop
      vertex 47.4144 19.9649 10
      vertex 46.9722 20.1829 10
      vertex 47.4144 19.9649 9.38779
    endloop
  endfacet
  facet normal 0.555542 -0.831489 0
    outer loop
      vertex 52.225 20.2802 4.5
      vertex 52.8177 20.6762 10
      vertex 52.225 20.2802 10
    endloop
  endfacet
  facet normal 0.555542 -0.831489 0
    outer loop
      vertex 52.8177 20.6762 10
      vertex 52.225 20.2802 4.5
      vertex 52.8177 20.6762 4.5
    endloop
  endfacet
  facet normal -0.321525 -0.946901 0
    outer loop
      vertex 47.4144 19.9649 9.38779
      vertex 48.0894 19.7357 10
      vertex 47.4144 19.9649 10
    endloop
  endfacet
  facet normal -0.321525 -0.946901 -0
    outer loop
      vertex 48.0894 19.7357 10
      vertex 47.4144 19.9649 9.38779
      vertex 48.0894 19.7357 8.45309
    endloop
  endfacet
  facet normal 0 1 0
    outer loop
      vertex 39.75 37 34.5
      vertex 37.88 37 34.2317
      vertex 37.88 37 34.5
    endloop
  endfacet
  facet normal 0 1 0
    outer loop
      vertex 39.75 37 34.5
      vertex 37.8629 37 33.4684
      vertex 37.88 37 34.2317
    endloop
  endfacet
  facet normal 0 1 0
    outer loop
      vertex 39.75 37 34.5
      vertex 37.8502 37 33.2817
      vertex 37.8629 37 33.4684
    endloop
  endfacet
  facet normal 0 1 0
    outer loop
      vertex 39.75 37 34.5
      vertex 37.8119 37 32.7182
      vertex 37.8502 37 33.2817
    endloop
  endfacet
  facet normal 0 1 0
    outer loop
      vertex 39.75 37 34.5
      vertex 37.7278 37 31.9939
      vertex 37.8119 37 32.7182
    endloop
  endfacet
  facet normal 0 1 0
    outer loop
      vertex 39.75 37 34.5
      vertex 37.6334 37 31.4345
      vertex 37.7278 37 31.9939
    endloop
  endfacet
  facet normal 0 1 0
    outer loop
      vertex 39.75 37 34.5
      vertex 37.612 37 31.3079
      vertex 37.6334 37 31.4345
    endloop
  endfacet
  facet normal 0 1 0
    outer loop
      vertex 39.75 37 34.5
      vertex 37.5864 37 31.1958
      vertex 37.612 37 31.3079
    endloop
  endfacet
  facet normal 0 1 0
    outer loop
      vertex 39.75 37 34.5
      vertex 37.4667 37 30.6719
      vertex 37.5864 37 31.1958
    endloop
  endfacet
  facet normal 0 1 0
    outer loop
      vertex 39.75 37 34.5
      vertex 37.3185 37 30.1778
      vertex 37.4667 37 30.6719
    endloop
  endfacet
  facet normal 0 1 -0
    outer loop
      vertex 39.75 37 20
      vertex 37.3185 37 30.1778
      vertex 39.75 37 34.5
    endloop
  endfacet
  facet normal 0 1 0
    outer loop
      vertex 37.3185 37 30.1778
      vertex 39.75 37 20
      vertex 37.2942 37 30.0968
    endloop
  endfacet
  facet normal 0 1 0
    outer loop
      vertex 37.2942 37 30.0968
      vertex 39.75 37 20
      vertex 37.2675 37 30.0284
    endloop
  endfacet
  facet normal 0 1 0
    outer loop
      vertex 37.2675 37 30.0284
      vertex 39.75 37 20
      vertex 37.0975 37 29.5925
    endloop
  endfacet
  facet normal 0 1 0
    outer loop
      vertex 37.0975 37 29.5925
      vertex 39.75 37 20
      vertex 36.9033 37 29.2131
    endloop
  endfacet
  facet normal 0 1 0
    outer loop
      vertex 39.75 37 20
      vertex 36.6223 37 28.8063
      vertex 36.6454 37 28.8292
    endloop
  endfacet
  facet normal 0 1 0
    outer loop
      vertex 35.88 37 28.3841
      vertex 39.75 37 20
      vertex 23.62 37 28.3841
    endloop
  endfacet
  facet normal 0 1 0
    outer loop
      vertex 35.9005 37 28.388
      vertex 39.75 37 20
      vertex 35.88 37 28.3841
    endloop
  endfacet
  facet normal 0 1 0
    outer loop
      vertex 36.1411 37 28.4341
      vertex 39.75 37 20
      vertex 35.9005 37 28.388
    endloop
  endfacet
  facet normal 0 1 0
    outer loop
      vertex 36.3976 37 28.5833
      vertex 39.75 37 20
      vertex 36.1411 37 28.4341
    endloop
  endfacet
  facet normal 0 1 0
    outer loop
      vertex 36.6223 37 28.8063
      vertex 39.75 37 20
      vertex 36.3976 37 28.5833
    endloop
  endfacet
  facet normal 0 1 0
    outer loop
      vertex 36.88 37 29.1675
      vertex 39.75 37 20
      vertex 36.6454 37 28.8292
    endloop
  endfacet
  facet normal 0 1 0
    outer loop
      vertex 36.9033 37 29.2131
      vertex 39.75 37 20
      vertex 36.88 37 29.1675
    endloop
  endfacet
  facet normal 0 1 -0
    outer loop
      vertex 21.62 37 34.2317
      vertex 19.75 37 34.5
      vertex 21.62 37 34.5
    endloop
  endfacet
  facet normal 0 1 0
    outer loop
      vertex 21.6371 37 33.4684
      vertex 19.75 37 34.5
      vertex 21.62 37 34.2317
    endloop
  endfacet
  facet normal 0 1 0
    outer loop
      vertex 21.6498 37 33.2817
      vertex 19.75 37 34.5
      vertex 21.6371 37 33.4684
    endloop
  endfacet
  facet normal 0 1 0
    outer loop
      vertex 21.6881 37 32.7182
      vertex 19.75 37 34.5
      vertex 21.6498 37 33.2817
    endloop
  endfacet
  facet normal 0 1 0
    outer loop
      vertex 21.7722 37 31.9939
      vertex 19.75 37 34.5
      vertex 21.6881 37 32.7182
    endloop
  endfacet
  facet normal 0 1 0
    outer loop
      vertex 21.8666 37 31.4345
      vertex 19.75 37 34.5
      vertex 21.7722 37 31.9939
    endloop
  endfacet
  facet normal 0 1 0
    outer loop
      vertex 21.8879 37 31.3079
      vertex 19.75 37 34.5
      vertex 21.8666 37 31.4345
    endloop
  endfacet
  facet normal 0 1 0
    outer loop
      vertex 21.9136 37 31.1958
      vertex 19.75 37 34.5
      vertex 21.8879 37 31.3079
    endloop
  endfacet
  facet normal 0 1 0
    outer loop
      vertex 22.0333 37 30.6719
      vertex 19.75 37 34.5
      vertex 21.9136 37 31.1958
    endloop
  endfacet
  facet normal 0 1 0
    outer loop
      vertex 22.1815 37 30.1778
      vertex 19.75 37 34.5
      vertex 22.0333 37 30.6719
    endloop
  endfacet
  facet normal 0 1 0
    outer loop
      vertex 19.75 37 20
      vertex 22.1815 37 30.1778
      vertex 22.2058 37 30.0968
    endloop
  endfacet
  facet normal 0 1 0
    outer loop
      vertex 19.75 37 20
      vertex 22.2058 37 30.0968
      vertex 22.2325 37 30.0284
    endloop
  endfacet
  facet normal 0 1 0
    outer loop
      vertex 19.75 37 20
      vertex 22.2325 37 30.0284
      vertex 22.4025 37 29.5925
    endloop
  endfacet
  facet normal 0 1 0
    outer loop
      vertex 19.75 37 20
      vertex 22.4025 37 29.5925
      vertex 22.5967 37 29.2131
    endloop
  endfacet
  facet normal 0 1 0
    outer loop
      vertex 19.75 37 20
      vertex 22.5967 37 29.2131
      vertex 22.62 37 29.1675
    endloop
  endfacet
  facet normal 0 1 0
    outer loop
      vertex 19.75 37 20
      vertex 23.62 37 28.3841
      vertex 39.75 37 20
    endloop
  endfacet
  facet normal 0 1 0
    outer loop
      vertex 23.62 37 28.3841
      vertex 19.75 37 20
      vertex 23.5995 37 28.388
    endloop
  endfacet
  facet normal 0 1 0
    outer loop
      vertex 22.1815 37 30.1778
      vertex 19.75 37 20
      vertex 19.75 37 34.5
    endloop
  endfacet
  facet normal 0 1 0
    outer loop
      vertex 22.8546 37 28.8292
      vertex 19.75 37 20
      vertex 22.62 37 29.1675
    endloop
  endfacet
  facet normal 0 1 0
    outer loop
      vertex 22.8777 37 28.8063
      vertex 19.75 37 20
      vertex 22.8546 37 28.8292
    endloop
  endfacet
  facet normal 0 1 0
    outer loop
      vertex 23.1024 37 28.5833
      vertex 19.75 37 20
      vertex 22.8777 37 28.8063
    endloop
  endfacet
  facet normal 0 1 0
    outer loop
      vertex 23.3589 37 28.4341
      vertex 19.75 37 20
      vertex 23.1024 37 28.5833
    endloop
  endfacet
  facet normal 0 1 0
    outer loop
      vertex 23.5995 37 28.388
      vertex 19.75 37 20
      vertex 23.3589 37 28.4341
    endloop
  endfacet
  facet normal 0 1 0
    outer loop
      vertex 50.9444 37 4.5
      vertex 19.75 37 20
      vertex 39.75 37 20
    endloop
  endfacet
  facet normal 0 1 0
    outer loop
      vertex 19.75 37 20
      vertex 50.9444 37 4.5
      vertex 8.55556 37 4.5
    endloop
  endfacet
  facet normal 0 -1 0
    outer loop
      vertex 19.75 13 20
      vertex 39.75 13 34.5
      vertex 19.75 13 34.5
    endloop
  endfacet
  facet normal 0 -1 0
    outer loop
      vertex 19.75 13 20
      vertex 39.75 13 20
      vertex 39.75 13 34.5
    endloop
  endfacet
  facet normal 0 -1 0
    outer loop
      vertex 8.55556 13 4.5
      vertex 39.75 13 20
      vertex 19.75 13 20
    endloop
  endfacet
  facet normal 0 -1 -0
    outer loop
      vertex 39.75 13 20
      vertex 8.55556 13 4.5
      vertex 50.9444 13 4.5
    endloop
  endfacet
  facet normal -0.810765 0 0.585372
    outer loop
      vertex 12.5278 22.8881 10
      vertex 12.5278 20.1829 10
      vertex 12.6722 22.8258 10.2
    endloop
  endfacet
  facet normal -0.810765 0 0.585372
    outer loop
      vertex 12.5278 29.8171 10
      vertex 12.5278 27.1119 10
      vertex 12.6722 27.1742 10.2
    endloop
  endfacet
  facet normal -0.810679 0.000355392 0.58549
    outer loop
      vertex 8.55556 37 4.5
      vertex 19.3584 36.9743 19.4578
      vertex 19.75 37 20
    endloop
  endfacet
  facet normal -0.810679 0.000296686 0.58549
    outer loop
      vertex 8.55556 37 4.5
      vertex 18.9735 36.8978 18.9249
      vertex 19.3584 36.9743 19.4578
    endloop
  endfacet
  facet normal -0.81068 0.000113707 0.585489
    outer loop
      vertex 8.55556 37 4.5
      vertex 18.6019 36.7716 18.4104
      vertex 18.9735 36.8978 18.9249
    endloop
  endfacet
  facet normal -0.810682 -0.000164311 0.585486
    outer loop
      vertex 8.55556 37 4.5
      vertex 18.25 36.5981 17.9231
      vertex 18.6019 36.7716 18.4104
    endloop
  endfacet
  facet normal -0.81068 2.48801e-06 0.58549
    outer loop
      vertex 8.55556 37 4.5
      vertex 17.9237 36.3801 17.4713
      vertex 18.25 36.5981 17.9231
    endloop
  endfacet
  facet normal -0.810682 -7.8973e-05 0.585487
    outer loop
      vertex 8.55556 37 4.5
      vertex 17.6287 36.1213 17.0628
      vertex 17.9237 36.3801 17.4713
    endloop
  endfacet
  facet normal -0.810677 6.98762e-05 0.585494
    outer loop
      vertex 8.55556 37 4.5
      vertex 17.3699 35.8263 16.7045
      vertex 17.6287 36.1213 17.0628
    endloop
  endfacet
  facet normal -0.810676 7.72415e-05 0.585495
    outer loop
      vertex 8.55556 37 4.5
      vertex 17.1519 35.5 16.4027
      vertex 17.3699 35.8263 16.7045
    endloop
  endfacet
  facet normal -0.810696 -0.000256853 0.585467
    outer loop
      vertex 8.55556 37 4.5
      vertex 16.9784 35.148 16.1623
      vertex 17.1519 35.5 16.4027
    endloop
  endfacet
  facet normal -0.810662 0.000200997 0.585515
    outer loop
      vertex 8.55556 37 4.5
      vertex 16.8522 34.7765 15.9877
      vertex 16.9784 35.148 16.1623
    endloop
  endfacet
  facet normal -0.81069 -0.000110497 0.585475
    outer loop
      vertex 8.55556 37 4.5
      vertex 16.7757 34.3916 15.8817
      vertex 16.8522 34.7765 15.9877
    endloop
  endfacet
  facet normal -0.810679 -3.12207e-06 0.585491
    outer loop
      vertex 11.4106 30.2643 8.45309
      vertex 16.7757 34.3916 15.8817
      vertex 8.55556 37 4.5
    endloop
  endfacet
  facet normal -0.810666 8.91622e-06 0.585509
    outer loop
      vertex 10.7114 30.4034 7.48497
      vertex 8.55556 37 4.5
      vertex 10 30.45 6.5
    endloop
  endfacet
  facet normal -0.810678 1.23039e-06 0.585492
    outer loop
      vertex 8.55556 37 4.5
      vertex 9.28863 30.4034 5.51503
      vertex 10 30.45 6.5
    endloop
  endfacet
  facet normal -0.810682 -1.12111e-07 0.585486
    outer loop
      vertex 8.55556 37 4.5
      vertex 8.58944 30.2643 4.54691
      vertex 9.28863 30.4034 5.51503
    endloop
  endfacet
  facet normal -0.810675 0 0.585497
    outer loop
      vertex 8.58944 30.2643 4.54691
      vertex 8.55556 37 4.5
      vertex 8.55556 30.2528 4.5
    endloop
  endfacet
  facet normal -0.810679 -2.82352e-06 0.585492
    outer loop
      vertex 11.4106 30.2643 8.45309
      vertex 8.55556 37 4.5
      vertex 10.7114 30.4034 7.48497
    endloop
  endfacet
  facet normal -0.810697 6.52036e-05 0.585466
    outer loop
      vertex 12.0856 30.0351 9.38779
      vertex 16.7757 34.3916 15.8817
      vertex 11.4106 30.2643 8.45309
    endloop
  endfacet
  facet normal -0.810719 0.00013406 0.585436
    outer loop
      vertex 16.7757 34.3916 15.8817
      vertex 12.0856 30.0351 9.38779
      vertex 16.75 34 15.8462
    endloop
  endfacet
  facet normal -0.81066 -6.69148e-05 0.585517
    outer loop
      vertex 12.5278 29.8171 10
      vertex 16.75 34 15.8462
      vertex 12.0856 30.0351 9.38779
    endloop
  endfacet
  facet normal -0.810687 1.23797e-05 0.58548
    outer loop
      vertex 12.6722 27.1742 10.2
      vertex 16.75 34 15.8462
      vertex 12.5278 29.8171 10
    endloop
  endfacet
  facet normal -0.810584 0 0.585623
    outer loop
      vertex 12.7529 25.7376 10.3117
      vertex 12.6722 27.1742 10.2
      vertex 12.6722 25.9753 10.2
    endloop
  endfacet
  facet normal -0.810865 -4.60771e-05 0.585234
    outer loop
      vertex 12.8256 25.372 10.4124
      vertex 12.6722 27.1742 10.2
      vertex 12.7529 25.7376 10.3117
    endloop
  endfacet
  facet normal -0.81068 -1.64571e-07 0.58549
    outer loop
      vertex 12.6722 27.1742 10.2
      vertex 12.8256 25.372 10.4124
      vertex 16.75 34 15.8462
    endloop
  endfacet
  facet normal -0.810696 2.10297e-05 0.585468
    outer loop
      vertex 12.85 25 10.4462
      vertex 16.75 34 15.8462
      vertex 12.8256 25.372 10.4124
    endloop
  endfacet
  facet normal -0.810696 -2.10297e-05 0.585468
    outer loop
      vertex 16.75 16 15.8462
      vertex 12.85 25 10.4462
      vertex 12.8256 24.628 10.4124
    endloop
  endfacet
  facet normal -0.810865 4.60771e-05 0.585234
    outer loop
      vertex 12.6722 22.8258 10.2
      vertex 12.8256 24.628 10.4124
      vertex 12.7529 24.2624 10.3117
    endloop
  endfacet
  facet normal -0.810584 0 0.585623
    outer loop
      vertex 12.6722 22.8258 10.2
      vertex 12.7529 24.2624 10.3117
      vertex 12.6722 24.0247 10.2
    endloop
  endfacet
  facet normal -0.81068 1.64571e-07 0.58549
    outer loop
      vertex 12.8256 24.628 10.4124
      vertex 12.6722 22.8258 10.2
      vertex 16.75 16 15.8462
    endloop
  endfacet
  facet normal -0.810687 -1.23797e-05 0.58548
    outer loop
      vertex 16.75 16 15.8462
      vertex 12.6722 22.8258 10.2
      vertex 12.5278 20.1829 10
    endloop
  endfacet
  facet normal -0.810679 0 0.585491
    outer loop
      vertex 12.85 25 10.4462
      vertex 16.75 16 15.8462
      vertex 16.75 34 15.8462
    endloop
  endfacet
  facet normal -0.81066 6.69148e-05 0.585517
    outer loop
      vertex 12.0856 19.9649 9.38779
      vertex 16.75 16 15.8462
      vertex 12.5278 20.1829 10
    endloop
  endfacet
  facet normal -0.810697 -6.52036e-05 0.585466
    outer loop
      vertex 16.7757 15.6084 15.8817
      vertex 12.0856 19.9649 9.38779
      vertex 11.4106 19.7357 8.45309
    endloop
  endfacet
  facet normal -0.810679 2.82352e-06 0.585492
    outer loop
      vertex 8.55556 13 4.5
      vertex 11.4106 19.7357 8.45309
      vertex 10.7114 19.5966 7.48497
    endloop
  endfacet
  facet normal -0.810666 -8.91622e-06 0.585509
    outer loop
      vertex 8.55556 13 4.5
      vertex 10.7114 19.5966 7.48497
      vertex 10 19.55 6.5
    endloop
  endfacet
  facet normal -0.810678 -1.23039e-06 0.585492
    outer loop
      vertex 8.55556 13 4.5
      vertex 10 19.55 6.5
      vertex 9.28863 19.5966 5.51503
    endloop
  endfacet
  facet normal -0.810682 1.12111e-07 0.585486
    outer loop
      vertex 8.55556 13 4.5
      vertex 9.28863 19.5966 5.51503
      vertex 8.58944 19.7357 4.54691
    endloop
  endfacet
  facet normal -0.810675 0 0.585497
    outer loop
      vertex 8.55556 13 4.5
      vertex 8.58944 19.7357 4.54691
      vertex 8.55556 19.7472 4.5
    endloop
  endfacet
  facet normal -0.810679 3.12207e-06 0.585491
    outer loop
      vertex 11.4106 19.7357 8.45309
      vertex 8.55556 13 4.5
      vertex 16.7757 15.6084 15.8817
    endloop
  endfacet
  facet normal -0.810719 -0.00013406 0.585436
    outer loop
      vertex 12.0856 19.9649 9.38779
      vertex 16.7757 15.6084 15.8817
      vertex 16.75 16 15.8462
    endloop
  endfacet
  facet normal -0.81069 0.000110497 0.585475
    outer loop
      vertex 16.7757 15.6084 15.8817
      vertex 8.55556 13 4.5
      vertex 16.8522 15.2235 15.9877
    endloop
  endfacet
  facet normal -0.810662 -0.000200948 0.585515
    outer loop
      vertex 16.8522 15.2235 15.9877
      vertex 8.55556 13 4.5
      vertex 16.9784 14.8519 16.1623
    endloop
  endfacet
  facet normal -0.810696 0.00025692 0.585467
    outer loop
      vertex 16.9784 14.8519 16.1623
      vertex 8.55556 13 4.5
      vertex 17.1519 14.5 16.4027
    endloop
  endfacet
  facet normal -0.810676 -7.72415e-05 0.585495
    outer loop
      vertex 17.1519 14.5 16.4027
      vertex 8.55556 13 4.5
      vertex 17.3699 14.1737 16.7045
    endloop
  endfacet
  facet normal -0.810677 -6.98762e-05 0.585494
    outer loop
      vertex 17.3699 14.1737 16.7045
      vertex 8.55556 13 4.5
      vertex 17.6287 13.8787 17.0628
    endloop
  endfacet
  facet normal -0.810682 7.8973e-05 0.585487
    outer loop
      vertex 17.6287 13.8787 17.0628
      vertex 8.55556 13 4.5
      vertex 17.9237 13.6199 17.4713
    endloop
  endfacet
  facet normal -0.81068 -2.48801e-06 0.58549
    outer loop
      vertex 17.9237 13.6199 17.4713
      vertex 8.55556 13 4.5
      vertex 18.25 13.4019 17.9231
    endloop
  endfacet
  facet normal -0.810682 0.000164311 0.585486
    outer loop
      vertex 8.55556 13 4.5
      vertex 18.6019 13.2284 18.4104
      vertex 18.25 13.4019 17.9231
    endloop
  endfacet
  facet normal -0.81068 -0.000113707 0.585489
    outer loop
      vertex 8.55556 13 4.5
      vertex 18.9735 13.1022 18.9249
      vertex 18.6019 13.2284 18.4104
    endloop
  endfacet
  facet normal -0.810679 -0.000296686 0.58549
    outer loop
      vertex 8.55556 13 4.5
      vertex 19.3584 13.0257 19.4578
      vertex 18.9735 13.1022 18.9249
    endloop
  endfacet
  facet normal -0.810679 -0.000355392 0.58549
    outer loop
      vertex 19.3584 13.0257 19.4578
      vertex 8.55556 13 4.5
      vertex 19.75 13 20
    endloop
  endfacet
  facet normal 0.810666 1.39394e-05 0.585509
    outer loop
      vertex 50.9444 37 4.5
      vertex 48.7886 30.4034 7.48497
      vertex 49.5 30.45 6.5
    endloop
  endfacet
  facet normal 0.810679 -3.78819e-06 0.585491
    outer loop
      vertex 42.7243 34.3916 15.8817
      vertex 48.0894 30.2643 8.45309
      vertex 48.7886 30.4034 7.48497
    endloop
  endfacet
  facet normal 0.810697 6.52036e-05 0.585466
    outer loop
      vertex 42.7243 34.3916 15.8817
      vertex 47.4144 30.0351 9.38779
      vertex 48.0894 30.2643 8.45309
    endloop
  endfacet
  facet normal 0.81066 -6.69148e-05 0.585517
    outer loop
      vertex 42.75 34 15.8462
      vertex 46.9722 29.8171 10
      vertex 47.4144 30.0351 9.38779
    endloop
  endfacet
  facet normal 0.810687 1.23797e-05 0.58548
    outer loop
      vertex 42.75 34 15.8462
      vertex 46.8278 27.1742 10.2
      vertex 46.9722 29.8171 10
    endloop
  endfacet
  facet normal 0.81068 -1.64571e-07 0.58549
    outer loop
      vertex 46.6744 25.372 10.4124
      vertex 46.8278 27.1742 10.2
      vertex 42.75 34 15.8462
    endloop
  endfacet
  facet normal 0.810584 0 0.585623
    outer loop
      vertex 46.8278 27.1742 10.2
      vertex 46.7471 25.7376 10.3117
      vertex 46.8278 25.9753 10.2
    endloop
  endfacet
  facet normal 0.810865 -4.60771e-05 0.585234
    outer loop
      vertex 46.8278 27.1742 10.2
      vertex 46.6744 25.372 10.4124
      vertex 46.7471 25.7376 10.3117
    endloop
  endfacet
  facet normal 0.810696 2.10297e-05 0.585468
    outer loop
      vertex 42.75 34 15.8462
      vertex 46.65 25 10.4462
      vertex 46.6744 25.372 10.4124
    endloop
  endfacet
  facet normal 0.810679 -0 0.585491
    outer loop
      vertex 42.75 16 15.8462
      vertex 46.65 25 10.4462
      vertex 42.75 34 15.8462
    endloop
  endfacet
  facet normal 0.810696 -2.10297e-05 0.585468
    outer loop
      vertex 46.65 25 10.4462
      vertex 42.75 16 15.8462
      vertex 46.6744 24.628 10.4124
    endloop
  endfacet
  facet normal 0.81068 1.64571e-07 0.58549
    outer loop
      vertex 46.8278 22.8258 10.2
      vertex 46.6744 24.628 10.4124
      vertex 42.75 16 15.8462
    endloop
  endfacet
  facet normal 0.810865 4.60771e-05 0.585234
    outer loop
      vertex 46.6744 24.628 10.4124
      vertex 46.8278 22.8258 10.2
      vertex 46.7471 24.2624 10.3117
    endloop
  endfacet
  facet normal 0.810584 0 0.585623
    outer loop
      vertex 46.7471 24.2624 10.3117
      vertex 46.8278 22.8258 10.2
      vertex 46.8278 24.0247 10.2
    endloop
  endfacet
  facet normal 0.81068 -5.08369e-07 0.58549
    outer loop
      vertex 50.9444 13 4.5
      vertex 48.0894 19.7357 8.45309
      vertex 42.7243 15.6084 15.8817
    endloop
  endfacet
  facet normal 0.810697 -6.52036e-05 0.585466
    outer loop
      vertex 47.4144 19.9649 9.38779
      vertex 42.7243 15.6084 15.8817
      vertex 48.0894 19.7357 8.45309
    endloop
  endfacet
  facet normal 0.810719 -0.00013406 0.585436
    outer loop
      vertex 42.7243 15.6084 15.8817
      vertex 47.4144 19.9649 9.38779
      vertex 42.75 16 15.8462
    endloop
  endfacet
  facet normal 0.81066 6.69148e-05 0.585517
    outer loop
      vertex 46.9722 20.1829 10
      vertex 42.75 16 15.8462
      vertex 47.4144 19.9649 9.38779
    endloop
  endfacet
  facet normal 0.810687 -1.23797e-05 0.58548
    outer loop
      vertex 46.8278 22.8258 10.2
      vertex 42.75 16 15.8462
      vertex 46.9722 20.1829 10
    endloop
  endfacet
  facet normal 0.81068 0.00039953 0.585489
    outer loop
      vertex 40.1416 36.9743 19.4578
      vertex 50.9444 37 4.5
      vertex 39.75 37 20
    endloop
  endfacet
  facet normal 0.81068 0.00031161 0.585489
    outer loop
      vertex 40.5265 36.8978 18.9249
      vertex 50.9444 37 4.5
      vertex 40.1416 36.9743 19.4578
    endloop
  endfacet
  facet normal 0.810683 -0.000501731 0.585485
    outer loop
      vertex 40.898 36.7716 18.4104
      vertex 50.9444 37 4.5
      vertex 40.5265 36.8978 18.9249
    endloop
  endfacet
  facet normal 0.810677 0.000272953 0.585493
    outer loop
      vertex 41.25 36.5981 17.9231
      vertex 50.9444 37 4.5
      vertex 40.898 36.7716 18.4104
    endloop
  endfacet
  facet normal 0.810681 7.20214e-06 0.585488
    outer loop
      vertex 41.5763 36.3801 17.4713
      vertex 50.9444 37 4.5
      vertex 41.25 36.5981 17.9231
    endloop
  endfacet
  facet normal 0.810683 -7.5304e-05 0.585486
    outer loop
      vertex 41.8713 36.1213 17.0628
      vertex 50.9444 37 4.5
      vertex 41.5763 36.3801 17.4713
    endloop
  endfacet
  facet normal 0.810678 7.27659e-05 0.585492
    outer loop
      vertex 42.1301 35.8263 16.7045
      vertex 50.9444 37 4.5
      vertex 41.8713 36.1213 17.0628
    endloop
  endfacet
  facet normal 0.810678 7.94984e-05 0.585493
    outer loop
      vertex 42.3481 35.5 16.4027
      vertex 50.9444 37 4.5
      vertex 42.1301 35.8263 16.7045
    endloop
  endfacet
  facet normal 0.810698 -0.00025514 0.585465
    outer loop
      vertex 42.5216 35.148 16.1623
      vertex 50.9444 37 4.5
      vertex 42.3481 35.5 16.4027
    endloop
  endfacet
  facet normal 0.810663 0.000202214 0.585513
    outer loop
      vertex 42.6478 34.7765 15.9877
      vertex 50.9444 37 4.5
      vertex 42.5216 35.148 16.1623
    endloop
  endfacet
  facet normal 0.810692 -0.000109759 0.585473
    outer loop
      vertex 42.7243 34.3916 15.8817
      vertex 50.9444 37 4.5
      vertex 42.6478 34.7765 15.9877
    endloop
  endfacet
  facet normal 0.810719 0.00013406 0.585436
    outer loop
      vertex 47.4144 30.0351 9.38779
      vertex 42.7243 34.3916 15.8817
      vertex 42.75 34 15.8462
    endloop
  endfacet
  facet normal 0.81068 1.00033e-06 0.58549
    outer loop
      vertex 48.7886 30.4034 7.48497
      vertex 50.9444 37 4.5
      vertex 42.7243 34.3916 15.8817
    endloop
  endfacet
  facet normal 0.810667 1.35424e-05 0.585508
    outer loop
      vertex 50.2114 30.4034 5.51503
      vertex 50.9444 37 4.5
      vertex 49.5 30.45 6.5
    endloop
  endfacet
  facet normal 0.810679 9.56497e-06 0.585491
    outer loop
      vertex 50.9106 30.2643 4.54691
      vertex 50.9444 37 4.5
      vertex 50.2114 30.4034 5.51503
    endloop
  endfacet
  facet normal 0.811331 0 0.584587
    outer loop
      vertex 50.9444 37 4.5
      vertex 50.9106 30.2643 4.54691
      vertex 50.9444 30.2528 4.5
    endloop
  endfacet
  facet normal 0.810765 0 0.585372
    outer loop
      vertex 46.9722 29.8171 10
      vertex 46.8278 27.1742 10.2
      vertex 46.9722 27.1119 10
    endloop
  endfacet
  facet normal 0.810765 0 0.585372
    outer loop
      vertex 46.9722 22.8881 10
      vertex 46.8278 22.8258 10.2
      vertex 46.9722 20.1829 10
    endloop
  endfacet
  facet normal 0.810678 -2.43403e-06 0.585492
    outer loop
      vertex 48.0894 19.7357 8.45309
      vertex 50.9444 13 4.5
      vertex 48.7886 19.5966 7.48497
    endloop
  endfacet
  facet normal 0.810667 -1.35424e-05 0.585508
    outer loop
      vertex 49.5 19.55 6.5
      vertex 50.9444 13 4.5
      vertex 50.2114 19.5966 5.51503
    endloop
  endfacet
  facet normal 0.810679 -9.56497e-06 0.585491
    outer loop
      vertex 50.2114 19.5966 5.51503
      vertex 50.9444 13 4.5
      vertex 50.9106 19.7357 4.54691
    endloop
  endfacet
  facet normal 0.810666 -1.39394e-05 0.585509
    outer loop
      vertex 48.7886 19.5966 7.48497
      vertex 50.9444 13 4.5
      vertex 49.5 19.55 6.5
    endloop
  endfacet
  facet normal 0.810692 0.000109759 0.585473
    outer loop
      vertex 50.9444 13 4.5
      vertex 42.7243 15.6084 15.8817
      vertex 42.6478 15.2235 15.9877
    endloop
  endfacet
  facet normal 0.810663 -0.000202164 0.585513
    outer loop
      vertex 50.9444 13 4.5
      vertex 42.6478 15.2235 15.9877
      vertex 42.5216 14.8519 16.1623
    endloop
  endfacet
  facet normal 0.810698 0.000255207 0.585465
    outer loop
      vertex 50.9444 13 4.5
      vertex 42.5216 14.8519 16.1623
      vertex 42.3481 14.5 16.4027
    endloop
  endfacet
  facet normal 0.810678 -7.94984e-05 0.585493
    outer loop
      vertex 50.9444 13 4.5
      vertex 42.3481 14.5 16.4027
      vertex 42.1301 14.1737 16.7045
    endloop
  endfacet
  facet normal 0.810678 -7.27659e-05 0.585492
    outer loop
      vertex 50.9444 13 4.5
      vertex 42.1301 14.1737 16.7045
      vertex 41.8713 13.8787 17.0628
    endloop
  endfacet
  facet normal 0.810683 7.5304e-05 0.585486
    outer loop
      vertex 50.9444 13 4.5
      vertex 41.8713 13.8787 17.0628
      vertex 41.5763 13.6199 17.4713
    endloop
  endfacet
  facet normal 0.810681 -7.20214e-06 0.585488
    outer loop
      vertex 50.9444 13 4.5
      vertex 41.5763 13.6199 17.4713
      vertex 41.25 13.4019 17.9231
    endloop
  endfacet
  facet normal 0.811331 0 0.584587
    outer loop
      vertex 50.9106 19.7357 4.54691
      vertex 50.9444 13 4.5
      vertex 50.9444 19.7472 4.5
    endloop
  endfacet
  facet normal 0.810677 -0.000272953 0.585493
    outer loop
      vertex 40.898 13.2284 18.4104
      vertex 50.9444 13 4.5
      vertex 41.25 13.4019 17.9231
    endloop
  endfacet
  facet normal 0.810683 0.000501731 0.585485
    outer loop
      vertex 40.5265 13.1022 18.9249
      vertex 50.9444 13 4.5
      vertex 40.898 13.2284 18.4104
    endloop
  endfacet
  facet normal 0.81068 -0.00031161 0.585489
    outer loop
      vertex 40.1416 13.0257 19.4578
      vertex 50.9444 13 4.5
      vertex 40.5265 13.1022 18.9249
    endloop
  endfacet
  facet normal 0.81068 -0.00039953 0.585489
    outer loop
      vertex 50.9444 13 4.5
      vertex 40.1416 13.0257 19.4578
      vertex 39.75 13 20
    endloop
  endfacet
  facet normal 0.321651 0.946858 -0
    outer loop
      vertex 57.648 49.7716 0
      vertex 57.2765 49.8978 4.5
      vertex 57.648 49.7716 4.5
    endloop
  endfacet
  facet normal 0.321651 0.946858 0
    outer loop
      vertex 57.2765 49.8978 4.5
      vertex 57.648 49.7716 0
      vertex 57.2765 49.8978 0
    endloop
  endfacet
  facet normal 1 -0 0
    outer loop
      vertex 59.5 3 4.5
      vertex 59.5 47 0
      vertex 59.5 47 4.5
    endloop
  endfacet
  facet normal 1 0 0
    outer loop
      vertex 59.5 47 0
      vertex 59.5 3 4.5
      vertex 59.5 3 0
    endloop
  endfacet
  facet normal 0.896961 0.44211 0
    outer loop
      vertex 59.2716 48.148 4.5
      vertex 59.0981 48.5 0
      vertex 59.0981 48.5 4.5
    endloop
  endfacet
  facet normal 0.896961 0.44211 0
    outer loop
      vertex 59.0981 48.5 0
      vertex 59.2716 48.148 4.5
      vertex 59.2716 48.148 0
    endloop
  endfacet
  facet normal -0.946905 0.321512 0
    outer loop
      vertex 0.102222 47.7765 0
      vertex 0.228361 48.148 4.5
      vertex 0.228361 48.148 0
    endloop
  endfacet
  facet normal -0.946905 0.321512 0
    outer loop
      vertex 0.228361 48.148 4.5
      vertex 0.102222 47.7765 0
      vertex 0.102222 47.7765 4.5
    endloop
  endfacet
  facet normal 0.65939 -0.751801 0
    outer loop
      vertex 58.3263 0.61994 0
      vertex 58.6213 0.878679 4.5
      vertex 58.3263 0.61994 4.5
    endloop
  endfacet
  facet normal 0.65939 -0.751801 0
    outer loop
      vertex 58.6213 0.878679 4.5
      vertex 58.3263 0.61994 0
      vertex 58.6213 0.878679 0
    endloop
  endfacet
  facet normal 0.946882 -0.321582 0
    outer loop
      vertex 59.2716 1.85195 4.5
      vertex 59.3978 2.22354 0
      vertex 59.3978 2.22354 4.5
    endloop
  endfacet
  facet normal 0.946882 -0.321582 0
    outer loop
      vertex 59.3978 2.22354 0
      vertex 59.2716 1.85195 4.5
      vertex 59.2716 1.85195 0
    endloop
  endfacet
  facet normal 0.997853 0.0654873 0
    outer loop
      vertex 59.5 47 4.5
      vertex 59.4743 47.3916 0
      vertex 59.4743 47.3916 4.5
    endloop
  endfacet
  facet normal 0.997853 0.0654873 0
    outer loop
      vertex 59.4743 47.3916 0
      vertex 59.5 47 4.5
      vertex 59.5 47 0
    endloop
  endfacet
  facet normal 0.946858 0.321651 0
    outer loop
      vertex 59.3978 47.7765 4.5
      vertex 59.2716 48.148 0
      vertex 59.2716 48.148 4.5
    endloop
  endfacet
  facet normal 0.946858 0.321651 0
    outer loop
      vertex 59.2716 48.148 0
      vertex 59.3978 47.7765 4.5
      vertex 59.3978 47.7765 0
    endloop
  endfacet
  facet normal -1 0 0
    outer loop
      vertex 0 3 0
      vertex 0 47 4.5
      vertex 0 47 0
    endloop
  endfacet
  facet normal -1 -0 0
    outer loop
      vertex 0 47 4.5
      vertex 0 3 0
      vertex 0 3 4.5
    endloop
  endfacet
  facet normal 0.659478 0.751724 -0
    outer loop
      vertex 58.6213 49.1213 0
      vertex 58.3263 49.3801 4.5
      vertex 58.6213 49.1213 4.5
    endloop
  endfacet
  facet normal 0.659478 0.751724 0
    outer loop
      vertex 58.3263 49.3801 4.5
      vertex 58.6213 49.1213 0
      vertex 58.3263 49.3801 0
    endloop
  endfacet
  facet normal 0 -1 0
    outer loop
      vertex 3 0 0
      vertex 56.5 0 4.5
      vertex 3 0 4.5
    endloop
  endfacet
  facet normal 0 -1 -0
    outer loop
      vertex 56.5 0 4.5
      vertex 3 0 0
      vertex 56.5 0 0
    endloop
  endfacet
  facet normal 0.19494 0.980815 -0
    outer loop
      vertex 57.2765 49.8978 0
      vertex 56.8916 49.9743 4.5
      vertex 57.2765 49.8978 4.5
    endloop
  endfacet
  facet normal 0.19494 0.980815 0
    outer loop
      vertex 56.8916 49.9743 4.5
      vertex 57.2765 49.8978 0
      vertex 56.8916 49.9743 0
    endloop
  endfacet
  facet normal -0.896898 0.442237 0
    outer loop
      vertex 0.228361 48.148 0
      vertex 0.401923 48.5 4.5
      vertex 0.401923 48.5 0
    endloop
  endfacet
  facet normal -0.896898 0.442237 0
    outer loop
      vertex 0.401923 48.5 4.5
      vertex 0.228361 48.148 0
      vertex 0.228361 48.148 4.5
    endloop
  endfacet
  facet normal -0.997859 -0.0654026 0
    outer loop
      vertex 0.0256653 2.60842 0
      vertex 0 3 4.5
      vertex 0 3 0
    endloop
  endfacet
  facet normal -0.997859 -0.0654026 0
    outer loop
      vertex 0 3 4.5
      vertex 0.0256653 2.60842 0
      vertex 0.0256653 2.60842 4.5
    endloop
  endfacet
  facet normal -0.659339 -0.751846 0
    outer loop
      vertex 0.878679 0.878679 0
      vertex 1.17372 0.61994 4.5
      vertex 0.878679 0.878679 4.5
    endloop
  endfacet
  facet normal -0.659339 -0.751846 -0
    outer loop
      vertex 1.17372 0.61994 4.5
      vertex 0.878679 0.878679 0
      vertex 1.17372 0.61994 0
    endloop
  endfacet
  facet normal -0.195089 -0.980786 0
    outer loop
      vertex 2.22354 0.102222 0
      vertex 2.60842 0.0256653 4.5
      vertex 2.22354 0.102222 4.5
    endloop
  endfacet
  facet normal -0.195089 -0.980786 -0
    outer loop
      vertex 2.60842 0.0256653 4.5
      vertex 2.22354 0.102222 0
      vertex 2.60842 0.0256653 0
    endloop
  endfacet
  facet normal 0.896936 -0.44216 0
    outer loop
      vertex 59.0981 1.5 4.5
      vertex 59.2716 1.85195 0
      vertex 59.2716 1.85195 4.5
    endloop
  endfacet
  facet normal 0.896936 -0.44216 0
    outer loop
      vertex 59.2716 1.85195 0
      vertex 59.0981 1.5 4.5
      vertex 59.0981 1.5 0
    endloop
  endfacet
  facet normal 0 1 -0
    outer loop
      vertex 56.5 50 0
      vertex 3 50 4.5
      vertex 56.5 50 4.5
    endloop
  endfacet
  facet normal 0 1 0
    outer loop
      vertex 3 50 4.5
      vertex 56.5 50 0
      vertex 3 50 0
    endloop
  endfacet
  facet normal 0.831501 0.555523 0
    outer loop
      vertex 59.0981 48.5 4.5
      vertex 58.8801 48.8263 0
      vertex 58.8801 48.8263 4.5
    endloop
  endfacet
  facet normal 0.831501 0.555523 0
    outer loop
      vertex 58.8801 48.8263 0
      vertex 59.0981 48.5 4.5
      vertex 59.0981 48.5 0
    endloop
  endfacet
  facet normal -0.751846 -0.659339 0
    outer loop
      vertex 0.878679 0.878679 0
      vertex 0.61994 1.17372 4.5
      vertex 0.61994 1.17372 0
    endloop
  endfacet
  facet normal -0.751846 -0.659339 0
    outer loop
      vertex 0.61994 1.17372 4.5
      vertex 0.878679 0.878679 0
      vertex 0.878679 0.878679 4.5
    endloop
  endfacet
  facet normal 0.980815 0.19494 0
    outer loop
      vertex 59.4743 47.3916 4.5
      vertex 59.3978 47.7765 0
      vertex 59.3978 47.7765 4.5
    endloop
  endfacet
  facet normal 0.980815 0.19494 0
    outer loop
      vertex 59.3978 47.7765 0
      vertex 59.4743 47.3916 4.5
      vertex 59.4743 47.3916 0
    endloop
  endfacet
  facet normal 0.555523 0.831501 -0
    outer loop
      vertex 58.3263 49.3801 0
      vertex 58 49.5981 4.5
      vertex 58.3263 49.3801 4.5
    endloop
  endfacet
  facet normal 0.555523 0.831501 0
    outer loop
      vertex 58 49.5981 4.5
      vertex 58.3263 49.3801 0
      vertex 58 49.5981 0
    endloop
  endfacet
  facet normal -0.980786 -0.195089 0
    outer loop
      vertex 0.102222 2.22354 0
      vertex 0.0256653 2.60842 4.5
      vertex 0.0256653 2.60842 0
    endloop
  endfacet
  facet normal -0.980786 -0.195089 0
    outer loop
      vertex 0.0256653 2.60842 4.5
      vertex 0.102222 2.22354 0
      vertex 0.102222 2.22354 4.5
    endloop
  endfacet
  facet normal -0.659426 0.751769 0
    outer loop
      vertex 1.17372 49.3801 0
      vertex 0.878679 49.1213 4.5
      vertex 1.17372 49.3801 4.5
    endloop
  endfacet
  facet normal -0.659426 0.751769 0
    outer loop
      vertex 0.878679 49.1213 4.5
      vertex 1.17372 49.3801 0
      vertex 0.878679 49.1213 0
    endloop
  endfacet
  facet normal 0.44211 0.896961 -0
    outer loop
      vertex 58 49.5981 0
      vertex 57.648 49.7716 4.5
      vertex 58 49.5981 4.5
    endloop
  endfacet
  facet normal 0.44211 0.896961 0
    outer loop
      vertex 57.648 49.7716 4.5
      vertex 58 49.5981 0
      vertex 57.648 49.7716 0
    endloop
  endfacet
  facet normal -0.980788 0.195079 0
    outer loop
      vertex 0.0256653 47.3916 0
      vertex 0.102222 47.7765 4.5
      vertex 0.102222 47.7765 0
    endloop
  endfacet
  facet normal -0.980788 0.195079 0
    outer loop
      vertex 0.102222 47.7765 4.5
      vertex 0.0256653 47.3916 0
      vertex 0.0256653 47.3916 4.5
    endloop
  endfacet
  facet normal -0.0654026 -0.997859 0
    outer loop
      vertex 2.60842 0.0256653 0
      vertex 3 0 4.5
      vertex 2.60842 0.0256653 4.5
    endloop
  endfacet
  facet normal -0.0654026 -0.997859 -0
    outer loop
      vertex 3 0 4.5
      vertex 2.60842 0.0256653 0
      vertex 3 0 0
    endloop
  endfacet
  facet normal -0.831481 0.555553 0
    outer loop
      vertex 0.401923 48.5 0
      vertex 0.61994 48.8263 4.5
      vertex 0.61994 48.8263 0
    endloop
  endfacet
  facet normal -0.831481 0.555553 0
    outer loop
      vertex 0.61994 48.8263 4.5
      vertex 0.401923 48.5 0
      vertex 0.401923 48.5 4.5
    endloop
  endfacet
  facet normal 0.0653993 -0.997859 0
    outer loop
      vertex 56.5 0 0
      vertex 56.8916 0.0256653 4.5
      vertex 56.5 0 4.5
    endloop
  endfacet
  facet normal 0.0653993 -0.997859 0
    outer loop
      vertex 56.8916 0.0256653 4.5
      vertex 56.5 0 0
      vertex 56.8916 0.0256653 0
    endloop
  endfacet
  facet normal 0.751724 0.659478 0
    outer loop
      vertex 58.8801 48.8263 4.5
      vertex 58.6213 49.1213 0
      vertex 58.6213 49.1213 4.5
    endloop
  endfacet
  facet normal 0.751724 0.659478 0
    outer loop
      vertex 58.6213 49.1213 0
      vertex 58.8801 48.8263 4.5
      vertex 58.8801 48.8263 0
    endloop
  endfacet
  facet normal 0.442237 -0.896898 0
    outer loop
      vertex 57.648 0.228361 0
      vertex 58 0.401923 4.5
      vertex 57.648 0.228361 4.5
    endloop
  endfacet
  facet normal 0.442237 -0.896898 0
    outer loop
      vertex 58 0.401923 4.5
      vertex 57.648 0.228361 0
      vertex 58 0.401923 0
    endloop
  endfacet
  facet normal -0.0654906 0.997853 0
    outer loop
      vertex 3 50 0
      vertex 2.60842 49.9743 4.5
      vertex 3 50 4.5
    endloop
  endfacet
  facet normal -0.0654906 0.997853 0
    outer loop
      vertex 2.60842 49.9743 4.5
      vertex 3 50 0
      vertex 2.60842 49.9743 0
    endloop
  endfacet
  facet normal -0.321442 -0.946929 0
    outer loop
      vertex 1.85195 0.228361 0
      vertex 2.22354 0.102222 4.5
      vertex 1.85195 0.228361 4.5
    endloop
  endfacet
  facet normal -0.321442 -0.946929 -0
    outer loop
      vertex 2.22354 0.102222 4.5
      vertex 1.85195 0.228361 0
      vertex 2.22354 0.102222 0
    endloop
  endfacet
  facet normal -0.44216 0.896936 0
    outer loop
      vertex 1.85195 49.7716 0
      vertex 1.5 49.5981 4.5
      vertex 1.85195 49.7716 4.5
    endloop
  endfacet
  facet normal -0.44216 0.896936 0
    outer loop
      vertex 1.5 49.5981 4.5
      vertex 1.85195 49.7716 0
      vertex 1.5 49.5981 0
    endloop
  endfacet
  facet normal 0.321512 -0.946905 0
    outer loop
      vertex 57.2765 0.102222 0
      vertex 57.648 0.228361 4.5
      vertex 57.2765 0.102222 4.5
    endloop
  endfacet
  facet normal 0.321512 -0.946905 0
    outer loop
      vertex 57.648 0.228361 4.5
      vertex 57.2765 0.102222 0
      vertex 57.648 0.228361 0
    endloop
  endfacet
  facet normal 0.980813 -0.19495 0
    outer loop
      vertex 59.3978 2.22354 4.5
      vertex 59.4743 2.60842 0
      vertex 59.4743 2.60842 4.5
    endloop
  endfacet
  facet normal 0.980813 -0.19495 0
    outer loop
      vertex 59.4743 2.60842 0
      vertex 59.3978 2.22354 4.5
      vertex 59.3978 2.22354 0
    endloop
  endfacet
  facet normal 0.997853 -0.0654906 0
    outer loop
      vertex 59.4743 2.60842 4.5
      vertex 59.5 3 0
      vertex 59.5 3 4.5
    endloop
  endfacet
  facet normal 0.997853 -0.0654906 0
    outer loop
      vertex 59.5 3 0
      vertex 59.4743 2.60842 4.5
      vertex 59.4743 2.60842 0
    endloop
  endfacet
  facet normal -0.946929 -0.321442 0
    outer loop
      vertex 0.228361 1.85195 0
      vertex 0.102222 2.22354 4.5
      vertex 0.102222 2.22354 0
    endloop
  endfacet
  facet normal -0.946929 -0.321442 0
    outer loop
      vertex 0.102222 2.22354 4.5
      vertex 0.228361 1.85195 0
      vertex 0.228361 1.85195 4.5
    endloop
  endfacet
  facet normal -0.751801 0.65939 0
    outer loop
      vertex 0.61994 48.8263 0
      vertex 0.878679 49.1213 4.5
      vertex 0.878679 49.1213 0
    endloop
  endfacet
  facet normal -0.751801 0.65939 0
    outer loop
      vertex 0.878679 49.1213 4.5
      vertex 0.61994 48.8263 0
      vertex 0.61994 48.8263 4.5
    endloop
  endfacet
  facet normal 0.831485 -0.555547 0
    outer loop
      vertex 58.8801 1.17372 4.5
      vertex 59.0981 1.5 0
      vertex 59.0981 1.5 4.5
    endloop
  endfacet
  facet normal 0.831485 -0.555547 0
    outer loop
      vertex 59.0981 1.5 0
      vertex 58.8801 1.17372 4.5
      vertex 58.8801 1.17372 0
    endloop
  endfacet
  facet normal 0.195079 -0.980788 0
    outer loop
      vertex 56.8916 0.0256653 0
      vertex 57.2765 0.102222 4.5
      vertex 56.8916 0.0256653 4.5
    endloop
  endfacet
  facet normal 0.195079 -0.980788 0
    outer loop
      vertex 57.2765 0.102222 4.5
      vertex 56.8916 0.0256653 0
      vertex 57.2765 0.102222 0
    endloop
  endfacet
  facet normal 0.0654873 0.997853 -0
    outer loop
      vertex 56.8916 49.9743 0
      vertex 56.5 50 4.5
      vertex 56.8916 49.9743 4.5
    endloop
  endfacet
  facet normal 0.0654873 0.997853 0
    outer loop
      vertex 56.5 50 4.5
      vertex 56.8916 49.9743 0
      vertex 56.5 50 0
    endloop
  endfacet
  facet normal 0.555553 -0.831481 0
    outer loop
      vertex 58 0.401923 0
      vertex 58.3263 0.61994 4.5
      vertex 58 0.401923 4.5
    endloop
  endfacet
  facet normal 0.555553 -0.831481 0
    outer loop
      vertex 58.3263 0.61994 4.5
      vertex 58 0.401923 0
      vertex 58.3263 0.61994 0
    endloop
  endfacet
  facet normal -0.555547 0.831485 0
    outer loop
      vertex 1.5 49.5981 0
      vertex 1.17372 49.3801 4.5
      vertex 1.5 49.5981 4.5
    endloop
  endfacet
  facet normal -0.555547 0.831485 0
    outer loop
      vertex 1.17372 49.3801 4.5
      vertex 1.5 49.5981 0
      vertex 1.17372 49.3801 0
    endloop
  endfacet
  facet normal -0.442288 -0.896873 0
    outer loop
      vertex 1.5 0.401923 0
      vertex 1.85195 0.228361 4.5
      vertex 1.5 0.401923 4.5
    endloop
  endfacet
  facet normal -0.442288 -0.896873 -0
    outer loop
      vertex 1.85195 0.228361 4.5
      vertex 1.5 0.401923 0
      vertex 1.85195 0.228361 0
    endloop
  endfacet
  facet normal -0.896873 -0.442288 0
    outer loop
      vertex 0.401923 1.5 0
      vertex 0.228361 1.85195 4.5
      vertex 0.228361 1.85195 0
    endloop
  endfacet
  facet normal -0.896873 -0.442288 0
    outer loop
      vertex 0.228361 1.85195 4.5
      vertex 0.401923 1.5 0
      vertex 0.401923 1.5 4.5
    endloop
  endfacet
  facet normal -0.831465 -0.555577 0
    outer loop
      vertex 0.61994 1.17372 0
      vertex 0.401923 1.5 4.5
      vertex 0.401923 1.5 0
    endloop
  endfacet
  facet normal -0.831465 -0.555577 0
    outer loop
      vertex 0.401923 1.5 4.5
      vertex 0.61994 1.17372 0
      vertex 0.61994 1.17372 4.5
    endloop
  endfacet
  facet normal -0.555577 -0.831465 0
    outer loop
      vertex 1.17372 0.61994 0
      vertex 1.5 0.401923 4.5
      vertex 1.17372 0.61994 4.5
    endloop
  endfacet
  facet normal -0.555577 -0.831465 -0
    outer loop
      vertex 1.5 0.401923 4.5
      vertex 1.17372 0.61994 0
      vertex 1.5 0.401923 0
    endloop
  endfacet
  facet normal -0.321582 0.946882 0
    outer loop
      vertex 2.22354 49.8978 0
      vertex 1.85195 49.7716 4.5
      vertex 2.22354 49.8978 4.5
    endloop
  endfacet
  facet normal -0.321582 0.946882 0
    outer loop
      vertex 1.85195 49.7716 4.5
      vertex 2.22354 49.8978 0
      vertex 1.85195 49.7716 0
    endloop
  endfacet
  facet normal -0.19495 0.980813 0
    outer loop
      vertex 2.60842 49.9743 0
      vertex 2.22354 49.8978 4.5
      vertex 2.60842 49.9743 4.5
    endloop
  endfacet
  facet normal -0.19495 0.980813 0
    outer loop
      vertex 2.22354 49.8978 4.5
      vertex 2.60842 49.9743 0
      vertex 2.22354 49.8978 0
    endloop
  endfacet
  facet normal -0.997859 0.0653993 0
    outer loop
      vertex 0 47 0
      vertex 0.0256653 47.3916 4.5
      vertex 0.0256653 47.3916 0
    endloop
  endfacet
  facet normal -0.997859 0.0653993 0
    outer loop
      vertex 0.0256653 47.3916 4.5
      vertex 0 47 0
      vertex 0 47 4.5
    endloop
  endfacet
  facet normal 0.751769 -0.659426 0
    outer loop
      vertex 58.6213 0.878679 4.5
      vertex 58.8801 1.17372 0
      vertex 58.8801 1.17372 4.5
    endloop
  endfacet
  facet normal 0.751769 -0.659426 0
    outer loop
      vertex 58.8801 1.17372 0
      vertex 58.6213 0.878679 4.5
      vertex 58.6213 0.878679 0
    endloop
  endfacet
  facet normal 0 0 1
    outer loop
      vertex 8.55556 19.7472 4.5
      vertex 7.91437 19.9649 4.5
      vertex 8.55556 13 4.5
    endloop
  endfacet
  facet normal 0 0 1
    outer loop
      vertex 56.5 50 4.5
      vertex 59.5 47 4.5
      vertex 59.4743 47.3916 4.5
    endloop
  endfacet
  facet normal 0 0 1
    outer loop
      vertex 59.5 47 4.5
      vertex 54.95 25 4.5
      vertex 59.5 3 4.5
    endloop
  endfacet
  facet normal 0 0 1
    outer loop
      vertex 56.5 50 4.5
      vertex 59.4743 47.3916 4.5
      vertex 59.3978 47.7765 4.5
    endloop
  endfacet
  facet normal -0 0 1
    outer loop
      vertex 54.9034 24.2886 4.5
      vertex 59.5 3 4.5
      vertex 54.95 25 4.5
    endloop
  endfacet
  facet normal 0 0 1
    outer loop
      vertex 56.5 50 4.5
      vertex 59.3978 47.7765 4.5
      vertex 59.2716 48.148 4.5
    endloop
  endfacet
  facet normal -0 0 1
    outer loop
      vertex 54.7643 23.5894 4.5
      vertex 59.5 3 4.5
      vertex 54.9034 24.2886 4.5
    endloop
  endfacet
  facet normal 0 0 1
    outer loop
      vertex 56.5 50 4.5
      vertex 59.2716 48.148 4.5
      vertex 59.0981 48.5 4.5
    endloop
  endfacet
  facet normal -0 0 1
    outer loop
      vertex 54.5351 22.9144 4.5
      vertex 59.5 3 4.5
      vertex 54.7643 23.5894 4.5
    endloop
  endfacet
  facet normal 0 0 1
    outer loop
      vertex 56.5 50 4.5
      vertex 59.0981 48.5 4.5
      vertex 58.8801 48.8263 4.5
    endloop
  endfacet
  facet normal -0 0 1
    outer loop
      vertex 54.2198 22.275 4.5
      vertex 59.5 3 4.5
      vertex 54.5351 22.9144 4.5
    endloop
  endfacet
  facet normal 0 0 1
    outer loop
      vertex 56.5 50 4.5
      vertex 58.8801 48.8263 4.5
      vertex 58.6213 49.1213 4.5
    endloop
  endfacet
  facet normal -0 0 1
    outer loop
      vertex 53.8238 21.6823 4.5
      vertex 59.5 3 4.5
      vertex 54.2198 22.275 4.5
    endloop
  endfacet
  facet normal 0 0 1
    outer loop
      vertex 56.5 50 4.5
      vertex 58.6213 49.1213 4.5
      vertex 58.3263 49.3801 4.5
    endloop
  endfacet
  facet normal -0 0 1
    outer loop
      vertex 50.9444 13 4.5
      vertex 59.5 3 4.5
      vertex 53.8238 21.6823 4.5
    endloop
  endfacet
  facet normal 0 0 1
    outer loop
      vertex 56.5 50 4.5
      vertex 58.3263 49.3801 4.5
      vertex 58 49.5981 4.5
    endloop
  endfacet
  facet normal 0 -0 1
    outer loop
      vertex 56.5 0 4.5
      vertex 59.5 3 4.5
      vertex 50.9444 13 4.5
    endloop
  endfacet
  facet normal 0 0 1
    outer loop
      vertex 56.5 50 4.5
      vertex 58 49.5981 4.5
      vertex 57.648 49.7716 4.5
    endloop
  endfacet
  facet normal 0 0 1
    outer loop
      vertex 59.5 3 4.5
      vertex 56.5 0 4.5
      vertex 59.4743 2.60842 4.5
    endloop
  endfacet
  facet normal 0 0 1
    outer loop
      vertex 56.5 50 4.5
      vertex 57.648 49.7716 4.5
      vertex 57.2765 49.8978 4.5
    endloop
  endfacet
  facet normal 0 0 1
    outer loop
      vertex 59.4743 2.60842 4.5
      vertex 56.5 0 4.5
      vertex 59.3978 2.22354 4.5
    endloop
  endfacet
  facet normal 0 0 1
    outer loop
      vertex 56.5 50 4.5
      vertex 57.2765 49.8978 4.5
      vertex 56.8916 49.9743 4.5
    endloop
  endfacet
  facet normal 0 0 1
    outer loop
      vertex 59.3978 2.22354 4.5
      vertex 56.5 0 4.5
      vertex 59.2716 1.85195 4.5
    endloop
  endfacet
  facet normal 0 0 1
    outer loop
      vertex 59.5 47 4.5
      vertex 56.5 50 4.5
      vertex 50.9444 37 4.5
    endloop
  endfacet
  facet normal 0 0 1
    outer loop
      vertex 59.2716 1.85195 4.5
      vertex 56.5 0 4.5
      vertex 59.0981 1.5 4.5
    endloop
  endfacet
  facet normal 0 0 1
    outer loop
      vertex 59.0981 1.5 4.5
      vertex 56.5 0 4.5
      vertex 58.8801 1.17372 4.5
    endloop
  endfacet
  facet normal 0 0 1
    outer loop
      vertex 59.5 47 4.5
      vertex 54.9034 25.7114 4.5
      vertex 54.95 25 4.5
    endloop
  endfacet
  facet normal 0 0 1
    outer loop
      vertex 59.5 47 4.5
      vertex 54.7643 26.4106 4.5
      vertex 54.9034 25.7114 4.5
    endloop
  endfacet
  facet normal 0 0 1
    outer loop
      vertex 59.5 47 4.5
      vertex 54.5351 27.0856 4.5
      vertex 54.7643 26.4106 4.5
    endloop
  endfacet
  facet normal 0 0 1
    outer loop
      vertex 59.5 47 4.5
      vertex 54.2198 27.725 4.5
      vertex 54.5351 27.0856 4.5
    endloop
  endfacet
  facet normal 0 0 1
    outer loop
      vertex 59.5 47 4.5
      vertex 53.8238 28.3177 4.5
      vertex 54.2198 27.725 4.5
    endloop
  endfacet
  facet normal 0 0 1
    outer loop
      vertex 59.5 47 4.5
      vertex 50.9444 37 4.5
      vertex 53.8238 28.3177 4.5
    endloop
  endfacet
  facet normal 0 0 1
    outer loop
      vertex 53.8238 28.3177 4.5
      vertex 50.9444 37 4.5
      vertex 53.3537 28.8537 4.5
    endloop
  endfacet
  facet normal 0 0 1
    outer loop
      vertex 53.3537 28.8537 4.5
      vertex 50.9444 37 4.5
      vertex 52.8177 29.3238 4.5
    endloop
  endfacet
  facet normal 0 0 1
    outer loop
      vertex 52.8177 29.3238 4.5
      vertex 50.9444 37 4.5
      vertex 52.225 29.7198 4.5
    endloop
  endfacet
  facet normal 0 0 1
    outer loop
      vertex 52.225 29.7198 4.5
      vertex 50.9444 37 4.5
      vertex 51.5856 30.0351 4.5
    endloop
  endfacet
  facet normal 0 0 1
    outer loop
      vertex 56.5 50 4.5
      vertex 8.55556 37 4.5
      vertex 50.9444 37 4.5
    endloop
  endfacet
  facet normal 0 0 1
    outer loop
      vertex 8.55556 37 4.5
      vertex 7.91437 30.0351 4.5
      vertex 8.55556 30.2528 4.5
    endloop
  endfacet
  facet normal 0 0 1
    outer loop
      vertex 8.55556 37 4.5
      vertex 7.275 29.7198 4.5
      vertex 7.91437 30.0351 4.5
    endloop
  endfacet
  facet normal 0 0 1
    outer loop
      vertex 8.55556 37 4.5
      vertex 6.68225 29.3238 4.5
      vertex 7.275 29.7198 4.5
    endloop
  endfacet
  facet normal 0 0 1
    outer loop
      vertex 8.55556 37 4.5
      vertex 6.14627 28.8537 4.5
      vertex 6.68225 29.3238 4.5
    endloop
  endfacet
  facet normal 0 0 1
    outer loop
      vertex 8.55556 37 4.5
      vertex 5.67622 28.3177 4.5
      vertex 6.14627 28.8537 4.5
    endloop
  endfacet
  facet normal 0 0 1
    outer loop
      vertex 0 47 4.5
      vertex 5.67622 28.3177 4.5
      vertex 8.55556 37 4.5
    endloop
  endfacet
  facet normal 0 0 1
    outer loop
      vertex 5.67622 28.3177 4.5
      vertex 0 47 4.5
      vertex 5.28016 27.725 4.5
    endloop
  endfacet
  facet normal 0 0 1
    outer loop
      vertex 4.7357 26.4106 4.5
      vertex 0 47 4.5
      vertex 4.59663 25.7114 4.5
    endloop
  endfacet
  facet normal 0 0 1
    outer loop
      vertex 4.96486 27.0856 4.5
      vertex 0 47 4.5
      vertex 4.7357 26.4106 4.5
    endloop
  endfacet
  facet normal 0 0 1
    outer loop
      vertex 5.28016 27.725 4.5
      vertex 0 47 4.5
      vertex 4.96486 27.0856 4.5
    endloop
  endfacet
  facet normal -0 0 1
    outer loop
      vertex 0 47 4.5
      vertex 8.55556 37 4.5
      vertex 3 50 4.5
    endloop
  endfacet
  facet normal -0 0 1
    outer loop
      vertex 3 50 4.5
      vertex 8.55556 37 4.5
      vertex 56.5 50 4.5
    endloop
  endfacet
  facet normal 0 0 1
    outer loop
      vertex 58.8801 1.17372 4.5
      vertex 56.5 0 4.5
      vertex 58.6213 0.878679 4.5
    endloop
  endfacet
  facet normal 0 0 1
    outer loop
      vertex 58.6213 0.878679 4.5
      vertex 56.5 0 4.5
      vertex 58.3263 0.61994 4.5
    endloop
  endfacet
  facet normal 0 0 1
    outer loop
      vertex 58.3263 0.61994 4.5
      vertex 56.5 0 4.5
      vertex 58 0.401923 4.5
    endloop
  endfacet
  facet normal 0 0 1
    outer loop
      vertex 58 0.401923 4.5
      vertex 56.5 0 4.5
      vertex 57.648 0.228361 4.5
    endloop
  endfacet
  facet normal 0 0 1
    outer loop
      vertex 57.648 0.228361 4.5
      vertex 56.5 0 4.5
      vertex 57.2765 0.102222 4.5
    endloop
  endfacet
  facet normal 0 0 1
    outer loop
      vertex 50.9444 13 4.5
      vertex 53.8238 21.6823 4.5
      vertex 53.3537 21.1463 4.5
    endloop
  endfacet
  facet normal 0 0 1
    outer loop
      vertex 50.9444 13 4.5
      vertex 53.3537 21.1463 4.5
      vertex 52.8177 20.6762 4.5
    endloop
  endfacet
  facet normal 0 0 1
    outer loop
      vertex 50.9444 13 4.5
      vertex 52.8177 20.6762 4.5
      vertex 52.225 20.2802 4.5
    endloop
  endfacet
  facet normal 0 0 1
    outer loop
      vertex 50.9444 13 4.5
      vertex 52.225 20.2802 4.5
      vertex 51.5856 19.9649 4.5
    endloop
  endfacet
  facet normal 0 0 1
    outer loop
      vertex 50.9444 13 4.5
      vertex 51.5856 19.9649 4.5
      vertex 50.9444 19.7472 4.5
    endloop
  endfacet
  facet normal 0 0 1
    outer loop
      vertex 57.2765 0.102222 4.5
      vertex 56.5 0 4.5
      vertex 56.8916 0.0256653 4.5
    endloop
  endfacet
  facet normal -0 0 1
    outer loop
      vertex 8.55556 13 4.5
      vertex 56.5 0 4.5
      vertex 50.9444 13 4.5
    endloop
  endfacet
  facet normal 0 0 1
    outer loop
      vertex 7.275 20.2802 4.5
      vertex 8.55556 13 4.5
      vertex 7.91437 19.9649 4.5
    endloop
  endfacet
  facet normal 0 0 1
    outer loop
      vertex 6.68225 20.6762 4.5
      vertex 8.55556 13 4.5
      vertex 7.275 20.2802 4.5
    endloop
  endfacet
  facet normal 0 0 1
    outer loop
      vertex 6.14627 21.1463 4.5
      vertex 8.55556 13 4.5
      vertex 6.68225 20.6762 4.5
    endloop
  endfacet
  facet normal 0 0 1
    outer loop
      vertex 5.67622 21.6823 4.5
      vertex 8.55556 13 4.5
      vertex 6.14627 21.1463 4.5
    endloop
  endfacet
  facet normal 0 0 1
    outer loop
      vertex 0 3 4.5
      vertex 5.67622 21.6823 4.5
      vertex 5.28016 22.275 4.5
    endloop
  endfacet
  facet normal 0 0 1
    outer loop
      vertex 0 3 4.5
      vertex 5.28016 22.275 4.5
      vertex 4.96486 22.9144 4.5
    endloop
  endfacet
  facet normal 0 0 1
    outer loop
      vertex 8.55556 13 4.5
      vertex 3 0 4.5
      vertex 56.5 0 4.5
    endloop
  endfacet
  facet normal 0 0 1
    outer loop
      vertex 5.67622 21.6823 4.5
      vertex 0 3 4.5
      vertex 8.55556 13 4.5
    endloop
  endfacet
  facet normal 0 0 1
    outer loop
      vertex 0 3 4.5
      vertex 4.96486 22.9144 4.5
      vertex 4.7357 23.5894 4.5
    endloop
  endfacet
  facet normal 0 0 1
    outer loop
      vertex 0 3 4.5
      vertex 4.7357 23.5894 4.5
      vertex 4.59663 24.2886 4.5
    endloop
  endfacet
  facet normal 0 0 1
    outer loop
      vertex 0 3 4.5
      vertex 4.59663 24.2886 4.5
      vertex 4.55 25 4.5
    endloop
  endfacet
  facet normal 0 0 1
    outer loop
      vertex 4.59663 25.7114 4.5
      vertex 0 47 4.5
      vertex 4.55 25 4.5
    endloop
  endfacet
  facet normal 0 0 1
    outer loop
      vertex 0 47 4.5
      vertex 3 50 4.5
      vertex 2.60842 49.9743 4.5
    endloop
  endfacet
  facet normal 0 0 1
    outer loop
      vertex 0 3 4.5
      vertex 4.55 25 4.5
      vertex 0 47 4.5
    endloop
  endfacet
  facet normal 0 0 1
    outer loop
      vertex 0 47 4.5
      vertex 2.60842 49.9743 4.5
      vertex 2.22354 49.8978 4.5
    endloop
  endfacet
  facet normal 0 0 1
    outer loop
      vertex 8.55556 13 4.5
      vertex 0 3 4.5
      vertex 3 0 4.5
    endloop
  endfacet
  facet normal 0 0 1
    outer loop
      vertex 0 47 4.5
      vertex 2.22354 49.8978 4.5
      vertex 1.85195 49.7716 4.5
    endloop
  endfacet
  facet normal 0 0 1
    outer loop
      vertex 3 0 4.5
      vertex 0 3 4.5
      vertex 2.60842 0.0256653 4.5
    endloop
  endfacet
  facet normal 0 0 1
    outer loop
      vertex 0 47 4.5
      vertex 1.85195 49.7716 4.5
      vertex 1.5 49.5981 4.5
    endloop
  endfacet
  facet normal 0 0 1
    outer loop
      vertex 2.60842 0.0256653 4.5
      vertex 0 3 4.5
      vertex 2.22354 0.102222 4.5
    endloop
  endfacet
  facet normal 0 0 1
    outer loop
      vertex 0 47 4.5
      vertex 1.5 49.5981 4.5
      vertex 1.17372 49.3801 4.5
    endloop
  endfacet
  facet normal 0 0 1
    outer loop
      vertex 2.22354 0.102222 4.5
      vertex 0 3 4.5
      vertex 1.85195 0.228361 4.5
    endloop
  endfacet
  facet normal 0 0 1
    outer loop
      vertex 0 47 4.5
      vertex 1.17372 49.3801 4.5
      vertex 0.878679 49.1213 4.5
    endloop
  endfacet
  facet normal 0 0 1
    outer loop
      vertex 1.85195 0.228361 4.5
      vertex 0 3 4.5
      vertex 1.5 0.401923 4.5
    endloop
  endfacet
  facet normal 0 0 1
    outer loop
      vertex 0 47 4.5
      vertex 0.878679 49.1213 4.5
      vertex 0.61994 48.8263 4.5
    endloop
  endfacet
  facet normal 0 0 1
    outer loop
      vertex 1.5 0.401923 4.5
      vertex 0 3 4.5
      vertex 1.17372 0.61994 4.5
    endloop
  endfacet
  facet normal 0 0 1
    outer loop
      vertex 0 47 4.5
      vertex 0.61994 48.8263 4.5
      vertex 0.401923 48.5 4.5
    endloop
  endfacet
  facet normal 0 0 1
    outer loop
      vertex 1.17372 0.61994 4.5
      vertex 0 3 4.5
      vertex 0.878679 0.878679 4.5
    endloop
  endfacet
  facet normal 0 0 1
    outer loop
      vertex 0 47 4.5
      vertex 0.401923 48.5 4.5
      vertex 0.228361 48.148 4.5
    endloop
  endfacet
  facet normal 0 0 1
    outer loop
      vertex 0.878679 0.878679 4.5
      vertex 0 3 4.5
      vertex 0.61994 1.17372 4.5
    endloop
  endfacet
  facet normal 0 0 1
    outer loop
      vertex 0 47 4.5
      vertex 0.228361 48.148 4.5
      vertex 0.102222 47.7765 4.5
    endloop
  endfacet
  facet normal 0 0 1
    outer loop
      vertex 0.61994 1.17372 4.5
      vertex 0 3 4.5
      vertex 0.401923 1.5 4.5
    endloop
  endfacet
  facet normal 0 0 1
    outer loop
      vertex 0 47 4.5
      vertex 0.102222 47.7765 4.5
      vertex 0.0256653 47.3916 4.5
    endloop
  endfacet
  facet normal 0 0 1
    outer loop
      vertex 0.401923 1.5 4.5
      vertex 0 3 4.5
      vertex 0.228361 1.85195 4.5
    endloop
  endfacet
  facet normal 0 0 1
    outer loop
      vertex 0.228361 1.85195 4.5
      vertex 0 3 4.5
      vertex 0.102222 2.22354 4.5
    endloop
  endfacet
  facet normal 0 0 1
    outer loop
      vertex 0.102222 2.22354 4.5
      vertex 0 3 4.5
      vertex 0.0256653 2.60842 4.5
    endloop
  endfacet
  facet normal 0 0 1
    outer loop
      vertex 51.5856 30.0351 4.5
      vertex 50.9444 37 4.5
      vertex 50.9444 30.2528 4.5
    endloop
  endfacet
  facet normal -0.321574 0.946885 0
    outer loop
      vertex 18.9735 36.8978 18.9249
      vertex 18.6019 36.7716 34.5
      vertex 18.9735 36.8978 34.5
    endloop
  endfacet
  facet normal -0.321574 0.946885 0
    outer loop
      vertex 18.6019 36.7716 34.5
      vertex 18.9735 36.8978 18.9249
      vertex 18.6019 36.7716 18.4104
    endloop
  endfacet
  facet normal 0.831501 0.555523 0
    outer loop
      vertex 42.3481 35.5 34.5
      vertex 42.1301 35.8263 16.7045
      vertex 42.1301 35.8263 34.5
    endloop
  endfacet
  facet normal 0.831501 0.555523 0
    outer loop
      vertex 42.1301 35.8263 16.7045
      vertex 42.3481 35.5 34.5
      vertex 42.3481 35.5 16.4027
    endloop
  endfacet
  facet normal 0.44211 -0.896961 0
    outer loop
      vertex 40.898 13.2284 18.4104
      vertex 41.25 13.4019 34.5
      vertex 40.898 13.2284 34.5
    endloop
  endfacet
  facet normal 0.44211 -0.896961 0
    outer loop
      vertex 41.25 13.4019 34.5
      vertex 40.898 13.2284 18.4104
      vertex 41.25 13.4019 17.9231
    endloop
  endfacet
  facet normal -0.980815 -0.19494 0
    outer loop
      vertex 16.8522 15.2235 15.9877
      vertex 16.7757 15.6084 34.5
      vertex 16.7757 15.6084 15.8817
    endloop
  endfacet
  facet normal -0.980815 -0.19494 0
    outer loop
      vertex 16.7757 15.6084 34.5
      vertex 16.8522 15.2235 15.9877
      vertex 16.8522 15.2235 34.5
    endloop
  endfacet
  facet normal 0.321651 -0.946858 0
    outer loop
      vertex 40.5265 13.1022 18.9249
      vertex 40.898 13.2284 34.5
      vertex 40.5265 13.1022 34.5
    endloop
  endfacet
  facet normal 0.321651 -0.946858 0
    outer loop
      vertex 40.898 13.2284 34.5
      vertex 40.5265 13.1022 18.9249
      vertex 40.898 13.2284 18.4104
    endloop
  endfacet
  facet normal 0.0654873 0.997853 0
    outer loop
      vertex 40.1416 36.9743 34.5
      vertex 39.75 37 20
      vertex 39.75 37 34.5
    endloop
  endfacet
  facet normal 0.0654873 0.997853 0
    outer loop
      vertex 39.75 37 20
      vertex 40.1416 36.9743 34.5
      vertex 40.1416 36.9743 19.4578
    endloop
  endfacet
  facet normal -0.659478 0.751724 0
    outer loop
      vertex 17.9237 36.3801 17.4713
      vertex 17.6287 36.1213 34.5
      vertex 17.9237 36.3801 34.5
    endloop
  endfacet
  facet normal -0.659478 0.751724 0
    outer loop
      vertex 17.6287 36.1213 34.5
      vertex 17.9237 36.3801 17.4713
      vertex 17.6287 36.1213 17.0628
    endloop
  endfacet
  facet normal 0.896911 -0.442211 0
    outer loop
      vertex 42.3481 14.5 16.4027
      vertex 42.5216 14.8519 34.5
      vertex 42.3481 14.5 34.5
    endloop
  endfacet
  facet normal 0.896911 -0.442211 0
    outer loop
      vertex 42.5216 14.8519 34.5
      vertex 42.3481 14.5 16.4027
      vertex 42.5216 14.8519 16.1623
    endloop
  endfacet
  facet normal -0.751724 -0.659478 0
    outer loop
      vertex 17.6287 13.8787 17.0628
      vertex 17.3699 14.1737 34.5
      vertex 17.3699 14.1737 16.7045
    endloop
  endfacet
  facet normal -0.751724 -0.659478 0
    outer loop
      vertex 17.3699 14.1737 34.5
      vertex 17.6287 13.8787 17.0628
      vertex 17.6287 13.8787 34.5
    endloop
  endfacet
  facet normal 0.831501 -0.555523 0
    outer loop
      vertex 42.1301 14.1737 16.7045
      vertex 42.3481 14.5 34.5
      vertex 42.1301 14.1737 34.5
    endloop
  endfacet
  facet normal 0.831501 -0.555523 0
    outer loop
      vertex 42.3481 14.5 34.5
      vertex 42.1301 14.1737 16.7045
      vertex 42.3481 14.5 16.4027
    endloop
  endfacet
  facet normal -0.831501 -0.555523 0
    outer loop
      vertex 17.3699 14.1737 16.7045
      vertex 17.1519 14.5 34.5
      vertex 17.1519 14.5 16.4027
    endloop
  endfacet
  facet normal -0.831501 -0.555523 0
    outer loop
      vertex 17.1519 14.5 34.5
      vertex 17.3699 14.1737 16.7045
      vertex 17.3699 14.1737 34.5
    endloop
  endfacet
  facet normal 0.659478 0.751724 0
    outer loop
      vertex 41.8713 36.1213 34.5
      vertex 41.5763 36.3801 17.4713
      vertex 41.5763 36.3801 34.5
    endloop
  endfacet
  facet normal 0.659478 0.751724 0
    outer loop
      vertex 41.5763 36.3801 17.4713
      vertex 41.8713 36.1213 34.5
      vertex 41.8713 36.1213 17.0628
    endloop
  endfacet
  facet normal 0.0654873 -0.997853 0
    outer loop
      vertex 39.75 13 20
      vertex 40.1416 13.0257 34.5
      vertex 39.75 13 34.5
    endloop
  endfacet
  facet normal 0.0654873 -0.997853 0
    outer loop
      vertex 40.1416 13.0257 34.5
      vertex 39.75 13 20
      vertex 40.1416 13.0257 19.4578
    endloop
  endfacet
  facet normal -0.980815 0.19494 0
    outer loop
      vertex 16.7757 34.3916 34.5
      vertex 16.8522 34.7765 15.9877
      vertex 16.7757 34.3916 15.8817
    endloop
  endfacet
  facet normal -0.980815 0.19494 0
    outer loop
      vertex 16.8522 34.7765 15.9877
      vertex 16.7757 34.3916 34.5
      vertex 16.8522 34.7765 34.5
    endloop
  endfacet
  facet normal -0.19494 0.980815 0
    outer loop
      vertex 19.3584 36.9743 19.4578
      vertex 18.9735 36.8978 34.5
      vertex 19.3584 36.9743 34.5
    endloop
  endfacet
  facet normal -0.19494 0.980815 0
    outer loop
      vertex 18.9735 36.8978 34.5
      vertex 19.3584 36.9743 19.4578
      vertex 18.9735 36.8978 18.9249
    endloop
  endfacet
  facet normal -1 0 0
    outer loop
      vertex 16.75 16 15.8462
      vertex 16.75 34 34.5
      vertex 16.75 34 15.8462
    endloop
  endfacet
  facet normal -1 -0 0
    outer loop
      vertex 16.75 34 34.5
      vertex 16.75 16 15.8462
      vertex 16.75 16 34.5
    endloop
  endfacet
  facet normal -0.659478 -0.751724 0
    outer loop
      vertex 17.6287 13.8787 34.5
      vertex 17.9237 13.6199 17.4713
      vertex 17.9237 13.6199 34.5
    endloop
  endfacet
  facet normal -0.659478 -0.751724 0
    outer loop
      vertex 17.9237 13.6199 17.4713
      vertex 17.6287 13.8787 34.5
      vertex 17.6287 13.8787 17.0628
    endloop
  endfacet
  facet normal 0.751724 0.659478 0
    outer loop
      vertex 42.1301 35.8263 34.5
      vertex 41.8713 36.1213 17.0628
      vertex 41.8713 36.1213 34.5
    endloop
  endfacet
  facet normal 0.751724 0.659478 0
    outer loop
      vertex 41.8713 36.1213 17.0628
      vertex 42.1301 35.8263 34.5
      vertex 42.1301 35.8263 16.7045
    endloop
  endfacet
  facet normal 0.555523 -0.831501 0
    outer loop
      vertex 41.25 13.4019 17.9231
      vertex 41.5763 13.6199 34.5
      vertex 41.25 13.4019 34.5
    endloop
  endfacet
  facet normal 0.555523 -0.831501 0
    outer loop
      vertex 41.5763 13.6199 34.5
      vertex 41.25 13.4019 17.9231
      vertex 41.5763 13.6199 17.4713
    endloop
  endfacet
  facet normal -0.896961 0.44211 0
    outer loop
      vertex 16.9784 35.148 34.5
      vertex 17.1519 35.5 16.4027
      vertex 16.9784 35.148 16.1623
    endloop
  endfacet
  facet normal -0.896961 0.44211 0
    outer loop
      vertex 17.1519 35.5 16.4027
      vertex 16.9784 35.148 34.5
      vertex 17.1519 35.5 34.5
    endloop
  endfacet
  facet normal 0.896961 0.44211 0
    outer loop
      vertex 42.5216 35.148 34.5
      vertex 42.3481 35.5 16.4027
      vertex 42.3481 35.5 34.5
    endloop
  endfacet
  facet normal 0.896961 0.44211 0
    outer loop
      vertex 42.3481 35.5 16.4027
      vertex 42.5216 35.148 34.5
      vertex 42.5216 35.148 16.1623
    endloop
  endfacet
  facet normal 0 0 1
    outer loop
      vertex 16.75 34 34.5
      vertex 21.62 37 34.5
      vertex 19.75 37 34.5
    endloop
  endfacet
  facet normal 0 0 1
    outer loop
      vertex 39.75 37 34.5
      vertex 42.75 34 34.5
      vertex 42.7243 34.3916 34.5
    endloop
  endfacet
  facet normal 0 0 1
    outer loop
      vertex 42.75 34 34.5
      vertex 37.88 15.8141 34.5
      vertex 42.75 16 34.5
    endloop
  endfacet
  facet normal 0 0 1
    outer loop
      vertex 39.75 37 34.5
      vertex 42.7243 34.3916 34.5
      vertex 42.6478 34.7765 34.5
    endloop
  endfacet
  facet normal 0 0 1
    outer loop
      vertex 42.75 16 34.5
      vertex 37.88 15.8141 34.5
      vertex 42.7243 15.6084 34.5
    endloop
  endfacet
  facet normal 0 0 1
    outer loop
      vertex 39.75 37 34.5
      vertex 42.6478 34.7765 34.5
      vertex 42.5216 35.148 34.5
    endloop
  endfacet
  facet normal 0 0 1
    outer loop
      vertex 42.7243 15.6084 34.5
      vertex 37.88 15.8141 34.5
      vertex 42.6478 15.2235 34.5
    endloop
  endfacet
  facet normal 0 0 1
    outer loop
      vertex 39.75 37 34.5
      vertex 42.5216 35.148 34.5
      vertex 42.3481 35.5 34.5
    endloop
  endfacet
  facet normal 0 0 1
    outer loop
      vertex 42.6478 15.2235 34.5
      vertex 37.88 15.8141 34.5
      vertex 42.5216 14.8519 34.5
    endloop
  endfacet
  facet normal 0 0 1
    outer loop
      vertex 39.75 37 34.5
      vertex 42.3481 35.5 34.5
      vertex 42.1301 35.8263 34.5
    endloop
  endfacet
  facet normal 0 0 1
    outer loop
      vertex 42.5216 14.8519 34.5
      vertex 37.88 15.8141 34.5
      vertex 42.3481 14.5 34.5
    endloop
  endfacet
  facet normal 0 0 1
    outer loop
      vertex 39.75 37 34.5
      vertex 42.1301 35.8263 34.5
      vertex 41.8713 36.1213 34.5
    endloop
  endfacet
  facet normal 0 0 1
    outer loop
      vertex 42.3481 14.5 34.5
      vertex 37.88 15.8141 34.5
      vertex 42.1301 14.1737 34.5
    endloop
  endfacet
  facet normal 0 0 1
    outer loop
      vertex 39.75 37 34.5
      vertex 41.8713 36.1213 34.5
      vertex 41.5763 36.3801 34.5
    endloop
  endfacet
  facet normal -0 0 1
    outer loop
      vertex 37.8796 15.8078 34.5
      vertex 42.1301 14.1737 34.5
      vertex 37.88 15.8141 34.5
    endloop
  endfacet
  facet normal 0 0 1
    outer loop
      vertex 39.75 37 34.5
      vertex 41.5763 36.3801 34.5
      vertex 41.25 36.5981 34.5
    endloop
  endfacet
  facet normal 0 0 1
    outer loop
      vertex 42.1301 14.1737 34.5
      vertex 37.8796 15.8078 34.5
      vertex 41.8713 13.8787 34.5
    endloop
  endfacet
  facet normal 0 0 1
    outer loop
      vertex 39.75 37 34.5
      vertex 41.25 36.5981 34.5
      vertex 40.898 36.7716 34.5
    endloop
  endfacet
  facet normal -0 0 1
    outer loop
      vertex 37.8629 15.5363 34.5
      vertex 41.8713 13.8787 34.5
      vertex 37.8796 15.8078 34.5
    endloop
  endfacet
  facet normal 0 0 1
    outer loop
      vertex 39.75 37 34.5
      vertex 40.898 36.7716 34.5
      vertex 40.5265 36.8978 34.5
    endloop
  endfacet
  facet normal 0 0 1
    outer loop
      vertex 41.8713 13.8787 34.5
      vertex 37.8629 15.5363 34.5
      vertex 41.5763 13.6199 34.5
    endloop
  endfacet
  facet normal 0 0 1
    outer loop
      vertex 39.75 37 34.5
      vertex 40.5265 36.8978 34.5
      vertex 40.1416 36.9743 34.5
    endloop
  endfacet
  facet normal 0 0 1
    outer loop
      vertex 41.5763 13.6199 34.5
      vertex 37.8629 15.5363 34.5
      vertex 41.25 13.4019 34.5
    endloop
  endfacet
  facet normal 0 0 1
    outer loop
      vertex 42.75 34 34.5
      vertex 39.75 37 34.5
      vertex 37.88 37 34.5
    endloop
  endfacet
  facet normal 0 0 1
    outer loop
      vertex 41.25 13.4019 34.5
      vertex 37.8629 15.5363 34.5
      vertex 40.898 13.2284 34.5
    endloop
  endfacet
  facet normal 0 0 1
    outer loop
      vertex 42.75 34 34.5
      vertex 37.88 37 34.5
      vertex 37.88 15.8141 34.5
    endloop
  endfacet
  facet normal 0 0 1
    outer loop
      vertex 40.898 13.2284 34.5
      vertex 37.8629 15.5363 34.5
      vertex 40.5265 13.1022 34.5
    endloop
  endfacet
  facet normal 0 0 1
    outer loop
      vertex 40.5265 13.1022 34.5
      vertex 37.8629 15.5363 34.5
      vertex 40.1416 13.0257 34.5
    endloop
  endfacet
  facet normal 0 0 1
    outer loop
      vertex 40.1416 13.0257 34.5
      vertex 37.8629 15.5363 34.5
      vertex 39.75 13 34.5
    endloop
  endfacet
  facet normal -0 0 1
    outer loop
      vertex 37.8119 15.2632 34.5
      vertex 39.75 13 34.5
      vertex 37.8629 15.5363 34.5
    endloop
  endfacet
  facet normal -0 0 1
    outer loop
      vertex 37.7288 15.0029 34.5
      vertex 39.75 13 34.5
      vertex 37.8119 15.2632 34.5
    endloop
  endfacet
  facet normal -0 0 1
    outer loop
      vertex 37.7278 14.9996 34.5
      vertex 39.75 13 34.5
      vertex 37.7288 15.0029 34.5
    endloop
  endfacet
  facet normal -0 0 1
    outer loop
      vertex 37.612 14.7499 34.5
      vertex 39.75 13 34.5
      vertex 37.7278 14.9996 34.5
    endloop
  endfacet
  facet normal -0 0 1
    outer loop
      vertex 37.6107 14.7478 34.5
      vertex 39.75 13 34.5
      vertex 37.612 14.7499 34.5
    endloop
  endfacet
  facet normal -0 0 1
    outer loop
      vertex 37.4667 14.5184 34.5
      vertex 39.75 13 34.5
      vertex 37.6107 14.7478 34.5
    endloop
  endfacet
  facet normal -0 0 1
    outer loop
      vertex 37.2942 14.3091 34.5
      vertex 39.75 13 34.5
      vertex 37.4667 14.5184 34.5
    endloop
  endfacet
  facet normal -0 0 1
    outer loop
      vertex 37.0978 14.1258 34.5
      vertex 39.75 13 34.5
      vertex 37.2942 14.3091 34.5
    endloop
  endfacet
  facet normal -0 0 1
    outer loop
      vertex 37.0975 14.1256 34.5
      vertex 39.75 13 34.5
      vertex 37.0978 14.1258 34.5
    endloop
  endfacet
  facet normal -0 0 1
    outer loop
      vertex 37.0972 14.1253 34.5
      vertex 39.75 13 34.5
      vertex 37.0975 14.1256 34.5
    endloop
  endfacet
  facet normal -0 0 1
    outer loop
      vertex 36.9351 14.0101 34.5
      vertex 39.75 13 34.5
      vertex 37.0972 14.1253 34.5
    endloop
  endfacet
  facet normal -0 0 1
    outer loop
      vertex 36.928 14.0101 34.5
      vertex 39.75 13 34.5
      vertex 36.9351 14.0101 34.5
    endloop
  endfacet
  facet normal -0 0 1
    outer loop
      vertex 36.9083 14.0101 34.5
      vertex 39.75 13 34.5
      vertex 36.928 14.0101 34.5
    endloop
  endfacet
  facet normal -0 0 1
    outer loop
      vertex 36.7791 14.0101 34.5
      vertex 39.75 13 34.5
      vertex 36.9083 14.0101 34.5
    endloop
  endfacet
  facet normal -0 0 1
    outer loop
      vertex 22.7209 14.0101 34.5
      vertex 39.75 13 34.5
      vertex 36.7791 14.0101 34.5
    endloop
  endfacet
  facet normal 0 0 1
    outer loop
      vertex 19.75 13 34.5
      vertex 22.7209 14.0101 34.5
      vertex 22.5917 14.0101 34.5
    endloop
  endfacet
  facet normal 0 0 1
    outer loop
      vertex 19.75 13 34.5
      vertex 22.5917 14.0101 34.5
      vertex 22.572 14.0101 34.5
    endloop
  endfacet
  facet normal 0 0 1
    outer loop
      vertex 19.75 13 34.5
      vertex 22.572 14.0101 34.5
      vertex 22.5649 14.0101 34.5
    endloop
  endfacet
  facet normal 0 0 1
    outer loop
      vertex 19.75 13 34.5
      vertex 21.7712 15.0029 34.5
      vertex 21.6881 15.2632 34.5
    endloop
  endfacet
  facet normal 0 0 1
    outer loop
      vertex 17.3699 14.1737 34.5
      vertex 21.6204 15.8078 34.5
      vertex 21.62 15.8141 34.5
    endloop
  endfacet
  facet normal 0 0 1
    outer loop
      vertex 21.62 37 34.5
      vertex 16.75 34 34.5
      vertex 21.62 15.8141 34.5
    endloop
  endfacet
  facet normal 0 0 1
    outer loop
      vertex 22.7209 14.0101 34.5
      vertex 19.75 13 34.5
      vertex 39.75 13 34.5
    endloop
  endfacet
  facet normal 0 0 1
    outer loop
      vertex 22.4028 14.1253 34.5
      vertex 19.75 13 34.5
      vertex 22.5649 14.0101 34.5
    endloop
  endfacet
  facet normal 0 0 1
    outer loop
      vertex 22.4025 14.1256 34.5
      vertex 19.75 13 34.5
      vertex 22.4028 14.1253 34.5
    endloop
  endfacet
  facet normal 0 0 1
    outer loop
      vertex 22.4022 14.1258 34.5
      vertex 19.75 13 34.5
      vertex 22.4025 14.1256 34.5
    endloop
  endfacet
  facet normal 0 0 1
    outer loop
      vertex 22.2058 14.3091 34.5
      vertex 19.75 13 34.5
      vertex 22.4022 14.1258 34.5
    endloop
  endfacet
  facet normal 0 0 1
    outer loop
      vertex 22.0333 14.5184 34.5
      vertex 19.75 13 34.5
      vertex 22.2058 14.3091 34.5
    endloop
  endfacet
  facet normal 0 0 1
    outer loop
      vertex 21.8893 14.7478 34.5
      vertex 19.75 13 34.5
      vertex 22.0333 14.5184 34.5
    endloop
  endfacet
  facet normal 0 0 1
    outer loop
      vertex 21.8879 14.7499 34.5
      vertex 19.75 13 34.5
      vertex 21.8893 14.7478 34.5
    endloop
  endfacet
  facet normal 0 0 1
    outer loop
      vertex 21.7722 14.9996 34.5
      vertex 19.75 13 34.5
      vertex 21.8879 14.7499 34.5
    endloop
  endfacet
  facet normal 0 0 1
    outer loop
      vertex 21.7712 15.0029 34.5
      vertex 19.75 13 34.5
      vertex 21.7722 14.9996 34.5
    endloop
  endfacet
  facet normal 0 0 1
    outer loop
      vertex 21.6371 15.5363 34.5
      vertex 19.75 13 34.5
      vertex 21.6881 15.2632 34.5
    endloop
  endfacet
  facet normal -0 0 1
    outer loop
      vertex 16.75 16 34.5
      vertex 21.62 15.8141 34.5
      vertex 16.75 34 34.5
    endloop
  endfacet
  facet normal 0 0 1
    outer loop
      vertex 16.75 34 34.5
      vertex 19.75 37 34.5
      vertex 19.3584 36.9743 34.5
    endloop
  endfacet
  facet normal 0 -0 1
    outer loop
      vertex 16.7757 15.6084 34.5
      vertex 21.62 15.8141 34.5
      vertex 16.75 16 34.5
    endloop
  endfacet
  facet normal 0 0 1
    outer loop
      vertex 16.75 34 34.5
      vertex 19.3584 36.9743 34.5
      vertex 18.9735 36.8978 34.5
    endloop
  endfacet
  facet normal 0 -0 1
    outer loop
      vertex 16.8522 15.2235 34.5
      vertex 21.62 15.8141 34.5
      vertex 16.7757 15.6084 34.5
    endloop
  endfacet
  facet normal 0 0 1
    outer loop
      vertex 16.75 34 34.5
      vertex 18.9735 36.8978 34.5
      vertex 18.6019 36.7716 34.5
    endloop
  endfacet
  facet normal 0 0 1
    outer loop
      vertex 21.6371 15.5363 34.5
      vertex 19.3584 13.0257 34.5
      vertex 19.75 13 34.5
    endloop
  endfacet
  facet normal 0 0 1
    outer loop
      vertex 16.75 34 34.5
      vertex 18.6019 36.7716 34.5
      vertex 18.25 36.5981 34.5
    endloop
  endfacet
  facet normal 0 0 1
    outer loop
      vertex 21.6371 15.5363 34.5
      vertex 18.9735 13.1022 34.5
      vertex 19.3584 13.0257 34.5
    endloop
  endfacet
  facet normal 0 0 1
    outer loop
      vertex 16.75 34 34.5
      vertex 18.25 36.5981 34.5
      vertex 17.9237 36.3801 34.5
    endloop
  endfacet
  facet normal 0 0 1
    outer loop
      vertex 21.6371 15.5363 34.5
      vertex 18.6019 13.2284 34.5
      vertex 18.9735 13.1022 34.5
    endloop
  endfacet
  facet normal 0 0 1
    outer loop
      vertex 16.75 34 34.5
      vertex 17.9237 36.3801 34.5
      vertex 17.6287 36.1213 34.5
    endloop
  endfacet
  facet normal 0 0 1
    outer loop
      vertex 21.6371 15.5363 34.5
      vertex 18.25 13.4019 34.5
      vertex 18.6019 13.2284 34.5
    endloop
  endfacet
  facet normal 0 0 1
    outer loop
      vertex 16.75 34 34.5
      vertex 17.6287 36.1213 34.5
      vertex 17.3699 35.8263 34.5
    endloop
  endfacet
  facet normal 0 0 1
    outer loop
      vertex 21.6371 15.5363 34.5
      vertex 17.9237 13.6199 34.5
      vertex 18.25 13.4019 34.5
    endloop
  endfacet
  facet normal 0 0 1
    outer loop
      vertex 16.75 34 34.5
      vertex 17.3699 35.8263 34.5
      vertex 17.1519 35.5 34.5
    endloop
  endfacet
  facet normal 0 0 1
    outer loop
      vertex 21.6371 15.5363 34.5
      vertex 17.6287 13.8787 34.5
      vertex 17.9237 13.6199 34.5
    endloop
  endfacet
  facet normal 0 0 1
    outer loop
      vertex 16.75 34 34.5
      vertex 17.1519 35.5 34.5
      vertex 16.9784 35.148 34.5
    endloop
  endfacet
  facet normal 0 0 1
    outer loop
      vertex 21.6204 15.8078 34.5
      vertex 17.6287 13.8787 34.5
      vertex 21.6371 15.5363 34.5
    endloop
  endfacet
  facet normal 0 0 1
    outer loop
      vertex 16.75 34 34.5
      vertex 16.9784 35.148 34.5
      vertex 16.8522 34.7765 34.5
    endloop
  endfacet
  facet normal 0 0 1
    outer loop
      vertex 21.6204 15.8078 34.5
      vertex 17.3699 14.1737 34.5
      vertex 17.6287 13.8787 34.5
    endloop
  endfacet
  facet normal 0 0 1
    outer loop
      vertex 16.75 34 34.5
      vertex 16.8522 34.7765 34.5
      vertex 16.7757 34.3916 34.5
    endloop
  endfacet
  facet normal 0 -0 1
    outer loop
      vertex 17.3699 14.1737 34.5
      vertex 21.62 15.8141 34.5
      vertex 17.1519 14.5 34.5
    endloop
  endfacet
  facet normal 0 -0 1
    outer loop
      vertex 17.1519 14.5 34.5
      vertex 21.62 15.8141 34.5
      vertex 16.9784 14.8519 34.5
    endloop
  endfacet
  facet normal 0 -0 1
    outer loop
      vertex 16.9784 14.8519 34.5
      vertex 21.62 15.8141 34.5
      vertex 16.8522 15.2235 34.5
    endloop
  endfacet
  facet normal -0.442211 -0.896911 0
    outer loop
      vertex 18.25 13.4019 34.5
      vertex 18.6019 13.2284 18.4104
      vertex 18.6019 13.2284 34.5
    endloop
  endfacet
  facet normal -0.442211 -0.896911 0
    outer loop
      vertex 18.6019 13.2284 18.4104
      vertex 18.25 13.4019 34.5
      vertex 18.25 13.4019 17.9231
    endloop
  endfacet
  facet normal -0.555523 0.831501 0
    outer loop
      vertex 18.25 36.5981 17.9231
      vertex 17.9237 36.3801 34.5
      vertex 18.25 36.5981 34.5
    endloop
  endfacet
  facet normal -0.555523 0.831501 0
    outer loop
      vertex 17.9237 36.3801 34.5
      vertex 18.25 36.5981 17.9231
      vertex 17.9237 36.3801 17.4713
    endloop
  endfacet
  facet normal 1 -0 0
    outer loop
      vertex 42.75 16 34.5
      vertex 42.75 34 15.8462
      vertex 42.75 34 34.5
    endloop
  endfacet
  facet normal 1 0 0
    outer loop
      vertex 42.75 34 15.8462
      vertex 42.75 16 34.5
      vertex 42.75 16 15.8462
    endloop
  endfacet
  facet normal 0.997853 -0.0654873 0
    outer loop
      vertex 42.7243 15.6084 15.8817
      vertex 42.75 16 34.5
      vertex 42.7243 15.6084 34.5
    endloop
  endfacet
  facet normal 0.997853 -0.0654873 0
    outer loop
      vertex 42.75 16 34.5
      vertex 42.7243 15.6084 15.8817
      vertex 42.75 16 15.8462
    endloop
  endfacet
  facet normal 0.19494 -0.980815 0
    outer loop
      vertex 40.1416 13.0257 19.4578
      vertex 40.5265 13.1022 34.5
      vertex 40.1416 13.0257 34.5
    endloop
  endfacet
  facet normal 0.19494 -0.980815 0
    outer loop
      vertex 40.5265 13.1022 34.5
      vertex 40.1416 13.0257 19.4578
      vertex 40.5265 13.1022 18.9249
    endloop
  endfacet
  facet normal 0.946885 -0.321574 0
    outer loop
      vertex 42.5216 14.8519 16.1623
      vertex 42.6478 15.2235 34.5
      vertex 42.5216 14.8519 34.5
    endloop
  endfacet
  facet normal 0.946885 -0.321574 0
    outer loop
      vertex 42.6478 15.2235 34.5
      vertex 42.5216 14.8519 16.1623
      vertex 42.6478 15.2235 15.9877
    endloop
  endfacet
  facet normal -0.751724 0.659478 0
    outer loop
      vertex 17.3699 35.8263 34.5
      vertex 17.6287 36.1213 17.0628
      vertex 17.3699 35.8263 16.7045
    endloop
  endfacet
  facet normal -0.751724 0.659478 0
    outer loop
      vertex 17.6287 36.1213 17.0628
      vertex 17.3699 35.8263 34.5
      vertex 17.6287 36.1213 34.5
    endloop
  endfacet
  facet normal -0.19494 -0.980815 0
    outer loop
      vertex 18.9735 13.1022 34.5
      vertex 19.3584 13.0257 19.4578
      vertex 19.3584 13.0257 34.5
    endloop
  endfacet
  facet normal -0.19494 -0.980815 0
    outer loop
      vertex 19.3584 13.0257 19.4578
      vertex 18.9735 13.1022 34.5
      vertex 18.9735 13.1022 18.9249
    endloop
  endfacet
  facet normal -0.442211 0.896911 0
    outer loop
      vertex 18.6019 36.7716 18.4104
      vertex 18.25 36.5981 34.5
      vertex 18.6019 36.7716 34.5
    endloop
  endfacet
  facet normal -0.442211 0.896911 0
    outer loop
      vertex 18.25 36.5981 34.5
      vertex 18.6019 36.7716 18.4104
      vertex 18.25 36.5981 17.9231
    endloop
  endfacet
  facet normal -0.831501 0.555523 0
    outer loop
      vertex 17.1519 35.5 34.5
      vertex 17.3699 35.8263 16.7045
      vertex 17.1519 35.5 16.4027
    endloop
  endfacet
  facet normal -0.831501 0.555523 0
    outer loop
      vertex 17.3699 35.8263 16.7045
      vertex 17.1519 35.5 34.5
      vertex 17.3699 35.8263 34.5
    endloop
  endfacet
  facet normal 0.19494 0.980815 0
    outer loop
      vertex 40.5265 36.8978 34.5
      vertex 40.1416 36.9743 19.4578
      vertex 40.1416 36.9743 34.5
    endloop
  endfacet
  facet normal 0.19494 0.980815 0
    outer loop
      vertex 40.1416 36.9743 19.4578
      vertex 40.5265 36.8978 34.5
      vertex 40.5265 36.8978 18.9249
    endloop
  endfacet
  facet normal -0.946858 0.321651 0
    outer loop
      vertex 16.8522 34.7765 34.5
      vertex 16.9784 35.148 16.1623
      vertex 16.8522 34.7765 15.9877
    endloop
  endfacet
  facet normal -0.946858 0.321651 0
    outer loop
      vertex 16.9784 35.148 16.1623
      vertex 16.8522 34.7765 34.5
      vertex 16.9784 35.148 34.5
    endloop
  endfacet
  facet normal -0.946885 -0.321574 0
    outer loop
      vertex 16.9784 14.8519 16.1623
      vertex 16.8522 15.2235 34.5
      vertex 16.8522 15.2235 15.9877
    endloop
  endfacet
  facet normal -0.946885 -0.321574 0
    outer loop
      vertex 16.8522 15.2235 34.5
      vertex 16.9784 14.8519 16.1623
      vertex 16.9784 14.8519 34.5
    endloop
  endfacet
  facet normal -0.896911 -0.442211 0
    outer loop
      vertex 17.1519 14.5 16.4027
      vertex 16.9784 14.8519 34.5
      vertex 16.9784 14.8519 16.1623
    endloop
  endfacet
  facet normal -0.896911 -0.442211 0
    outer loop
      vertex 16.9784 14.8519 34.5
      vertex 17.1519 14.5 16.4027
      vertex 17.1519 14.5 34.5
    endloop
  endfacet
  facet normal 0.751724 -0.659478 0
    outer loop
      vertex 41.8713 13.8787 17.0628
      vertex 42.1301 14.1737 34.5
      vertex 41.8713 13.8787 34.5
    endloop
  endfacet
  facet normal 0.751724 -0.659478 0
    outer loop
      vertex 42.1301 14.1737 34.5
      vertex 41.8713 13.8787 17.0628
      vertex 42.1301 14.1737 16.7045
    endloop
  endfacet
  facet normal -0.0654873 0.997853 0
    outer loop
      vertex 19.75 37 20
      vertex 19.3584 36.9743 34.5
      vertex 19.75 37 34.5
    endloop
  endfacet
  facet normal -0.0654873 0.997853 0
    outer loop
      vertex 19.3584 36.9743 34.5
      vertex 19.75 37 20
      vertex 19.3584 36.9743 19.4578
    endloop
  endfacet
  facet normal 0.659478 -0.751724 0
    outer loop
      vertex 41.5763 13.6199 17.4713
      vertex 41.8713 13.8787 34.5
      vertex 41.5763 13.6199 34.5
    endloop
  endfacet
  facet normal 0.659478 -0.751724 0
    outer loop
      vertex 41.8713 13.8787 34.5
      vertex 41.5763 13.6199 17.4713
      vertex 41.8713 13.8787 17.0628
    endloop
  endfacet
  facet normal 0.980815 0.19494 0
    outer loop
      vertex 42.7243 34.3916 34.5
      vertex 42.6478 34.7765 15.9877
      vertex 42.6478 34.7765 34.5
    endloop
  endfacet
  facet normal 0.980815 0.19494 0
    outer loop
      vertex 42.6478 34.7765 15.9877
      vertex 42.7243 34.3916 34.5
      vertex 42.7243 34.3916 15.8817
    endloop
  endfacet
  facet normal -0.0654873 -0.997853 0
    outer loop
      vertex 19.3584 13.0257 34.5
      vertex 19.75 13 20
      vertex 19.75 13 34.5
    endloop
  endfacet
  facet normal -0.0654873 -0.997853 0
    outer loop
      vertex 19.75 13 20
      vertex 19.3584 13.0257 34.5
      vertex 19.3584 13.0257 19.4578
    endloop
  endfacet
  facet normal 0.555523 0.831501 0
    outer loop
      vertex 41.5763 36.3801 34.5
      vertex 41.25 36.5981 17.9231
      vertex 41.25 36.5981 34.5
    endloop
  endfacet
  facet normal 0.555523 0.831501 0
    outer loop
      vertex 41.25 36.5981 17.9231
      vertex 41.5763 36.3801 34.5
      vertex 41.5763 36.3801 17.4713
    endloop
  endfacet
  facet normal -0.997853 -0.0654873 0
    outer loop
      vertex 16.7757 15.6084 15.8817
      vertex 16.75 16 34.5
      vertex 16.75 16 15.8462
    endloop
  endfacet
  facet normal -0.997853 -0.0654873 0
    outer loop
      vertex 16.75 16 34.5
      vertex 16.7757 15.6084 15.8817
      vertex 16.7757 15.6084 34.5
    endloop
  endfacet
  facet normal -0.321574 -0.946885 0
    outer loop
      vertex 18.6019 13.2284 34.5
      vertex 18.9735 13.1022 18.9249
      vertex 18.9735 13.1022 34.5
    endloop
  endfacet
  facet normal -0.321574 -0.946885 0
    outer loop
      vertex 18.9735 13.1022 18.9249
      vertex 18.6019 13.2284 34.5
      vertex 18.6019 13.2284 18.4104
    endloop
  endfacet
  facet normal -0.997853 0.0654873 0
    outer loop
      vertex 16.75 34 34.5
      vertex 16.7757 34.3916 15.8817
      vertex 16.75 34 15.8462
    endloop
  endfacet
  facet normal -0.997853 0.0654873 0
    outer loop
      vertex 16.7757 34.3916 15.8817
      vertex 16.75 34 34.5
      vertex 16.7757 34.3916 34.5
    endloop
  endfacet
  facet normal -0.555523 -0.831501 0
    outer loop
      vertex 17.9237 13.6199 34.5
      vertex 18.25 13.4019 17.9231
      vertex 18.25 13.4019 34.5
    endloop
  endfacet
  facet normal -0.555523 -0.831501 0
    outer loop
      vertex 18.25 13.4019 17.9231
      vertex 17.9237 13.6199 34.5
      vertex 17.9237 13.6199 17.4713
    endloop
  endfacet
  facet normal 0.997853 0.0654873 0
    outer loop
      vertex 42.75 34 34.5
      vertex 42.7243 34.3916 15.8817
      vertex 42.7243 34.3916 34.5
    endloop
  endfacet
  facet normal 0.997853 0.0654873 0
    outer loop
      vertex 42.7243 34.3916 15.8817
      vertex 42.75 34 34.5
      vertex 42.75 34 15.8462
    endloop
  endfacet
  facet normal 0.980815 -0.19494 0
    outer loop
      vertex 42.6478 15.2235 15.9877
      vertex 42.7243 15.6084 34.5
      vertex 42.6478 15.2235 34.5
    endloop
  endfacet
  facet normal 0.980815 -0.19494 0
    outer loop
      vertex 42.7243 15.6084 34.5
      vertex 42.6478 15.2235 15.9877
      vertex 42.7243 15.6084 15.8817
    endloop
  endfacet
  facet normal 0.44211 0.896961 0
    outer loop
      vertex 41.25 36.5981 34.5
      vertex 40.898 36.7716 18.4104
      vertex 40.898 36.7716 34.5
    endloop
  endfacet
  facet normal 0.44211 0.896961 0
    outer loop
      vertex 40.898 36.7716 18.4104
      vertex 41.25 36.5981 34.5
      vertex 41.25 36.5981 17.9231
    endloop
  endfacet
  facet normal 0.946858 0.321651 0
    outer loop
      vertex 42.6478 34.7765 34.5
      vertex 42.5216 35.148 16.1623
      vertex 42.5216 35.148 34.5
    endloop
  endfacet
  facet normal 0.946858 0.321651 0
    outer loop
      vertex 42.5216 35.148 16.1623
      vertex 42.6478 34.7765 34.5
      vertex 42.6478 34.7765 15.9877
    endloop
  endfacet
  facet normal 0.321651 0.946858 0
    outer loop
      vertex 40.898 36.7716 34.5
      vertex 40.5265 36.8978 18.9249
      vertex 40.5265 36.8978 34.5
    endloop
  endfacet
  facet normal 0.321651 0.946858 0
    outer loop
      vertex 40.5265 36.8978 18.9249
      vertex 40.898 36.7716 34.5
      vertex 40.898 36.7716 18.4104
    endloop
  endfacet
  facet normal 0.896733 0.415882 -0.151368
    outer loop
      vertex 37.6334 37 31.4345
      vertex 37.612 44.5712 52.1095
      vertex 37.7278 44.3507 52.1897
    endloop
  endfacet
  facet normal 0.896488 0.416348 -0.151539
    outer loop
      vertex 37.612 44.5712 52.1095
      vertex 37.6334 37 31.4345
      vertex 37.612 37 31.3079
    endloop
  endfacet
  facet normal 0.321216 0.889894 -0.323896
    outer loop
      vertex 36.6454 37 28.8292
      vertex 36.3976 45.4468 51.7908
      vertex 36.6454 45.3678 51.8195
    endloop
  endfacet
  facet normal 0.321105 0.889929 -0.32391
    outer loop
      vertex 36.3976 45.4468 51.7908
      vertex 36.6454 37 28.8292
      vertex 36.6223 37 28.8063
    endloop
  endfacet
  facet normal -0 -0.342179 -0.939635
    outer loop
      vertex 36.928 14.0101 34.5
      vertex 36.88 13.9755 34.5126
      vertex 36.9083 14.0101 34.5
    endloop
  endfacet
  facet normal 0.555578 0.781321 -0.284379
    outer loop
      vertex 37.0975 37 29.5925
      vertex 36.9033 37 29.2131
      vertex 37.0975 45.1225 51.9088
    endloop
  endfacet
  facet normal 0.946849 -0.302279 0.110021
    outer loop
      vertex 37.8119 24.3512 59.4689
      vertex 37.7288 15.0029 34.5
      vertex 37.8119 15.2632 34.5
    endloop
  endfacet
  facet normal -0.000339416 0.342386 0.939559
    outer loop
      vertex 37.2942 23.5087 59.7756
      vertex 36.88 23.21 59.8843
      vertex 37.0975 23.3466 59.8346
    endloop
  endfacet
  facet normal 0.00029289 -0.343127 -0.939289
    outer loop
      vertex 36.1411 13.7398 34.5984
      vertex 35.88 13.7237 34.6042
      vertex 36.6454 13.8667 34.5522
    endloop
  endfacet
  facet normal -3.54312e-05 -0.342088 -0.939668
    outer loop
      vertex 22.62 13.9755 34.5126
      vertex 22.7209 14.0101 34.5
      vertex 22.8546 13.8667 34.5522
    endloop
  endfacet
  facet normal -0 -0.342179 -0.939635
    outer loop
      vertex 22.7209 14.0101 34.5
      vertex 22.62 13.9755 34.5126
      vertex 22.5917 14.0101 34.5
    endloop
  endfacet
  facet normal 0.000738644 0.341699 0.939809
    outer loop
      vertex 37.8629 24.5923 59.3812
      vertex 37.4667 23.6935 59.7083
      vertex 37.8119 24.3512 59.4689
    endloop
  endfacet
  facet normal 0 -0.342059 -0.939679
    outer loop
      vertex 22.8546 13.8667 34.5522
      vertex 36.7791 14.0101 34.5
      vertex 36.6454 13.8667 34.5522
    endloop
  endfacet
  facet normal -0 -0.342059 -0.939679
    outer loop
      vertex 36.7791 14.0101 34.5
      vertex 22.8546 13.8667 34.5522
      vertex 22.7209 14.0101 34.5
    endloop
  endfacet
  facet normal 0 -0.341743 -0.939793
    outer loop
      vertex 23.62 13.7237 34.6042
      vertex 36.6454 13.8667 34.5522
      vertex 35.88 13.7237 34.6042
    endloop
  endfacet
  facet normal -0 -0.341743 -0.939793
    outer loop
      vertex 36.6454 13.8667 34.5522
      vertex 23.62 13.7237 34.6042
      vertex 22.8546 13.8667 34.5522
    endloop
  endfacet
  facet normal 0.000177366 0.34237 0.939565
    outer loop
      vertex 36.6454 45.3678 51.8195
      vertex 35.88 45.5109 51.7675
      vertex 37.0975 45.1225 51.9088
    endloop
  endfacet
  facet normal -0.946849 -0.302279 0.110021
    outer loop
      vertex 21.6881 24.3512 59.4689
      vertex 21.6881 15.2632 34.5
      vertex 21.7712 15.0029 34.5
    endloop
  endfacet
  facet normal -0.000214166 0.342016 0.939694
    outer loop
      vertex 22.2058 23.5087 59.7756
      vertex 21.6371 43.8768 52.3622
      vertex 22.0333 23.6935 59.7083
    endloop
  endfacet
  facet normal 0.00100921 0.342019 0.939692
    outer loop
      vertex 37.88 43.6315 52.4515
      vertex 37.8629 24.5923 59.3812
      vertex 37.88 24.8376 59.2919
    endloop
  endfacet
  facet normal 0.997861 -0.0614229 0.0223561
    outer loop
      vertex 37.8629 24.5923 59.3812
      vertex 37.88 15.8141 34.5
      vertex 37.88 24.8376 59.2919
    endloop
  endfacet
  facet normal 0.997726 -0.0633477 0.023035
    outer loop
      vertex 37.88 15.8141 34.5
      vertex 37.8629 24.5923 59.3812
      vertex 37.8796 15.8078 34.5
    endloop
  endfacet
  facet normal 0.00110369 0.342323 0.939582
    outer loop
      vertex 37.7278 44.3507 52.1897
      vertex 37.612 44.5712 52.1095
      vertex 37.8629 43.8768 52.3622
    endloop
  endfacet
  facet normal -0.000686544 0.342758 0.939424
    outer loop
      vertex 22.2058 44.9604 51.9678
      vertex 22.0333 44.7756 52.0351
      vertex 22.4025 45.1225 51.9088
    endloop
  endfacet
  facet normal 0.442278 0.842789 -0.306751
    outer loop
      vertex 36.88 37 29.1675
      vertex 36.6454 45.3678 51.8195
      vertex 36.88 45.2591 51.8591
    endloop
  endfacet
  facet normal 0.442331 0.842765 -0.306742
    outer loop
      vertex 36.6454 45.3678 51.8195
      vertex 36.88 37 29.1675
      vertex 36.6454 37 28.8292
    endloop
  endfacet
  facet normal -8.30525e-05 0.342019 0.939693
    outer loop
      vertex 22.0333 44.7756 52.0351
      vertex 21.6371 43.8768 52.3622
      vertex 22.2058 23.5087 59.7756
    endloop
  endfacet
  facet normal 0.997865 -0.0613788 0.02234
    outer loop
      vertex 37.8629 24.5923 59.3812
      vertex 37.8629 15.5363 34.5
      vertex 37.8796 15.8078 34.5
    endloop
  endfacet
  facet normal 8.82132e-05 0.342021 0.939692
    outer loop
      vertex 21.6371 43.8768 52.3622
      vertex 21.6371 24.5923 59.3812
      vertex 22.0333 23.6935 59.7083
    endloop
  endfacet
  facet normal -0.00100921 0.342019 0.939692
    outer loop
      vertex 21.62 43.6315 52.4515
      vertex 21.62 24.8376 59.2919
      vertex 21.6371 24.5923 59.3812
    endloop
  endfacet
  facet normal -8.82132e-05 0.342021 0.939692
    outer loop
      vertex 37.8629 43.8768 52.3622
      vertex 37.4667 23.6935 59.7083
      vertex 37.8629 24.5923 59.3812
    endloop
  endfacet
  facet normal -0 0.342019 0.939693
    outer loop
      vertex 35.36 44.7756 52.0351
      vertex 37.2942 23.5087 59.7756
      vertex 37.4667 44.7756 52.0351
    endloop
  endfacet
  facet normal 0 0.342019 0.939693
    outer loop
      vertex 37.2942 23.5087 59.7756
      vertex 35.36 44.7756 52.0351
      vertex 35.36 23.5087 59.7756
    endloop
  endfacet
  facet normal 0 0.342019 0.939693
    outer loop
      vertex 24.14 44.7756 52.0351
      vertex 22.2058 23.5087 59.7756
      vertex 24.14 23.5087 59.7756
    endloop
  endfacet
  facet normal 0 0.342019 0.939693
    outer loop
      vertex 22.2058 23.5087 59.7756
      vertex 24.14 44.7756 52.0351
      vertex 22.0333 44.7756 52.0351
    endloop
  endfacet
  facet normal 0 -0.342179 -0.939635
    outer loop
      vertex 36.88 13.9755 34.5126
      vertex 36.7791 14.0101 34.5
      vertex 36.9083 14.0101 34.5
    endloop
  endfacet
  facet normal 3.54312e-05 -0.342088 -0.939668
    outer loop
      vertex 36.7791 14.0101 34.5
      vertex 36.88 13.9755 34.5126
      vertex 36.6454 13.8667 34.5522
    endloop
  endfacet
  facet normal 0.65935 0.706495 -0.257143
    outer loop
      vertex 37.2942 37 30.0968
      vertex 37.0975 45.1225 51.9088
      vertex 37.2942 44.9604 51.9678
    endloop
  endfacet
  facet normal 0.659017 0.706767 -0.257248
    outer loop
      vertex 37.0975 45.1225 51.9088
      vertex 37.2942 37 30.0968
      vertex 37.2675 37 30.0284
    endloop
  endfacet
  facet normal 0 0.939692 -0.342022
    outer loop
      vertex 35.88 45.5109 51.7675
      vertex 35.36 37.9864 31.0942
      vertex 35.36 45.5109 51.7675
    endloop
  endfacet
  facet normal 0 0.939692 -0.342021
    outer loop
      vertex 35.36 37.9864 31.0942
      vertex 35.88 37 28.3841
      vertex 24.14 37.9864 31.0942
    endloop
  endfacet
  facet normal -3.34628e-07 0.939692 -0.342022
    outer loop
      vertex 35.88 37 28.3841
      vertex 35.36 37.9864 31.0942
      vertex 35.88 45.5109 51.7675
    endloop
  endfacet
  facet normal 0 0.939692 -0.342022
    outer loop
      vertex 24.14 37.9864 31.0942
      vertex 23.62 45.5109 51.7675
      vertex 24.14 45.5109 51.7675
    endloop
  endfacet
  facet normal 3.34628e-07 0.939692 -0.342022
    outer loop
      vertex 24.14 37.9864 31.0942
      vertex 23.62 37 28.3841
      vertex 23.62 45.5109 51.7675
    endloop
  endfacet
  facet normal 0 0.939692 -0.342021
    outer loop
      vertex 23.62 37 28.3841
      vertex 24.14 37.9864 31.0942
      vertex 35.88 37 28.3841
    endloop
  endfacet
  facet normal -0.555578 0.781321 -0.284379
    outer loop
      vertex 22.5967 37 29.2131
      vertex 22.4025 37 29.5925
      vertex 22.4025 45.1225 51.9088
    endloop
  endfacet
  facet normal 1 0 0
    outer loop
      vertex 37.88 24.8376 59.2919
      vertex 37.88 37 34.5
      vertex 37.88 43.6315 52.4515
    endloop
  endfacet
  facet normal 1 0 0
    outer loop
      vertex 37.88 37 34.5
      vertex 37.88 24.8376 59.2919
      vertex 37.88 15.8141 34.5
    endloop
  endfacet
  facet normal 1 0 0
    outer loop
      vertex 37.88 43.6315 52.4515
      vertex 37.88 37 34.5
      vertex 37.88 37 34.2317
    endloop
  endfacet
  facet normal 0.000983533 0.342021 0.939692
    outer loop
      vertex 21.6371 43.8768 52.3622
      vertex 21.62 43.6315 52.4515
      vertex 21.6371 24.5923 59.3812
    endloop
  endfacet
  facet normal 0.00321239 0.341235 0.939973
    outer loop
      vertex 21.6881 44.1179 52.2745
      vertex 21.6371 43.8768 52.3622
      vertex 21.7722 44.3507 52.1897
    endloop
  endfacet
  facet normal 0.00152408 0.342747 0.939426
    outer loop
      vertex 22.0333 23.6935 59.7083
      vertex 21.6881 24.3512 59.4689
      vertex 21.7722 24.1184 59.5537
    endloop
  endfacet
  facet normal 0.000550622 0.33993 0.940451
    outer loop
      vertex 36.6454 23.1013 59.9239
      vertex 36.1411 22.9743 59.9701
      vertex 36.3976 23.0223 59.9526
    endloop
  endfacet
  facet normal 0 -0.342179 -0.939635
    outer loop
      vertex 22.62 13.9755 34.5126
      vertex 22.5649 14.0101 34.5
      vertex 22.572 14.0101 34.5
    endloop
  endfacet
  facet normal -0.751798 -0.619627 0.225527
    outer loop
      vertex 22.0333 14.5184 34.5
      vertex 22.2058 23.5087 59.7756
      vertex 22.0333 23.6935 59.7083
    endloop
  endfacet
  facet normal -0.751805 -0.619619 0.225524
    outer loop
      vertex 22.2058 23.5087 59.7756
      vertex 22.0333 14.5184 34.5
      vertex 22.2058 14.3091 34.5
    endloop
  endfacet
  facet normal -0.831534 -0.521974 0.189984
    outer loop
      vertex 22.0333 23.6935 59.7083
      vertex 21.8893 14.7478 34.5
      vertex 22.0333 14.5184 34.5
    endloop
  endfacet
  facet normal -0.980809 -0.183214 0.0666845
    outer loop
      vertex 21.6371 15.5363 34.5
      vertex 21.6881 24.3512 59.4689
      vertex 21.6371 24.5923 59.3812
    endloop
  endfacet
  facet normal -0.98082 -0.183163 0.0666663
    outer loop
      vertex 21.6881 24.3512 59.4689
      vertex 21.6371 15.5363 34.5
      vertex 21.6881 15.2632 34.5
    endloop
  endfacet
  facet normal 0.896733 -0.415882 0.151369
    outer loop
      vertex 37.612 23.8979 59.6339
      vertex 37.7278 14.9996 34.5
      vertex 37.7278 24.1184 59.5537
    endloop
  endfacet
  facet normal 0.89674 -0.415869 0.151364
    outer loop
      vertex 37.7278 14.9996 34.5
      vertex 37.612 23.8979 59.6339
      vertex 37.612 14.7499 34.5
    endloop
  endfacet
  facet normal -0.000550622 0.33993 0.940451
    outer loop
      vertex 23.3589 22.9743 59.9701
      vertex 22.8546 23.1013 59.9239
      vertex 23.1024 23.0223 59.9526
    endloop
  endfacet
  facet normal 0.000127829 0.342233 0.939615
    outer loop
      vertex 37.0975 45.1225 51.9088
      vertex 35.88 45.5109 51.7675
      vertex 37.4667 44.7756 52.0351
    endloop
  endfacet
  facet normal 0.555634 -0.781842 0.282832
    outer loop
      vertex 37.0972 14.1253 34.5
      vertex 36.88 13.9755 34.5126
      vertex 36.9351 14.0101 34.5
    endloop
  endfacet
  facet normal 0.55543 -0.781414 0.28441
    outer loop
      vertex 36.88 13.9755 34.5126
      vertex 37.0972 14.1253 34.5
      vertex 36.88 23.21 59.8843
    endloop
  endfacet
  facet normal -0.000870847 -0.339042 -0.940771
    outer loop
      vertex 36.3976 13.7877 34.5809
      vertex 36.1411 13.7398 34.5984
      vertex 36.6454 13.8667 34.5522
    endloop
  endfacet
  facet normal 0.751798 0.619628 -0.225526
    outer loop
      vertex 37.3185 37 30.1778
      vertex 37.2942 44.9604 51.9678
      vertex 37.4667 44.7756 52.0351
    endloop
  endfacet
  facet normal 0.751779 0.619648 -0.225534
    outer loop
      vertex 37.2942 44.9604 51.9678
      vertex 37.3185 37 30.1778
      vertex 37.2942 37 30.0968
    endloop
  endfacet
  facet normal 0.000686544 0.342758 0.939424
    outer loop
      vertex 37.2942 44.9604 51.9678
      vertex 37.0975 45.1225 51.9088
      vertex 37.4667 44.7756 52.0351
    endloop
  endfacet
  facet normal 0.980809 -0.183214 0.0666845
    outer loop
      vertex 37.8119 24.3512 59.4689
      vertex 37.8629 15.5363 34.5
      vertex 37.8629 24.5923 59.3812
    endloop
  endfacet
  facet normal 0.98082 -0.183163 0.0666663
    outer loop
      vertex 37.8629 15.5363 34.5
      vertex 37.8119 24.3512 59.4689
      vertex 37.8119 15.2632 34.5
    endloop
  endfacet
  facet normal 0.751798 -0.619627 0.225527
    outer loop
      vertex 37.2942 23.5087 59.7756
      vertex 37.4667 14.5184 34.5
      vertex 37.4667 23.6935 59.7083
    endloop
  endfacet
  facet normal 0.751805 -0.619619 0.225524
    outer loop
      vertex 37.4667 14.5184 34.5
      vertex 37.2942 23.5087 59.7756
      vertex 37.2942 14.3091 34.5
    endloop
  endfacet
  facet normal -3.87154e-05 0.341349 0.939937
    outer loop
      vertex 36.3976 45.4468 51.7908
      vertex 35.88 45.5109 51.7675
      vertex 36.6454 45.3678 51.8195
    endloop
  endfacet
  facet normal 0.000374287 0.344294 0.938862
    outer loop
      vertex 36.1411 45.4948 51.7733
      vertex 35.88 45.5109 51.7675
      vertex 36.3976 45.4468 51.7908
    endloop
  endfacet
  facet normal -0.000127829 0.342233 0.939615
    outer loop
      vertex 22.4025 45.1225 51.9088
      vertex 22.0333 44.7756 52.0351
      vertex 23.62 45.5109 51.7675
    endloop
  endfacet
  facet normal -0.000177366 0.34237 0.939565
    outer loop
      vertex 22.8546 45.3678 51.8195
      vertex 22.4025 45.1225 51.9088
      vertex 23.62 45.5109 51.7675
    endloop
  endfacet
  facet normal -0.659349 0.706496 -0.257144
    outer loop
      vertex 22.4025 37 29.5925
      vertex 22.2325 37 30.0284
      vertex 22.4025 45.1225 51.9088
    endloop
  endfacet
  facet normal 0.00138375 0.341169 0.940001
    outer loop
      vertex 37.7278 24.1184 59.5537
      vertex 37.4667 23.6935 59.7083
      vertex 37.612 23.8979 59.6339
    endloop
  endfacet
  facet normal -0.00152408 0.342747 0.939426
    outer loop
      vertex 37.8119 24.3512 59.4689
      vertex 37.4667 23.6935 59.7083
      vertex 37.7278 24.1184 59.5537
    endloop
  endfacet
  facet normal 0.751846 0.619576 -0.225508
    outer loop
      vertex 37.4667 37 30.6719
      vertex 37.3185 37 30.1778
      vertex 37.4667 44.7756 52.0351
    endloop
  endfacet
  facet normal -0.000738644 0.341699 0.939809
    outer loop
      vertex 22.0333 23.6935 59.7083
      vertex 21.6371 24.5923 59.3812
      vertex 21.6881 24.3512 59.4689
    endloop
  endfacet
  facet normal 0 -0.342179 -0.939635
    outer loop
      vertex 22.62 13.9755 34.5126
      vertex 22.572 14.0101 34.5
      vertex 22.5917 14.0101 34.5
    endloop
  endfacet
  facet normal -0.946935 -0.302041 0.109932
    outer loop
      vertex 21.7712 15.0029 34.5
      vertex 21.7722 24.1184 59.5537
      vertex 21.6881 24.3512 59.4689
    endloop
  endfacet
  facet normal -0.951737 -0.288405 0.104971
    outer loop
      vertex 21.7722 24.1184 59.5537
      vertex 21.7712 15.0029 34.5
      vertex 21.7722 14.9996 34.5
    endloop
  endfacet
  facet normal 0.000214166 0.342016 0.939694
    outer loop
      vertex 37.8629 43.8768 52.3622
      vertex 37.2942 23.5087 59.7756
      vertex 37.4667 23.6935 59.7083
    endloop
  endfacet
  facet normal -0.000983533 0.342021 0.939692
    outer loop
      vertex 37.8629 43.8768 52.3622
      vertex 37.8629 24.5923 59.3812
      vertex 37.88 43.6315 52.4515
    endloop
  endfacet
  facet normal -0.659362 -0.706485 0.25714
    outer loop
      vertex 22.2058 23.5087 59.7756
      vertex 22.2058 14.3091 34.5
      vertex 22.4022 14.1258 34.5
    endloop
  endfacet
  facet normal -0 0.341862 0.93975
    outer loop
      vertex 35.36 23.1013 59.9239
      vertex 36.1411 22.9743 59.9701
      vertex 36.6454 23.1013 59.9239
    endloop
  endfacet
  facet normal 0 0.341862 0.93975
    outer loop
      vertex 36.1411 22.9743 59.9701
      vertex 35.36 23.1013 59.9239
      vertex 35.36 22.9743 59.9701
    endloop
  endfacet
  facet normal 0 0.341862 0.93975
    outer loop
      vertex 24.14 23.1013 59.9239
      vertex 23.3589 22.9743 59.9701
      vertex 24.14 22.9743 59.9701
    endloop
  endfacet
  facet normal 0 0.341862 0.93975
    outer loop
      vertex 23.3589 22.9743 59.9701
      vertex 24.14 23.1013 59.9239
      vertex 22.8546 23.1013 59.9239
    endloop
  endfacet
  facet normal 0 -0.939693 0.342019
    outer loop
      vertex 23.62 22.9582 59.9759
      vertex 24.14 15.4338 39.3027
      vertex 24.14 22.9582 59.9759
    endloop
  endfacet
  facet normal 0 -0.939694 0.342018
    outer loop
      vertex 24.14 15.4338 39.3027
      vertex 23.62 13.7237 34.6042
      vertex 35.36 15.4338 39.3027
    endloop
  endfacet
  facet normal -1.09744e-05 -0.939693 0.342019
    outer loop
      vertex 23.62 13.7237 34.6042
      vertex 24.14 15.4338 39.3027
      vertex 23.62 22.9582 59.9759
    endloop
  endfacet
  facet normal 0 -0.939693 0.342019
    outer loop
      vertex 35.36 15.4338 39.3027
      vertex 35.88 22.9582 59.9759
      vertex 35.36 22.9582 59.9759
    endloop
  endfacet
  facet normal 1.09744e-05 -0.939693 0.342019
    outer loop
      vertex 35.36 15.4338 39.3027
      vertex 35.88 13.7237 34.6042
      vertex 35.88 22.9582 59.9759
    endloop
  endfacet
  facet normal 0 -0.939694 0.342018
    outer loop
      vertex 35.88 13.7237 34.6042
      vertex 35.36 15.4338 39.3027
      vertex 23.62 13.7237 34.6042
    endloop
  endfacet
  facet normal 0.659349 0.706496 -0.257144
    outer loop
      vertex 37.2675 37 30.0284
      vertex 37.0975 37 29.5925
      vertex 37.0975 45.1225 51.9088
    endloop
  endfacet
  facet normal -0 0.342058 0.939679
    outer loop
      vertex 35.36 23.5087 59.7756
      vertex 36.6454 23.1013 59.9239
      vertex 37.2942 23.5087 59.7756
    endloop
  endfacet
  facet normal 0 0.342058 0.939679
    outer loop
      vertex 36.6454 23.1013 59.9239
      vertex 35.36 23.5087 59.7756
      vertex 35.36 23.1013 59.9239
    endloop
  endfacet
  facet normal 0 0.342058 0.939679
    outer loop
      vertex 24.14 23.5087 59.7756
      vertex 22.8546 23.1013 59.9239
      vertex 24.14 23.1013 59.9239
    endloop
  endfacet
  facet normal 0 0.342058 0.939679
    outer loop
      vertex 22.8546 23.1013 59.9239
      vertex 24.14 23.5087 59.7756
      vertex 22.2058 23.5087 59.7756
    endloop
  endfacet
  facet normal 0.0653924 0.937681 -0.341289
    outer loop
      vertex 36.1411 37 28.4341
      vertex 35.9005 37 28.388
      vertex 36.1411 45.4948 51.7733
    endloop
  endfacet
  facet normal 0.0654007 0.93768 -0.341289
    outer loop
      vertex 35.9005 37 28.388
      vertex 35.88 45.5109 51.7675
      vertex 36.1411 45.4948 51.7733
    endloop
  endfacet
  facet normal 0.0649302 0.937709 -0.3413
    outer loop
      vertex 35.88 45.5109 51.7675
      vertex 35.9005 37 28.388
      vertex 35.88 37 28.3841
    endloop
  endfacet
  facet normal 0.195346 0.921589 -0.33543
    outer loop
      vertex 36.3976 37 28.5833
      vertex 36.1411 45.4948 51.7733
      vertex 36.3976 45.4468 51.7908
    endloop
  endfacet
  facet normal 0.195122 0.921631 -0.335447
    outer loop
      vertex 36.1411 45.4948 51.7733
      vertex 36.3976 37 28.5833
      vertex 36.1411 37 28.4341
    endloop
  endfacet
  facet normal 0.32142 0.88983 -0.32387
    outer loop
      vertex 36.6223 37 28.8063
      vertex 36.3976 37 28.5833
      vertex 36.3976 45.4468 51.7908
    endloop
  endfacet
  facet normal -0.555654 0.781273 -0.284362
    outer loop
      vertex 22.62 45.2591 51.8591
      vertex 22.5967 37 29.2131
      vertex 22.4025 45.1225 51.9088
    endloop
  endfacet
  facet normal -0.556251 0.780898 -0.284225
    outer loop
      vertex 22.5967 37 29.2131
      vertex 22.62 45.2591 51.8591
      vertex 22.62 37 29.1675
    endloop
  endfacet
  facet normal -1 0 0
    outer loop
      vertex 21.62 37 34.5
      vertex 21.62 43.6315 52.4515
      vertex 21.62 37 34.2317
    endloop
  endfacet
  facet normal -1 0 0
    outer loop
      vertex 21.62 37 34.5
      vertex 21.62 24.8376 59.2919
      vertex 21.62 43.6315 52.4515
    endloop
  endfacet
  facet normal -1 0 -0
    outer loop
      vertex 21.62 24.8376 59.2919
      vertex 21.62 37 34.5
      vertex 21.62 15.8141 34.5
    endloop
  endfacet
  facet normal -0.997865 -0.0613788 0.02234
    outer loop
      vertex 21.6371 24.5923 59.3812
      vertex 21.6204 15.8078 34.5
      vertex 21.6371 15.5363 34.5
    endloop
  endfacet
  facet normal -0.98082 0.183159 -0.0666645
    outer loop
      vertex 21.6881 37 32.7182
      vertex 21.6498 37 33.2817
      vertex 21.6881 44.1179 52.2745
    endloop
  endfacet
  facet normal 0.831534 -0.521974 0.189984
    outer loop
      vertex 37.4667 23.6935 59.7083
      vertex 37.4667 14.5184 34.5
      vertex 37.6107 14.7478 34.5
    endloop
  endfacet
  facet normal 0.831544 -0.521961 0.189979
    outer loop
      vertex 37.4667 23.6935 59.7083
      vertex 37.612 14.7499 34.5
      vertex 37.612 23.8979 59.6339
    endloop
  endfacet
  facet normal 0.835068 -0.516947 0.18822
    outer loop
      vertex 37.612 14.7499 34.5
      vertex 37.4667 23.6935 59.7083
      vertex 37.6107 14.7478 34.5
    endloop
  endfacet
  facet normal 0.946935 -0.302041 0.109932
    outer loop
      vertex 37.7278 24.1184 59.5537
      vertex 37.7288 15.0029 34.5
      vertex 37.8119 24.3512 59.4689
    endloop
  endfacet
  facet normal 0.951737 -0.288405 0.104971
    outer loop
      vertex 37.7288 15.0029 34.5
      vertex 37.7278 24.1184 59.5537
      vertex 37.7278 14.9996 34.5
    endloop
  endfacet
  facet normal -0.00137676 0.341173 0.939999
    outer loop
      vertex 22.0333 23.6935 59.7083
      vertex 21.7722 24.1184 59.5537
      vertex 21.8879 23.8979 59.6339
    endloop
  endfacet
  facet normal -0.997861 -0.0614229 0.0223561
    outer loop
      vertex 21.62 15.8141 34.5
      vertex 21.6371 24.5923 59.3812
      vertex 21.62 24.8376 59.2919
    endloop
  endfacet
  facet normal -0.997726 -0.0633477 0.023035
    outer loop
      vertex 21.6371 24.5923 59.3812
      vertex 21.62 15.8141 34.5
      vertex 21.6204 15.8078 34.5
    endloop
  endfacet
  facet normal -0.000217449 0.341902 0.939736
    outer loop
      vertex 37.612 44.5712 52.1095
      vertex 37.4667 44.7756 52.0351
      vertex 37.8629 43.8768 52.3622
    endloop
  endfacet
  facet normal 0.997861 0.0614228 -0.0223562
    outer loop
      vertex 37.88 37 34.2317
      vertex 37.8629 43.8768 52.3622
      vertex 37.88 43.6315 52.4515
    endloop
  endfacet
  facet normal 0.997862 0.0614192 -0.0223548
    outer loop
      vertex 37.8629 43.8768 52.3622
      vertex 37.88 37 34.2317
      vertex 37.8629 37 33.4684
    endloop
  endfacet
  facet normal 0.831544 0.521961 -0.189979
    outer loop
      vertex 37.612 37 31.3079
      vertex 37.4667 44.7756 52.0351
      vertex 37.612 44.5712 52.1095
    endloop
  endfacet
  facet normal 0.831651 0.521811 -0.189922
    outer loop
      vertex 37.4667 44.7756 52.0351
      vertex 37.612 37 31.3079
      vertex 37.5864 37 31.1958
    endloop
  endfacet
  facet normal 8.30525e-05 0.342019 0.939693
    outer loop
      vertex 37.4667 44.7756 52.0351
      vertex 37.2942 23.5087 59.7756
      vertex 37.8629 43.8768 52.3622
    endloop
  endfacet
  facet normal -0.442278 -0.842789 0.306752
    outer loop
      vertex 22.62 23.21 59.8843
      vertex 22.8546 13.8667 34.5522
      vertex 22.8546 23.1013 59.9239
    endloop
  endfacet
  facet normal -0.442567 -0.842656 0.3067
    outer loop
      vertex 22.8546 13.8667 34.5522
      vertex 22.62 23.21 59.8843
      vertex 22.62 13.9755 34.5126
    endloop
  endfacet
  facet normal 0 0.338926 0.940813
    outer loop
      vertex 24.14 22.9743 59.9701
      vertex 23.62 22.9582 59.9759
      vertex 24.14 22.9582 59.9759
    endloop
  endfacet
  facet normal 0 0.338926 0.940813
    outer loop
      vertex 23.62 22.9582 59.9759
      vertex 24.14 22.9743 59.9701
      vertex 23.3589 22.9743 59.9701
    endloop
  endfacet
  facet normal -0 0.338926 0.940813
    outer loop
      vertex 35.36 22.9743 59.9701
      vertex 35.88 22.9582 59.9759
      vertex 36.1411 22.9743 59.9701
    endloop
  endfacet
  facet normal 0 0.338926 0.940813
    outer loop
      vertex 35.88 22.9582 59.9759
      vertex 35.36 22.9743 59.9701
      vertex 35.36 22.9582 59.9759
    endloop
  endfacet
  facet normal 0.000339416 0.342386 0.939559
    outer loop
      vertex 22.62 23.21 59.8843
      vertex 22.2058 23.5087 59.7756
      vertex 22.4025 23.3466 59.8346
    endloop
  endfacet
  facet normal 0.321216 -0.889894 0.323897
    outer loop
      vertex 36.6454 23.1013 59.9239
      vertex 36.3976 13.7877 34.5809
      vertex 36.6454 13.8667 34.5522
    endloop
  endfacet
  facet normal 0.000481378 0.341381 0.939925
    outer loop
      vertex 37.2942 23.5087 59.7756
      vertex 36.6454 23.1013 59.9239
      vertex 36.88 23.21 59.8843
    endloop
  endfacet
  facet normal 0.321216 -0.889894 0.323897
    outer loop
      vertex 36.3976 23.0223 59.9526
      vertex 36.3976 13.7877 34.5809
      vertex 36.6454 23.1013 59.9239
    endloop
  endfacet
  facet normal -0.0654007 -0.937681 0.341286
    outer loop
      vertex 23.3589 22.9743 59.9701
      vertex 23.62 13.7237 34.6042
      vertex 23.62 22.9582 59.9759
    endloop
  endfacet
  facet normal -0.0654007 -0.937681 0.341286
    outer loop
      vertex 23.62 13.7237 34.6042
      vertex 23.3589 22.9743 59.9701
      vertex 23.3589 13.7398 34.5984
    endloop
  endfacet
  facet normal -0.32142 0.88983 -0.32387
    outer loop
      vertex 23.1024 37 28.5833
      vertex 22.8777 37 28.8063
      vertex 23.1024 45.4468 51.7908
    endloop
  endfacet
  facet normal 0.659362 -0.706485 0.25714
    outer loop
      vertex 37.2942 23.5087 59.7756
      vertex 37.0978 14.1258 34.5
      vertex 37.2942 14.3091 34.5
    endloop
  endfacet
  facet normal -0 -0.342179 -0.939635
    outer loop
      vertex 36.9351 14.0101 34.5
      vertex 36.88 13.9755 34.5126
      vertex 36.928 14.0101 34.5
    endloop
  endfacet
  facet normal 3.87154e-05 0.341349 0.939937
    outer loop
      vertex 23.1024 45.4468 51.7908
      vertex 22.8546 45.3678 51.8195
      vertex 23.62 45.5109 51.7675
    endloop
  endfacet
  facet normal -0.000374287 0.344294 0.938862
    outer loop
      vertex 23.3589 45.4948 51.7733
      vertex 23.1024 45.4468 51.7908
      vertex 23.62 45.5109 51.7675
    endloop
  endfacet
  facet normal -0.0654007 0.93768 -0.341289
    outer loop
      vertex 23.62 45.5109 51.7675
      vertex 23.5995 37 28.388
      vertex 23.3589 45.4948 51.7733
    endloop
  endfacet
  facet normal -0.0649302 0.937709 -0.3413
    outer loop
      vertex 23.5995 37 28.388
      vertex 23.62 45.5109 51.7675
      vertex 23.62 37 28.3841
    endloop
  endfacet
  facet normal -0.195346 0.921589 -0.33543
    outer loop
      vertex 23.3589 45.4948 51.7733
      vertex 23.1024 37 28.5833
      vertex 23.1024 45.4468 51.7908
    endloop
  endfacet
  facet normal -0.195122 0.921631 -0.335447
    outer loop
      vertex 23.1024 37 28.5833
      vertex 23.3589 45.4948 51.7733
      vertex 23.3589 37 28.4341
    endloop
  endfacet
  facet normal -0.831529 0.521982 -0.189987
    outer loop
      vertex 22.0333 37 30.6719
      vertex 21.9136 37 31.1958
      vertex 22.0333 44.7756 52.0351
    endloop
  endfacet
  facet normal -0.997862 0.0614192 -0.0223548
    outer loop
      vertex 21.62 37 34.2317
      vertex 21.6371 43.8768 52.3622
      vertex 21.6371 37 33.4684
    endloop
  endfacet
  facet normal -0.997861 0.0614228 -0.0223562
    outer loop
      vertex 21.6371 43.8768 52.3622
      vertex 21.62 37 34.2317
      vertex 21.62 43.6315 52.4515
    endloop
  endfacet
  facet normal -0.94692 0.302081 -0.109949
    outer loop
      vertex 21.6881 37 32.7182
      vertex 21.7722 44.3507 52.1897
      vertex 21.7722 37 31.9939
    endloop
  endfacet
  facet normal -0.946935 0.30204 -0.109933
    outer loop
      vertex 21.7722 44.3507 52.1897
      vertex 21.6881 37 32.7182
      vertex 21.6881 44.1179 52.2745
    endloop
  endfacet
  facet normal -0.897309 0.414782 -0.150969
    outer loop
      vertex 21.8666 37 31.4345
      vertex 21.8879 44.5712 52.1095
      vertex 21.8879 37 31.3079
    endloop
  endfacet
  facet normal -0.896885 0.415592 -0.151266
    outer loop
      vertex 21.8879 44.5712 52.1095
      vertex 21.8666 37 31.4345
      vertex 21.7722 44.3507 52.1897
    endloop
  endfacet
  facet normal -0.896885 -0.415593 0.151263
    outer loop
      vertex 21.7722 14.9996 34.5
      vertex 21.8879 23.8979 59.6339
      vertex 21.7722 24.1184 59.5537
    endloop
  endfacet
  facet normal -0.896891 -0.41558 0.151259
    outer loop
      vertex 21.8879 23.8979 59.6339
      vertex 21.7722 14.9996 34.5
      vertex 21.8879 14.7499 34.5
    endloop
  endfacet
  facet normal -0.831367 -0.52221 0.190069
    outer loop
      vertex 21.8879 14.7499 34.5
      vertex 22.0333 23.6935 59.7083
      vertex 21.8879 23.8979 59.6339
    endloop
  endfacet
  facet normal -0.81564 -0.54376 0.197624
    outer loop
      vertex 22.0333 23.6935 59.7083
      vertex 21.8879 14.7499 34.5
      vertex 21.8893 14.7478 34.5
    endloop
  endfacet
  facet normal 0.980809 0.183214 -0.0666848
    outer loop
      vertex 37.8629 37 33.4684
      vertex 37.8119 44.1179 52.2745
      vertex 37.8629 43.8768 52.3622
    endloop
  endfacet
  facet normal 0.980791 0.183299 -0.0667169
    outer loop
      vertex 37.8119 44.1179 52.2745
      vertex 37.8629 37 33.4684
      vertex 37.8502 37 33.2817
    endloop
  endfacet
  facet normal 0 0.341989 0.939704
    outer loop
      vertex 35.36 44.7756 52.0351
      vertex 35.88 45.5109 51.7675
      vertex 35.36 45.5109 51.7675
    endloop
  endfacet
  facet normal 0 0.341989 0.939704
    outer loop
      vertex 35.88 45.5109 51.7675
      vertex 35.36 44.7756 52.0351
      vertex 37.4667 44.7756 52.0351
    endloop
  endfacet
  facet normal -0 0.341989 0.939704
    outer loop
      vertex 23.62 45.5109 51.7675
      vertex 24.14 44.7756 52.0351
      vertex 24.14 45.5109 51.7675
    endloop
  endfacet
  facet normal 0 0.341989 0.939704
    outer loop
      vertex 24.14 44.7756 52.0351
      vertex 23.62 45.5109 51.7675
      vertex 22.0333 44.7756 52.0351
    endloop
  endfacet
  facet normal 0.98082 0.183159 -0.0666645
    outer loop
      vertex 37.8502 37 33.2817
      vertex 37.8119 37 32.7182
      vertex 37.8119 44.1179 52.2745
    endloop
  endfacet
  facet normal -0.00321239 0.341235 0.939973
    outer loop
      vertex 37.8119 44.1179 52.2745
      vertex 37.7278 44.3507 52.1897
      vertex 37.8629 43.8768 52.3622
    endloop
  endfacet
  facet normal -0.530635 -0.795952 0.291353
    outer loop
      vertex 22.4025 14.1256 34.5
      vertex 22.2058 23.5087 59.7756
      vertex 22.4022 14.1258 34.5
    endloop
  endfacet
  facet normal -0.65935 -0.706495 0.257142
    outer loop
      vertex 22.2058 23.5087 59.7756
      vertex 22.4025 14.1256 34.5
      vertex 22.4025 23.3466 59.8346
    endloop
  endfacet
  facet normal -0.000481378 0.341381 0.939925
    outer loop
      vertex 22.8546 23.1013 59.9239
      vertex 22.2058 23.5087 59.7756
      vertex 22.62 23.21 59.8843
    endloop
  endfacet
  facet normal -0.00029289 -0.343127 -0.939289
    outer loop
      vertex 23.3589 13.7398 34.5984
      vertex 22.8546 13.8667 34.5522
      vertex 23.62 13.7237 34.6042
    endloop
  endfacet
  facet normal 0.442278 -0.842789 0.306752
    outer loop
      vertex 36.6454 13.8667 34.5522
      vertex 36.88 23.21 59.8843
      vertex 36.6454 23.1013 59.9239
    endloop
  endfacet
  facet normal 0.442567 -0.842656 0.3067
    outer loop
      vertex 36.88 23.21 59.8843
      vertex 36.6454 13.8667 34.5522
      vertex 36.88 13.9755 34.5126
    endloop
  endfacet
  facet normal -0.321216 -0.889894 0.323897
    outer loop
      vertex 22.8546 23.1013 59.9239
      vertex 22.8546 13.8667 34.5522
      vertex 23.1024 13.7877 34.5809
    endloop
  endfacet
  facet normal 0.0654007 -0.937681 0.341286
    outer loop
      vertex 35.88 13.7237 34.6042
      vertex 36.1411 22.9743 59.9701
      vertex 35.88 22.9582 59.9759
    endloop
  endfacet
  facet normal 0.0654007 -0.937681 0.341286
    outer loop
      vertex 36.1411 22.9743 59.9701
      vertex 35.88 13.7237 34.6042
      vertex 36.1411 13.7398 34.5984
    endloop
  endfacet
  facet normal -0.321216 0.889894 -0.323896
    outer loop
      vertex 23.1024 45.4468 51.7908
      vertex 22.8546 37 28.8292
      vertex 22.8546 45.3678 51.8195
    endloop
  endfacet
  facet normal -0.321105 0.889929 -0.32391
    outer loop
      vertex 22.8546 37 28.8292
      vertex 23.1024 45.4468 51.7908
      vertex 22.8777 37 28.8063
    endloop
  endfacet
  facet normal -0.751846 0.619576 -0.225508
    outer loop
      vertex 22.1815 37 30.1778
      vertex 22.0333 37 30.6719
      vertex 22.0333 44.7756 52.0351
    endloop
  endfacet
  facet normal -0.896783 0.415786 -0.151334
    outer loop
      vertex 21.8666 37 31.4345
      vertex 21.7722 37 31.9939
      vertex 21.7722 44.3507 52.1897
    endloop
  endfacet
  facet normal -0.830671 0.523182 -0.190439
    outer loop
      vertex 21.8879 37 31.3079
      vertex 22.0333 44.7756 52.0351
      vertex 21.9136 37 31.1958
    endloop
  endfacet
  facet normal -0.831367 0.522209 -0.19007
    outer loop
      vertex 22.0333 44.7756 52.0351
      vertex 21.8879 37 31.3079
      vertex 21.8879 44.5712 52.1095
    endloop
  endfacet
  facet normal -0.980791 0.183299 -0.0667169
    outer loop
      vertex 21.6371 37 33.4684
      vertex 21.6881 44.1179 52.2745
      vertex 21.6498 37 33.2817
    endloop
  endfacet
  facet normal -0.980809 0.183214 -0.0666848
    outer loop
      vertex 21.6881 44.1179 52.2745
      vertex 21.6371 37 33.4684
      vertex 21.6371 43.8768 52.3622
    endloop
  endfacet
  facet normal 0.831529 0.521982 -0.189987
    outer loop
      vertex 37.5864 37 31.1958
      vertex 37.4667 37 30.6719
      vertex 37.4667 44.7756 52.0351
    endloop
  endfacet
  facet normal 0.555654 0.781273 -0.284362
    outer loop
      vertex 36.9033 37 29.2131
      vertex 36.88 45.2591 51.8591
      vertex 37.0975 45.1225 51.9088
    endloop
  endfacet
  facet normal 0.556251 0.780898 -0.284225
    outer loop
      vertex 36.88 45.2591 51.8591
      vertex 36.9033 37 29.2131
      vertex 36.88 37 29.1675
    endloop
  endfacet
  facet normal -0.000779703 0.340812 0.940131
    outer loop
      vertex 36.88 45.2591 51.8591
      vertex 36.6454 45.3678 51.8195
      vertex 37.0975 45.1225 51.9088
    endloop
  endfacet
  facet normal 0.896783 0.415786 -0.151334
    outer loop
      vertex 37.7278 37 31.9939
      vertex 37.6334 37 31.4345
      vertex 37.7278 44.3507 52.1897
    endloop
  endfacet
  facet normal -0.684791 -0.684791 0.249243
    outer loop
      vertex 22.4028 14.1253 34.5
      vertex 22.4025 23.3466 59.8346
      vertex 22.4025 14.1256 34.5
    endloop
  endfacet
  facet normal -0.555654 -0.781273 0.284362
    outer loop
      vertex 22.4025 23.3466 59.8346
      vertex 22.4028 14.1253 34.5
      vertex 22.62 23.21 59.8843
    endloop
  endfacet
  facet normal -0.55543 -0.781414 0.28441
    outer loop
      vertex 22.4028 14.1253 34.5
      vertex 22.62 13.9755 34.5126
      vertex 22.62 23.21 59.8843
    endloop
  endfacet
  facet normal -0.555634 -0.781842 0.282832
    outer loop
      vertex 22.62 13.9755 34.5126
      vertex 22.4028 14.1253 34.5
      vertex 22.5649 14.0101 34.5
    endloop
  endfacet
  facet normal 0.000870847 -0.339042 -0.940771
    outer loop
      vertex 23.1024 13.7877 34.5809
      vertex 22.8546 13.8667 34.5522
      vertex 23.3589 13.7398 34.5984
    endloop
  endfacet
  facet normal -0.321216 -0.889894 0.323897
    outer loop
      vertex 23.1024 23.0223 59.9526
      vertex 22.8546 23.1013 59.9239
      vertex 23.1024 13.7877 34.5809
    endloop
  endfacet
  facet normal 0.555654 -0.781273 0.284362
    outer loop
      vertex 37.0972 14.1253 34.5
      vertex 37.0975 23.3466 59.8346
      vertex 36.88 23.21 59.8843
    endloop
  endfacet
  facet normal 0.684791 -0.684791 0.249243
    outer loop
      vertex 37.0975 23.3466 59.8346
      vertex 37.0972 14.1253 34.5
      vertex 37.0975 14.1256 34.5
    endloop
  endfacet
  facet normal 0.65935 -0.706495 0.257142
    outer loop
      vertex 37.0975 14.1256 34.5
      vertex 37.2942 23.5087 59.7756
      vertex 37.0975 23.3466 59.8346
    endloop
  endfacet
  facet normal 0.530635 -0.795952 0.291353
    outer loop
      vertex 37.2942 23.5087 59.7756
      vertex 37.0975 14.1256 34.5
      vertex 37.0978 14.1258 34.5
    endloop
  endfacet
  facet normal 0.195346 -0.921589 0.33543
    outer loop
      vertex 36.1411 13.7398 34.5984
      vertex 36.3976 23.0223 59.9526
      vertex 36.1411 22.9743 59.9701
    endloop
  endfacet
  facet normal 0.195001 -0.921653 0.335456
    outer loop
      vertex 36.3976 23.0223 59.9526
      vertex 36.1411 13.7398 34.5984
      vertex 36.3976 13.7877 34.5809
    endloop
  endfacet
  facet normal 0.000779703 0.340812 0.940131
    outer loop
      vertex 22.62 45.2591 51.8591
      vertex 22.4025 45.1225 51.9088
      vertex 22.8546 45.3678 51.8195
    endloop
  endfacet
  facet normal -0.0653924 0.937681 -0.341289
    outer loop
      vertex 23.5995 37 28.388
      vertex 23.3589 37 28.4341
      vertex 23.3589 45.4948 51.7733
    endloop
  endfacet
  facet normal -0.65935 0.706495 -0.257143
    outer loop
      vertex 22.4025 45.1225 51.9088
      vertex 22.2058 37 30.0968
      vertex 22.2058 44.9604 51.9678
    endloop
  endfacet
  facet normal -0.659017 0.706767 -0.257248
    outer loop
      vertex 22.2058 37 30.0968
      vertex 22.4025 45.1225 51.9088
      vertex 22.2325 37 30.0284
    endloop
  endfacet
  facet normal -0.751779 0.619648 -0.225534
    outer loop
      vertex 22.1815 37 30.1778
      vertex 22.2058 44.9604 51.9678
      vertex 22.2058 37 30.0968
    endloop
  endfacet
  facet normal -0.751798 0.619628 -0.225526
    outer loop
      vertex 22.2058 44.9604 51.9678
      vertex 22.1815 37 30.1778
      vertex 22.0333 44.7756 52.0351
    endloop
  endfacet
  facet normal -0.00110578 0.342324 0.939581
    outer loop
      vertex 21.7722 44.3507 52.1897
      vertex 21.6371 43.8768 52.3622
      vertex 21.8879 44.5712 52.1095
    endloop
  endfacet
  facet normal 0.000217056 0.341902 0.939736
    outer loop
      vertex 21.8879 44.5712 52.1095
      vertex 21.6371 43.8768 52.3622
      vertex 22.0333 44.7756 52.0351
    endloop
  endfacet
  facet normal 0.946935 0.30204 -0.109933
    outer loop
      vertex 37.8119 37 32.7182
      vertex 37.7278 44.3507 52.1897
      vertex 37.8119 44.1179 52.2745
    endloop
  endfacet
  facet normal 0.94692 0.302081 -0.109949
    outer loop
      vertex 37.7278 44.3507 52.1897
      vertex 37.8119 37 32.7182
      vertex 37.7278 37 31.9939
    endloop
  endfacet
  facet normal -0.195346 -0.921589 0.33543
    outer loop
      vertex 23.1024 23.0223 59.9526
      vertex 23.3589 13.7398 34.5984
      vertex 23.3589 22.9743 59.9701
    endloop
  endfacet
  facet normal -0.195001 -0.921653 0.335456
    outer loop
      vertex 23.3589 13.7398 34.5984
      vertex 23.1024 23.0223 59.9526
      vertex 23.1024 13.7877 34.5809
    endloop
  endfacet
  facet normal -0.442278 0.842789 -0.306751
    outer loop
      vertex 22.8546 45.3678 51.8195
      vertex 22.62 37 29.1675
      vertex 22.62 45.2591 51.8591
    endloop
  endfacet
  facet normal -0.442331 0.842765 -0.306742
    outer loop
      vertex 22.62 37 29.1675
      vertex 22.8546 45.3678 51.8195
      vertex 22.8546 37 28.8292
    endloop
  endfacet
  facet normal 0.896892 0.44225 0
    outer loop
      vertex 7.53183 23.575 9.4
      vertex 7.36694 23.9094 1.5
      vertex 7.36694 23.9094 9.4
    endloop
  endfacet
  facet normal 0.896892 0.44225 0
    outer loop
      vertex 7.36694 23.9094 1.5
      vertex 7.53183 23.575 9.4
      vertex 7.53183 23.575 1.5
    endloop
  endfacet
  facet normal -0.442272 0.896881 0
    outer loop
      vertex 11.425 22.5318 1.5
      vertex 11.0906 22.3669 9.4
      vertex 11.425 22.5318 9.4
    endloop
  endfacet
  facet normal -0.442272 0.896881 0
    outer loop
      vertex 11.0906 22.3669 9.4
      vertex 11.425 22.5318 1.5
      vertex 11.0906 22.3669 1.5
    endloop
  endfacet
  facet normal -0.980797 -0.195033 0
    outer loop
      vertex 12.8256 25.372 1.5
      vertex 12.7529 25.7376 9.4
      vertex 12.7529 25.7376 1.5
    endloop
  endfacet
  facet normal -0.980797 -0.195033 0
    outer loop
      vertex 12.7529 25.7376 9.4
      vertex 12.8256 25.372 1.5
      vertex 12.8256 25.372 9.4
    endloop
  endfacet
  facet normal -0.980797 -0.195033 0
    outer loop
      vertex 12.8256 25.372 10.2
      vertex 12.7529 25.7376 10.3117
      vertex 12.7529 25.7376 10.2
    endloop
  endfacet
  facet normal -0.980797 -0.195033 0
    outer loop
      vertex 12.7529 25.7376 10.3117
      vertex 12.8256 25.372 10.2
      vertex 12.8256 25.372 10.4124
    endloop
  endfacet
  facet normal -0.997856 -0.0654508 0
    outer loop
      vertex 12.85 25 1.5
      vertex 12.8256 25.372 9.4
      vertex 12.8256 25.372 1.5
    endloop
  endfacet
  facet normal -0.997856 -0.0654508 0
    outer loop
      vertex 12.8256 25.372 9.4
      vertex 12.85 25 1.5
      vertex 12.85 25 9.4
    endloop
  endfacet
  facet normal -0.997856 -0.0654508 0
    outer loop
      vertex 12.85 25 10.2
      vertex 12.8256 25.372 10.4124
      vertex 12.8256 25.372 10.2
    endloop
  endfacet
  facet normal -0.997856 -0.0654508 0
    outer loop
      vertex 12.8256 25.372 10.4124
      vertex 12.85 25 10.2
      vertex 12.85 25 10.4462
    endloop
  endfacet
  facet normal -0.946952 -0.321374 0
    outer loop
      vertex 12.7529 25.7376 1.5
      vertex 12.6331 26.0906 9.4
      vertex 12.6331 26.0906 1.5
    endloop
  endfacet
  facet normal -0.946952 -0.321374 0
    outer loop
      vertex 12.6331 26.0906 9.4
      vertex 12.7529 25.7376 1.5
      vertex 12.7529 25.7376 9.4
    endloop
  endfacet
  facet normal -0.946916 -0.321481 0
    outer loop
      vertex 12.7529 25.7376 10.2
      vertex 12.7529 25.7376 10.3117
      vertex 12.6722 25.9753 10.2
    endloop
  endfacet
  facet normal -0.751862 0.659321 0
    outer loop
      vertex 12.0153 22.9847 1.5
      vertex 12.2611 23.265 9.4
      vertex 12.2611 23.265 1.5
    endloop
  endfacet
  facet normal -0.751862 0.659321 0
    outer loop
      vertex 12.2611 23.265 9.4
      vertex 12.0153 22.9847 1.5
      vertex 12.0153 22.9847 9.4
    endloop
  endfacet
  facet normal 0.555542 -0.831489 0
    outer loop
      vertex 8.26503 27.2611 1.5
      vertex 8.575 27.4682 9.4
      vertex 8.26503 27.2611 9.4
    endloop
  endfacet
  facet normal 0.555542 -0.831489 0
    outer loop
      vertex 8.575 27.4682 9.4
      vertex 8.26503 27.2611 1.5
      vertex 8.575 27.4682 1.5
    endloop
  endfacet
  facet normal -0.321374 -0.946952 0
    outer loop
      vertex 10.7376 27.7529 1.5
      vertex 11.0906 27.6331 9.4
      vertex 10.7376 27.7529 9.4
    endloop
  endfacet
  facet normal -0.321374 -0.946952 -0
    outer loop
      vertex 11.0906 27.6331 9.4
      vertex 10.7376 27.7529 1.5
      vertex 11.0906 27.6331 1.5
    endloop
  endfacet
  facet normal -0.555505 -0.831513 0
    outer loop
      vertex 11.425 27.4682 1.5
      vertex 11.735 27.2611 9.4
      vertex 11.425 27.4682 9.4
    endloop
  endfacet
  facet normal -0.555505 -0.831513 -0
    outer loop
      vertex 11.735 27.2611 9.4
      vertex 11.425 27.4682 1.5
      vertex 11.735 27.2611 1.5
    endloop
  endfacet
  facet normal -0.321374 0.946952 0
    outer loop
      vertex 11.0906 22.3669 1.5
      vertex 10.7376 22.2471 9.4
      vertex 11.0906 22.3669 9.4
    endloop
  endfacet
  facet normal -0.321374 0.946952 0
    outer loop
      vertex 10.7376 22.2471 9.4
      vertex 11.0906 22.3669 1.5
      vertex 10.7376 22.2471 1.5
    endloop
  endfacet
  facet normal -0.896881 -0.442272 0
    outer loop
      vertex 12.6331 26.0906 1.5
      vertex 12.4682 26.425 9.4
      vertex 12.4682 26.425 1.5
    endloop
  endfacet
  facet normal -0.896881 -0.442272 0
    outer loop
      vertex 12.4682 26.425 9.4
      vertex 12.6331 26.0906 1.5
      vertex 12.6331 26.0906 9.4
    endloop
  endfacet
  facet normal 0.195017 -0.9808 0
    outer loop
      vertex 9.26237 27.7529 1.5
      vertex 9.628 27.8256 9.4
      vertex 9.26237 27.7529 9.4
    endloop
  endfacet
  facet normal 0.195017 -0.9808 0
    outer loop
      vertex 9.628 27.8256 9.4
      vertex 9.26237 27.7529 1.5
      vertex 9.628 27.8256 1.5
    endloop
  endfacet
  facet normal -0.946952 0.321374 0
    outer loop
      vertex 12.6331 23.9094 1.5
      vertex 12.7529 24.2624 9.4
      vertex 12.7529 24.2624 1.5
    endloop
  endfacet
  facet normal -0.946952 0.321374 0
    outer loop
      vertex 12.7529 24.2624 9.4
      vertex 12.6331 23.9094 1.5
      vertex 12.6331 23.9094 9.4
    endloop
  endfacet
  facet normal -0.946916 0.321481 0
    outer loop
      vertex 12.7529 24.2624 10.3117
      vertex 12.7529 24.2624 10.2
      vertex 12.6722 24.0247 10.2
    endloop
  endfacet
  facet normal 0.555542 0.831489 -0
    outer loop
      vertex 8.575 22.5318 1.5
      vertex 8.26503 22.7389 9.4
      vertex 8.575 22.5318 9.4
    endloop
  endfacet
  facet normal 0.555542 0.831489 0
    outer loop
      vertex 8.26503 22.7389 9.4
      vertex 8.575 22.5318 1.5
      vertex 8.26503 22.7389 1.5
    endloop
  endfacet
  facet normal 0.659347 -0.751838 0
    outer loop
      vertex 7.98475 27.0153 1.5
      vertex 8.26503 27.2611 9.4
      vertex 7.98475 27.0153 9.4
    endloop
  endfacet
  facet normal 0.659347 -0.751838 0
    outer loop
      vertex 8.26503 27.2611 9.4
      vertex 7.98475 27.0153 1.5
      vertex 8.26503 27.2611 1.5
    endloop
  endfacet
  facet normal 0.980781 -0.19511 0
    outer loop
      vertex 7.17438 25.372 9.4
      vertex 7.24711 25.7376 1.5
      vertex 7.24711 25.7376 9.4
    endloop
  endfacet
  facet normal 0.980781 -0.19511 0
    outer loop
      vertex 7.24711 25.7376 1.5
      vertex 7.17438 25.372 9.4
      vertex 7.17438 25.372 1.5
    endloop
  endfacet
  facet normal 0.321357 -0.946958 0
    outer loop
      vertex 8.90935 27.6331 1.5
      vertex 9.26237 27.7529 9.4
      vertex 8.90935 27.6331 9.4
    endloop
  endfacet
  facet normal 0.321357 -0.946958 0
    outer loop
      vertex 9.26237 27.7529 9.4
      vertex 8.90935 27.6331 1.5
      vertex 9.26237 27.7529 1.5
    endloop
  endfacet
  facet normal -0.659321 0.751862 0
    outer loop
      vertex 12.0153 22.9847 1.5
      vertex 11.735 22.7389 9.4
      vertex 12.0153 22.9847 9.4
    endloop
  endfacet
  facet normal -0.659321 0.751862 0
    outer loop
      vertex 11.735 22.7389 9.4
      vertex 12.0153 22.9847 1.5
      vertex 11.735 22.7389 1.5
    endloop
  endfacet
  facet normal -0.831513 -0.555505 0
    outer loop
      vertex 12.4682 26.425 1.5
      vertex 12.2611 26.735 9.4
      vertex 12.2611 26.735 1.5
    endloop
  endfacet
  facet normal -0.831513 -0.555505 0
    outer loop
      vertex 12.2611 26.735 9.4
      vertex 12.4682 26.425 1.5
      vertex 12.4682 26.425 9.4
    endloop
  endfacet
  facet normal -0.195033 0.980797 0
    outer loop
      vertex 10.7376 22.2471 1.5
      vertex 10.372 22.1744 9.4
      vertex 10.7376 22.2471 9.4
    endloop
  endfacet
  facet normal -0.195033 0.980797 0
    outer loop
      vertex 10.372 22.1744 9.4
      vertex 10.7376 22.2471 1.5
      vertex 10.372 22.1744 1.5
    endloop
  endfacet
  facet normal 0.980781 0.19511 0
    outer loop
      vertex 7.24711 24.2624 9.4
      vertex 7.17438 24.628 1.5
      vertex 7.17438 24.628 9.4
    endloop
  endfacet
  facet normal 0.980781 0.19511 0
    outer loop
      vertex 7.17438 24.628 1.5
      vertex 7.24711 24.2624 9.4
      vertex 7.24711 24.2624 1.5
    endloop
  endfacet
  facet normal -0.659321 -0.751862 0
    outer loop
      vertex 11.735 27.2611 1.5
      vertex 12.0153 27.0153 9.4
      vertex 11.735 27.2611 9.4
    endloop
  endfacet
  facet normal -0.659321 -0.751862 -0
    outer loop
      vertex 12.0153 27.0153 9.4
      vertex 11.735 27.2611 1.5
      vertex 12.0153 27.0153 1.5
    endloop
  endfacet
  facet normal -0.997856 0.0654508 0
    outer loop
      vertex 12.8256 24.628 1.5
      vertex 12.85 25 9.4
      vertex 12.85 25 1.5
    endloop
  endfacet
  facet normal -0.997856 0.0654508 0
    outer loop
      vertex 12.85 25 9.4
      vertex 12.8256 24.628 1.5
      vertex 12.8256 24.628 9.4
    endloop
  endfacet
  facet normal -0.997856 0.0654508 0
    outer loop
      vertex 12.8256 24.628 10.4124
      vertex 12.85 25 10.2
      vertex 12.8256 24.628 10.2
    endloop
  endfacet
  facet normal -0.997856 0.0654508 0
    outer loop
      vertex 12.85 25 10.2
      vertex 12.8256 24.628 10.4124
      vertex 12.85 25 10.4462
    endloop
  endfacet
  facet normal -0.980797 0.195033 0
    outer loop
      vertex 12.7529 24.2624 1.5
      vertex 12.8256 24.628 9.4
      vertex 12.8256 24.628 1.5
    endloop
  endfacet
  facet normal -0.980797 0.195033 0
    outer loop
      vertex 12.8256 24.628 9.4
      vertex 12.7529 24.2624 1.5
      vertex 12.7529 24.2624 9.4
    endloop
  endfacet
  facet normal -0.980797 0.195033 0
    outer loop
      vertex 12.7529 24.2624 10.3117
      vertex 12.8256 24.628 10.2
      vertex 12.7529 24.2624 10.2
    endloop
  endfacet
  facet normal -0.980797 0.195033 0
    outer loop
      vertex 12.8256 24.628 10.2
      vertex 12.7529 24.2624 10.3117
      vertex 12.8256 24.628 10.4124
    endloop
  endfacet
  facet normal -0.555505 0.831513 0
    outer loop
      vertex 11.735 22.7389 1.5
      vertex 11.425 22.5318 9.4
      vertex 11.735 22.7389 9.4
    endloop
  endfacet
  facet normal -0.555505 0.831513 0
    outer loop
      vertex 11.425 22.5318 9.4
      vertex 11.735 22.7389 1.5
      vertex 11.425 22.5318 1.5
    endloop
  endfacet
  facet normal -0.195033 -0.980797 0
    outer loop
      vertex 10.372 27.8256 1.5
      vertex 10.7376 27.7529 9.4
      vertex 10.372 27.8256 9.4
    endloop
  endfacet
  facet normal -0.195033 -0.980797 -0
    outer loop
      vertex 10.7376 27.7529 9.4
      vertex 10.372 27.8256 1.5
      vertex 10.7376 27.7529 1.5
    endloop
  endfacet
  facet normal -0.751862 -0.659321 0
    outer loop
      vertex 12.2611 26.735 1.5
      vertex 12.0153 27.0153 9.4
      vertex 12.0153 27.0153 1.5
    endloop
  endfacet
  facet normal -0.751862 -0.659321 0
    outer loop
      vertex 12.0153 27.0153 9.4
      vertex 12.2611 26.735 1.5
      vertex 12.2611 26.735 9.4
    endloop
  endfacet
  facet normal -0.0654508 -0.997856 0
    outer loop
      vertex 10 27.85 1.5
      vertex 10.372 27.8256 9.4
      vertex 10 27.85 9.4
    endloop
  endfacet
  facet normal -0.0654508 -0.997856 -0
    outer loop
      vertex 10.372 27.8256 9.4
      vertex 10 27.85 1.5
      vertex 10.372 27.8256 1.5
    endloop
  endfacet
  facet normal 0.946928 -0.321446 0
    outer loop
      vertex 7.24711 25.7376 9.4
      vertex 7.36694 26.0906 1.5
      vertex 7.36694 26.0906 9.4
    endloop
  endfacet
  facet normal 0.946928 -0.321446 0
    outer loop
      vertex 7.36694 26.0906 1.5
      vertex 7.24711 25.7376 9.4
      vertex 7.24711 25.7376 1.5
    endloop
  endfacet
  facet normal 0.0654508 0.997856 -0
    outer loop
      vertex 10 22.15 1.5
      vertex 9.628 22.1744 9.4
      vertex 10 22.15 9.4
    endloop
  endfacet
  facet normal 0.0654508 0.997856 0
    outer loop
      vertex 9.628 22.1744 9.4
      vertex 10 22.15 1.5
      vertex 9.628 22.1744 1.5
    endloop
  endfacet
  facet normal -0.442272 -0.896881 0
    outer loop
      vertex 11.0906 27.6331 1.5
      vertex 11.425 27.4682 9.4
      vertex 11.0906 27.6331 9.4
    endloop
  endfacet
  facet normal -0.442272 -0.896881 -0
    outer loop
      vertex 11.425 27.4682 9.4
      vertex 11.0906 27.6331 1.5
      vertex 11.425 27.4682 1.5
    endloop
  endfacet
  facet normal 0.997859 0.0653973 0
    outer loop
      vertex 7.17438 24.628 9.4
      vertex 7.15 25 1.5
      vertex 7.15 25 9.4
    endloop
  endfacet
  facet normal 0.997859 0.0653973 0
    outer loop
      vertex 7.15 25 1.5
      vertex 7.17438 24.628 9.4
      vertex 7.17438 24.628 1.5
    endloop
  endfacet
  facet normal 0.659347 0.751838 -0
    outer loop
      vertex 8.26503 22.7389 1.5
      vertex 7.98475 22.9847 9.4
      vertex 8.26503 22.7389 9.4
    endloop
  endfacet
  facet normal 0.659347 0.751838 0
    outer loop
      vertex 7.98475 22.9847 9.4
      vertex 8.26503 22.7389 1.5
      vertex 7.98475 22.9847 1.5
    endloop
  endfacet
  facet normal -0.831513 0.555505 0
    outer loop
      vertex 12.2611 23.265 1.5
      vertex 12.4682 23.575 9.4
      vertex 12.4682 23.575 1.5
    endloop
  endfacet
  facet normal -0.831513 0.555505 0
    outer loop
      vertex 12.4682 23.575 9.4
      vertex 12.2611 23.265 1.5
      vertex 12.2611 23.265 9.4
    endloop
  endfacet
  facet normal 0.751848 0.659336 0
    outer loop
      vertex 7.98475 22.9847 9.4
      vertex 7.73894 23.265 1.5
      vertex 7.73894 23.265 9.4
    endloop
  endfacet
  facet normal 0.751848 0.659336 0
    outer loop
      vertex 7.73894 23.265 1.5
      vertex 7.98475 22.9847 9.4
      vertex 7.98475 22.9847 1.5
    endloop
  endfacet
  facet normal 0.997859 -0.0653973 0
    outer loop
      vertex 7.15 25 9.4
      vertex 7.17438 25.372 1.5
      vertex 7.17438 25.372 9.4
    endloop
  endfacet
  facet normal 0.997859 -0.0653973 0
    outer loop
      vertex 7.17438 25.372 1.5
      vertex 7.15 25 9.4
      vertex 7.15 25 1.5
    endloop
  endfacet
  facet normal 0.195017 0.9808 -0
    outer loop
      vertex 9.628 22.1744 1.5
      vertex 9.26237 22.2471 9.4
      vertex 9.628 22.1744 9.4
    endloop
  endfacet
  facet normal 0.195017 0.9808 0
    outer loop
      vertex 9.26237 22.2471 9.4
      vertex 9.628 22.1744 1.5
      vertex 9.26237 22.2471 1.5
    endloop
  endfacet
  facet normal -0.0654508 0.997856 0
    outer loop
      vertex 10.372 22.1744 1.5
      vertex 10 22.15 9.4
      vertex 10.372 22.1744 9.4
    endloop
  endfacet
  facet normal -0.0654508 0.997856 0
    outer loop
      vertex 10 22.15 9.4
      vertex 10.372 22.1744 1.5
      vertex 10 22.15 1.5
    endloop
  endfacet
  facet normal 0.946928 0.321446 0
    outer loop
      vertex 7.36694 23.9094 9.4
      vertex 7.24711 24.2624 1.5
      vertex 7.24711 24.2624 9.4
    endloop
  endfacet
  facet normal 0.946928 0.321446 0
    outer loop
      vertex 7.24711 24.2624 1.5
      vertex 7.36694 23.9094 9.4
      vertex 7.36694 23.9094 1.5
    endloop
  endfacet
  facet normal 0.442325 -0.896855 0
    outer loop
      vertex 8.575 27.4682 1.5
      vertex 8.90935 27.6331 9.4
      vertex 8.575 27.4682 9.4
    endloop
  endfacet
  facet normal 0.442325 -0.896855 0
    outer loop
      vertex 8.90935 27.6331 9.4
      vertex 8.575 27.4682 1.5
      vertex 8.90935 27.6331 1.5
    endloop
  endfacet
  facet normal 0.321357 0.946958 -0
    outer loop
      vertex 9.26237 22.2471 1.5
      vertex 8.90935 22.3669 9.4
      vertex 9.26237 22.2471 9.4
    endloop
  endfacet
  facet normal 0.321357 0.946958 0
    outer loop
      vertex 8.90935 22.3669 9.4
      vertex 9.26237 22.2471 1.5
      vertex 8.90935 22.3669 1.5
    endloop
  endfacet
  facet normal 0.751848 -0.659336 0
    outer loop
      vertex 7.73894 26.735 9.4
      vertex 7.98475 27.0153 1.5
      vertex 7.98475 27.0153 9.4
    endloop
  endfacet
  facet normal 0.751848 -0.659336 0
    outer loop
      vertex 7.98475 27.0153 1.5
      vertex 7.73894 26.735 9.4
      vertex 7.73894 26.735 1.5
    endloop
  endfacet
  facet normal 0.831501 0.555523 0
    outer loop
      vertex 7.73894 23.265 9.4
      vertex 7.53183 23.575 1.5
      vertex 7.53183 23.575 9.4
    endloop
  endfacet
  facet normal 0.831501 0.555523 0
    outer loop
      vertex 7.53183 23.575 1.5
      vertex 7.73894 23.265 9.4
      vertex 7.73894 23.265 1.5
    endloop
  endfacet
  facet normal 0.0654508 -0.997856 0
    outer loop
      vertex 9.628 27.8256 1.5
      vertex 10 27.85 9.4
      vertex 9.628 27.8256 9.4
    endloop
  endfacet
  facet normal 0.0654508 -0.997856 0
    outer loop
      vertex 10 27.85 9.4
      vertex 9.628 27.8256 1.5
      vertex 10 27.85 1.5
    endloop
  endfacet
  facet normal 0.442325 0.896855 -0
    outer loop
      vertex 8.90935 22.3669 1.5
      vertex 8.575 22.5318 9.4
      vertex 8.90935 22.3669 9.4
    endloop
  endfacet
  facet normal 0.442325 0.896855 0
    outer loop
      vertex 8.575 22.5318 9.4
      vertex 8.90935 22.3669 1.5
      vertex 8.575 22.5318 1.5
    endloop
  endfacet
  facet normal -0.896881 0.442272 0
    outer loop
      vertex 12.4682 23.575 1.5
      vertex 12.6331 23.9094 9.4
      vertex 12.6331 23.9094 1.5
    endloop
  endfacet
  facet normal -0.896881 0.442272 0
    outer loop
      vertex 12.6331 23.9094 9.4
      vertex 12.4682 23.575 1.5
      vertex 12.4682 23.575 9.4
    endloop
  endfacet
  facet normal 0 0 1
    outer loop
      vertex 12.205 25 1.5
      vertex 12.85 25 1.5
      vertex 12.8256 25.372 1.5
    endloop
  endfacet
  facet normal 0 0 1
    outer loop
      vertex 12.1861 25.2878 1.5
      vertex 12.8256 25.372 1.5
      vertex 12.7529 25.7376 1.5
    endloop
  endfacet
  facet normal 0 0 1
    outer loop
      vertex 12.85 25 1.5
      vertex 12.205 25 1.5
      vertex 12.8256 24.628 1.5
    endloop
  endfacet
  facet normal 0 0 1
    outer loop
      vertex 12.1299 25.5707 1.5
      vertex 12.7529 25.7376 1.5
      vertex 12.6331 26.0906 1.5
    endloop
  endfacet
  facet normal -0 0 1
    outer loop
      vertex 12.1861 24.7122 1.5
      vertex 12.8256 24.628 1.5
      vertex 12.205 25 1.5
    endloop
  endfacet
  facet normal 0 0 1
    outer loop
      vertex 12.0372 25.8438 1.5
      vertex 12.6331 26.0906 1.5
      vertex 12.4682 26.425 1.5
    endloop
  endfacet
  facet normal 0 0 1
    outer loop
      vertex 12.8256 24.628 1.5
      vertex 12.1861 24.7122 1.5
      vertex 12.7529 24.2624 1.5
    endloop
  endfacet
  facet normal 0 0 1
    outer loop
      vertex 11.9096 26.1025 1.5
      vertex 12.4682 26.425 1.5
      vertex 12.2611 26.735 1.5
    endloop
  endfacet
  facet normal -0 0 1
    outer loop
      vertex 12.1299 24.4293 1.5
      vertex 12.7529 24.2624 1.5
      vertex 12.1861 24.7122 1.5
    endloop
  endfacet
  facet normal 0 0 1
    outer loop
      vertex 12.7529 24.2624 1.5
      vertex 12.1299 24.4293 1.5
      vertex 12.6331 23.9094 1.5
    endloop
  endfacet
  facet normal 0 0 1
    outer loop
      vertex 12.8256 25.372 1.5
      vertex 12.1861 25.2878 1.5
      vertex 12.205 25 1.5
    endloop
  endfacet
  facet normal 0 0 1
    outer loop
      vertex 12.7529 25.7376 1.5
      vertex 12.1299 25.5707 1.5
      vertex 12.1861 25.2878 1.5
    endloop
  endfacet
  facet normal 0 0 1
    outer loop
      vertex 12.6331 26.0906 1.5
      vertex 12.0372 25.8438 1.5
      vertex 12.1299 25.5707 1.5
    endloop
  endfacet
  facet normal 0 0 1
    outer loop
      vertex 11.7493 26.3423 1.5
      vertex 12.2611 26.735 1.5
      vertex 12.0153 27.0153 1.5
    endloop
  endfacet
  facet normal 0 0 1
    outer loop
      vertex 12.4682 26.425 1.5
      vertex 11.9096 26.1025 1.5
      vertex 12.0372 25.8438 1.5
    endloop
  endfacet
  facet normal 0 0 1
    outer loop
      vertex 12.2611 26.735 1.5
      vertex 11.7493 26.3423 1.5
      vertex 11.9096 26.1025 1.5
    endloop
  endfacet
  facet normal 0 0 1
    outer loop
      vertex 11.5592 26.5592 1.5
      vertex 12.0153 27.0153 1.5
      vertex 11.735 27.2611 1.5
    endloop
  endfacet
  facet normal 0 0 1
    outer loop
      vertex 12.0153 27.0153 1.5
      vertex 11.5592 26.5592 1.5
      vertex 11.7493 26.3423 1.5
    endloop
  endfacet
  facet normal 0 0 1
    outer loop
      vertex 11.3423 26.7493 1.5
      vertex 11.735 27.2611 1.5
      vertex 11.425 27.4682 1.5
    endloop
  endfacet
  facet normal 0 0 1
    outer loop
      vertex 11.735 27.2611 1.5
      vertex 11.3423 26.7493 1.5
      vertex 11.5592 26.5592 1.5
    endloop
  endfacet
  facet normal 0 0 1
    outer loop
      vertex 11.425 27.4682 1.5
      vertex 11.1025 26.9096 1.5
      vertex 11.3423 26.7493 1.5
    endloop
  endfacet
  facet normal 0 0 1
    outer loop
      vertex 11.0906 27.6331 1.5
      vertex 11.1025 26.9096 1.5
      vertex 11.425 27.4682 1.5
    endloop
  endfacet
  facet normal 0 0 1
    outer loop
      vertex 11.0906 27.6331 1.5
      vertex 10.8438 27.0372 1.5
      vertex 11.1025 26.9096 1.5
    endloop
  endfacet
  facet normal 0 0 1
    outer loop
      vertex 10.7376 27.7529 1.5
      vertex 10.8438 27.0372 1.5
      vertex 11.0906 27.6331 1.5
    endloop
  endfacet
  facet normal 0 0 1
    outer loop
      vertex 10.7376 27.7529 1.5
      vertex 10.5707 27.1299 1.5
      vertex 10.8438 27.0372 1.5
    endloop
  endfacet
  facet normal 0 0 1
    outer loop
      vertex 10.372 27.8256 1.5
      vertex 10.5707 27.1299 1.5
      vertex 10.7376 27.7529 1.5
    endloop
  endfacet
  facet normal 0 0 1
    outer loop
      vertex 10.372 27.8256 1.5
      vertex 10.2878 27.1861 1.5
      vertex 10.5707 27.1299 1.5
    endloop
  endfacet
  facet normal 0 0 1
    outer loop
      vertex 10 27.85 1.5
      vertex 10.2878 27.1861 1.5
      vertex 10.372 27.8256 1.5
    endloop
  endfacet
  facet normal 0 0 1
    outer loop
      vertex 10 27.85 1.5
      vertex 10 27.205 1.5
      vertex 10.2878 27.1861 1.5
    endloop
  endfacet
  facet normal 0 0 1
    outer loop
      vertex 10 27.85 1.5
      vertex 9.71219 27.1861 1.5
      vertex 10 27.205 1.5
    endloop
  endfacet
  facet normal -0 0 1
    outer loop
      vertex 9.628 27.8256 1.5
      vertex 9.71219 27.1861 1.5
      vertex 10 27.85 1.5
    endloop
  endfacet
  facet normal 0 0 1
    outer loop
      vertex 9.628 27.8256 1.5
      vertex 9.4293 27.1299 1.5
      vertex 9.71219 27.1861 1.5
    endloop
  endfacet
  facet normal -0 0 1
    outer loop
      vertex 9.26237 27.7529 1.5
      vertex 9.4293 27.1299 1.5
      vertex 9.628 27.8256 1.5
    endloop
  endfacet
  facet normal 0 0 1
    outer loop
      vertex 9.26237 27.7529 1.5
      vertex 9.15618 27.0372 1.5
      vertex 9.4293 27.1299 1.5
    endloop
  endfacet
  facet normal -0 0 1
    outer loop
      vertex 8.90935 27.6331 1.5
      vertex 9.15618 27.0372 1.5
      vertex 9.26237 27.7529 1.5
    endloop
  endfacet
  facet normal 0 0 1
    outer loop
      vertex 8.90935 27.6331 1.5
      vertex 8.8975 26.9096 1.5
      vertex 9.15618 27.0372 1.5
    endloop
  endfacet
  facet normal -0 0 1
    outer loop
      vertex 8.575 27.4682 1.5
      vertex 8.8975 26.9096 1.5
      vertex 8.90935 27.6331 1.5
    endloop
  endfacet
  facet normal 0 0 1
    outer loop
      vertex 8.8975 26.9096 1.5
      vertex 8.575 27.4682 1.5
      vertex 8.65768 26.7493 1.5
    endloop
  endfacet
  facet normal -0 0 1
    outer loop
      vertex 8.26503 27.2611 1.5
      vertex 8.65768 26.7493 1.5
      vertex 8.575 27.4682 1.5
    endloop
  endfacet
  facet normal 0 0 1
    outer loop
      vertex 8.65768 26.7493 1.5
      vertex 8.26503 27.2611 1.5
      vertex 8.44083 26.5592 1.5
    endloop
  endfacet
  facet normal -0 0 1
    outer loop
      vertex 7.98475 27.0153 1.5
      vertex 8.44083 26.5592 1.5
      vertex 8.26503 27.2611 1.5
    endloop
  endfacet
  facet normal 0 0 1
    outer loop
      vertex 8.44083 26.5592 1.5
      vertex 7.98475 27.0153 1.5
      vertex 8.25066 26.3423 1.5
    endloop
  endfacet
  facet normal -0 0 1
    outer loop
      vertex 7.73894 26.735 1.5
      vertex 8.25066 26.3423 1.5
      vertex 7.98475 27.0153 1.5
    endloop
  endfacet
  facet normal 0 0 1
    outer loop
      vertex 8.25066 26.3423 1.5
      vertex 7.73894 26.735 1.5
      vertex 8.09041 26.1025 1.5
    endloop
  endfacet
  facet normal -0 0 1
    outer loop
      vertex 7.53183 26.425 1.5
      vertex 8.09041 26.1025 1.5
      vertex 7.73894 26.735 1.5
    endloop
  endfacet
  facet normal 0 0 1
    outer loop
      vertex 8.09041 26.1025 1.5
      vertex 7.53183 26.425 1.5
      vertex 7.96285 25.8438 1.5
    endloop
  endfacet
  facet normal 0 0 1
    outer loop
      vertex 7.96285 25.8438 1.5
      vertex 7.36694 26.0906 1.5
      vertex 7.87013 25.5707 1.5
    endloop
  endfacet
  facet normal -0 0 1
    outer loop
      vertex 7.36694 26.0906 1.5
      vertex 7.96285 25.8438 1.5
      vertex 7.53183 26.425 1.5
    endloop
  endfacet
  facet normal -0 0 1
    outer loop
      vertex 12.0372 24.1562 1.5
      vertex 12.6331 23.9094 1.5
      vertex 12.1299 24.4293 1.5
    endloop
  endfacet
  facet normal 0 0 1
    outer loop
      vertex 12.6331 23.9094 1.5
      vertex 12.0372 24.1562 1.5
      vertex 12.4682 23.575 1.5
    endloop
  endfacet
  facet normal -0 0 1
    outer loop
      vertex 11.9096 23.8975 1.5
      vertex 12.4682 23.575 1.5
      vertex 12.0372 24.1562 1.5
    endloop
  endfacet
  facet normal 0 0 1
    outer loop
      vertex 12.4682 23.575 1.5
      vertex 11.9096 23.8975 1.5
      vertex 12.2611 23.265 1.5
    endloop
  endfacet
  facet normal -0 0 1
    outer loop
      vertex 11.7493 23.6577 1.5
      vertex 12.2611 23.265 1.5
      vertex 11.9096 23.8975 1.5
    endloop
  endfacet
  facet normal 0 0 1
    outer loop
      vertex 12.2611 23.265 1.5
      vertex 11.7493 23.6577 1.5
      vertex 12.0153 22.9847 1.5
    endloop
  endfacet
  facet normal -0 0 1
    outer loop
      vertex 11.5592 23.4408 1.5
      vertex 12.0153 22.9847 1.5
      vertex 11.7493 23.6577 1.5
    endloop
  endfacet
  facet normal 0 0 1
    outer loop
      vertex 12.0153 22.9847 1.5
      vertex 11.5592 23.4408 1.5
      vertex 11.735 22.7389 1.5
    endloop
  endfacet
  facet normal -0 0 1
    outer loop
      vertex 11.3423 23.2507 1.5
      vertex 11.735 22.7389 1.5
      vertex 11.5592 23.4408 1.5
    endloop
  endfacet
  facet normal 0 0 1
    outer loop
      vertex 11.735 22.7389 1.5
      vertex 11.3423 23.2507 1.5
      vertex 11.425 22.5318 1.5
    endloop
  endfacet
  facet normal -0 0 1
    outer loop
      vertex 11.1025 23.0904 1.5
      vertex 11.425 22.5318 1.5
      vertex 11.3423 23.2507 1.5
    endloop
  endfacet
  facet normal 0 0 1
    outer loop
      vertex 11.1025 23.0904 1.5
      vertex 11.0906 22.3669 1.5
      vertex 11.425 22.5318 1.5
    endloop
  endfacet
  facet normal -0 0 1
    outer loop
      vertex 10.8438 22.9628 1.5
      vertex 11.0906 22.3669 1.5
      vertex 11.1025 23.0904 1.5
    endloop
  endfacet
  facet normal 0 0 1
    outer loop
      vertex 10.8438 22.9628 1.5
      vertex 10.7376 22.2471 1.5
      vertex 11.0906 22.3669 1.5
    endloop
  endfacet
  facet normal -0 0 1
    outer loop
      vertex 10.5707 22.8701 1.5
      vertex 10.7376 22.2471 1.5
      vertex 10.8438 22.9628 1.5
    endloop
  endfacet
  facet normal 0 0 1
    outer loop
      vertex 10.5707 22.8701 1.5
      vertex 10.372 22.1744 1.5
      vertex 10.7376 22.2471 1.5
    endloop
  endfacet
  facet normal -0 0 1
    outer loop
      vertex 10.2878 22.8139 1.5
      vertex 10.372 22.1744 1.5
      vertex 10.5707 22.8701 1.5
    endloop
  endfacet
  facet normal -0 0 1
    outer loop
      vertex 10 22.795 1.5
      vertex 10.372 22.1744 1.5
      vertex 10.2878 22.8139 1.5
    endloop
  endfacet
  facet normal 0 0 1
    outer loop
      vertex 10 22.795 1.5
      vertex 10 22.15 1.5
      vertex 10.372 22.1744 1.5
    endloop
  endfacet
  facet normal 0 0 1
    outer loop
      vertex 9.71219 22.8139 1.5
      vertex 10 22.15 1.5
      vertex 10 22.795 1.5
    endloop
  endfacet
  facet normal 0 0 1
    outer loop
      vertex 9.71219 22.8139 1.5
      vertex 9.628 22.1744 1.5
      vertex 10 22.15 1.5
    endloop
  endfacet
  facet normal 0 0 1
    outer loop
      vertex 9.4293 22.8701 1.5
      vertex 9.628 22.1744 1.5
      vertex 9.71219 22.8139 1.5
    endloop
  endfacet
  facet normal 0 0 1
    outer loop
      vertex 9.4293 22.8701 1.5
      vertex 9.26237 22.2471 1.5
      vertex 9.628 22.1744 1.5
    endloop
  endfacet
  facet normal 0 0 1
    outer loop
      vertex 9.15618 22.9628 1.5
      vertex 9.26237 22.2471 1.5
      vertex 9.4293 22.8701 1.5
    endloop
  endfacet
  facet normal 0 0 1
    outer loop
      vertex 9.15618 22.9628 1.5
      vertex 8.90935 22.3669 1.5
      vertex 9.26237 22.2471 1.5
    endloop
  endfacet
  facet normal 0 0 1
    outer loop
      vertex 8.8975 23.0904 1.5
      vertex 8.90935 22.3669 1.5
      vertex 9.15618 22.9628 1.5
    endloop
  endfacet
  facet normal 0 0 1
    outer loop
      vertex 8.575 22.5318 1.5
      vertex 8.8975 23.0904 1.5
      vertex 8.65768 23.2507 1.5
    endloop
  endfacet
  facet normal 0 0 1
    outer loop
      vertex 8.8975 23.0904 1.5
      vertex 8.575 22.5318 1.5
      vertex 8.90935 22.3669 1.5
    endloop
  endfacet
  facet normal 0 0 1
    outer loop
      vertex 8.26503 22.7389 1.5
      vertex 8.65768 23.2507 1.5
      vertex 8.44083 23.4408 1.5
    endloop
  endfacet
  facet normal 0 0 1
    outer loop
      vertex 8.65768 23.2507 1.5
      vertex 8.26503 22.7389 1.5
      vertex 8.575 22.5318 1.5
    endloop
  endfacet
  facet normal 0 0 1
    outer loop
      vertex 7.98475 22.9847 1.5
      vertex 8.44083 23.4408 1.5
      vertex 8.25066 23.6577 1.5
    endloop
  endfacet
  facet normal 0 0 1
    outer loop
      vertex 7.73894 23.265 1.5
      vertex 8.25066 23.6577 1.5
      vertex 8.09041 23.8975 1.5
    endloop
  endfacet
  facet normal 0 0 1
    outer loop
      vertex 8.44083 23.4408 1.5
      vertex 7.98475 22.9847 1.5
      vertex 8.26503 22.7389 1.5
    endloop
  endfacet
  facet normal 0 0 1
    outer loop
      vertex 7.53183 23.575 1.5
      vertex 8.09041 23.8975 1.5
      vertex 7.96285 24.1562 1.5
    endloop
  endfacet
  facet normal 0 0 1
    outer loop
      vertex 7.36694 23.9094 1.5
      vertex 7.96285 24.1562 1.5
      vertex 7.87013 24.4293 1.5
    endloop
  endfacet
  facet normal 0 0 1
    outer loop
      vertex 7.24711 24.2624 1.5
      vertex 7.87013 24.4293 1.5
      vertex 7.81386 24.7122 1.5
    endloop
  endfacet
  facet normal 0 0 1
    outer loop
      vertex 8.25066 23.6577 1.5
      vertex 7.73894 23.265 1.5
      vertex 7.98475 22.9847 1.5
    endloop
  endfacet
  facet normal 0 0 1
    outer loop
      vertex 7.17438 24.628 1.5
      vertex 7.81386 24.7122 1.5
      vertex 7.795 25 1.5
    endloop
  endfacet
  facet normal -0 0 1
    outer loop
      vertex 7.24711 25.7376 1.5
      vertex 7.87013 25.5707 1.5
      vertex 7.36694 26.0906 1.5
    endloop
  endfacet
  facet normal 0 0 1
    outer loop
      vertex 7.87013 25.5707 1.5
      vertex 7.24711 25.7376 1.5
      vertex 7.81386 25.2878 1.5
    endloop
  endfacet
  facet normal 0 0 1
    outer loop
      vertex 8.09041 23.8975 1.5
      vertex 7.53183 23.575 1.5
      vertex 7.73894 23.265 1.5
    endloop
  endfacet
  facet normal -0 0 1
    outer loop
      vertex 7.17438 25.372 1.5
      vertex 7.81386 25.2878 1.5
      vertex 7.24711 25.7376 1.5
    endloop
  endfacet
  facet normal 0 0 1
    outer loop
      vertex 7.96285 24.1562 1.5
      vertex 7.36694 23.9094 1.5
      vertex 7.53183 23.575 1.5
    endloop
  endfacet
  facet normal 0 0 1
    outer loop
      vertex 7.81386 25.2878 1.5
      vertex 7.17438 25.372 1.5
      vertex 7.795 25 1.5
    endloop
  endfacet
  facet normal 0 0 1
    outer loop
      vertex 7.87013 24.4293 1.5
      vertex 7.24711 24.2624 1.5
      vertex 7.36694 23.9094 1.5
    endloop
  endfacet
  facet normal 0 0 1
    outer loop
      vertex 7.15 25 1.5
      vertex 7.795 25 1.5
      vertex 7.17438 25.372 1.5
    endloop
  endfacet
  facet normal 0 0 1
    outer loop
      vertex 7.81386 24.7122 1.5
      vertex 7.17438 24.628 1.5
      vertex 7.24711 24.2624 1.5
    endloop
  endfacet
  facet normal 0 0 1
    outer loop
      vertex 7.795 25 1.5
      vertex 7.15 25 1.5
      vertex 7.17438 24.628 1.5
    endloop
  endfacet
  facet normal 0.896892 -0.44225 0
    outer loop
      vertex 7.36694 26.0906 9.4
      vertex 7.53183 26.425 1.5
      vertex 7.53183 26.425 9.4
    endloop
  endfacet
  facet normal 0.896892 -0.44225 0
    outer loop
      vertex 7.53183 26.425 1.5
      vertex 7.36694 26.0906 9.4
      vertex 7.36694 26.0906 1.5
    endloop
  endfacet
  facet normal 0.831501 -0.555523 0
    outer loop
      vertex 7.53183 26.425 9.4
      vertex 7.73894 26.735 1.5
      vertex 7.73894 26.735 9.4
    endloop
  endfacet
  facet normal 0.831501 -0.555523 0
    outer loop
      vertex 7.73894 26.735 1.5
      vertex 7.53183 26.425 9.4
      vertex 7.53183 26.425 1.5
    endloop
  endfacet
  facet normal -0.980833 -0.194849 0
    outer loop
      vertex 12.1861 25.2878 0
      vertex 12.1299 25.5707 1.5
      vertex 12.1299 25.5707 0
    endloop
  endfacet
  facet normal -0.980833 -0.194849 0
    outer loop
      vertex 12.1299 25.5707 1.5
      vertex 12.1861 25.2878 0
      vertex 12.1861 25.2878 1.5
    endloop
  endfacet
  facet normal -0.997851 -0.0655295 0
    outer loop
      vertex 12.205 25 0
      vertex 12.1861 25.2878 1.5
      vertex 12.1861 25.2878 0
    endloop
  endfacet
  facet normal -0.997851 -0.0655295 0
    outer loop
      vertex 12.1861 25.2878 1.5
      vertex 12.205 25 0
      vertex 12.205 25 1.5
    endloop
  endfacet
  facet normal -0.946935 -0.321424 0
    outer loop
      vertex 12.1299 25.5707 0
      vertex 12.0372 25.8438 1.5
      vertex 12.0372 25.8438 0
    endloop
  endfacet
  facet normal -0.946935 -0.321424 0
    outer loop
      vertex 12.0372 25.8438 1.5
      vertex 12.1299 25.5707 0
      vertex 12.1299 25.5707 1.5
    endloop
  endfacet
  facet normal -0.442354 -0.896841 0
    outer loop
      vertex 10.8438 27.0372 0
      vertex 11.1025 26.9096 1.5
      vertex 10.8438 27.0372 1.5
    endloop
  endfacet
  facet normal -0.442354 -0.896841 -0
    outer loop
      vertex 11.1025 26.9096 1.5
      vertex 10.8438 27.0372 0
      vertex 11.1025 26.9096 0
    endloop
  endfacet
  facet normal -0.831356 -0.55574 0
    outer loop
      vertex 11.9096 26.1025 0
      vertex 11.7493 26.3423 1.5
      vertex 11.7493 26.3423 0
    endloop
  endfacet
  facet normal -0.831356 -0.55574 0
    outer loop
      vertex 11.7493 26.3423 1.5
      vertex 11.9096 26.1025 0
      vertex 11.9096 26.1025 1.5
    endloop
  endfacet
  facet normal 0.442381 0.896827 -0
    outer loop
      vertex 9.15618 22.9628 0
      vertex 8.8975 23.0904 1.5
      vertex 9.15618 22.9628 1.5
    endloop
  endfacet
  facet normal 0.442381 0.896827 0
    outer loop
      vertex 8.8975 23.0904 1.5
      vertex 9.15618 22.9628 0
      vertex 8.8975 23.0904 0
    endloop
  endfacet
  facet normal 0.659204 -0.751964 0
    outer loop
      vertex 8.44083 26.5592 0
      vertex 8.65768 26.7493 1.5
      vertex 8.44083 26.5592 1.5
    endloop
  endfacet
  facet normal 0.659204 -0.751964 0
    outer loop
      vertex 8.65768 26.7493 1.5
      vertex 8.44083 26.5592 0
      vertex 8.65768 26.7493 0
    endloop
  endfacet
  facet normal -0.896841 -0.442354 0
    outer loop
      vertex 12.0372 25.8438 0
      vertex 11.9096 26.1025 1.5
      vertex 11.9096 26.1025 0
    endloop
  endfacet
  facet normal -0.896841 -0.442354 0
    outer loop
      vertex 11.9096 26.1025 1.5
      vertex 12.0372 25.8438 0
      vertex 12.0372 25.8438 1.5
    endloop
  endfacet
  facet normal 0.194856 -0.980832 0
    outer loop
      vertex 9.4293 27.1299 0
      vertex 9.71219 27.1861 1.5
      vertex 9.4293 27.1299 1.5
    endloop
  endfacet
  facet normal 0.194856 -0.980832 0
    outer loop
      vertex 9.71219 27.1861 1.5
      vertex 9.4293 27.1299 0
      vertex 9.71219 27.1861 0
    endloop
  endfacet
  facet normal 0.194856 0.980832 -0
    outer loop
      vertex 9.71219 22.8139 0
      vertex 9.4293 22.8701 1.5
      vertex 9.71219 22.8139 1.5
    endloop
  endfacet
  facet normal 0.194856 0.980832 0
    outer loop
      vertex 9.4293 22.8701 1.5
      vertex 9.71219 22.8139 0
      vertex 9.4293 22.8701 0
    endloop
  endfacet
  facet normal 0.0655272 0.997851 -0
    outer loop
      vertex 10 22.795 0
      vertex 9.71219 22.8139 1.5
      vertex 10 22.795 1.5
    endloop
  endfacet
  facet normal 0.0655272 0.997851 0
    outer loop
      vertex 9.71219 22.8139 1.5
      vertex 10 22.795 0
      vertex 9.71219 22.8139 0
    endloop
  endfacet
  facet normal 0.0655272 -0.997851 0
    outer loop
      vertex 9.71219 27.1861 0
      vertex 10 27.205 1.5
      vertex 9.71219 27.1861 1.5
    endloop
  endfacet
  facet normal 0.0655272 -0.997851 0
    outer loop
      vertex 10 27.205 1.5
      vertex 9.71219 27.1861 0
      vertex 10 27.205 0
    endloop
  endfacet
  facet normal -0.0655295 0.997851 0
    outer loop
      vertex 10.2878 22.8139 0
      vertex 10 22.795 1.5
      vertex 10.2878 22.8139 1.5
    endloop
  endfacet
  facet normal -0.0655295 0.997851 0
    outer loop
      vertex 10 22.795 1.5
      vertex 10.2878 22.8139 0
      vertex 10 22.795 0
    endloop
  endfacet
  facet normal -0.752039 -0.659118 0
    outer loop
      vertex 11.7493 26.3423 0
      vertex 11.5592 26.5592 1.5
      vertex 11.5592 26.5592 0
    endloop
  endfacet
  facet normal -0.752039 -0.659118 0
    outer loop
      vertex 11.5592 26.5592 1.5
      vertex 11.7493 26.3423 0
      vertex 11.7493 26.3423 1.5
    endloop
  endfacet
  facet normal 0.442381 -0.896827 0
    outer loop
      vertex 8.8975 26.9096 0
      vertex 9.15618 27.0372 1.5
      vertex 8.8975 26.9096 1.5
    endloop
  endfacet
  facet normal 0.442381 -0.896827 0
    outer loop
      vertex 9.15618 27.0372 1.5
      vertex 8.8975 26.9096 0
      vertex 9.15618 27.0372 0
    endloop
  endfacet
  facet normal 0.980787 0.195083 0
    outer loop
      vertex 7.87013 24.4293 1.5
      vertex 7.81386 24.7122 0
      vertex 7.81386 24.7122 1.5
    endloop
  endfacet
  facet normal 0.980787 0.195083 0
    outer loop
      vertex 7.81386 24.7122 0
      vertex 7.87013 24.4293 1.5
      vertex 7.87013 24.4293 0
    endloop
  endfacet
  facet normal -0.831356 0.55574 0
    outer loop
      vertex 11.7493 23.6577 0
      vertex 11.9096 23.8975 1.5
      vertex 11.9096 23.8975 0
    endloop
  endfacet
  facet normal -0.831356 0.55574 0
    outer loop
      vertex 11.9096 23.8975 1.5
      vertex 11.7493 23.6577 0
      vertex 11.7493 23.6577 1.5
    endloop
  endfacet
  facet normal 0.946914 -0.321486 0
    outer loop
      vertex 7.87013 25.5707 1.5
      vertex 7.96285 25.8438 0
      vertex 7.96285 25.8438 1.5
    endloop
  endfacet
  facet normal 0.946914 -0.321486 0
    outer loop
      vertex 7.96285 25.8438 0
      vertex 7.87013 25.5707 1.5
      vertex 7.87013 25.5707 0
    endloop
  endfacet
  facet normal -0.997851 0.0655295 0
    outer loop
      vertex 12.1861 24.7122 0
      vertex 12.205 25 1.5
      vertex 12.205 25 0
    endloop
  endfacet
  facet normal -0.997851 0.0655295 0
    outer loop
      vertex 12.205 25 1.5
      vertex 12.1861 24.7122 0
      vertex 12.1861 24.7122 1.5
    endloop
  endfacet
  facet normal 0.659204 0.751964 -0
    outer loop
      vertex 8.65768 23.2507 0
      vertex 8.44083 23.4408 1.5
      vertex 8.65768 23.2507 1.5
    endloop
  endfacet
  facet normal 0.659204 0.751964 0
    outer loop
      vertex 8.44083 23.4408 1.5
      vertex 8.65768 23.2507 0
      vertex 8.44083 23.4408 0
    endloop
  endfacet
  facet normal 0.896896 -0.442242 0
    outer loop
      vertex 7.96285 25.8438 1.5
      vertex 8.09041 26.1025 0
      vertex 8.09041 26.1025 1.5
    endloop
  endfacet
  facet normal 0.896896 -0.442242 0
    outer loop
      vertex 8.09041 26.1025 0
      vertex 7.96285 25.8438 1.5
      vertex 7.96285 25.8438 0
    endloop
  endfacet
  facet normal -0.55574 -0.831356 0
    outer loop
      vertex 11.1025 26.9096 0
      vertex 11.3423 26.7493 1.5
      vertex 11.1025 26.9096 1.5
    endloop
  endfacet
  facet normal -0.55574 -0.831356 -0
    outer loop
      vertex 11.3423 26.7493 1.5
      vertex 11.1025 26.9096 0
      vertex 11.3423 26.7493 0
    endloop
  endfacet
  facet normal -0.946935 0.321424 0
    outer loop
      vertex 12.0372 24.1562 0
      vertex 12.1299 24.4293 1.5
      vertex 12.1299 24.4293 0
    endloop
  endfacet
  facet normal -0.946935 0.321424 0
    outer loop
      vertex 12.1299 24.4293 1.5
      vertex 12.0372 24.1562 0
      vertex 12.0372 24.1562 1.5
    endloop
  endfacet
  facet normal -0.194849 0.980833 0
    outer loop
      vertex 10.5707 22.8701 0
      vertex 10.2878 22.8139 1.5
      vertex 10.5707 22.8701 1.5
    endloop
  endfacet
  facet normal -0.194849 0.980833 0
    outer loop
      vertex 10.2878 22.8139 1.5
      vertex 10.5707 22.8701 0
      vertex 10.2878 22.8139 0
    endloop
  endfacet
  facet normal 0.321403 -0.946943 0
    outer loop
      vertex 9.15618 27.0372 0
      vertex 9.4293 27.1299 1.5
      vertex 9.15618 27.0372 1.5
    endloop
  endfacet
  facet normal 0.321403 -0.946943 0
    outer loop
      vertex 9.4293 27.1299 1.5
      vertex 9.15618 27.0372 0
      vertex 9.4293 27.1299 0
    endloop
  endfacet
  facet normal 0.99786 0.0653914 0
    outer loop
      vertex 7.81386 24.7122 1.5
      vertex 7.795 25 0
      vertex 7.795 25 1.5
    endloop
  endfacet
  facet normal 0.99786 0.0653914 0
    outer loop
      vertex 7.795 25 0
      vertex 7.81386 24.7122 1.5
      vertex 7.81386 24.7122 0
    endloop
  endfacet
  facet normal 0.980787 -0.195083 0
    outer loop
      vertex 7.81386 25.2878 1.5
      vertex 7.87013 25.5707 0
      vertex 7.87013 25.5707 1.5
    endloop
  endfacet
  facet normal 0.980787 -0.195083 0
    outer loop
      vertex 7.87013 25.5707 0
      vertex 7.81386 25.2878 1.5
      vertex 7.81386 25.2878 0
    endloop
  endfacet
  facet normal 0.896896 0.442242 0
    outer loop
      vertex 8.09041 23.8975 1.5
      vertex 7.96285 24.1562 0
      vertex 7.96285 24.1562 1.5
    endloop
  endfacet
  facet normal 0.896896 0.442242 0
    outer loop
      vertex 7.96285 24.1562 0
      vertex 8.09041 23.8975 1.5
      vertex 8.09041 23.8975 0
    endloop
  endfacet
  facet normal 0.751919 -0.659255 0
    outer loop
      vertex 8.25066 26.3423 1.5
      vertex 8.44083 26.5592 0
      vertex 8.44083 26.5592 1.5
    endloop
  endfacet
  facet normal 0.751919 -0.659255 0
    outer loop
      vertex 8.44083 26.5592 0
      vertex 8.25066 26.3423 1.5
      vertex 8.25066 26.3423 0
    endloop
  endfacet
  facet normal 0.946914 0.321486 0
    outer loop
      vertex 7.96285 24.1562 1.5
      vertex 7.87013 24.4293 0
      vertex 7.87013 24.4293 1.5
    endloop
  endfacet
  facet normal 0.946914 0.321486 0
    outer loop
      vertex 7.87013 24.4293 0
      vertex 7.96285 24.1562 1.5
      vertex 7.96285 24.1562 0
    endloop
  endfacet
  facet normal 0.321403 0.946943 -0
    outer loop
      vertex 9.4293 22.8701 0
      vertex 9.15618 22.9628 1.5
      vertex 9.4293 22.8701 1.5
    endloop
  endfacet
  facet normal 0.321403 0.946943 0
    outer loop
      vertex 9.15618 22.9628 1.5
      vertex 9.4293 22.8701 0
      vertex 9.15618 22.9628 0
    endloop
  endfacet
  facet normal -0.896841 0.442354 0
    outer loop
      vertex 11.9096 23.8975 0
      vertex 12.0372 24.1562 1.5
      vertex 12.0372 24.1562 0
    endloop
  endfacet
  facet normal -0.896841 0.442354 0
    outer loop
      vertex 12.0372 24.1562 1.5
      vertex 11.9096 23.8975 0
      vertex 11.9096 23.8975 1.5
    endloop
  endfacet
  facet normal -0.55574 0.831356 0
    outer loop
      vertex 11.3423 23.2507 0
      vertex 11.1025 23.0904 1.5
      vertex 11.3423 23.2507 1.5
    endloop
  endfacet
  facet normal -0.55574 0.831356 0
    outer loop
      vertex 11.1025 23.0904 1.5
      vertex 11.3423 23.2507 0
      vertex 11.1025 23.0904 0
    endloop
  endfacet
  facet normal -0.659118 -0.752039 0
    outer loop
      vertex 11.3423 26.7493 0
      vertex 11.5592 26.5592 1.5
      vertex 11.3423 26.7493 1.5
    endloop
  endfacet
  facet normal -0.659118 -0.752039 -0
    outer loop
      vertex 11.5592 26.5592 1.5
      vertex 11.3423 26.7493 0
      vertex 11.5592 26.5592 0
    endloop
  endfacet
  facet normal -0.980833 0.194849 0
    outer loop
      vertex 12.1299 24.4293 0
      vertex 12.1861 24.7122 1.5
      vertex 12.1861 24.7122 0
    endloop
  endfacet
  facet normal -0.980833 0.194849 0
    outer loop
      vertex 12.1861 24.7122 1.5
      vertex 12.1299 24.4293 0
      vertex 12.1299 24.4293 1.5
    endloop
  endfacet
  facet normal 0.831436 0.55562 0
    outer loop
      vertex 8.25066 23.6577 1.5
      vertex 8.09041 23.8975 0
      vertex 8.09041 23.8975 1.5
    endloop
  endfacet
  facet normal 0.831436 0.55562 0
    outer loop
      vertex 8.09041 23.8975 0
      vertex 8.25066 23.6577 1.5
      vertex 8.25066 23.6577 0
    endloop
  endfacet
  facet normal -0.659118 0.752039 0
    outer loop
      vertex 11.5592 23.4408 0
      vertex 11.3423 23.2507 1.5
      vertex 11.5592 23.4408 1.5
    endloop
  endfacet
  facet normal -0.659118 0.752039 0
    outer loop
      vertex 11.3423 23.2507 1.5
      vertex 11.5592 23.4408 0
      vertex 11.3423 23.2507 0
    endloop
  endfacet
  facet normal -0.321424 -0.946935 0
    outer loop
      vertex 10.5707 27.1299 0
      vertex 10.8438 27.0372 1.5
      vertex 10.5707 27.1299 1.5
    endloop
  endfacet
  facet normal -0.321424 -0.946935 -0
    outer loop
      vertex 10.8438 27.0372 1.5
      vertex 10.5707 27.1299 0
      vertex 10.8438 27.0372 0
    endloop
  endfacet
  facet normal 0.555708 -0.831378 0
    outer loop
      vertex 8.65768 26.7493 0
      vertex 8.8975 26.9096 1.5
      vertex 8.65768 26.7493 1.5
    endloop
  endfacet
  facet normal 0.555708 -0.831378 0
    outer loop
      vertex 8.8975 26.9096 1.5
      vertex 8.65768 26.7493 0
      vertex 8.8975 26.9096 0
    endloop
  endfacet
  facet normal -0.321424 0.946935 0
    outer loop
      vertex 10.8438 22.9628 0
      vertex 10.5707 22.8701 1.5
      vertex 10.8438 22.9628 1.5
    endloop
  endfacet
  facet normal -0.321424 0.946935 0
    outer loop
      vertex 10.5707 22.8701 1.5
      vertex 10.8438 22.9628 0
      vertex 10.5707 22.8701 0
    endloop
  endfacet
  facet normal -0.442354 0.896841 0
    outer loop
      vertex 11.1025 23.0904 0
      vertex 10.8438 22.9628 1.5
      vertex 11.1025 23.0904 1.5
    endloop
  endfacet
  facet normal -0.442354 0.896841 0
    outer loop
      vertex 10.8438 22.9628 1.5
      vertex 11.1025 23.0904 0
      vertex 10.8438 22.9628 0
    endloop
  endfacet
  facet normal -0.0655295 -0.997851 0
    outer loop
      vertex 10 27.205 0
      vertex 10.2878 27.1861 1.5
      vertex 10 27.205 1.5
    endloop
  endfacet
  facet normal -0.0655295 -0.997851 -0
    outer loop
      vertex 10.2878 27.1861 1.5
      vertex 10 27.205 0
      vertex 10.2878 27.1861 0
    endloop
  endfacet
  facet normal 0.751919 0.659255 0
    outer loop
      vertex 8.44083 23.4408 1.5
      vertex 8.25066 23.6577 0
      vertex 8.25066 23.6577 1.5
    endloop
  endfacet
  facet normal 0.751919 0.659255 0
    outer loop
      vertex 8.25066 23.6577 0
      vertex 8.44083 23.4408 1.5
      vertex 8.44083 23.4408 0
    endloop
  endfacet
  facet normal 0.555708 0.831378 -0
    outer loop
      vertex 8.8975 23.0904 0
      vertex 8.65768 23.2507 1.5
      vertex 8.8975 23.0904 1.5
    endloop
  endfacet
  facet normal 0.555708 0.831378 0
    outer loop
      vertex 8.65768 23.2507 1.5
      vertex 8.8975 23.0904 0
      vertex 8.65768 23.2507 0
    endloop
  endfacet
  facet normal -0.194849 -0.980833 0
    outer loop
      vertex 10.2878 27.1861 0
      vertex 10.5707 27.1299 1.5
      vertex 10.2878 27.1861 1.5
    endloop
  endfacet
  facet normal -0.194849 -0.980833 -0
    outer loop
      vertex 10.5707 27.1299 1.5
      vertex 10.2878 27.1861 0
      vertex 10.5707 27.1299 0
    endloop
  endfacet
  facet normal 0.99786 -0.0653914 0
    outer loop
      vertex 7.795 25 1.5
      vertex 7.81386 25.2878 0
      vertex 7.81386 25.2878 1.5
    endloop
  endfacet
  facet normal 0.99786 -0.0653914 0
    outer loop
      vertex 7.81386 25.2878 0
      vertex 7.795 25 1.5
      vertex 7.795 25 0
    endloop
  endfacet
  facet normal 0.831436 -0.55562 0
    outer loop
      vertex 8.09041 26.1025 1.5
      vertex 8.25066 26.3423 0
      vertex 8.25066 26.3423 1.5
    endloop
  endfacet
  facet normal 0.831436 -0.55562 0
    outer loop
      vertex 8.25066 26.3423 0
      vertex 8.09041 26.1025 1.5
      vertex 8.09041 26.1025 0
    endloop
  endfacet
  facet normal -0.752039 0.659118 0
    outer loop
      vertex 11.5592 23.4408 0
      vertex 11.7493 23.6577 1.5
      vertex 11.7493 23.6577 0
    endloop
  endfacet
  facet normal -0.752039 0.659118 0
    outer loop
      vertex 11.7493 23.6577 1.5
      vertex 11.5592 23.4408 0
      vertex 11.5592 23.4408 1.5
    endloop
  endfacet
  facet normal -0.798901 -0.052401 0.599176
    outer loop
      vertex 12.85 25 9.4
      vertex 13.45 25 10.2
      vertex 12.8256 25.372 9.4
    endloop
  endfacet
  facet normal 0.665708 0.444779 0.59917
    outer loop
      vertex 7.73894 23.265 9.4
      vertex 7.14212 23.35 10
      vertex 7.1939 23.2725 10
    endloop
  endfacet
  facet normal 0.665713 0.444761 0.599177
    outer loop
      vertex 7.14212 23.35 10
      vertex 7.73894 23.265 9.4
      vertex 7.53183 23.575 9.4
    endloop
  endfacet
  facet normal -0.354162 -0.718024 0.599175
    outer loop
      vertex 11.5664 27.8991 10
      vertex 11.2629 28.0488 10
      vertex 11.0906 27.6331 9.4
    endloop
  endfacet
  facet normal 0.798901 -0.052401 0.599176
    outer loop
      vertex 7.15 25 9.4
      vertex 6.7061 25.093 10
      vertex 6.7 25 10
    endloop
  endfacet
  facet normal 0.798906 -0.0523584 0.599173
    outer loop
      vertex 6.7061 25.093 10
      vertex 7.15 25 9.4
      vertex 7.17438 25.372 9.4
    endloop
  endfacet
  facet normal 0.718004 -0.354152 0.599205
    outer loop
      vertex 7.36694 26.0906 9.4
      vertex 7.1009 26.5664 10
      vertex 6.9512 26.2629 10
    endloop
  endfacet
  facet normal -0.257363 -0.758133 0.599166
    outer loop
      vertex 11.0906 27.6331 9.4
      vertex 11.2629 28.0488 10
      vertex 10.9424 28.1576 10
    endloop
  endfacet
  facet normal -0.257295 0.758138 0.599188
    outer loop
      vertex 10.7376 22.2471 9.4
      vertex 10.9424 21.8424 10
      vertex 11.0906 22.3669 9.4
    endloop
  endfacet
  facet normal -0.257544 0.758039 0.599206
    outer loop
      vertex 10.9424 21.8424 10
      vertex 10.7376 22.2471 9.4
      vertex 10.8541 21.8124 10
    endloop
  endfacet
  facet normal 0.354118 0.718076 0.599139
    outer loop
      vertex 8.73715 21.9512 10
      vertex 8.90935 22.3669 9.4
      vertex 8.43359 22.1009 10
    endloop
  endfacet
  facet normal 0.156349 0.785174 0.599214
    outer loop
      vertex 9.56926 21.7282 10
      vertex 9.628 22.1744 9.4
      vertex 9.23731 21.7943 10
    endloop
  endfacet
  facet normal -0.601978 0.527885 0.599132
    outer loop
      vertex 12.0153 22.9847 9.4
      vertex 12.3949 22.7366 10
      vertex 12.2611 23.265 9.4
    endloop
  endfacet
  facet normal -0.602267 0.52752 0.599164
    outer loop
      vertex 12.3949 22.7366 10
      vertex 12.0153 22.9847 9.4
      vertex 12.3335 22.6665 10
    endloop
  endfacet
  facet normal 0.602048 -0.527758 0.599174
    outer loop
      vertex 7.6051 27.2634 10
      vertex 7.98475 27.0153 9.4
      vertex 7.66655 27.3335 10
    endloop
  endfacet
  facet normal 0.60195 -0.527882 0.599163
    outer loop
      vertex 7.98475 27.0153 9.4
      vertex 7.6051 27.2634 10
      vertex 7.73894 26.735 9.4
    endloop
  endfacet
  facet normal -0.156327 0.785183 0.599208
    outer loop
      vertex 10.4307 21.7282 10
      vertex 10.7627 21.7943 10
      vertex 10.372 22.1744 9.4
    endloop
  endfacet
  facet normal 0.798901 0.052401 0.599176
    outer loop
      vertex 6.7061 24.907 10
      vertex 7.15 25 9.4
      vertex 6.7 25 10
    endloop
  endfacet
  facet normal 0.798906 0.0523584 0.599173
    outer loop
      vertex 7.15 25 9.4
      vertex 6.7061 24.907 10
      vertex 7.17438 24.628 9.4
    endloop
  endfacet
  facet normal 0.718069 0.354074 0.599173
    outer loop
      vertex 7.1009 23.4336 10
      vertex 7.53183 23.575 9.4
      vertex 7.36694 23.9094 9.4
    endloop
  endfacet
  facet normal 0.718077 0.354057 0.599174
    outer loop
      vertex 7.53183 23.575 9.4
      vertex 7.1009 23.4336 10
      vertex 7.14212 23.35 10
    endloop
  endfacet
  facet normal 0.527936 0.601899 0.599168
    outer loop
      vertex 7.99109 22.3819 10
      vertex 8.26503 22.7389 9.4
      vertex 7.73662 22.6051 10
    endloop
  endfacet
  facet normal 0.0522746 0.798878 0.599217
    outer loop
      vertex 9.907 21.7061 10
      vertex 9.628 22.1744 9.4
      vertex 9.56926 21.7282 10
    endloop
  endfacet
  facet normal -0.665727 0.444749 0.599171
    outer loop
      vertex 12.9878 23.275 10.2
      vertex 12.4682 23.575 9.4
      vertex 12.2611 23.265 9.4
    endloop
  endfacet
  facet normal 0.798905 0.0523535 0.599174
    outer loop
      vertex 6.72823 24.5693 10
      vertex 7.17438 24.628 9.4
      vertex 6.7061 24.907 10
    endloop
  endfacet
  facet normal 0.354118 -0.718076 0.599139
    outer loop
      vertex 8.90935 27.6331 9.4
      vertex 8.73715 28.0488 10
      vertex 8.43359 27.8991 10
    endloop
  endfacet
  facet normal -0.527885 -0.601978 0.599132
    outer loop
      vertex 12.0153 27.0153 9.4
      vertex 12.2634 27.3949 10
      vertex 11.735 27.2611 9.4
    endloop
  endfacet
  facet normal -0.52752 -0.602267 0.599164
    outer loop
      vertex 12.2634 27.3949 10
      vertex 12.0153 27.0153 9.4
      vertex 12.3335 27.3335 10
    endloop
  endfacet
  facet normal -0.665727 -0.444749 0.599171
    outer loop
      vertex 12.4682 26.425 9.4
      vertex 12.9878 26.725 10.2
      vertex 12.2611 26.735 9.4
    endloop
  endfacet
  facet normal -0.718029 0.354135 0.599185
    outer loop
      vertex 12.9878 23.275 10.2
      vertex 13.1874 23.6797 10.2
      vertex 12.6331 23.9094 9.4
    endloop
  endfacet
  facet normal 0.257377 0.758149 0.599138
    outer loop
      vertex 9.05764 21.8424 10
      vertex 8.90935 22.3669 9.4
      vertex 8.73715 21.9512 10
    endloop
  endfacet
  facet normal -0.052401 0.798901 0.599176
    outer loop
      vertex 10 22.15 9.4
      vertex 10.093 21.7061 10
      vertex 10.372 22.1744 9.4
    endloop
  endfacet
  facet normal -0.052401 0.798901 0.599176
    outer loop
      vertex 10.093 21.7061 10
      vertex 10 22.15 9.4
      vertex 10 21.7 10
    endloop
  endfacet
  facet normal 0.785216 -0.15627 0.599179
    outer loop
      vertex 6.79426 25.7627 10
      vertex 7.24711 25.7376 9.4
      vertex 6.81245 25.8541 10
    endloop
  endfacet
  facet normal 0.785225 -0.156207 0.599183
    outer loop
      vertex 7.24711 25.7376 9.4
      vertex 6.79426 25.7627 10
      vertex 7.17438 25.372 9.4
    endloop
  endfacet
  facet normal 0.785241 0.156173 0.599171
    outer loop
      vertex 6.79426 24.2373 10
      vertex 7.17438 24.628 9.4
      vertex 6.72823 24.5693 10
    endloop
  endfacet
  facet normal -0.798889 -0.0523367 0.599197
    outer loop
      vertex 13.45 25 10.2
      vertex 13.4205 25.4503 10.2
      vertex 12.8256 25.372 9.4
    endloop
  endfacet
  facet normal -0.156327 -0.785183 0.599208
    outer loop
      vertex 10.7627 28.2057 10
      vertex 10.4307 28.2718 10
      vertex 10.372 27.8256 9.4
    endloop
  endfacet
  facet normal -0.798889 0.0523367 0.599197
    outer loop
      vertex 13.4205 24.5497 10.2
      vertex 13.45 25 10.2
      vertex 12.8256 24.628 9.4
    endloop
  endfacet
  facet normal 0.798905 -0.0523535 0.599174
    outer loop
      vertex 7.17438 25.372 9.4
      vertex 6.72823 25.4307 10
      vertex 6.7061 25.093 10
    endloop
  endfacet
  facet normal -0.718029 -0.354135 0.599185
    outer loop
      vertex 13.1874 26.3203 10.2
      vertex 12.9878 26.725 10.2
      vertex 12.6331 26.0906 9.4
    endloop
  endfacet
  facet normal -0.602033 -0.527802 0.599151
    outer loop
      vertex 12.5278 27.1119 10
      vertex 12.2611 26.735 9.4
      vertex 12.7371 27.1002 10.2
    endloop
  endfacet
  facet normal -0.60186 -0.527968 0.599178
    outer loop
      vertex 12.2611 26.735 9.4
      vertex 12.5278 27.1119 10
      vertex 12.3949 27.2634 10
    endloop
  endfacet
  facet normal -0.601974 -0.527948 0.599081
    outer loop
      vertex 12.6722 27.1742 10.2
      vertex 12.5278 27.1119 10
      vertex 12.7371 27.1002 10.2
    endloop
  endfacet
  facet normal -0.0522808 -0.798879 0.599215
    outer loop
      vertex 10.372 27.8256 9.4
      vertex 10.4307 28.2718 10
      vertex 10.093 28.2939 10
    endloop
  endfacet
  facet normal -0.527911 0.601941 0.599147
    outer loop
      vertex 12.0089 22.3819 10
      vertex 12.2634 22.6051 10
      vertex 11.735 22.7389 9.4
    endloop
  endfacet
  facet normal -0.527911 -0.601941 0.599147
    outer loop
      vertex 12.2634 27.3949 10
      vertex 12.0089 27.6181 10
      vertex 11.735 27.2611 9.4
    endloop
  endfacet
  facet normal 0.785241 -0.156173 0.599171
    outer loop
      vertex 7.17438 25.372 9.4
      vertex 6.79426 25.7627 10
      vertex 6.72823 25.4307 10
    endloop
  endfacet
  facet normal 0.444971 -0.665653 0.599088
    outer loop
      vertex 8.26503 27.2611 9.4
      vertex 8.35 27.8579 10
      vertex 8.27251 27.8061 10
    endloop
  endfacet
  facet normal 0.444779 -0.665708 0.59917
    outer loop
      vertex 8.35 27.8579 10
      vertex 8.26503 27.2611 9.4
      vertex 8.575 27.4682 9.4
    endloop
  endfacet
  facet normal -0.758175 0.257219 0.599174
    outer loop
      vertex 13.1874 23.6797 10.2
      vertex 13.3324 24.1071 10.2
      vertex 12.6331 23.9094 9.4
    endloop
  endfacet
  facet normal -0.785268 0.156152 0.599142
    outer loop
      vertex 13.3324 24.1071 10.2
      vertex 12.8256 24.628 9.4
      vertex 12.7529 24.2624 9.4
    endloop
  endfacet
  facet normal -0.798901 0.052401 0.599176
    outer loop
      vertex 13.45 25 10.2
      vertex 12.85 25 9.4
      vertex 12.8256 24.628 9.4
    endloop
  endfacet
  facet normal 0.60195 0.527882 0.599163
    outer loop
      vertex 7.6051 22.7366 10
      vertex 7.98475 22.9847 9.4
      vertex 7.73894 23.265 9.4
    endloop
  endfacet
  facet normal 0.602048 0.527758 0.599174
    outer loop
      vertex 7.98475 22.9847 9.4
      vertex 7.6051 22.7366 10
      vertex 7.66655 22.6665 10
    endloop
  endfacet
  facet normal -0.758175 -0.257219 0.599174
    outer loop
      vertex 13.3324 25.8929 10.2
      vertex 13.1874 26.3203 10.2
      vertex 12.6331 26.0906 9.4
    endloop
  endfacet
  facet normal -0.444749 -0.665727 0.599171
    outer loop
      vertex 11.735 27.2611 9.4
      vertex 11.65 27.8579 10
      vertex 11.425 27.4682 9.4
    endloop
  endfacet
  facet normal -0.444929 -0.665676 0.599094
    outer loop
      vertex 11.65 27.8579 10
      vertex 11.735 27.2611 9.4
      vertex 11.7275 27.8061 10
    endloop
  endfacet
  facet normal -0.785201 0.156295 0.599192
    outer loop
      vertex 13.3324 24.1071 10.2
      vertex 13.4205 24.5497 10.2
      vertex 12.8256 24.628 9.4
    endloop
  endfacet
  facet normal 0.75811 -0.257355 0.599198
    outer loop
      vertex 7.36694 26.0906 9.4
      vertex 6.9512 26.2629 10
      vertex 6.8424 25.9424 10
    endloop
  endfacet
  facet normal 0.353956 -0.718136 0.599163
    outer loop
      vertex 8.575 27.4682 9.4
      vertex 8.43359 27.8991 10
      vertex 8.35 27.8579 10
    endloop
  endfacet
  facet normal 0.354142 -0.718056 0.599149
    outer loop
      vertex 8.43359 27.8991 10
      vertex 8.575 27.4682 9.4
      vertex 8.90935 27.6331 9.4
    endloop
  endfacet
  facet normal -0.665706 -0.444809 0.59915
    outer loop
      vertex 12.9878 26.725 10.2
      vertex 12.7371 27.1002 10.2
      vertex 12.2611 26.735 9.4
    endloop
  endfacet
  facet normal 0.052401 -0.798901 0.599176
    outer loop
      vertex 10 27.85 9.4
      vertex 9.907 28.2939 10
      vertex 9.628 27.8256 9.4
    endloop
  endfacet
  facet normal 0.052401 -0.798901 0.599176
    outer loop
      vertex 9.907 28.2939 10
      vertex 10 27.85 9.4
      vertex 10 28.3 10
    endloop
  endfacet
  facet normal 0.601972 -0.527867 0.599155
    outer loop
      vertex 7.73894 26.735 9.4
      vertex 7.6051 27.2634 10
      vertex 7.38193 27.0089 10
    endloop
  endfacet
  facet normal -0.718064 0.354093 0.599168
    outer loop
      vertex 12.9878 23.275 10.2
      vertex 12.6331 23.9094 9.4
      vertex 12.4682 23.575 9.4
    endloop
  endfacet
  facet normal 0.155509 -0.785364 0.599183
    outer loop
      vertex 9.26237 27.7529 9.4
      vertex 9.23731 28.2057 10
      vertex 9.1459 28.1876 10
    endloop
  endfacet
  facet normal 0.156139 -0.785272 0.59914
    outer loop
      vertex 9.23731 28.2057 10
      vertex 9.26237 27.7529 9.4
      vertex 9.628 27.8256 9.4
    endloop
  endfacet
  facet normal -0.257544 -0.758039 0.599206
    outer loop
      vertex 10.7376 27.7529 9.4
      vertex 10.9424 28.1576 10
      vertex 10.8541 28.1876 10
    endloop
  endfacet
  facet normal -0.257295 -0.758138 0.599188
    outer loop
      vertex 10.9424 28.1576 10
      vertex 10.7376 27.7529 9.4
      vertex 11.0906 27.6331 9.4
    endloop
  endfacet
  facet normal -0.444929 0.665676 0.599094
    outer loop
      vertex 11.735 22.7389 9.4
      vertex 11.65 22.1421 10
      vertex 11.7275 22.1939 10
    endloop
  endfacet
  facet normal -0.444749 0.665727 0.599171
    outer loop
      vertex 11.65 22.1421 10
      vertex 11.735 22.7389 9.4
      vertex 11.425 22.5318 9.4
    endloop
  endfacet
  facet normal -0.602267 -0.52752 0.599164
    outer loop
      vertex 12.0153 27.0153 9.4
      vertex 12.3949 27.2634 10
      vertex 12.3335 27.3335 10
    endloop
  endfacet
  facet normal -0.601978 -0.527885 0.599132
    outer loop
      vertex 12.3949 27.2634 10
      vertex 12.0153 27.0153 9.4
      vertex 12.2611 26.735 9.4
    endloop
  endfacet
  facet normal -0.052401 -0.798901 0.599176
    outer loop
      vertex 10 27.85 9.4
      vertex 10.093 28.2939 10
      vertex 10 28.3 10
    endloop
  endfacet
  facet normal -0.052401 -0.798901 0.599176
    outer loop
      vertex 10.093 28.2939 10
      vertex 10 27.85 9.4
      vertex 10.372 27.8256 9.4
    endloop
  endfacet
  facet normal 0.354142 0.718056 0.599149
    outer loop
      vertex 8.575 22.5318 9.4
      vertex 8.43359 22.1009 10
      vertex 8.90935 22.3669 9.4
    endloop
  endfacet
  facet normal 0.353956 0.718136 0.599163
    outer loop
      vertex 8.43359 22.1009 10
      vertex 8.575 22.5318 9.4
      vertex 8.35 22.1421 10
    endloop
  endfacet
  facet normal -0.444769 0.665734 0.599149
    outer loop
      vertex 12.0089 22.3819 10
      vertex 11.735 22.7389 9.4
      vertex 11.7275 22.1939 10
    endloop
  endfacet
  facet normal -0.0522808 0.798879 0.599215
    outer loop
      vertex 10.4307 21.7282 10
      vertex 10.372 22.1744 9.4
      vertex 10.093 21.7061 10
    endloop
  endfacet
  facet normal -0.3541 -0.718077 0.599148
    outer loop
      vertex 11.425 27.4682 9.4
      vertex 11.5664 27.8991 10
      vertex 11.0906 27.6331 9.4
    endloop
  endfacet
  facet normal -0.353922 -0.718153 0.599162
    outer loop
      vertex 11.5664 27.8991 10
      vertex 11.425 27.4682 9.4
      vertex 11.65 27.8579 10
    endloop
  endfacet
  facet normal -0.156151 -0.785265 0.599146
    outer loop
      vertex 10.7376 27.7529 9.4
      vertex 10.7627 28.2057 10
      vertex 10.372 27.8256 9.4
    endloop
  endfacet
  facet normal -0.155525 -0.785357 0.599189
    outer loop
      vertex 10.7627 28.2057 10
      vertex 10.7376 27.7529 9.4
      vertex 10.8541 28.1876 10
    endloop
  endfacet
  facet normal -0.444769 -0.665734 0.599149
    outer loop
      vertex 11.735 27.2611 9.4
      vertex 12.0089 27.6181 10
      vertex 11.7275 27.8061 10
    endloop
  endfacet
  facet normal -0.353922 0.718153 0.599162
    outer loop
      vertex 11.425 22.5318 9.4
      vertex 11.5664 22.1009 10
      vertex 11.65 22.1421 10
    endloop
  endfacet
  facet normal -0.3541 0.718077 0.599148
    outer loop
      vertex 11.5664 22.1009 10
      vertex 11.425 22.5318 9.4
      vertex 11.0906 22.3669 9.4
    endloop
  endfacet
  facet normal -0.758167 0.257304 0.599147
    outer loop
      vertex 13.3324 24.1071 10.2
      vertex 12.7529 24.2624 9.4
      vertex 12.6331 23.9094 9.4
    endloop
  endfacet
  facet normal 0.718077 -0.354057 0.599174
    outer loop
      vertex 7.1009 26.5664 10
      vertex 7.53183 26.425 9.4
      vertex 7.14212 26.65 10
    endloop
  endfacet
  facet normal 0.718069 -0.354074 0.599173
    outer loop
      vertex 7.53183 26.425 9.4
      vertex 7.1009 26.5664 10
      vertex 7.36694 26.0906 9.4
    endloop
  endfacet
  facet normal -0.718064 -0.354093 0.599168
    outer loop
      vertex 12.6331 26.0906 9.4
      vertex 12.9878 26.725 10.2
      vertex 12.4682 26.425 9.4
    endloop
  endfacet
  facet normal -0.785201 -0.156295 0.599192
    outer loop
      vertex 13.4205 25.4503 10.2
      vertex 13.3324 25.8929 10.2
      vertex 12.8256 25.372 9.4
    endloop
  endfacet
  facet normal 0.665695 0.444814 0.599158
    outer loop
      vertex 7.38193 22.9911 10
      vertex 7.73894 23.265 9.4
      vertex 7.1939 23.2725 10
    endloop
  endfacet
  facet normal 0.527899 0.601951 0.599147
    outer loop
      vertex 7.98475 22.9847 9.4
      vertex 7.73662 22.6051 10
      vertex 8.26503 22.7389 9.4
    endloop
  endfacet
  facet normal 0.527645 0.602152 0.599169
    outer loop
      vertex 7.73662 22.6051 10
      vertex 7.98475 22.9847 9.4
      vertex 7.66655 22.6665 10
    endloop
  endfacet
  facet normal -0.665706 0.444809 0.59915
    outer loop
      vertex 12.7371 22.8998 10.2
      vertex 12.9878 23.275 10.2
      vertex 12.2611 23.265 9.4
    endloop
  endfacet
  facet normal 0.758184 -0.257164 0.599186
    outer loop
      vertex 7.24711 25.7376 9.4
      vertex 6.8424 25.9424 10
      vertex 6.81245 25.8541 10
    endloop
  endfacet
  facet normal 0.75811 -0.257349 0.5992
    outer loop
      vertex 6.8424 25.9424 10
      vertex 7.24711 25.7376 9.4
      vertex 7.36694 26.0906 9.4
    endloop
  endfacet
  facet normal 0 0 -1
    outer loop
      vertex 12.85 25 10.2
      vertex 13.45 25 10.2
      vertex 13.4205 24.5497 10.2
    endloop
  endfacet
  facet normal 0 0 -1
    outer loop
      vertex 12.8256 24.628 10.2
      vertex 13.4205 24.5497 10.2
      vertex 13.3324 24.1071 10.2
    endloop
  endfacet
  facet normal 0 0 -1
    outer loop
      vertex 13.45 25 10.2
      vertex 12.85 25 10.2
      vertex 13.4205 25.4503 10.2
    endloop
  endfacet
  facet normal 0 0 -1
    outer loop
      vertex 12.6722 24.0247 10.2
      vertex 13.3324 24.1071 10.2
      vertex 13.1874 23.6797 10.2
    endloop
  endfacet
  facet normal 0 0 -1
    outer loop
      vertex 12.8256 25.372 10.2
      vertex 13.4205 25.4503 10.2
      vertex 12.85 25 10.2
    endloop
  endfacet
  facet normal 0 0 -1
    outer loop
      vertex 12.6722 24.0247 10.2
      vertex 13.1874 23.6797 10.2
      vertex 12.9878 23.275 10.2
    endloop
  endfacet
  facet normal -0 0 -1
    outer loop
      vertex 13.4205 25.4503 10.2
      vertex 12.8256 25.372 10.2
      vertex 13.3324 25.8929 10.2
    endloop
  endfacet
  facet normal 0 0 -1
    outer loop
      vertex 12.7529 25.7376 10.2
      vertex 13.3324 25.8929 10.2
      vertex 12.8256 25.372 10.2
    endloop
  endfacet
  facet normal 0 0 -1
    outer loop
      vertex 13.4205 24.5497 10.2
      vertex 12.8256 24.628 10.2
      vertex 12.85 25 10.2
    endloop
  endfacet
  facet normal 0 0 -1
    outer loop
      vertex 13.3324 24.1071 10.2
      vertex 12.7529 24.2624 10.2
      vertex 12.8256 24.628 10.2
    endloop
  endfacet
  facet normal 0 0 -1
    outer loop
      vertex 12.6722 24.0247 10.2
      vertex 12.9878 23.275 10.2
      vertex 12.7371 22.8998 10.2
    endloop
  endfacet
  facet normal 0 0 -1
    outer loop
      vertex 12.6722 24.0247 10.2
      vertex 12.7371 22.8998 10.2
      vertex 12.6722 22.8258 10.2
    endloop
  endfacet
  facet normal -0 0 -1
    outer loop
      vertex 13.3324 24.1071 10.2
      vertex 12.6722 24.0247 10.2
      vertex 12.7529 24.2624 10.2
    endloop
  endfacet
  facet normal 0 0 -1
    outer loop
      vertex 12.6722 25.9753 10.2
      vertex 13.3324 25.8929 10.2
      vertex 12.7529 25.7376 10.2
    endloop
  endfacet
  facet normal 0 0 -1
    outer loop
      vertex 13.3324 25.8929 10.2
      vertex 12.6722 25.9753 10.2
      vertex 13.1874 26.3203 10.2
    endloop
  endfacet
  facet normal -0 0 -1
    outer loop
      vertex 13.1874 26.3203 10.2
      vertex 12.6722 25.9753 10.2
      vertex 12.9878 26.725 10.2
    endloop
  endfacet
  facet normal -0 0 -1
    outer loop
      vertex 12.9878 26.725 10.2
      vertex 12.6722 25.9753 10.2
      vertex 12.7371 27.1002 10.2
    endloop
  endfacet
  facet normal -0 0 -1
    outer loop
      vertex 12.7371 27.1002 10.2
      vertex 12.6722 25.9753 10.2
      vertex 12.6722 27.1742 10.2
    endloop
  endfacet
  facet normal 0.527936 -0.601899 0.599168
    outer loop
      vertex 8.26503 27.2611 9.4
      vertex 7.99109 27.6181 10
      vertex 7.73662 27.3949 10
    endloop
  endfacet
  facet normal 0.444739 0.665737 0.599167
    outer loop
      vertex 8.27251 22.1939 10
      vertex 8.26503 22.7389 9.4
      vertex 7.99109 22.3819 10
    endloop
  endfacet
  facet normal 0.444739 -0.665737 0.599167
    outer loop
      vertex 8.26503 27.2611 9.4
      vertex 8.27251 27.8061 10
      vertex 7.99109 27.6181 10
    endloop
  endfacet
  facet normal 0.0522746 -0.798878 0.599217
    outer loop
      vertex 9.628 27.8256 9.4
      vertex 9.907 28.2939 10
      vertex 9.56926 28.2718 10
    endloop
  endfacet
  facet normal -0.354162 0.718024 0.599175
    outer loop
      vertex 11.2629 21.9512 10
      vertex 11.5664 22.1009 10
      vertex 11.0906 22.3669 9.4
    endloop
  endfacet
  facet normal 0.052401 0.798901 0.599176
    outer loop
      vertex 10 22.15 9.4
      vertex 9.907 21.7061 10
      vertex 10 21.7 10
    endloop
  endfacet
  facet normal 0.052401 0.798901 0.599176
    outer loop
      vertex 9.907 21.7061 10
      vertex 10 22.15 9.4
      vertex 9.628 22.1744 9.4
    endloop
  endfacet
  facet normal -0.602033 0.527802 0.599151
    outer loop
      vertex 12.2611 23.265 9.4
      vertex 12.5278 22.8881 10
      vertex 12.7371 22.8998 10.2
    endloop
  endfacet
  facet normal -0.60186 0.527968 0.599178
    outer loop
      vertex 12.5278 22.8881 10
      vertex 12.2611 23.265 9.4
      vertex 12.3949 22.7366 10
    endloop
  endfacet
  facet normal -0.601974 0.527948 0.599081
    outer loop
      vertex 12.7371 22.8998 10.2
      vertex 12.5278 22.8881 10
      vertex 12.6722 22.8258 10.2
    endloop
  endfacet
  facet normal -0.52752 0.602267 0.599164
    outer loop
      vertex 12.0153 22.9847 9.4
      vertex 12.2634 22.6051 10
      vertex 12.3335 22.6665 10
    endloop
  endfacet
  facet normal -0.527885 0.601978 0.599132
    outer loop
      vertex 12.2634 22.6051 10
      vertex 12.0153 22.9847 9.4
      vertex 11.735 22.7389 9.4
    endloop
  endfacet
  facet normal -0.758167 -0.257304 0.599147
    outer loop
      vertex 12.7529 25.7376 9.4
      vertex 13.3324 25.8929 10.2
      vertex 12.6331 26.0906 9.4
    endloop
  endfacet
  facet normal -0.785268 -0.156152 0.599142
    outer loop
      vertex 12.8256 25.372 9.4
      vertex 13.3324 25.8929 10.2
      vertex 12.7529 25.7376 9.4
    endloop
  endfacet
  facet normal 0.444779 0.665708 0.59917
    outer loop
      vertex 8.26503 22.7389 9.4
      vertex 8.35 22.1421 10
      vertex 8.575 22.5318 9.4
    endloop
  endfacet
  facet normal 0.444971 0.665653 0.599088
    outer loop
      vertex 8.35 22.1421 10
      vertex 8.26503 22.7389 9.4
      vertex 8.27251 22.1939 10
    endloop
  endfacet
  facet normal 0.527645 -0.602152 0.599169
    outer loop
      vertex 7.98475 27.0153 9.4
      vertex 7.73662 27.3949 10
      vertex 7.66655 27.3335 10
    endloop
  endfacet
  facet normal 0.527899 -0.601951 0.599147
    outer loop
      vertex 7.73662 27.3949 10
      vertex 7.98475 27.0153 9.4
      vertex 8.26503 27.2611 9.4
    endloop
  endfacet
  facet normal 0.718004 0.354152 0.599205
    outer loop
      vertex 7.1009 23.4336 10
      vertex 7.36694 23.9094 9.4
      vertex 6.9512 23.7371 10
    endloop
  endfacet
  facet normal 0.75811 0.257355 0.599198
    outer loop
      vertex 6.9512 23.7371 10
      vertex 7.36694 23.9094 9.4
      vertex 6.8424 24.0576 10
    endloop
  endfacet
  facet normal -0.155525 0.785357 0.599189
    outer loop
      vertex 10.7376 22.2471 9.4
      vertex 10.7627 21.7943 10
      vertex 10.8541 21.8124 10
    endloop
  endfacet
  facet normal -0.156151 0.785265 0.599146
    outer loop
      vertex 10.7627 21.7943 10
      vertex 10.7376 22.2471 9.4
      vertex 10.372 22.1744 9.4
    endloop
  endfacet
  facet normal 0.665708 -0.444779 0.59917
    outer loop
      vertex 7.14212 26.65 10
      vertex 7.73894 26.735 9.4
      vertex 7.1939 26.7275 10
    endloop
  endfacet
  facet normal 0.665713 -0.444761 0.599177
    outer loop
      vertex 7.73894 26.735 9.4
      vertex 7.14212 26.65 10
      vertex 7.53183 26.425 9.4
    endloop
  endfacet
  facet normal 0.665695 -0.444814 0.599158
    outer loop
      vertex 7.73894 26.735 9.4
      vertex 7.38193 27.0089 10
      vertex 7.1939 26.7275 10
    endloop
  endfacet
  facet normal -0.257363 0.758133 0.599166
    outer loop
      vertex 11.2629 21.9512 10
      vertex 11.0906 22.3669 9.4
      vertex 10.9424 21.8424 10
    endloop
  endfacet
  facet normal 0.257652 0.758012 0.599194
    outer loop
      vertex 9.26237 22.2471 9.4
      vertex 9.05764 21.8424 10
      vertex 9.1459 21.8124 10
    endloop
  endfacet
  facet normal 0.257286 0.758157 0.599167
    outer loop
      vertex 9.05764 21.8424 10
      vertex 9.26237 22.2471 9.4
      vertex 8.90935 22.3669 9.4
    endloop
  endfacet
  facet normal 0.601972 0.527867 0.599155
    outer loop
      vertex 7.6051 22.7366 10
      vertex 7.73894 23.265 9.4
      vertex 7.38193 22.9911 10
    endloop
  endfacet
  facet normal 0.257286 -0.758157 0.599167
    outer loop
      vertex 9.26237 27.7529 9.4
      vertex 9.05764 28.1576 10
      vertex 8.90935 27.6331 9.4
    endloop
  endfacet
  facet normal 0.257652 -0.758012 0.599194
    outer loop
      vertex 9.05764 28.1576 10
      vertex 9.26237 27.7529 9.4
      vertex 9.1459 28.1876 10
    endloop
  endfacet
  facet normal 0.156349 -0.785174 0.599214
    outer loop
      vertex 9.628 27.8256 9.4
      vertex 9.56926 28.2718 10
      vertex 9.23731 28.2057 10
    endloop
  endfacet
  facet normal 0.257377 -0.758149 0.599138
    outer loop
      vertex 8.90935 27.6331 9.4
      vertex 9.05764 28.1576 10
      vertex 8.73715 28.0488 10
    endloop
  endfacet
  facet normal 0.785225 0.156207 0.599183
    outer loop
      vertex 6.79426 24.2373 10
      vertex 7.24711 24.2624 9.4
      vertex 7.17438 24.628 9.4
    endloop
  endfacet
  facet normal 0.785216 0.15627 0.599179
    outer loop
      vertex 7.24711 24.2624 9.4
      vertex 6.79426 24.2373 10
      vertex 6.81245 24.1459 10
    endloop
  endfacet
  facet normal 0.758184 0.257164 0.599186
    outer loop
      vertex 6.8424 24.0576 10
      vertex 7.24711 24.2624 9.4
      vertex 6.81245 24.1459 10
    endloop
  endfacet
  facet normal 0.75811 0.257349 0.5992
    outer loop
      vertex 7.24711 24.2624 9.4
      vertex 6.8424 24.0576 10
      vertex 7.36694 23.9094 9.4
    endloop
  endfacet
  facet normal 0.156139 0.785272 0.59914
    outer loop
      vertex 9.26237 22.2471 9.4
      vertex 9.23731 21.7943 10
      vertex 9.628 22.1744 9.4
    endloop
  endfacet
  facet normal 0.155509 0.785364 0.599183
    outer loop
      vertex 9.23731 21.7943 10
      vertex 9.26237 22.2471 9.4
      vertex 9.1459 21.8124 10
    endloop
  endfacet
  facet normal 0.896881 0.442272 0
    outer loop
      vertex 47.0318 23.575 9.4
      vertex 46.8669 23.9094 1.5
      vertex 46.8669 23.9094 9.4
    endloop
  endfacet
  facet normal 0.896881 0.442272 0
    outer loop
      vertex 46.8669 23.9094 1.5
      vertex 47.0318 23.575 9.4
      vertex 47.0318 23.575 1.5
    endloop
  endfacet
  facet normal -0.442272 0.896881 0
    outer loop
      vertex 50.925 22.5318 1.5
      vertex 50.5906 22.3669 9.4
      vertex 50.925 22.5318 9.4
    endloop
  endfacet
  facet normal -0.442272 0.896881 0
    outer loop
      vertex 50.5906 22.3669 9.4
      vertex 50.925 22.5318 1.5
      vertex 50.5906 22.3669 1.5
    endloop
  endfacet
  facet normal -0.980797 -0.195033 0
    outer loop
      vertex 52.3256 25.372 1.5
      vertex 52.2529 25.7376 9.4
      vertex 52.2529 25.7376 1.5
    endloop
  endfacet
  facet normal -0.980797 -0.195033 0
    outer loop
      vertex 52.2529 25.7376 9.4
      vertex 52.3256 25.372 1.5
      vertex 52.3256 25.372 9.4
    endloop
  endfacet
  facet normal -0.997856 -0.0654508 0
    outer loop
      vertex 52.35 25 1.5
      vertex 52.3256 25.372 9.4
      vertex 52.3256 25.372 1.5
    endloop
  endfacet
  facet normal -0.997856 -0.0654508 0
    outer loop
      vertex 52.3256 25.372 9.4
      vertex 52.35 25 1.5
      vertex 52.35 25 9.4
    endloop
  endfacet
  facet normal -0.946952 -0.321374 0
    outer loop
      vertex 52.2529 25.7376 1.5
      vertex 52.1331 26.0906 9.4
      vertex 52.1331 26.0906 1.5
    endloop
  endfacet
  facet normal -0.946952 -0.321374 0
    outer loop
      vertex 52.1331 26.0906 9.4
      vertex 52.2529 25.7376 1.5
      vertex 52.2529 25.7376 9.4
    endloop
  endfacet
  facet normal -0.751862 0.659321 0
    outer loop
      vertex 51.5153 22.9847 1.5
      vertex 51.7611 23.265 9.4
      vertex 51.7611 23.265 1.5
    endloop
  endfacet
  facet normal -0.751862 0.659321 0
    outer loop
      vertex 51.7611 23.265 9.4
      vertex 51.5153 22.9847 1.5
      vertex 51.5153 22.9847 9.4
    endloop
  endfacet
  facet normal 0.555505 -0.831513 0
    outer loop
      vertex 47.765 27.2611 1.5
      vertex 48.075 27.4682 9.4
      vertex 47.765 27.2611 9.4
    endloop
  endfacet
  facet normal 0.555505 -0.831513 0
    outer loop
      vertex 48.075 27.4682 9.4
      vertex 47.765 27.2611 1.5
      vertex 48.075 27.4682 1.5
    endloop
  endfacet
  facet normal -0.321374 -0.946952 0
    outer loop
      vertex 50.2376 27.7529 1.5
      vertex 50.5906 27.6331 9.4
      vertex 50.2376 27.7529 9.4
    endloop
  endfacet
  facet normal -0.321374 -0.946952 -0
    outer loop
      vertex 50.5906 27.6331 9.4
      vertex 50.2376 27.7529 1.5
      vertex 50.5906 27.6331 1.5
    endloop
  endfacet
  facet normal -0.555505 -0.831513 0
    outer loop
      vertex 50.925 27.4682 1.5
      vertex 51.235 27.2611 9.4
      vertex 50.925 27.4682 9.4
    endloop
  endfacet
  facet normal -0.555505 -0.831513 -0
    outer loop
      vertex 51.235 27.2611 9.4
      vertex 50.925 27.4682 1.5
      vertex 51.235 27.2611 1.5
    endloop
  endfacet
  facet normal -0.321374 0.946952 0
    outer loop
      vertex 50.5906 22.3669 1.5
      vertex 50.2376 22.2471 9.4
      vertex 50.5906 22.3669 9.4
    endloop
  endfacet
  facet normal -0.321374 0.946952 0
    outer loop
      vertex 50.2376 22.2471 9.4
      vertex 50.5906 22.3669 1.5
      vertex 50.2376 22.2471 1.5
    endloop
  endfacet
  facet normal -0.896881 -0.442272 0
    outer loop
      vertex 52.1331 26.0906 1.5
      vertex 51.9682 26.425 9.4
      vertex 51.9682 26.425 1.5
    endloop
  endfacet
  facet normal -0.896881 -0.442272 0
    outer loop
      vertex 51.9682 26.425 9.4
      vertex 52.1331 26.0906 1.5
      vertex 52.1331 26.0906 9.4
    endloop
  endfacet
  facet normal 0.195033 -0.980797 0
    outer loop
      vertex 48.7624 27.7529 1.5
      vertex 49.128 27.8256 9.4
      vertex 48.7624 27.7529 9.4
    endloop
  endfacet
  facet normal 0.195033 -0.980797 0
    outer loop
      vertex 49.128 27.8256 9.4
      vertex 48.7624 27.7529 1.5
      vertex 49.128 27.8256 1.5
    endloop
  endfacet
  facet normal -0.946952 0.321374 0
    outer loop
      vertex 52.1331 23.9094 1.5
      vertex 52.2529 24.2624 9.4
      vertex 52.2529 24.2624 1.5
    endloop
  endfacet
  facet normal -0.946952 0.321374 0
    outer loop
      vertex 52.2529 24.2624 9.4
      vertex 52.1331 23.9094 1.5
      vertex 52.1331 23.9094 9.4
    endloop
  endfacet
  facet normal 0.555505 0.831513 -0
    outer loop
      vertex 48.075 22.5318 1.5
      vertex 47.765 22.7389 9.4
      vertex 48.075 22.5318 9.4
    endloop
  endfacet
  facet normal 0.555505 0.831513 0
    outer loop
      vertex 47.765 22.7389 9.4
      vertex 48.075 22.5318 1.5
      vertex 47.765 22.7389 1.5
    endloop
  endfacet
  facet normal 0.659321 -0.751862 0
    outer loop
      vertex 47.4847 27.0153 1.5
      vertex 47.765 27.2611 9.4
      vertex 47.4847 27.0153 9.4
    endloop
  endfacet
  facet normal 0.659321 -0.751862 0
    outer loop
      vertex 47.765 27.2611 9.4
      vertex 47.4847 27.0153 1.5
      vertex 47.765 27.2611 1.5
    endloop
  endfacet
  facet normal 0.980797 -0.195033 0
    outer loop
      vertex 46.6744 25.372 9.4
      vertex 46.7471 25.7376 1.5
      vertex 46.7471 25.7376 9.4
    endloop
  endfacet
  facet normal 0.980797 -0.195033 0
    outer loop
      vertex 46.7471 25.7376 1.5
      vertex 46.6744 25.372 9.4
      vertex 46.6744 25.372 1.5
    endloop
  endfacet
  facet normal 0.980797 -0.195033 0
    outer loop
      vertex 46.6744 25.372 10.2
      vertex 46.7471 25.7376 10.3117
      vertex 46.6744 25.372 10.4124
    endloop
  endfacet
  facet normal 0.980797 -0.195033 0
    outer loop
      vertex 46.7471 25.7376 10.3117
      vertex 46.6744 25.372 10.2
      vertex 46.7471 25.7376 10.2
    endloop
  endfacet
  facet normal 0.321374 -0.946952 0
    outer loop
      vertex 48.4094 27.6331 1.5
      vertex 48.7624 27.7529 9.4
      vertex 48.4094 27.6331 9.4
    endloop
  endfacet
  facet normal 0.321374 -0.946952 0
    outer loop
      vertex 48.7624 27.7529 9.4
      vertex 48.4094 27.6331 1.5
      vertex 48.7624 27.7529 1.5
    endloop
  endfacet
  facet normal -0.659321 0.751862 0
    outer loop
      vertex 51.5153 22.9847 1.5
      vertex 51.235 22.7389 9.4
      vertex 51.5153 22.9847 9.4
    endloop
  endfacet
  facet normal -0.659321 0.751862 0
    outer loop
      vertex 51.235 22.7389 9.4
      vertex 51.5153 22.9847 1.5
      vertex 51.235 22.7389 1.5
    endloop
  endfacet
  facet normal -0.831513 -0.555505 0
    outer loop
      vertex 51.9682 26.425 1.5
      vertex 51.7611 26.735 9.4
      vertex 51.7611 26.735 1.5
    endloop
  endfacet
  facet normal -0.831513 -0.555505 0
    outer loop
      vertex 51.7611 26.735 9.4
      vertex 51.9682 26.425 1.5
      vertex 51.9682 26.425 9.4
    endloop
  endfacet
  facet normal -0.195033 0.980797 0
    outer loop
      vertex 50.2376 22.2471 1.5
      vertex 49.872 22.1744 9.4
      vertex 50.2376 22.2471 9.4
    endloop
  endfacet
  facet normal -0.195033 0.980797 0
    outer loop
      vertex 49.872 22.1744 9.4
      vertex 50.2376 22.2471 1.5
      vertex 49.872 22.1744 1.5
    endloop
  endfacet
  facet normal 0.980797 0.195033 0
    outer loop
      vertex 46.7471 24.2624 9.4
      vertex 46.6744 24.628 1.5
      vertex 46.6744 24.628 9.4
    endloop
  endfacet
  facet normal 0.980797 0.195033 0
    outer loop
      vertex 46.6744 24.628 1.5
      vertex 46.7471 24.2624 9.4
      vertex 46.7471 24.2624 1.5
    endloop
  endfacet
  facet normal 0.980797 0.195033 0
    outer loop
      vertex 46.7471 24.2624 10.3117
      vertex 46.6744 24.628 10.2
      vertex 46.6744 24.628 10.4124
    endloop
  endfacet
  facet normal 0.980797 0.195033 0
    outer loop
      vertex 46.6744 24.628 10.2
      vertex 46.7471 24.2624 10.3117
      vertex 46.7471 24.2624 10.2
    endloop
  endfacet
  facet normal -0.659321 -0.751862 0
    outer loop
      vertex 51.235 27.2611 1.5
      vertex 51.5153 27.0153 9.4
      vertex 51.235 27.2611 9.4
    endloop
  endfacet
  facet normal -0.659321 -0.751862 -0
    outer loop
      vertex 51.5153 27.0153 9.4
      vertex 51.235 27.2611 1.5
      vertex 51.5153 27.0153 1.5
    endloop
  endfacet
  facet normal -0.997856 0.0654508 0
    outer loop
      vertex 52.3256 24.628 1.5
      vertex 52.35 25 9.4
      vertex 52.35 25 1.5
    endloop
  endfacet
  facet normal -0.997856 0.0654508 0
    outer loop
      vertex 52.35 25 9.4
      vertex 52.3256 24.628 1.5
      vertex 52.3256 24.628 9.4
    endloop
  endfacet
  facet normal -0.980797 0.195033 0
    outer loop
      vertex 52.2529 24.2624 1.5
      vertex 52.3256 24.628 9.4
      vertex 52.3256 24.628 1.5
    endloop
  endfacet
  facet normal -0.980797 0.195033 0
    outer loop
      vertex 52.3256 24.628 9.4
      vertex 52.2529 24.2624 1.5
      vertex 52.2529 24.2624 9.4
    endloop
  endfacet
  facet normal -0.555505 0.831513 0
    outer loop
      vertex 51.235 22.7389 1.5
      vertex 50.925 22.5318 9.4
      vertex 51.235 22.7389 9.4
    endloop
  endfacet
  facet normal -0.555505 0.831513 0
    outer loop
      vertex 50.925 22.5318 9.4
      vertex 51.235 22.7389 1.5
      vertex 50.925 22.5318 1.5
    endloop
  endfacet
  facet normal -0.195033 -0.980797 0
    outer loop
      vertex 49.872 27.8256 1.5
      vertex 50.2376 27.7529 9.4
      vertex 49.872 27.8256 9.4
    endloop
  endfacet
  facet normal -0.195033 -0.980797 -0
    outer loop
      vertex 50.2376 27.7529 9.4
      vertex 49.872 27.8256 1.5
      vertex 50.2376 27.7529 1.5
    endloop
  endfacet
  facet normal -0.751862 -0.659321 0
    outer loop
      vertex 51.7611 26.735 1.5
      vertex 51.5153 27.0153 9.4
      vertex 51.5153 27.0153 1.5
    endloop
  endfacet
  facet normal -0.751862 -0.659321 0
    outer loop
      vertex 51.5153 27.0153 9.4
      vertex 51.7611 26.735 1.5
      vertex 51.7611 26.735 9.4
    endloop
  endfacet
  facet normal -0.0654508 -0.997856 0
    outer loop
      vertex 49.5 27.85 1.5
      vertex 49.872 27.8256 9.4
      vertex 49.5 27.85 9.4
    endloop
  endfacet
  facet normal -0.0654508 -0.997856 -0
    outer loop
      vertex 49.872 27.8256 9.4
      vertex 49.5 27.85 1.5
      vertex 49.872 27.8256 1.5
    endloop
  endfacet
  facet normal 0.946952 -0.321374 0
    outer loop
      vertex 46.7471 25.7376 9.4
      vertex 46.8669 26.0906 1.5
      vertex 46.8669 26.0906 9.4
    endloop
  endfacet
  facet normal 0.946952 -0.321374 0
    outer loop
      vertex 46.8669 26.0906 1.5
      vertex 46.7471 25.7376 9.4
      vertex 46.7471 25.7376 1.5
    endloop
  endfacet
  facet normal 0.946916 -0.321481 0
    outer loop
      vertex 46.8278 25.9753 10.2
      vertex 46.7471 25.7376 10.3117
      vertex 46.7471 25.7376 10.2
    endloop
  endfacet
  facet normal 0.0654508 0.997856 -0
    outer loop
      vertex 49.5 22.15 1.5
      vertex 49.128 22.1744 9.4
      vertex 49.5 22.15 9.4
    endloop
  endfacet
  facet normal 0.0654508 0.997856 0
    outer loop
      vertex 49.128 22.1744 9.4
      vertex 49.5 22.15 1.5
      vertex 49.128 22.1744 1.5
    endloop
  endfacet
  facet normal -0.442272 -0.896881 0
    outer loop
      vertex 50.5906 27.6331 1.5
      vertex 50.925 27.4682 9.4
      vertex 50.5906 27.6331 9.4
    endloop
  endfacet
  facet normal -0.442272 -0.896881 -0
    outer loop
      vertex 50.925 27.4682 9.4
      vertex 50.5906 27.6331 1.5
      vertex 50.925 27.4682 1.5
    endloop
  endfacet
  facet normal 0.997856 0.0654508 0
    outer loop
      vertex 46.6744 24.628 9.4
      vertex 46.65 25 1.5
      vertex 46.65 25 9.4
    endloop
  endfacet
  facet normal 0.997856 0.0654508 0
    outer loop
      vertex 46.65 25 1.5
      vertex 46.6744 24.628 9.4
      vertex 46.6744 24.628 1.5
    endloop
  endfacet
  facet normal 0.997856 0.0654508 0
    outer loop
      vertex 46.6744 24.628 10.4124
      vertex 46.65 25 10.2
      vertex 46.65 25 10.4462
    endloop
  endfacet
  facet normal 0.997856 0.0654508 0
    outer loop
      vertex 46.65 25 10.2
      vertex 46.6744 24.628 10.4124
      vertex 46.6744 24.628 10.2
    endloop
  endfacet
  facet normal 0.659321 0.751862 -0
    outer loop
      vertex 47.765 22.7389 1.5
      vertex 47.4847 22.9847 9.4
      vertex 47.765 22.7389 9.4
    endloop
  endfacet
  facet normal 0.659321 0.751862 0
    outer loop
      vertex 47.4847 22.9847 9.4
      vertex 47.765 22.7389 1.5
      vertex 47.4847 22.9847 1.5
    endloop
  endfacet
  facet normal -0.831513 0.555505 0
    outer loop
      vertex 51.7611 23.265 1.5
      vertex 51.9682 23.575 9.4
      vertex 51.9682 23.575 1.5
    endloop
  endfacet
  facet normal -0.831513 0.555505 0
    outer loop
      vertex 51.9682 23.575 9.4
      vertex 51.7611 23.265 1.5
      vertex 51.7611 23.265 9.4
    endloop
  endfacet
  facet normal 0.751862 0.659321 0
    outer loop
      vertex 47.4847 22.9847 9.4
      vertex 47.2389 23.265 1.5
      vertex 47.2389 23.265 9.4
    endloop
  endfacet
  facet normal 0.751862 0.659321 0
    outer loop
      vertex 47.2389 23.265 1.5
      vertex 47.4847 22.9847 9.4
      vertex 47.4847 22.9847 1.5
    endloop
  endfacet
  facet normal 0.997856 -0.0654508 0
    outer loop
      vertex 46.65 25 9.4
      vertex 46.6744 25.372 1.5
      vertex 46.6744 25.372 9.4
    endloop
  endfacet
  facet normal 0.997856 -0.0654508 0
    outer loop
      vertex 46.6744 25.372 1.5
      vertex 46.65 25 9.4
      vertex 46.65 25 1.5
    endloop
  endfacet
  facet normal 0.997856 -0.0654508 0
    outer loop
      vertex 46.65 25 10.2
      vertex 46.6744 25.372 10.4124
      vertex 46.65 25 10.4462
    endloop
  endfacet
  facet normal 0.997856 -0.0654508 0
    outer loop
      vertex 46.6744 25.372 10.4124
      vertex 46.65 25 10.2
      vertex 46.6744 25.372 10.2
    endloop
  endfacet
  facet normal 0.195033 0.980797 -0
    outer loop
      vertex 49.128 22.1744 1.5
      vertex 48.7624 22.2471 9.4
      vertex 49.128 22.1744 9.4
    endloop
  endfacet
  facet normal 0.195033 0.980797 0
    outer loop
      vertex 48.7624 22.2471 9.4
      vertex 49.128 22.1744 1.5
      vertex 48.7624 22.2471 1.5
    endloop
  endfacet
  facet normal -0.0654508 0.997856 0
    outer loop
      vertex 49.872 22.1744 1.5
      vertex 49.5 22.15 9.4
      vertex 49.872 22.1744 9.4
    endloop
  endfacet
  facet normal -0.0654508 0.997856 0
    outer loop
      vertex 49.5 22.15 9.4
      vertex 49.872 22.1744 1.5
      vertex 49.5 22.15 1.5
    endloop
  endfacet
  facet normal 0.946952 0.321374 0
    outer loop
      vertex 46.8669 23.9094 9.4
      vertex 46.7471 24.2624 1.5
      vertex 46.7471 24.2624 9.4
    endloop
  endfacet
  facet normal 0.946952 0.321374 0
    outer loop
      vertex 46.7471 24.2624 1.5
      vertex 46.8669 23.9094 9.4
      vertex 46.8669 23.9094 1.5
    endloop
  endfacet
  facet normal 0.946916 0.321481 0
    outer loop
      vertex 46.7471 24.2624 10.3117
      vertex 46.8278 24.0247 10.2
      vertex 46.7471 24.2624 10.2
    endloop
  endfacet
  facet normal 0.442272 -0.896881 0
    outer loop
      vertex 48.075 27.4682 1.5
      vertex 48.4094 27.6331 9.4
      vertex 48.075 27.4682 9.4
    endloop
  endfacet
  facet normal 0.442272 -0.896881 0
    outer loop
      vertex 48.4094 27.6331 9.4
      vertex 48.075 27.4682 1.5
      vertex 48.4094 27.6331 1.5
    endloop
  endfacet
  facet normal 0.321374 0.946952 -0
    outer loop
      vertex 48.7624 22.2471 1.5
      vertex 48.4094 22.3669 9.4
      vertex 48.7624 22.2471 9.4
    endloop
  endfacet
  facet normal 0.321374 0.946952 0
    outer loop
      vertex 48.4094 22.3669 9.4
      vertex 48.7624 22.2471 1.5
      vertex 48.4094 22.3669 1.5
    endloop
  endfacet
  facet normal 0.751862 -0.659321 0
    outer loop
      vertex 47.2389 26.735 9.4
      vertex 47.4847 27.0153 1.5
      vertex 47.4847 27.0153 9.4
    endloop
  endfacet
  facet normal 0.751862 -0.659321 0
    outer loop
      vertex 47.4847 27.0153 1.5
      vertex 47.2389 26.735 9.4
      vertex 47.2389 26.735 1.5
    endloop
  endfacet
  facet normal 0.831513 0.555505 0
    outer loop
      vertex 47.2389 23.265 9.4
      vertex 47.0318 23.575 1.5
      vertex 47.0318 23.575 9.4
    endloop
  endfacet
  facet normal 0.831513 0.555505 0
    outer loop
      vertex 47.0318 23.575 1.5
      vertex 47.2389 23.265 9.4
      vertex 47.2389 23.265 1.5
    endloop
  endfacet
  facet normal 0.0654508 -0.997856 0
    outer loop
      vertex 49.128 27.8256 1.5
      vertex 49.5 27.85 9.4
      vertex 49.128 27.8256 9.4
    endloop
  endfacet
  facet normal 0.0654508 -0.997856 0
    outer loop
      vertex 49.5 27.85 9.4
      vertex 49.128 27.8256 1.5
      vertex 49.5 27.85 1.5
    endloop
  endfacet
  facet normal 0.442272 0.896881 -0
    outer loop
      vertex 48.4094 22.3669 1.5
      vertex 48.075 22.5318 9.4
      vertex 48.4094 22.3669 9.4
    endloop
  endfacet
  facet normal 0.442272 0.896881 0
    outer loop
      vertex 48.075 22.5318 9.4
      vertex 48.4094 22.3669 1.5
      vertex 48.075 22.5318 1.5
    endloop
  endfacet
  facet normal -0.896881 0.442272 0
    outer loop
      vertex 51.9682 23.575 1.5
      vertex 52.1331 23.9094 9.4
      vertex 52.1331 23.9094 1.5
    endloop
  endfacet
  facet normal -0.896881 0.442272 0
    outer loop
      vertex 52.1331 23.9094 9.4
      vertex 51.9682 23.575 1.5
      vertex 51.9682 23.575 9.4
    endloop
  endfacet
  facet normal 0 0 1
    outer loop
      vertex 51.705 25 1.5
      vertex 52.35 25 1.5
      vertex 52.3256 25.372 1.5
    endloop
  endfacet
  facet normal 0 0 1
    outer loop
      vertex 51.6861 25.2878 1.5
      vertex 52.3256 25.372 1.5
      vertex 52.2529 25.7376 1.5
    endloop
  endfacet
  facet normal 0 0 1
    outer loop
      vertex 52.35 25 1.5
      vertex 51.705 25 1.5
      vertex 52.3256 24.628 1.5
    endloop
  endfacet
  facet normal 0 0 1
    outer loop
      vertex 51.6299 25.5707 1.5
      vertex 52.2529 25.7376 1.5
      vertex 52.1331 26.0906 1.5
    endloop
  endfacet
  facet normal -0 0 1
    outer loop
      vertex 51.6861 24.7122 1.5
      vertex 52.3256 24.628 1.5
      vertex 51.705 25 1.5
    endloop
  endfacet
  facet normal 0 0 1
    outer loop
      vertex 51.5372 25.8438 1.5
      vertex 52.1331 26.0906 1.5
      vertex 51.9682 26.425 1.5
    endloop
  endfacet
  facet normal 0 0 1
    outer loop
      vertex 52.3256 24.628 1.5
      vertex 51.6861 24.7122 1.5
      vertex 52.2529 24.2624 1.5
    endloop
  endfacet
  facet normal 0 0 1
    outer loop
      vertex 51.4096 26.1025 1.5
      vertex 51.9682 26.425 1.5
      vertex 51.7611 26.735 1.5
    endloop
  endfacet
  facet normal -0 0 1
    outer loop
      vertex 51.6299 24.4293 1.5
      vertex 52.2529 24.2624 1.5
      vertex 51.6861 24.7122 1.5
    endloop
  endfacet
  facet normal 0 0 1
    outer loop
      vertex 52.2529 24.2624 1.5
      vertex 51.6299 24.4293 1.5
      vertex 52.1331 23.9094 1.5
    endloop
  endfacet
  facet normal 0 0 1
    outer loop
      vertex 52.3256 25.372 1.5
      vertex 51.6861 25.2878 1.5
      vertex 51.705 25 1.5
    endloop
  endfacet
  facet normal 0 0 1
    outer loop
      vertex 52.2529 25.7376 1.5
      vertex 51.6299 25.5707 1.5
      vertex 51.6861 25.2878 1.5
    endloop
  endfacet
  facet normal 0 0 1
    outer loop
      vertex 52.1331 26.0906 1.5
      vertex 51.5372 25.8438 1.5
      vertex 51.6299 25.5707 1.5
    endloop
  endfacet
  facet normal 0 0 1
    outer loop
      vertex 51.2493 26.3423 1.5
      vertex 51.7611 26.735 1.5
      vertex 51.5153 27.0153 1.5
    endloop
  endfacet
  facet normal 0 0 1
    outer loop
      vertex 51.9682 26.425 1.5
      vertex 51.4096 26.1025 1.5
      vertex 51.5372 25.8438 1.5
    endloop
  endfacet
  facet normal 0 0 1
    outer loop
      vertex 51.7611 26.735 1.5
      vertex 51.2493 26.3423 1.5
      vertex 51.4096 26.1025 1.5
    endloop
  endfacet
  facet normal 0 0 1
    outer loop
      vertex 51.0592 26.5592 1.5
      vertex 51.5153 27.0153 1.5
      vertex 51.235 27.2611 1.5
    endloop
  endfacet
  facet normal 0 0 1
    outer loop
      vertex 51.5153 27.0153 1.5
      vertex 51.0592 26.5592 1.5
      vertex 51.2493 26.3423 1.5
    endloop
  endfacet
  facet normal 0 0 1
    outer loop
      vertex 50.8423 26.7493 1.5
      vertex 51.235 27.2611 1.5
      vertex 50.925 27.4682 1.5
    endloop
  endfacet
  facet normal 0 0 1
    outer loop
      vertex 51.235 27.2611 1.5
      vertex 50.8423 26.7493 1.5
      vertex 51.0592 26.5592 1.5
    endloop
  endfacet
  facet normal 0 0 1
    outer loop
      vertex 50.925 27.4682 1.5
      vertex 50.6025 26.9096 1.5
      vertex 50.8423 26.7493 1.5
    endloop
  endfacet
  facet normal 0 0 1
    outer loop
      vertex 50.5906 27.6331 1.5
      vertex 50.6025 26.9096 1.5
      vertex 50.925 27.4682 1.5
    endloop
  endfacet
  facet normal 0 0 1
    outer loop
      vertex 50.5906 27.6331 1.5
      vertex 50.3438 27.0372 1.5
      vertex 50.6025 26.9096 1.5
    endloop
  endfacet
  facet normal 0 0 1
    outer loop
      vertex 50.2376 27.7529 1.5
      vertex 50.3438 27.0372 1.5
      vertex 50.5906 27.6331 1.5
    endloop
  endfacet
  facet normal 0 0 1
    outer loop
      vertex 50.2376 27.7529 1.5
      vertex 50.0707 27.1299 1.5
      vertex 50.3438 27.0372 1.5
    endloop
  endfacet
  facet normal 0 0 1
    outer loop
      vertex 49.872 27.8256 1.5
      vertex 50.0707 27.1299 1.5
      vertex 50.2376 27.7529 1.5
    endloop
  endfacet
  facet normal 0 0 1
    outer loop
      vertex 49.872 27.8256 1.5
      vertex 49.7878 27.1861 1.5
      vertex 50.0707 27.1299 1.5
    endloop
  endfacet
  facet normal 0 0 1
    outer loop
      vertex 49.5 27.85 1.5
      vertex 49.7878 27.1861 1.5
      vertex 49.872 27.8256 1.5
    endloop
  endfacet
  facet normal 0 0 1
    outer loop
      vertex 49.5 27.85 1.5
      vertex 49.5 27.205 1.5
      vertex 49.7878 27.1861 1.5
    endloop
  endfacet
  facet normal 0 0 1
    outer loop
      vertex 49.5 27.85 1.5
      vertex 49.2122 27.1861 1.5
      vertex 49.5 27.205 1.5
    endloop
  endfacet
  facet normal -0 0 1
    outer loop
      vertex 49.128 27.8256 1.5
      vertex 49.2122 27.1861 1.5
      vertex 49.5 27.85 1.5
    endloop
  endfacet
  facet normal 0 0 1
    outer loop
      vertex 49.128 27.8256 1.5
      vertex 48.9293 27.1299 1.5
      vertex 49.2122 27.1861 1.5
    endloop
  endfacet
  facet normal -0 0 1
    outer loop
      vertex 48.7624 27.7529 1.5
      vertex 48.9293 27.1299 1.5
      vertex 49.128 27.8256 1.5
    endloop
  endfacet
  facet normal 0 0 1
    outer loop
      vertex 48.7624 27.7529 1.5
      vertex 48.6562 27.0372 1.5
      vertex 48.9293 27.1299 1.5
    endloop
  endfacet
  facet normal -0 0 1
    outer loop
      vertex 48.4094 27.6331 1.5
      vertex 48.6562 27.0372 1.5
      vertex 48.7624 27.7529 1.5
    endloop
  endfacet
  facet normal 0 0 1
    outer loop
      vertex 48.4094 27.6331 1.5
      vertex 48.3975 26.9096 1.5
      vertex 48.6562 27.0372 1.5
    endloop
  endfacet
  facet normal -0 0 1
    outer loop
      vertex 48.075 27.4682 1.5
      vertex 48.3975 26.9096 1.5
      vertex 48.4094 27.6331 1.5
    endloop
  endfacet
  facet normal 0 0 1
    outer loop
      vertex 48.3975 26.9096 1.5
      vertex 48.075 27.4682 1.5
      vertex 48.1577 26.7493 1.5
    endloop
  endfacet
  facet normal -0 0 1
    outer loop
      vertex 47.765 27.2611 1.5
      vertex 48.1577 26.7493 1.5
      vertex 48.075 27.4682 1.5
    endloop
  endfacet
  facet normal 0 0 1
    outer loop
      vertex 48.1577 26.7493 1.5
      vertex 47.765 27.2611 1.5
      vertex 47.9408 26.5592 1.5
    endloop
  endfacet
  facet normal -0 0 1
    outer loop
      vertex 47.4847 27.0153 1.5
      vertex 47.9408 26.5592 1.5
      vertex 47.765 27.2611 1.5
    endloop
  endfacet
  facet normal 0 0 1
    outer loop
      vertex 47.9408 26.5592 1.5
      vertex 47.4847 27.0153 1.5
      vertex 47.7507 26.3423 1.5
    endloop
  endfacet
  facet normal -0 0 1
    outer loop
      vertex 47.2389 26.735 1.5
      vertex 47.7507 26.3423 1.5
      vertex 47.4847 27.0153 1.5
    endloop
  endfacet
  facet normal 0 0 1
    outer loop
      vertex 47.7507 26.3423 1.5
      vertex 47.2389 26.735 1.5
      vertex 47.5904 26.1025 1.5
    endloop
  endfacet
  facet normal -0 0 1
    outer loop
      vertex 47.0318 26.425 1.5
      vertex 47.5904 26.1025 1.5
      vertex 47.2389 26.735 1.5
    endloop
  endfacet
  facet normal 0 0 1
    outer loop
      vertex 47.5904 26.1025 1.5
      vertex 47.0318 26.425 1.5
      vertex 47.4628 25.8438 1.5
    endloop
  endfacet
  facet normal 0 0 1
    outer loop
      vertex 47.4628 25.8438 1.5
      vertex 46.8669 26.0906 1.5
      vertex 47.3701 25.5707 1.5
    endloop
  endfacet
  facet normal -0 0 1
    outer loop
      vertex 46.8669 26.0906 1.5
      vertex 47.4628 25.8438 1.5
      vertex 47.0318 26.425 1.5
    endloop
  endfacet
  facet normal -0 0 1
    outer loop
      vertex 51.5372 24.1562 1.5
      vertex 52.1331 23.9094 1.5
      vertex 51.6299 24.4293 1.5
    endloop
  endfacet
  facet normal 0 0 1
    outer loop
      vertex 52.1331 23.9094 1.5
      vertex 51.5372 24.1562 1.5
      vertex 51.9682 23.575 1.5
    endloop
  endfacet
  facet normal -0 0 1
    outer loop
      vertex 51.4096 23.8975 1.5
      vertex 51.9682 23.575 1.5
      vertex 51.5372 24.1562 1.5
    endloop
  endfacet
  facet normal 0 0 1
    outer loop
      vertex 51.9682 23.575 1.5
      vertex 51.4096 23.8975 1.5
      vertex 51.7611 23.265 1.5
    endloop
  endfacet
  facet normal -0 0 1
    outer loop
      vertex 51.2493 23.6577 1.5
      vertex 51.7611 23.265 1.5
      vertex 51.4096 23.8975 1.5
    endloop
  endfacet
  facet normal 0 0 1
    outer loop
      vertex 51.7611 23.265 1.5
      vertex 51.2493 23.6577 1.5
      vertex 51.5153 22.9847 1.5
    endloop
  endfacet
  facet normal -0 0 1
    outer loop
      vertex 51.0592 23.4408 1.5
      vertex 51.5153 22.9847 1.5
      vertex 51.2493 23.6577 1.5
    endloop
  endfacet
  facet normal 0 0 1
    outer loop
      vertex 51.5153 22.9847 1.5
      vertex 51.0592 23.4408 1.5
      vertex 51.235 22.7389 1.5
    endloop
  endfacet
  facet normal -0 0 1
    outer loop
      vertex 50.8423 23.2507 1.5
      vertex 51.235 22.7389 1.5
      vertex 51.0592 23.4408 1.5
    endloop
  endfacet
  facet normal 0 0 1
    outer loop
      vertex 51.235 22.7389 1.5
      vertex 50.8423 23.2507 1.5
      vertex 50.925 22.5318 1.5
    endloop
  endfacet
  facet normal -0 0 1
    outer loop
      vertex 50.6025 23.0904 1.5
      vertex 50.925 22.5318 1.5
      vertex 50.8423 23.2507 1.5
    endloop
  endfacet
  facet normal 0 0 1
    outer loop
      vertex 50.6025 23.0904 1.5
      vertex 50.5906 22.3669 1.5
      vertex 50.925 22.5318 1.5
    endloop
  endfacet
  facet normal -0 0 1
    outer loop
      vertex 50.3438 22.9628 1.5
      vertex 50.5906 22.3669 1.5
      vertex 50.6025 23.0904 1.5
    endloop
  endfacet
  facet normal 0 0 1
    outer loop
      vertex 50.3438 22.9628 1.5
      vertex 50.2376 22.2471 1.5
      vertex 50.5906 22.3669 1.5
    endloop
  endfacet
  facet normal -0 0 1
    outer loop
      vertex 50.0707 22.8701 1.5
      vertex 50.2376 22.2471 1.5
      vertex 50.3438 22.9628 1.5
    endloop
  endfacet
  facet normal 0 0 1
    outer loop
      vertex 50.0707 22.8701 1.5
      vertex 49.872 22.1744 1.5
      vertex 50.2376 22.2471 1.5
    endloop
  endfacet
  facet normal -0 0 1
    outer loop
      vertex 49.7878 22.8139 1.5
      vertex 49.872 22.1744 1.5
      vertex 50.0707 22.8701 1.5
    endloop
  endfacet
  facet normal -0 0 1
    outer loop
      vertex 49.5 22.795 1.5
      vertex 49.872 22.1744 1.5
      vertex 49.7878 22.8139 1.5
    endloop
  endfacet
  facet normal 0 0 1
    outer loop
      vertex 49.5 22.795 1.5
      vertex 49.5 22.15 1.5
      vertex 49.872 22.1744 1.5
    endloop
  endfacet
  facet normal 0 0 1
    outer loop
      vertex 49.2122 22.8139 1.5
      vertex 49.5 22.15 1.5
      vertex 49.5 22.795 1.5
    endloop
  endfacet
  facet normal 0 0 1
    outer loop
      vertex 49.2122 22.8139 1.5
      vertex 49.128 22.1744 1.5
      vertex 49.5 22.15 1.5
    endloop
  endfacet
  facet normal 0 0 1
    outer loop
      vertex 48.9293 22.8701 1.5
      vertex 49.128 22.1744 1.5
      vertex 49.2122 22.8139 1.5
    endloop
  endfacet
  facet normal 0 0 1
    outer loop
      vertex 48.9293 22.8701 1.5
      vertex 48.7624 22.2471 1.5
      vertex 49.128 22.1744 1.5
    endloop
  endfacet
  facet normal 0 0 1
    outer loop
      vertex 48.6562 22.9628 1.5
      vertex 48.7624 22.2471 1.5
      vertex 48.9293 22.8701 1.5
    endloop
  endfacet
  facet normal 0 0 1
    outer loop
      vertex 48.6562 22.9628 1.5
      vertex 48.4094 22.3669 1.5
      vertex 48.7624 22.2471 1.5
    endloop
  endfacet
  facet normal 0 0 1
    outer loop
      vertex 48.3975 23.0904 1.5
      vertex 48.4094 22.3669 1.5
      vertex 48.6562 22.9628 1.5
    endloop
  endfacet
  facet normal 0 0 1
    outer loop
      vertex 48.075 22.5318 1.5
      vertex 48.3975 23.0904 1.5
      vertex 48.1577 23.2507 1.5
    endloop
  endfacet
  facet normal 0 0 1
    outer loop
      vertex 48.3975 23.0904 1.5
      vertex 48.075 22.5318 1.5
      vertex 48.4094 22.3669 1.5
    endloop
  endfacet
  facet normal 0 0 1
    outer loop
      vertex 47.765 22.7389 1.5
      vertex 48.1577 23.2507 1.5
      vertex 47.9408 23.4408 1.5
    endloop
  endfacet
  facet normal 0 0 1
    outer loop
      vertex 48.1577 23.2507 1.5
      vertex 47.765 22.7389 1.5
      vertex 48.075 22.5318 1.5
    endloop
  endfacet
  facet normal 0 0 1
    outer loop
      vertex 47.4847 22.9847 1.5
      vertex 47.9408 23.4408 1.5
      vertex 47.7507 23.6577 1.5
    endloop
  endfacet
  facet normal 0 0 1
    outer loop
      vertex 47.2389 23.265 1.5
      vertex 47.7507 23.6577 1.5
      vertex 47.5904 23.8975 1.5
    endloop
  endfacet
  facet normal 0 0 1
    outer loop
      vertex 47.9408 23.4408 1.5
      vertex 47.4847 22.9847 1.5
      vertex 47.765 22.7389 1.5
    endloop
  endfacet
  facet normal 0 0 1
    outer loop
      vertex 47.0318 23.575 1.5
      vertex 47.5904 23.8975 1.5
      vertex 47.4628 24.1562 1.5
    endloop
  endfacet
  facet normal 0 0 1
    outer loop
      vertex 46.8669 23.9094 1.5
      vertex 47.4628 24.1562 1.5
      vertex 47.3701 24.4293 1.5
    endloop
  endfacet
  facet normal 0 0 1
    outer loop
      vertex 46.7471 24.2624 1.5
      vertex 47.3701 24.4293 1.5
      vertex 47.3139 24.7122 1.5
    endloop
  endfacet
  facet normal 0 0 1
    outer loop
      vertex 47.7507 23.6577 1.5
      vertex 47.2389 23.265 1.5
      vertex 47.4847 22.9847 1.5
    endloop
  endfacet
  facet normal 0 0 1
    outer loop
      vertex 46.6744 24.628 1.5
      vertex 47.3139 24.7122 1.5
      vertex 47.295 25 1.5
    endloop
  endfacet
  facet normal -0 0 1
    outer loop
      vertex 46.7471 25.7376 1.5
      vertex 47.3701 25.5707 1.5
      vertex 46.8669 26.0906 1.5
    endloop
  endfacet
  facet normal 0 0 1
    outer loop
      vertex 47.3701 25.5707 1.5
      vertex 46.7471 25.7376 1.5
      vertex 47.3139 25.2878 1.5
    endloop
  endfacet
  facet normal 0 0 1
    outer loop
      vertex 47.5904 23.8975 1.5
      vertex 47.0318 23.575 1.5
      vertex 47.2389 23.265 1.5
    endloop
  endfacet
  facet normal -0 0 1
    outer loop
      vertex 46.6744 25.372 1.5
      vertex 47.3139 25.2878 1.5
      vertex 46.7471 25.7376 1.5
    endloop
  endfacet
  facet normal 0 0 1
    outer loop
      vertex 47.4628 24.1562 1.5
      vertex 46.8669 23.9094 1.5
      vertex 47.0318 23.575 1.5
    endloop
  endfacet
  facet normal 0 0 1
    outer loop
      vertex 47.3139 25.2878 1.5
      vertex 46.6744 25.372 1.5
      vertex 47.295 25 1.5
    endloop
  endfacet
  facet normal 0 0 1
    outer loop
      vertex 47.3701 24.4293 1.5
      vertex 46.7471 24.2624 1.5
      vertex 46.8669 23.9094 1.5
    endloop
  endfacet
  facet normal 0 0 1
    outer loop
      vertex 46.65 25 1.5
      vertex 47.295 25 1.5
      vertex 46.6744 25.372 1.5
    endloop
  endfacet
  facet normal 0 0 1
    outer loop
      vertex 47.3139 24.7122 1.5
      vertex 46.6744 24.628 1.5
      vertex 46.7471 24.2624 1.5
    endloop
  endfacet
  facet normal 0 0 1
    outer loop
      vertex 47.295 25 1.5
      vertex 46.65 25 1.5
      vertex 46.6744 24.628 1.5
    endloop
  endfacet
  facet normal 0.896881 -0.442272 0
    outer loop
      vertex 46.8669 26.0906 9.4
      vertex 47.0318 26.425 1.5
      vertex 47.0318 26.425 9.4
    endloop
  endfacet
  facet normal 0.896881 -0.442272 0
    outer loop
      vertex 47.0318 26.425 1.5
      vertex 46.8669 26.0906 9.4
      vertex 46.8669 26.0906 1.5
    endloop
  endfacet
  facet normal 0.831513 -0.555505 0
    outer loop
      vertex 47.0318 26.425 9.4
      vertex 47.2389 26.735 1.5
      vertex 47.2389 26.735 9.4
    endloop
  endfacet
  facet normal 0.831513 -0.555505 0
    outer loop
      vertex 47.2389 26.735 1.5
      vertex 47.0318 26.425 9.4
      vertex 47.0318 26.425 1.5
    endloop
  endfacet
  facet normal -0.980833 -0.194849 0
    outer loop
      vertex 51.6861 25.2878 0
      vertex 51.6299 25.5707 1.5
      vertex 51.6299 25.5707 0
    endloop
  endfacet
  facet normal -0.980833 -0.194849 0
    outer loop
      vertex 51.6299 25.5707 1.5
      vertex 51.6861 25.2878 0
      vertex 51.6861 25.2878 1.5
    endloop
  endfacet
  facet normal -0.997851 -0.0655295 0
    outer loop
      vertex 51.705 25 0
      vertex 51.6861 25.2878 1.5
      vertex 51.6861 25.2878 0
    endloop
  endfacet
  facet normal -0.997851 -0.0655295 0
    outer loop
      vertex 51.6861 25.2878 1.5
      vertex 51.705 25 0
      vertex 51.705 25 1.5
    endloop
  endfacet
  facet normal -0.946935 -0.321424 0
    outer loop
      vertex 51.6299 25.5707 0
      vertex 51.5372 25.8438 1.5
      vertex 51.5372 25.8438 0
    endloop
  endfacet
  facet normal -0.946935 -0.321424 0
    outer loop
      vertex 51.5372 25.8438 1.5
      vertex 51.6299 25.5707 0
      vertex 51.6299 25.5707 1.5
    endloop
  endfacet
  facet normal -0.442354 -0.896841 0
    outer loop
      vertex 50.3438 27.0372 0
      vertex 50.6025 26.9096 1.5
      vertex 50.3438 27.0372 1.5
    endloop
  endfacet
  facet normal -0.442354 -0.896841 -0
    outer loop
      vertex 50.6025 26.9096 1.5
      vertex 50.3438 27.0372 0
      vertex 50.6025 26.9096 0
    endloop
  endfacet
  facet normal -0.831356 -0.55574 0
    outer loop
      vertex 51.4096 26.1025 0
      vertex 51.2493 26.3423 1.5
      vertex 51.2493 26.3423 0
    endloop
  endfacet
  facet normal -0.831356 -0.55574 0
    outer loop
      vertex 51.2493 26.3423 1.5
      vertex 51.4096 26.1025 0
      vertex 51.4096 26.1025 1.5
    endloop
  endfacet
  facet normal 0.442354 0.896841 -0
    outer loop
      vertex 48.6562 22.9628 0
      vertex 48.3975 23.0904 1.5
      vertex 48.6562 22.9628 1.5
    endloop
  endfacet
  facet normal 0.442354 0.896841 0
    outer loop
      vertex 48.3975 23.0904 1.5
      vertex 48.6562 22.9628 0
      vertex 48.3975 23.0904 0
    endloop
  endfacet
  facet normal 0.659118 -0.752039 0
    outer loop
      vertex 47.9408 26.5592 0
      vertex 48.1577 26.7493 1.5
      vertex 47.9408 26.5592 1.5
    endloop
  endfacet
  facet normal 0.659118 -0.752039 0
    outer loop
      vertex 48.1577 26.7493 1.5
      vertex 47.9408 26.5592 0
      vertex 48.1577 26.7493 0
    endloop
  endfacet
  facet normal -0.896841 -0.442354 0
    outer loop
      vertex 51.5372 25.8438 0
      vertex 51.4096 26.1025 1.5
      vertex 51.4096 26.1025 0
    endloop
  endfacet
  facet normal -0.896841 -0.442354 0
    outer loop
      vertex 51.4096 26.1025 1.5
      vertex 51.5372 25.8438 0
      vertex 51.5372 25.8438 1.5
    endloop
  endfacet
  facet normal 0.194849 -0.980833 0
    outer loop
      vertex 48.9293 27.1299 0
      vertex 49.2122 27.1861 1.5
      vertex 48.9293 27.1299 1.5
    endloop
  endfacet
  facet normal 0.194849 -0.980833 0
    outer loop
      vertex 49.2122 27.1861 1.5
      vertex 48.9293 27.1299 0
      vertex 49.2122 27.1861 0
    endloop
  endfacet
  facet normal 0.194849 0.980833 -0
    outer loop
      vertex 49.2122 22.8139 0
      vertex 48.9293 22.8701 1.5
      vertex 49.2122 22.8139 1.5
    endloop
  endfacet
  facet normal 0.194849 0.980833 0
    outer loop
      vertex 48.9293 22.8701 1.5
      vertex 49.2122 22.8139 0
      vertex 48.9293 22.8701 0
    endloop
  endfacet
  facet normal 0.0655295 0.997851 -0
    outer loop
      vertex 49.5 22.795 0
      vertex 49.2122 22.8139 1.5
      vertex 49.5 22.795 1.5
    endloop
  endfacet
  facet normal 0.0655295 0.997851 0
    outer loop
      vertex 49.2122 22.8139 1.5
      vertex 49.5 22.795 0
      vertex 49.2122 22.8139 0
    endloop
  endfacet
  facet normal 0.0655295 -0.997851 0
    outer loop
      vertex 49.2122 27.1861 0
      vertex 49.5 27.205 1.5
      vertex 49.2122 27.1861 1.5
    endloop
  endfacet
  facet normal 0.0655295 -0.997851 0
    outer loop
      vertex 49.5 27.205 1.5
      vertex 49.2122 27.1861 0
      vertex 49.5 27.205 0
    endloop
  endfacet
  facet normal -0.0655295 0.997851 0
    outer loop
      vertex 49.7878 22.8139 0
      vertex 49.5 22.795 1.5
      vertex 49.7878 22.8139 1.5
    endloop
  endfacet
  facet normal -0.0655295 0.997851 0
    outer loop
      vertex 49.5 22.795 1.5
      vertex 49.7878 22.8139 0
      vertex 49.5 22.795 0
    endloop
  endfacet
  facet normal -0.752039 -0.659118 0
    outer loop
      vertex 51.2493 26.3423 0
      vertex 51.0592 26.5592 1.5
      vertex 51.0592 26.5592 0
    endloop
  endfacet
  facet normal -0.752039 -0.659118 0
    outer loop
      vertex 51.0592 26.5592 1.5
      vertex 51.2493 26.3423 0
      vertex 51.2493 26.3423 1.5
    endloop
  endfacet
  facet normal 0.442354 -0.896841 0
    outer loop
      vertex 48.3975 26.9096 0
      vertex 48.6562 27.0372 1.5
      vertex 48.3975 26.9096 1.5
    endloop
  endfacet
  facet normal 0.442354 -0.896841 0
    outer loop
      vertex 48.6562 27.0372 1.5
      vertex 48.3975 26.9096 0
      vertex 48.6562 27.0372 0
    endloop
  endfacet
  facet normal 0.980833 0.194849 0
    outer loop
      vertex 47.3701 24.4293 1.5
      vertex 47.3139 24.7122 0
      vertex 47.3139 24.7122 1.5
    endloop
  endfacet
  facet normal 0.980833 0.194849 0
    outer loop
      vertex 47.3139 24.7122 0
      vertex 47.3701 24.4293 1.5
      vertex 47.3701 24.4293 0
    endloop
  endfacet
  facet normal -0.831356 0.55574 0
    outer loop
      vertex 51.2493 23.6577 0
      vertex 51.4096 23.8975 1.5
      vertex 51.4096 23.8975 0
    endloop
  endfacet
  facet normal -0.831356 0.55574 0
    outer loop
      vertex 51.4096 23.8975 1.5
      vertex 51.2493 23.6577 0
      vertex 51.2493 23.6577 1.5
    endloop
  endfacet
  facet normal 0.946935 -0.321424 0
    outer loop
      vertex 47.3701 25.5707 1.5
      vertex 47.4628 25.8438 0
      vertex 47.4628 25.8438 1.5
    endloop
  endfacet
  facet normal 0.946935 -0.321424 0
    outer loop
      vertex 47.4628 25.8438 0
      vertex 47.3701 25.5707 1.5
      vertex 47.3701 25.5707 0
    endloop
  endfacet
  facet normal -0.997851 0.0655295 0
    outer loop
      vertex 51.6861 24.7122 0
      vertex 51.705 25 1.5
      vertex 51.705 25 0
    endloop
  endfacet
  facet normal -0.997851 0.0655295 0
    outer loop
      vertex 51.705 25 1.5
      vertex 51.6861 24.7122 0
      vertex 51.6861 24.7122 1.5
    endloop
  endfacet
  facet normal 0.659118 0.752039 -0
    outer loop
      vertex 48.1577 23.2507 0
      vertex 47.9408 23.4408 1.5
      vertex 48.1577 23.2507 1.5
    endloop
  endfacet
  facet normal 0.659118 0.752039 0
    outer loop
      vertex 47.9408 23.4408 1.5
      vertex 48.1577 23.2507 0
      vertex 47.9408 23.4408 0
    endloop
  endfacet
  facet normal 0.896841 -0.442354 0
    outer loop
      vertex 47.4628 25.8438 1.5
      vertex 47.5904 26.1025 0
      vertex 47.5904 26.1025 1.5
    endloop
  endfacet
  facet normal 0.896841 -0.442354 0
    outer loop
      vertex 47.5904 26.1025 0
      vertex 47.4628 25.8438 1.5
      vertex 47.4628 25.8438 0
    endloop
  endfacet
  facet normal -0.55574 -0.831356 0
    outer loop
      vertex 50.6025 26.9096 0
      vertex 50.8423 26.7493 1.5
      vertex 50.6025 26.9096 1.5
    endloop
  endfacet
  facet normal -0.55574 -0.831356 -0
    outer loop
      vertex 50.8423 26.7493 1.5
      vertex 50.6025 26.9096 0
      vertex 50.8423 26.7493 0
    endloop
  endfacet
  facet normal -0.946935 0.321424 0
    outer loop
      vertex 51.5372 24.1562 0
      vertex 51.6299 24.4293 1.5
      vertex 51.6299 24.4293 0
    endloop
  endfacet
  facet normal -0.946935 0.321424 0
    outer loop
      vertex 51.6299 24.4293 1.5
      vertex 51.5372 24.1562 0
      vertex 51.5372 24.1562 1.5
    endloop
  endfacet
  facet normal -0.194849 0.980833 0
    outer loop
      vertex 50.0707 22.8701 0
      vertex 49.7878 22.8139 1.5
      vertex 50.0707 22.8701 1.5
    endloop
  endfacet
  facet normal -0.194849 0.980833 0
    outer loop
      vertex 49.7878 22.8139 1.5
      vertex 50.0707 22.8701 0
      vertex 49.7878 22.8139 0
    endloop
  endfacet
  facet normal 0.321424 -0.946935 0
    outer loop
      vertex 48.6562 27.0372 0
      vertex 48.9293 27.1299 1.5
      vertex 48.6562 27.0372 1.5
    endloop
  endfacet
  facet normal 0.321424 -0.946935 0
    outer loop
      vertex 48.9293 27.1299 1.5
      vertex 48.6562 27.0372 0
      vertex 48.9293 27.1299 0
    endloop
  endfacet
  facet normal 0.997851 0.0655295 0
    outer loop
      vertex 47.3139 24.7122 1.5
      vertex 47.295 25 0
      vertex 47.295 25 1.5
    endloop
  endfacet
  facet normal 0.997851 0.0655295 0
    outer loop
      vertex 47.295 25 0
      vertex 47.3139 24.7122 1.5
      vertex 47.3139 24.7122 0
    endloop
  endfacet
  facet normal 0.980833 -0.194849 0
    outer loop
      vertex 47.3139 25.2878 1.5
      vertex 47.3701 25.5707 0
      vertex 47.3701 25.5707 1.5
    endloop
  endfacet
  facet normal 0.980833 -0.194849 0
    outer loop
      vertex 47.3701 25.5707 0
      vertex 47.3139 25.2878 1.5
      vertex 47.3139 25.2878 0
    endloop
  endfacet
  facet normal 0.896841 0.442354 0
    outer loop
      vertex 47.5904 23.8975 1.5
      vertex 47.4628 24.1562 0
      vertex 47.4628 24.1562 1.5
    endloop
  endfacet
  facet normal 0.896841 0.442354 0
    outer loop
      vertex 47.4628 24.1562 0
      vertex 47.5904 23.8975 1.5
      vertex 47.5904 23.8975 0
    endloop
  endfacet
  facet normal 0.752039 -0.659118 0
    outer loop
      vertex 47.7507 26.3423 1.5
      vertex 47.9408 26.5592 0
      vertex 47.9408 26.5592 1.5
    endloop
  endfacet
  facet normal 0.752039 -0.659118 0
    outer loop
      vertex 47.9408 26.5592 0
      vertex 47.7507 26.3423 1.5
      vertex 47.7507 26.3423 0
    endloop
  endfacet
  facet normal 0.946935 0.321424 0
    outer loop
      vertex 47.4628 24.1562 1.5
      vertex 47.3701 24.4293 0
      vertex 47.3701 24.4293 1.5
    endloop
  endfacet
  facet normal 0.946935 0.321424 0
    outer loop
      vertex 47.3701 24.4293 0
      vertex 47.4628 24.1562 1.5
      vertex 47.4628 24.1562 0
    endloop
  endfacet
  facet normal 0.321424 0.946935 -0
    outer loop
      vertex 48.9293 22.8701 0
      vertex 48.6562 22.9628 1.5
      vertex 48.9293 22.8701 1.5
    endloop
  endfacet
  facet normal 0.321424 0.946935 0
    outer loop
      vertex 48.6562 22.9628 1.5
      vertex 48.9293 22.8701 0
      vertex 48.6562 22.9628 0
    endloop
  endfacet
  facet normal -0.896841 0.442354 0
    outer loop
      vertex 51.4096 23.8975 0
      vertex 51.5372 24.1562 1.5
      vertex 51.5372 24.1562 0
    endloop
  endfacet
  facet normal -0.896841 0.442354 0
    outer loop
      vertex 51.5372 24.1562 1.5
      vertex 51.4096 23.8975 0
      vertex 51.4096 23.8975 1.5
    endloop
  endfacet
  facet normal -0.55574 0.831356 0
    outer loop
      vertex 50.8423 23.2507 0
      vertex 50.6025 23.0904 1.5
      vertex 50.8423 23.2507 1.5
    endloop
  endfacet
  facet normal -0.55574 0.831356 0
    outer loop
      vertex 50.6025 23.0904 1.5
      vertex 50.8423 23.2507 0
      vertex 50.6025 23.0904 0
    endloop
  endfacet
  facet normal -0.659118 -0.752039 0
    outer loop
      vertex 50.8423 26.7493 0
      vertex 51.0592 26.5592 1.5
      vertex 50.8423 26.7493 1.5
    endloop
  endfacet
  facet normal -0.659118 -0.752039 -0
    outer loop
      vertex 51.0592 26.5592 1.5
      vertex 50.8423 26.7493 0
      vertex 51.0592 26.5592 0
    endloop
  endfacet
  facet normal -0.980833 0.194849 0
    outer loop
      vertex 51.6299 24.4293 0
      vertex 51.6861 24.7122 1.5
      vertex 51.6861 24.7122 0
    endloop
  endfacet
  facet normal -0.980833 0.194849 0
    outer loop
      vertex 51.6861 24.7122 1.5
      vertex 51.6299 24.4293 0
      vertex 51.6299 24.4293 1.5
    endloop
  endfacet
  facet normal 0.831356 0.55574 0
    outer loop
      vertex 47.7507 23.6577 1.5
      vertex 47.5904 23.8975 0
      vertex 47.5904 23.8975 1.5
    endloop
  endfacet
  facet normal 0.831356 0.55574 0
    outer loop
      vertex 47.5904 23.8975 0
      vertex 47.7507 23.6577 1.5
      vertex 47.7507 23.6577 0
    endloop
  endfacet
  facet normal -0.659118 0.752039 0
    outer loop
      vertex 51.0592 23.4408 0
      vertex 50.8423 23.2507 1.5
      vertex 51.0592 23.4408 1.5
    endloop
  endfacet
  facet normal -0.659118 0.752039 0
    outer loop
      vertex 50.8423 23.2507 1.5
      vertex 51.0592 23.4408 0
      vertex 50.8423 23.2507 0
    endloop
  endfacet
  facet normal -0.321424 -0.946935 0
    outer loop
      vertex 50.0707 27.1299 0
      vertex 50.3438 27.0372 1.5
      vertex 50.0707 27.1299 1.5
    endloop
  endfacet
  facet normal -0.321424 -0.946935 -0
    outer loop
      vertex 50.3438 27.0372 1.5
      vertex 50.0707 27.1299 0
      vertex 50.3438 27.0372 0
    endloop
  endfacet
  facet normal 0.55574 -0.831356 0
    outer loop
      vertex 48.1577 26.7493 0
      vertex 48.3975 26.9096 1.5
      vertex 48.1577 26.7493 1.5
    endloop
  endfacet
  facet normal 0.55574 -0.831356 0
    outer loop
      vertex 48.3975 26.9096 1.5
      vertex 48.1577 26.7493 0
      vertex 48.3975 26.9096 0
    endloop
  endfacet
  facet normal -0.321424 0.946935 0
    outer loop
      vertex 50.3438 22.9628 0
      vertex 50.0707 22.8701 1.5
      vertex 50.3438 22.9628 1.5
    endloop
  endfacet
  facet normal -0.321424 0.946935 0
    outer loop
      vertex 50.0707 22.8701 1.5
      vertex 50.3438 22.9628 0
      vertex 50.0707 22.8701 0
    endloop
  endfacet
  facet normal -0.442354 0.896841 0
    outer loop
      vertex 50.6025 23.0904 0
      vertex 50.3438 22.9628 1.5
      vertex 50.6025 23.0904 1.5
    endloop
  endfacet
  facet normal -0.442354 0.896841 0
    outer loop
      vertex 50.3438 22.9628 1.5
      vertex 50.6025 23.0904 0
      vertex 50.3438 22.9628 0
    endloop
  endfacet
  facet normal -0.0655295 -0.997851 0
    outer loop
      vertex 49.5 27.205 0
      vertex 49.7878 27.1861 1.5
      vertex 49.5 27.205 1.5
    endloop
  endfacet
  facet normal -0.0655295 -0.997851 -0
    outer loop
      vertex 49.7878 27.1861 1.5
      vertex 49.5 27.205 0
      vertex 49.7878 27.1861 0
    endloop
  endfacet
  facet normal 0.752039 0.659118 0
    outer loop
      vertex 47.9408 23.4408 1.5
      vertex 47.7507 23.6577 0
      vertex 47.7507 23.6577 1.5
    endloop
  endfacet
  facet normal 0.752039 0.659118 0
    outer loop
      vertex 47.7507 23.6577 0
      vertex 47.9408 23.4408 1.5
      vertex 47.9408 23.4408 0
    endloop
  endfacet
  facet normal 0.55574 0.831356 -0
    outer loop
      vertex 48.3975 23.0904 0
      vertex 48.1577 23.2507 1.5
      vertex 48.3975 23.0904 1.5
    endloop
  endfacet
  facet normal 0.55574 0.831356 0
    outer loop
      vertex 48.1577 23.2507 1.5
      vertex 48.3975 23.0904 0
      vertex 48.1577 23.2507 0
    endloop
  endfacet
  facet normal -0.194849 -0.980833 0
    outer loop
      vertex 49.7878 27.1861 0
      vertex 50.0707 27.1299 1.5
      vertex 49.7878 27.1861 1.5
    endloop
  endfacet
  facet normal -0.194849 -0.980833 -0
    outer loop
      vertex 50.0707 27.1299 1.5
      vertex 49.7878 27.1861 0
      vertex 50.0707 27.1299 0
    endloop
  endfacet
  facet normal 0.997851 -0.0655295 0
    outer loop
      vertex 47.295 25 1.5
      vertex 47.3139 25.2878 0
      vertex 47.3139 25.2878 1.5
    endloop
  endfacet
  facet normal 0.997851 -0.0655295 0
    outer loop
      vertex 47.3139 25.2878 0
      vertex 47.295 25 1.5
      vertex 47.295 25 0
    endloop
  endfacet
  facet normal 0.831356 -0.55574 0
    outer loop
      vertex 47.5904 26.1025 1.5
      vertex 47.7507 26.3423 0
      vertex 47.7507 26.3423 1.5
    endloop
  endfacet
  facet normal 0.831356 -0.55574 0
    outer loop
      vertex 47.7507 26.3423 0
      vertex 47.5904 26.1025 1.5
      vertex 47.5904 26.1025 0
    endloop
  endfacet
  facet normal -0.752039 0.659118 0
    outer loop
      vertex 51.0592 23.4408 0
      vertex 51.2493 23.6577 1.5
      vertex 51.2493 23.6577 0
    endloop
  endfacet
  facet normal -0.752039 0.659118 0
    outer loop
      vertex 51.2493 23.6577 1.5
      vertex 51.0592 23.4408 0
      vertex 51.0592 23.4408 1.5
    endloop
  endfacet
  facet normal -0.798901 -0.052401 0.599176
    outer loop
      vertex 52.35 25 9.4
      vertex 52.7939 25.093 10
      vertex 52.3256 25.372 9.4
    endloop
  endfacet
  facet normal -0.798901 -0.052401 0.599176
    outer loop
      vertex 52.7939 25.093 10
      vertex 52.35 25 9.4
      vertex 52.8 25 10
    endloop
  endfacet
  facet normal 0.665727 0.444749 0.599171
    outer loop
      vertex 47.2389 23.265 9.4
      vertex 47.0318 23.575 9.4
      vertex 46.5122 23.275 10.2
    endloop
  endfacet
  facet normal -0.354162 -0.718024 0.599175
    outer loop
      vertex 51.0664 27.8991 10
      vertex 50.7629 28.0488 10
      vertex 50.5906 27.6331 9.4
    endloop
  endfacet
  facet normal 0.798901 -0.052401 0.599176
    outer loop
      vertex 46.65 25 9.4
      vertex 46.6744 25.372 9.4
      vertex 46.05 25 10.2
    endloop
  endfacet
  facet normal 0.718029 -0.354135 0.599185
    outer loop
      vertex 46.8669 26.0906 9.4
      vertex 46.5122 26.725 10.2
      vertex 46.3126 26.3203 10.2
    endloop
  endfacet
  facet normal -0.257363 -0.758133 0.599166
    outer loop
      vertex 50.5906 27.6331 9.4
      vertex 50.7629 28.0488 10
      vertex 50.4424 28.1576 10
    endloop
  endfacet
  facet normal -0.257295 0.758138 0.599188
    outer loop
      vertex 50.2376 22.2471 9.4
      vertex 50.4424 21.8424 10
      vertex 50.5906 22.3669 9.4
    endloop
  endfacet
  facet normal -0.257544 0.758039 0.599206
    outer loop
      vertex 50.4424 21.8424 10
      vertex 50.2376 22.2471 9.4
      vertex 50.3541 21.8124 10
    endloop
  endfacet
  facet normal 0.354162 0.718024 0.599175
    outer loop
      vertex 48.2371 21.9512 10
      vertex 48.4094 22.3669 9.4
      vertex 47.9336 22.1009 10
    endloop
  endfacet
  facet normal 0.156327 0.785183 0.599208
    outer loop
      vertex 49.0693 21.7282 10
      vertex 49.128 22.1744 9.4
      vertex 48.7373 21.7943 10
    endloop
  endfacet
  facet normal -0.601978 0.527885 0.599132
    outer loop
      vertex 51.5153 22.9847 9.4
      vertex 51.8949 22.7366 10
      vertex 51.7611 23.265 9.4
    endloop
  endfacet
  facet normal -0.602267 0.52752 0.599164
    outer loop
      vertex 51.8949 22.7366 10
      vertex 51.5153 22.9847 9.4
      vertex 51.8335 22.6665 10
    endloop
  endfacet
  facet normal 0.602267 -0.52752 0.599164
    outer loop
      vertex 47.1051 27.2634 10
      vertex 47.4847 27.0153 9.4
      vertex 47.1665 27.3335 10
    endloop
  endfacet
  facet normal 0.601978 -0.527885 0.599132
    outer loop
      vertex 47.4847 27.0153 9.4
      vertex 47.1051 27.2634 10
      vertex 47.2389 26.735 9.4
    endloop
  endfacet
  facet normal -0.156327 0.785183 0.599208
    outer loop
      vertex 49.9307 21.7282 10
      vertex 50.2627 21.7943 10
      vertex 49.872 22.1744 9.4
    endloop
  endfacet
  facet normal 0.798901 0.052401 0.599176
    outer loop
      vertex 46.6744 24.628 9.4
      vertex 46.65 25 9.4
      vertex 46.05 25 10.2
    endloop
  endfacet
  facet normal 0.718064 0.354093 0.599168
    outer loop
      vertex 47.0318 23.575 9.4
      vertex 46.8669 23.9094 9.4
      vertex 46.5122 23.275 10.2
    endloop
  endfacet
  facet normal 0.527911 0.601941 0.599147
    outer loop
      vertex 47.4911 22.3819 10
      vertex 47.765 22.7389 9.4
      vertex 47.2366 22.6051 10
    endloop
  endfacet
  facet normal 0.0522808 0.798879 0.599215
    outer loop
      vertex 49.407 21.7061 10
      vertex 49.128 22.1744 9.4
      vertex 49.0693 21.7282 10
    endloop
  endfacet
  facet normal -0.665727 0.444749 0.599171
    outer loop
      vertex 51.7611 23.265 9.4
      vertex 52.3579 23.35 10
      vertex 51.9682 23.575 9.4
    endloop
  endfacet
  facet normal -0.665676 0.444929 0.599094
    outer loop
      vertex 52.3579 23.35 10
      vertex 51.7611 23.265 9.4
      vertex 52.3061 23.2725 10
    endloop
  endfacet
  facet normal 0.798889 0.0523367 0.599197
    outer loop
      vertex 46.0795 24.5497 10.2
      vertex 46.6744 24.628 9.4
      vertex 46.05 25 10.2
    endloop
  endfacet
  facet normal 0.354162 -0.718024 0.599175
    outer loop
      vertex 48.4094 27.6331 9.4
      vertex 48.2371 28.0488 10
      vertex 47.9336 27.8991 10
    endloop
  endfacet
  facet normal -0.527885 -0.601978 0.599132
    outer loop
      vertex 51.5153 27.0153 9.4
      vertex 51.7634 27.3949 10
      vertex 51.235 27.2611 9.4
    endloop
  endfacet
  facet normal -0.52752 -0.602267 0.599164
    outer loop
      vertex 51.7634 27.3949 10
      vertex 51.5153 27.0153 9.4
      vertex 51.8335 27.3335 10
    endloop
  endfacet
  facet normal -0.665676 -0.444929 0.599094
    outer loop
      vertex 51.7611 26.735 9.4
      vertex 52.3579 26.65 10
      vertex 52.3061 26.7275 10
    endloop
  endfacet
  facet normal -0.665727 -0.444749 0.599171
    outer loop
      vertex 52.3579 26.65 10
      vertex 51.7611 26.735 9.4
      vertex 51.9682 26.425 9.4
    endloop
  endfacet
  facet normal -0.718024 0.354162 0.599175
    outer loop
      vertex 52.3991 23.4336 10
      vertex 52.5488 23.7371 10
      vertex 52.1331 23.9094 9.4
    endloop
  endfacet
  facet normal 0.257363 0.758133 0.599166
    outer loop
      vertex 48.5576 21.8424 10
      vertex 48.4094 22.3669 9.4
      vertex 48.2371 21.9512 10
    endloop
  endfacet
  facet normal -0.052401 0.798901 0.599176
    outer loop
      vertex 49.5 22.15 9.4
      vertex 49.593 21.7061 10
      vertex 49.872 22.1744 9.4
    endloop
  endfacet
  facet normal -0.052401 0.798901 0.599176
    outer loop
      vertex 49.593 21.7061 10
      vertex 49.5 22.15 9.4
      vertex 49.5 21.7 10
    endloop
  endfacet
  facet normal 0.785268 -0.156152 0.599142
    outer loop
      vertex 46.6744 25.372 9.4
      vertex 46.7471 25.7376 9.4
      vertex 46.1676 25.8929 10.2
    endloop
  endfacet
  facet normal 0.785201 0.156295 0.599192
    outer loop
      vertex 46.1676 24.1071 10.2
      vertex 46.6744 24.628 9.4
      vertex 46.0795 24.5497 10.2
    endloop
  endfacet
  facet normal -0.798879 -0.0522808 0.599215
    outer loop
      vertex 52.7939 25.093 10
      vertex 52.7718 25.4307 10
      vertex 52.3256 25.372 9.4
    endloop
  endfacet
  facet normal -0.156327 -0.785183 0.599208
    outer loop
      vertex 50.2627 28.2057 10
      vertex 49.9307 28.2718 10
      vertex 49.872 27.8256 9.4
    endloop
  endfacet
  facet normal -0.798879 0.0522808 0.599215
    outer loop
      vertex 52.7718 24.5693 10
      vertex 52.7939 24.907 10
      vertex 52.3256 24.628 9.4
    endloop
  endfacet
  facet normal 0.798889 -0.0523367 0.599197
    outer loop
      vertex 46.6744 25.372 9.4
      vertex 46.0795 25.4503 10.2
      vertex 46.05 25 10.2
    endloop
  endfacet
  facet normal -0.718024 -0.354162 0.599175
    outer loop
      vertex 52.5488 26.2629 10
      vertex 52.3991 26.5664 10
      vertex 52.1331 26.0906 9.4
    endloop
  endfacet
  facet normal -0.601941 -0.527911 0.599147
    outer loop
      vertex 52.1181 27.0089 10
      vertex 51.8949 27.2634 10
      vertex 51.7611 26.735 9.4
    endloop
  endfacet
  facet normal -0.0522808 -0.798879 0.599215
    outer loop
      vertex 49.872 27.8256 9.4
      vertex 49.9307 28.2718 10
      vertex 49.593 28.2939 10
    endloop
  endfacet
  facet normal -0.527911 0.601941 0.599147
    outer loop
      vertex 51.5089 22.3819 10
      vertex 51.7634 22.6051 10
      vertex 51.235 22.7389 9.4
    endloop
  endfacet
  facet normal -0.527911 -0.601941 0.599147
    outer loop
      vertex 51.7634 27.3949 10
      vertex 51.5089 27.6181 10
      vertex 51.235 27.2611 9.4
    endloop
  endfacet
  facet normal 0.785201 -0.156295 0.599192
    outer loop
      vertex 46.6744 25.372 9.4
      vertex 46.1676 25.8929 10.2
      vertex 46.0795 25.4503 10.2
    endloop
  endfacet
  facet normal 0.444929 -0.665676 0.599094
    outer loop
      vertex 47.765 27.2611 9.4
      vertex 47.85 27.8579 10
      vertex 47.7725 27.8061 10
    endloop
  endfacet
  facet normal 0.444749 -0.665727 0.599171
    outer loop
      vertex 47.85 27.8579 10
      vertex 47.765 27.2611 9.4
      vertex 48.075 27.4682 9.4
    endloop
  endfacet
  facet normal -0.758133 0.257363 0.599166
    outer loop
      vertex 52.5488 23.7371 10
      vertex 52.6576 24.0576 10
      vertex 52.1331 23.9094 9.4
    endloop
  endfacet
  facet normal -0.785265 0.156151 0.599146
    outer loop
      vertex 52.2529 24.2624 9.4
      vertex 52.7057 24.2373 10
      vertex 52.3256 24.628 9.4
    endloop
  endfacet
  facet normal -0.785357 0.155525 0.599189
    outer loop
      vertex 52.7057 24.2373 10
      vertex 52.2529 24.2624 9.4
      vertex 52.6876 24.1459 10
    endloop
  endfacet
  facet normal -0.798901 0.052401 0.599176
    outer loop
      vertex 52.35 25 9.4
      vertex 52.7939 24.907 10
      vertex 52.8 25 10
    endloop
  endfacet
  facet normal -0.798901 0.052401 0.599176
    outer loop
      vertex 52.7939 24.907 10
      vertex 52.35 25 9.4
      vertex 52.3256 24.628 9.4
    endloop
  endfacet
  facet normal 0.601978 0.527885 0.599132
    outer loop
      vertex 47.1051 22.7366 10
      vertex 47.4847 22.9847 9.4
      vertex 47.2389 23.265 9.4
    endloop
  endfacet
  facet normal 0.602267 0.52752 0.599164
    outer loop
      vertex 47.4847 22.9847 9.4
      vertex 47.1051 22.7366 10
      vertex 47.1665 22.6665 10
    endloop
  endfacet
  facet normal -0.758133 -0.257363 0.599166
    outer loop
      vertex 52.6576 25.9424 10
      vertex 52.5488 26.2629 10
      vertex 52.1331 26.0906 9.4
    endloop
  endfacet
  facet normal -0.444749 -0.665727 0.599171
    outer loop
      vertex 51.235 27.2611 9.4
      vertex 51.15 27.8579 10
      vertex 50.925 27.4682 9.4
    endloop
  endfacet
  facet normal -0.444929 -0.665676 0.599094
    outer loop
      vertex 51.15 27.8579 10
      vertex 51.235 27.2611 9.4
      vertex 51.2275 27.8061 10
    endloop
  endfacet
  facet normal -0.785183 0.156327 0.599208
    outer loop
      vertex 52.7057 24.2373 10
      vertex 52.7718 24.5693 10
      vertex 52.3256 24.628 9.4
    endloop
  endfacet
  facet normal 0.758175 -0.257219 0.599174
    outer loop
      vertex 46.8669 26.0906 9.4
      vertex 46.3126 26.3203 10.2
      vertex 46.1676 25.8929 10.2
    endloop
  endfacet
  facet normal 0.353922 -0.718153 0.599162
    outer loop
      vertex 48.075 27.4682 9.4
      vertex 47.9336 27.8991 10
      vertex 47.85 27.8579 10
    endloop
  endfacet
  facet normal 0.3541 -0.718077 0.599148
    outer loop
      vertex 47.9336 27.8991 10
      vertex 48.075 27.4682 9.4
      vertex 48.4094 27.6331 9.4
    endloop
  endfacet
  facet normal -0.665734 -0.444769 0.599149
    outer loop
      vertex 52.3061 26.7275 10
      vertex 52.1181 27.0089 10
      vertex 51.7611 26.735 9.4
    endloop
  endfacet
  facet normal 0.052401 -0.798901 0.599176
    outer loop
      vertex 49.5 27.85 9.4
      vertex 49.407 28.2939 10
      vertex 49.128 27.8256 9.4
    endloop
  endfacet
  facet normal 0.052401 -0.798901 0.599176
    outer loop
      vertex 49.407 28.2939 10
      vertex 49.5 27.85 9.4
      vertex 49.5 28.3 10
    endloop
  endfacet
  facet normal 0.601974 -0.527948 0.599081
    outer loop
      vertex 46.8278 27.1742 10.2
      vertex 46.7629 27.1002 10.2
      vertex 46.9722 27.1119 10
    endloop
  endfacet
  facet normal 0.60186 -0.527968 0.599178
    outer loop
      vertex 46.9722 27.1119 10
      vertex 47.2389 26.735 9.4
      vertex 47.1051 27.2634 10
    endloop
  endfacet
  facet normal 0.602033 -0.527802 0.599151
    outer loop
      vertex 47.2389 26.735 9.4
      vertex 46.9722 27.1119 10
      vertex 46.7629 27.1002 10.2
    endloop
  endfacet
  facet normal -0.718077 0.3541 0.599148
    outer loop
      vertex 51.9682 23.575 9.4
      vertex 52.3991 23.4336 10
      vertex 52.1331 23.9094 9.4
    endloop
  endfacet
  facet normal -0.718153 0.353922 0.599162
    outer loop
      vertex 52.3991 23.4336 10
      vertex 51.9682 23.575 9.4
      vertex 52.3579 23.35 10
    endloop
  endfacet
  facet normal 0.155525 -0.785357 0.599189
    outer loop
      vertex 48.7624 27.7529 9.4
      vertex 48.7373 28.2057 10
      vertex 48.6459 28.1876 10
    endloop
  endfacet
  facet normal 0.156151 -0.785265 0.599146
    outer loop
      vertex 48.7373 28.2057 10
      vertex 48.7624 27.7529 9.4
      vertex 49.128 27.8256 9.4
    endloop
  endfacet
  facet normal -0.257544 -0.758039 0.599206
    outer loop
      vertex 50.2376 27.7529 9.4
      vertex 50.4424 28.1576 10
      vertex 50.3541 28.1876 10
    endloop
  endfacet
  facet normal -0.257295 -0.758138 0.599188
    outer loop
      vertex 50.4424 28.1576 10
      vertex 50.2376 27.7529 9.4
      vertex 50.5906 27.6331 9.4
    endloop
  endfacet
  facet normal -0.444929 0.665676 0.599094
    outer loop
      vertex 51.235 22.7389 9.4
      vertex 51.15 22.1421 10
      vertex 51.2275 22.1939 10
    endloop
  endfacet
  facet normal -0.444749 0.665727 0.599171
    outer loop
      vertex 51.15 22.1421 10
      vertex 51.235 22.7389 9.4
      vertex 50.925 22.5318 9.4
    endloop
  endfacet
  facet normal -0.602267 -0.52752 0.599164
    outer loop
      vertex 51.5153 27.0153 9.4
      vertex 51.8949 27.2634 10
      vertex 51.8335 27.3335 10
    endloop
  endfacet
  facet normal -0.601978 -0.527885 0.599132
    outer loop
      vertex 51.8949 27.2634 10
      vertex 51.5153 27.0153 9.4
      vertex 51.7611 26.735 9.4
    endloop
  endfacet
  facet normal -0.052401 -0.798901 0.599176
    outer loop
      vertex 49.5 27.85 9.4
      vertex 49.593 28.2939 10
      vertex 49.5 28.3 10
    endloop
  endfacet
  facet normal -0.052401 -0.798901 0.599176
    outer loop
      vertex 49.593 28.2939 10
      vertex 49.5 27.85 9.4
      vertex 49.872 27.8256 9.4
    endloop
  endfacet
  facet normal 0.3541 0.718077 0.599148
    outer loop
      vertex 48.075 22.5318 9.4
      vertex 47.9336 22.1009 10
      vertex 48.4094 22.3669 9.4
    endloop
  endfacet
  facet normal 0.353922 0.718153 0.599162
    outer loop
      vertex 47.9336 22.1009 10
      vertex 48.075 22.5318 9.4
      vertex 47.85 22.1421 10
    endloop
  endfacet
  facet normal -0.444769 0.665734 0.599149
    outer loop
      vertex 51.5089 22.3819 10
      vertex 51.235 22.7389 9.4
      vertex 51.2275 22.1939 10
    endloop
  endfacet
  facet normal -0.0522808 0.798879 0.599215
    outer loop
      vertex 49.9307 21.7282 10
      vertex 49.872 22.1744 9.4
      vertex 49.593 21.7061 10
    endloop
  endfacet
  facet normal -0.3541 -0.718077 0.599148
    outer loop
      vertex 50.925 27.4682 9.4
      vertex 51.0664 27.8991 10
      vertex 50.5906 27.6331 9.4
    endloop
  endfacet
  facet normal -0.353922 -0.718153 0.599162
    outer loop
      vertex 51.0664 27.8991 10
      vertex 50.925 27.4682 9.4
      vertex 51.15 27.8579 10
    endloop
  endfacet
  facet normal -0.156151 -0.785265 0.599146
    outer loop
      vertex 50.2376 27.7529 9.4
      vertex 50.2627 28.2057 10
      vertex 49.872 27.8256 9.4
    endloop
  endfacet
  facet normal -0.155525 -0.785357 0.599189
    outer loop
      vertex 50.2627 28.2057 10
      vertex 50.2376 27.7529 9.4
      vertex 50.3541 28.1876 10
    endloop
  endfacet
  facet normal -0.444769 -0.665734 0.599149
    outer loop
      vertex 51.235 27.2611 9.4
      vertex 51.5089 27.6181 10
      vertex 51.2275 27.8061 10
    endloop
  endfacet
  facet normal -0.353922 0.718153 0.599162
    outer loop
      vertex 50.925 22.5318 9.4
      vertex 51.0664 22.1009 10
      vertex 51.15 22.1421 10
    endloop
  endfacet
  facet normal -0.3541 0.718077 0.599148
    outer loop
      vertex 51.0664 22.1009 10
      vertex 50.925 22.5318 9.4
      vertex 50.5906 22.3669 9.4
    endloop
  endfacet
  facet normal -0.758039 0.257544 0.599206
    outer loop
      vertex 52.2529 24.2624 9.4
      vertex 52.6576 24.0576 10
      vertex 52.6876 24.1459 10
    endloop
  endfacet
  facet normal -0.758138 0.257295 0.599188
    outer loop
      vertex 52.6576 24.0576 10
      vertex 52.2529 24.2624 9.4
      vertex 52.1331 23.9094 9.4
    endloop
  endfacet
  facet normal 0.718064 -0.354093 0.599168
    outer loop
      vertex 46.8669 26.0906 9.4
      vertex 47.0318 26.425 9.4
      vertex 46.5122 26.725 10.2
    endloop
  endfacet
  facet normal -0.718153 -0.353922 0.599162
    outer loop
      vertex 51.9682 26.425 9.4
      vertex 52.3991 26.5664 10
      vertex 52.3579 26.65 10
    endloop
  endfacet
  facet normal -0.718077 -0.3541 0.599148
    outer loop
      vertex 52.3991 26.5664 10
      vertex 51.9682 26.425 9.4
      vertex 52.1331 26.0906 9.4
    endloop
  endfacet
  facet normal -0.785183 -0.156327 0.599208
    outer loop
      vertex 52.7718 25.4307 10
      vertex 52.7057 25.7627 10
      vertex 52.3256 25.372 9.4
    endloop
  endfacet
  facet normal 0.665706 0.444809 0.59915
    outer loop
      vertex 46.7629 22.8998 10.2
      vertex 47.2389 23.265 9.4
      vertex 46.5122 23.275 10.2
    endloop
  endfacet
  facet normal 0.527885 0.601978 0.599132
    outer loop
      vertex 47.4847 22.9847 9.4
      vertex 47.2366 22.6051 10
      vertex 47.765 22.7389 9.4
    endloop
  endfacet
  facet normal 0.52752 0.602267 0.599164
    outer loop
      vertex 47.2366 22.6051 10
      vertex 47.4847 22.9847 9.4
      vertex 47.1665 22.6665 10
    endloop
  endfacet
  facet normal -0.665734 0.444769 0.599149
    outer loop
      vertex 52.1181 22.9911 10
      vertex 52.3061 23.2725 10
      vertex 51.7611 23.265 9.4
    endloop
  endfacet
  facet normal 0.758167 -0.257304 0.599147
    outer loop
      vertex 46.7471 25.7376 9.4
      vertex 46.8669 26.0906 9.4
      vertex 46.1676 25.8929 10.2
    endloop
  endfacet
  facet normal 0 0 -1
    outer loop
      vertex 46.7629 22.8998 10.2
      vertex 46.8278 24.0247 10.2
      vertex 46.8278 22.8258 10.2
    endloop
  endfacet
  facet normal 0 0 -1
    outer loop
      vertex 46.5122 23.275 10.2
      vertex 46.8278 24.0247 10.2
      vertex 46.7629 22.8998 10.2
    endloop
  endfacet
  facet normal 0 0 -1
    outer loop
      vertex 46.3126 23.6797 10.2
      vertex 46.8278 24.0247 10.2
      vertex 46.5122 23.275 10.2
    endloop
  endfacet
  facet normal 0 0 -1
    outer loop
      vertex 46.1676 24.1071 10.2
      vertex 46.8278 24.0247 10.2
      vertex 46.3126 23.6797 10.2
    endloop
  endfacet
  facet normal 0 0 -1
    outer loop
      vertex 46.8278 24.0247 10.2
      vertex 46.1676 24.1071 10.2
      vertex 46.7471 24.2624 10.2
    endloop
  endfacet
  facet normal 0 0 -1
    outer loop
      vertex 46.8278 25.9753 10.2
      vertex 46.7629 27.1002 10.2
      vertex 46.8278 27.1742 10.2
    endloop
  endfacet
  facet normal 0 0 -1
    outer loop
      vertex 46.1676 25.8929 10.2
      vertex 46.8278 25.9753 10.2
      vertex 46.7471 25.7376 10.2
    endloop
  endfacet
  facet normal 0 0 -1
    outer loop
      vertex 46.1676 25.8929 10.2
      vertex 46.7471 25.7376 10.2
      vertex 46.6744 25.372 10.2
    endloop
  endfacet
  facet normal 0 0 -1
    outer loop
      vertex 46.0795 25.4503 10.2
      vertex 46.6744 25.372 10.2
      vertex 46.65 25 10.2
    endloop
  endfacet
  facet normal -0 0 -1
    outer loop
      vertex 46.7471 24.2624 10.2
      vertex 46.1676 24.1071 10.2
      vertex 46.6744 24.628 10.2
    endloop
  endfacet
  facet normal 0 0 -1
    outer loop
      vertex 46.8278 25.9753 10.2
      vertex 46.5122 26.725 10.2
      vertex 46.7629 27.1002 10.2
    endloop
  endfacet
  facet normal 0 0 -1
    outer loop
      vertex 46.0795 24.5497 10.2
      vertex 46.6744 24.628 10.2
      vertex 46.1676 24.1071 10.2
    endloop
  endfacet
  facet normal 0 0 -1
    outer loop
      vertex 46.8278 25.9753 10.2
      vertex 46.3126 26.3203 10.2
      vertex 46.5122 26.725 10.2
    endloop
  endfacet
  facet normal -0 0 -1
    outer loop
      vertex 46.6744 24.628 10.2
      vertex 46.0795 24.5497 10.2
      vertex 46.65 25 10.2
    endloop
  endfacet
  facet normal -0 0 -1
    outer loop
      vertex 46.8278 25.9753 10.2
      vertex 46.1676 25.8929 10.2
      vertex 46.3126 26.3203 10.2
    endloop
  endfacet
  facet normal 0 0 -1
    outer loop
      vertex 46.05 25 10.2
      vertex 46.65 25 10.2
      vertex 46.0795 24.5497 10.2
    endloop
  endfacet
  facet normal 0 0 -1
    outer loop
      vertex 46.6744 25.372 10.2
      vertex 46.0795 25.4503 10.2
      vertex 46.1676 25.8929 10.2
    endloop
  endfacet
  facet normal 0 0 -1
    outer loop
      vertex 46.65 25 10.2
      vertex 46.05 25 10.2
      vertex 46.0795 25.4503 10.2
    endloop
  endfacet
  facet normal 0.527911 -0.601941 0.599147
    outer loop
      vertex 47.765 27.2611 9.4
      vertex 47.4911 27.6181 10
      vertex 47.2366 27.3949 10
    endloop
  endfacet
  facet normal 0.444769 0.665734 0.599149
    outer loop
      vertex 47.7725 22.1939 10
      vertex 47.765 22.7389 9.4
      vertex 47.4911 22.3819 10
    endloop
  endfacet
  facet normal 0.444769 -0.665734 0.599149
    outer loop
      vertex 47.765 27.2611 9.4
      vertex 47.7725 27.8061 10
      vertex 47.4911 27.6181 10
    endloop
  endfacet
  facet normal 0.0522808 -0.798879 0.599215
    outer loop
      vertex 49.128 27.8256 9.4
      vertex 49.407 28.2939 10
      vertex 49.0693 28.2718 10
    endloop
  endfacet
  facet normal -0.354162 0.718024 0.599175
    outer loop
      vertex 50.7629 21.9512 10
      vertex 51.0664 22.1009 10
      vertex 50.5906 22.3669 9.4
    endloop
  endfacet
  facet normal 0.052401 0.798901 0.599176
    outer loop
      vertex 49.5 22.15 9.4
      vertex 49.407 21.7061 10
      vertex 49.5 21.7 10
    endloop
  endfacet
  facet normal 0.052401 0.798901 0.599176
    outer loop
      vertex 49.407 21.7061 10
      vertex 49.5 22.15 9.4
      vertex 49.128 22.1744 9.4
    endloop
  endfacet
  facet normal -0.601941 0.527911 0.599147
    outer loop
      vertex 51.8949 22.7366 10
      vertex 52.1181 22.9911 10
      vertex 51.7611 23.265 9.4
    endloop
  endfacet
  facet normal -0.52752 0.602267 0.599164
    outer loop
      vertex 51.5153 22.9847 9.4
      vertex 51.7634 22.6051 10
      vertex 51.8335 22.6665 10
    endloop
  endfacet
  facet normal -0.527885 0.601978 0.599132
    outer loop
      vertex 51.7634 22.6051 10
      vertex 51.5153 22.9847 9.4
      vertex 51.235 22.7389 9.4
    endloop
  endfacet
  facet normal -0.758138 -0.257295 0.599188
    outer loop
      vertex 52.2529 25.7376 9.4
      vertex 52.6576 25.9424 10
      vertex 52.1331 26.0906 9.4
    endloop
  endfacet
  facet normal -0.758039 -0.257544 0.599206
    outer loop
      vertex 52.6576 25.9424 10
      vertex 52.2529 25.7376 9.4
      vertex 52.6876 25.8541 10
    endloop
  endfacet
  facet normal -0.785357 -0.155525 0.599189
    outer loop
      vertex 52.2529 25.7376 9.4
      vertex 52.7057 25.7627 10
      vertex 52.6876 25.8541 10
    endloop
  endfacet
  facet normal -0.785265 -0.156151 0.599146
    outer loop
      vertex 52.7057 25.7627 10
      vertex 52.2529 25.7376 9.4
      vertex 52.3256 25.372 9.4
    endloop
  endfacet
  facet normal 0.444749 0.665727 0.599171
    outer loop
      vertex 47.765 22.7389 9.4
      vertex 47.85 22.1421 10
      vertex 48.075 22.5318 9.4
    endloop
  endfacet
  facet normal 0.444929 0.665676 0.599094
    outer loop
      vertex 47.85 22.1421 10
      vertex 47.765 22.7389 9.4
      vertex 47.7725 22.1939 10
    endloop
  endfacet
  facet normal 0.52752 -0.602267 0.599164
    outer loop
      vertex 47.4847 27.0153 9.4
      vertex 47.2366 27.3949 10
      vertex 47.1665 27.3335 10
    endloop
  endfacet
  facet normal 0.527885 -0.601978 0.599132
    outer loop
      vertex 47.2366 27.3949 10
      vertex 47.4847 27.0153 9.4
      vertex 47.765 27.2611 9.4
    endloop
  endfacet
  facet normal 0.718029 0.354135 0.599185
    outer loop
      vertex 46.5122 23.275 10.2
      vertex 46.8669 23.9094 9.4
      vertex 46.3126 23.6797 10.2
    endloop
  endfacet
  facet normal 0.758175 0.257219 0.599174
    outer loop
      vertex 46.3126 23.6797 10.2
      vertex 46.8669 23.9094 9.4
      vertex 46.1676 24.1071 10.2
    endloop
  endfacet
  facet normal -0.155525 0.785357 0.599189
    outer loop
      vertex 50.2376 22.2471 9.4
      vertex 50.2627 21.7943 10
      vertex 50.3541 21.8124 10
    endloop
  endfacet
  facet normal -0.156151 0.785265 0.599146
    outer loop
      vertex 50.2627 21.7943 10
      vertex 50.2376 22.2471 9.4
      vertex 49.872 22.1744 9.4
    endloop
  endfacet
  facet normal 0.665727 -0.444749 0.599171
    outer loop
      vertex 47.0318 26.425 9.4
      vertex 47.2389 26.735 9.4
      vertex 46.5122 26.725 10.2
    endloop
  endfacet
  facet normal 0.665706 -0.444809 0.59915
    outer loop
      vertex 47.2389 26.735 9.4
      vertex 46.7629 27.1002 10.2
      vertex 46.5122 26.725 10.2
    endloop
  endfacet
  facet normal -0.257363 0.758133 0.599166
    outer loop
      vertex 50.7629 21.9512 10
      vertex 50.5906 22.3669 9.4
      vertex 50.4424 21.8424 10
    endloop
  endfacet
  facet normal 0.257544 0.758039 0.599206
    outer loop
      vertex 48.7624 22.2471 9.4
      vertex 48.5576 21.8424 10
      vertex 48.6459 21.8124 10
    endloop
  endfacet
  facet normal 0.257295 0.758138 0.599188
    outer loop
      vertex 48.5576 21.8424 10
      vertex 48.7624 22.2471 9.4
      vertex 48.4094 22.3669 9.4
    endloop
  endfacet
  facet normal 0.601974 0.527948 0.599081
    outer loop
      vertex 46.7629 22.8998 10.2
      vertex 46.8278 22.8258 10.2
      vertex 46.9722 22.8881 10
    endloop
  endfacet
  facet normal 0.602033 0.527802 0.599151
    outer loop
      vertex 46.9722 22.8881 10
      vertex 47.2389 23.265 9.4
      vertex 46.7629 22.8998 10.2
    endloop
  endfacet
  facet normal 0.60186 0.527968 0.599178
    outer loop
      vertex 47.2389 23.265 9.4
      vertex 46.9722 22.8881 10
      vertex 47.1051 22.7366 10
    endloop
  endfacet
  facet normal 0.257295 -0.758138 0.599188
    outer loop
      vertex 48.7624 27.7529 9.4
      vertex 48.5576 28.1576 10
      vertex 48.4094 27.6331 9.4
    endloop
  endfacet
  facet normal 0.257544 -0.758039 0.599206
    outer loop
      vertex 48.5576 28.1576 10
      vertex 48.7624 27.7529 9.4
      vertex 48.6459 28.1876 10
    endloop
  endfacet
  facet normal 0.156327 -0.785183 0.599208
    outer loop
      vertex 49.128 27.8256 9.4
      vertex 49.0693 28.2718 10
      vertex 48.7373 28.2057 10
    endloop
  endfacet
  facet normal 0.257363 -0.758133 0.599166
    outer loop
      vertex 48.4094 27.6331 9.4
      vertex 48.5576 28.1576 10
      vertex 48.2371 28.0488 10
    endloop
  endfacet
  facet normal 0.785268 0.156152 0.599142
    outer loop
      vertex 46.7471 24.2624 9.4
      vertex 46.6744 24.628 9.4
      vertex 46.1676 24.1071 10.2
    endloop
  endfacet
  facet normal 0.758167 0.257304 0.599147
    outer loop
      vertex 46.8669 23.9094 9.4
      vertex 46.7471 24.2624 9.4
      vertex 46.1676 24.1071 10.2
    endloop
  endfacet
  facet normal 0.156151 0.785265 0.599146
    outer loop
      vertex 48.7624 22.2471 9.4
      vertex 48.7373 21.7943 10
      vertex 49.128 22.1744 9.4
    endloop
  endfacet
  facet normal 0.155525 0.785357 0.599189
    outer loop
      vertex 48.7373 21.7943 10
      vertex 48.7624 22.2471 9.4
      vertex 48.6459 21.8124 10
    endloop
  endfacet
  facet normal -0 0.342021 0.939692
    outer loop
      vertex 24.14 37.9864 31.0942
      vertex 35.36 15.4338 39.3027
      vertex 35.36 37.9864 31.0942
    endloop
  endfacet
  facet normal 0 0.342021 0.939692
    outer loop
      vertex 35.36 15.4338 39.3027
      vertex 24.14 37.9864 31.0942
      vertex 24.14 15.4338 39.3027
    endloop
  endfacet
  facet normal -1 0 0
    outer loop
      vertex 35.36 37.9864 31.0942
      vertex 35.36 44.7756 52.0351
      vertex 35.36 45.5109 51.7675
    endloop
  endfacet
  facet normal -1 0 0
    outer loop
      vertex 35.36 37.9864 31.0942
      vertex 35.36 23.5087 59.7756
      vertex 35.36 44.7756 52.0351
    endloop
  endfacet
  facet normal -1 0 0
    outer loop
      vertex 35.36 15.4338 39.3027
      vertex 35.36 23.5087 59.7756
      vertex 35.36 37.9864 31.0942
    endloop
  endfacet
  facet normal -1 -0 0
    outer loop
      vertex 35.36 23.5087 59.7756
      vertex 35.36 15.4338 39.3027
      vertex 35.36 23.1013 59.9239
    endloop
  endfacet
  facet normal -1 -0 0
    outer loop
      vertex 35.36 23.1013 59.9239
      vertex 35.36 15.4338 39.3027
      vertex 35.36 22.9743 59.9701
    endloop
  endfacet
  facet normal -1 -0 0
    outer loop
      vertex 35.36 22.9743 59.9701
      vertex 35.36 15.4338 39.3027
      vertex 35.36 22.9582 59.9759
    endloop
  endfacet
  facet normal 1 0 0
    outer loop
      vertex 24.14 44.7756 52.0351
      vertex 24.14 37.9864 31.0942
      vertex 24.14 45.5109 51.7675
    endloop
  endfacet
  facet normal 1 0 0
    outer loop
      vertex 24.14 23.5087 59.7756
      vertex 24.14 37.9864 31.0942
      vertex 24.14 44.7756 52.0351
    endloop
  endfacet
  facet normal 1 0 0
    outer loop
      vertex 24.14 15.4338 39.3027
      vertex 24.14 23.5087 59.7756
      vertex 24.14 23.1013 59.9239
    endloop
  endfacet
  facet normal 1 0 0
    outer loop
      vertex 24.14 15.4338 39.3027
      vertex 24.14 23.1013 59.9239
      vertex 24.14 22.9743 59.9701
    endloop
  endfacet
  facet normal 1 0 0
    outer loop
      vertex 24.14 15.4338 39.3027
      vertex 24.14 22.9743 59.9701
      vertex 24.14 22.9582 59.9759
    endloop
  endfacet
  facet normal 1 0 0
    outer loop
      vertex 24.14 23.5087 59.7756
      vertex 24.14 15.4338 39.3027
      vertex 24.14 37.9864 31.0942
    endloop
  endfacet
endsolid OpenSCAD_Model
