solid OpenSCAD_Model
  facet normal 0.195091 -0.980785 0
    outer loop
      vertex 7.34842 0.0556078 0
      vertex 8.18232 0.221481 2.4
      vertex 7.34842 0.0556078 2.4
    endloop
  endfacet
  facet normal 0.195091 -0.980785 0
    outer loop
      vertex 8.18232 0.221481 2.4
      vertex 7.34842 0.0556078 0
      vertex 8.18232 0.221481 0
    endloop
  endfacet
  facet normal -0.555568 -0.831471 0
    outer loop
      vertex 2.54305 1.3432 0
      vertex 3.25 0.870834 2.4
      vertex 2.54305 1.3432 2.4
    endloop
  endfacet
  facet normal -0.555568 -0.831471 -0
    outer loop
      vertex 3.25 0.870834 2.4
      vertex 2.54305 1.3432 0
      vertex 3.25 0.870834 0
    endloop
  endfacet
  facet normal -0.896873 0.442288 0
    outer loop
      vertex 0.494782 8.98744 0
      vertex 0.870834 9.75 2.4
      vertex 0.870834 9.75 0
    endloop
  endfacet
  facet normal -0.896873 0.442288 0
    outer loop
      vertex 0.870834 9.75 2.4
      vertex 0.494782 8.98744 0
      vertex 0.494782 8.98744 2.4
    endloop
  endfacet
  facet normal -0.751833 -0.659354 0
    outer loop
      vertex 1.90381 1.90381 0
      vertex 1.3432 2.54305 2.4
      vertex 1.3432 2.54305 0
    endloop
  endfacet
  facet normal -0.751833 -0.659354 0
    outer loop
      vertex 1.3432 2.54305 2.4
      vertex 1.90381 1.90381 0
      vertex 1.90381 1.90381 2.4
    endloop
  endfacet
  facet normal -0.321439 -0.94693 0
    outer loop
      vertex 4.01256 0.494782 0
      vertex 4.81768 0.221481 2.4
      vertex 4.01256 0.494782 2.4
    endloop
  endfacet
  facet normal -0.321439 -0.94693 -0
    outer loop
      vertex 4.81768 0.221481 2.4
      vertex 4.01256 0.494782 0
      vertex 4.81768 0.221481 0
    endloop
  endfacet
  facet normal -0.751864 0.659319 0
    outer loop
      vertex 1.3432 10.4569 0
      vertex 1.90381 11.0962 2.4
      vertex 1.90381 11.0962 0
    endloop
  endfacet
  facet normal -0.751864 0.659319 0
    outer loop
      vertex 1.90381 11.0962 2.4
      vertex 1.3432 10.4569 0
      vertex 1.3432 10.4569 2.4
    endloop
  endfacet
  facet normal -0.555596 0.831453 0
    outer loop
      vertex 3.25 12.1292 0
      vertex 2.54305 11.6568 2.4
      vertex 3.25 12.1292 2.4
    endloop
  endfacet
  facet normal -0.555596 0.831453 0
    outer loop
      vertex 2.54305 11.6568 2.4
      vertex 3.25 12.1292 0
      vertex 2.54305 11.6568 0
    endloop
  endfacet
  facet normal 0.751839 -0.659347 0
    outer loop
      vertex 11.0962 1.90381 2.4
      vertex 11.6568 2.54305 0
      vertex 11.6568 2.54305 2.4
    endloop
  endfacet
  facet normal 0.751839 -0.659347 0
    outer loop
      vertex 11.6568 2.54305 0
      vertex 11.0962 1.90381 2.4
      vertex 11.0962 1.90381 0
    endloop
  endfacet
  facet normal -0.896873 -0.442288 0
    outer loop
      vertex 0.870834 3.25 0
      vertex 0.494782 4.01256 2.4
      vertex 0.494782 4.01256 0
    endloop
  endfacet
  facet normal -0.896873 -0.442288 0
    outer loop
      vertex 0.494782 4.01256 2.4
      vertex 0.870834 3.25 0
      vertex 0.870834 3.25 2.4
    endloop
  endfacet
  facet normal -0.659347 0.751839 0
    outer loop
      vertex 2.54305 11.6568 0
      vertex 1.90381 11.0962 2.4
      vertex 2.54305 11.6568 2.4
    endloop
  endfacet
  facet normal -0.659347 0.751839 0
    outer loop
      vertex 1.90381 11.0962 2.4
      vertex 2.54305 11.6568 0
      vertex 1.90381 11.0962 0
    endloop
  endfacet
  facet normal 0.442239 0.896897 -0
    outer loop
      vertex 9.75 12.1292 0
      vertex 8.98744 12.5052 2.4
      vertex 9.75 12.1292 2.4
    endloop
  endfacet
  facet normal 0.442239 0.896897 0
    outer loop
      vertex 8.98744 12.5052 2.4
      vertex 9.75 12.1292 0
      vertex 8.98744 12.5052 0
    endloop
  endfacet
  facet normal 0.659319 -0.751864 0
    outer loop
      vertex 10.4569 1.3432 0
      vertex 11.0962 1.90381 2.4
      vertex 10.4569 1.3432 2.4
    endloop
  endfacet
  facet normal 0.659319 -0.751864 0
    outer loop
      vertex 11.0962 1.90381 2.4
      vertex 10.4569 1.3432 0
      vertex 11.0962 1.90381 0
    endloop
  endfacet
  facet normal 0.0654024 -0.997859 0
    outer loop
      vertex 6.5 0 0
      vertex 7.34842 0.0556078 2.4
      vertex 6.5 0 2.4
    endloop
  endfacet
  facet normal 0.0654024 -0.997859 0
    outer loop
      vertex 7.34842 0.0556078 2.4
      vertex 6.5 0 0
      vertex 7.34842 0.0556078 0
    endloop
  endfacet
  facet normal -0.94693 0.321439 0
    outer loop
      vertex 0.221481 8.18232 0
      vertex 0.494782 8.98744 2.4
      vertex 0.494782 8.98744 0
    endloop
  endfacet
  facet normal -0.94693 0.321439 0
    outer loop
      vertex 0.494782 8.98744 2.4
      vertex 0.221481 8.18232 0
      vertex 0.221481 8.18232 2.4
    endloop
  endfacet
  facet normal -0.0653933 0.99786 0
    outer loop
      vertex 6.5 13 0
      vertex 5.65158 12.9444 2.4
      vertex 6.5 13 2.4
    endloop
  endfacet
  facet normal -0.0653933 0.99786 0
    outer loop
      vertex 5.65158 12.9444 2.4
      vertex 6.5 13 0
      vertex 5.65158 12.9444 0
    endloop
  endfacet
  facet normal -0.980785 -0.195091 0
    outer loop
      vertex 0.221481 4.81768 0
      vertex 0.0556078 5.65158 2.4
      vertex 0.0556078 5.65158 0
    endloop
  endfacet
  facet normal -0.980785 -0.195091 0
    outer loop
      vertex 0.0556078 5.65158 2.4
      vertex 0.221481 4.81768 0
      vertex 0.221481 4.81768 2.4
    endloop
  endfacet
  facet normal -0.980785 0.195091 0
    outer loop
      vertex 0.0556078 7.34842 0
      vertex 0.221481 8.18232 2.4
      vertex 0.221481 8.18232 0
    endloop
  endfacet
  facet normal -0.980785 0.195091 0
    outer loop
      vertex 0.221481 8.18232 2.4
      vertex 0.0556078 7.34842 0
      vertex 0.0556078 7.34842 2.4
    endloop
  endfacet
  facet normal 0.75187 0.659312 0
    outer loop
      vertex 11.6568 10.4569 2.4
      vertex 11.0962 11.0962 0
      vertex 11.0962 11.0962 2.4
    endloop
  endfacet
  facet normal 0.75187 0.659312 0
    outer loop
      vertex 11.0962 11.0962 0
      vertex 11.6568 10.4569 2.4
      vertex 11.6568 10.4569 0
    endloop
  endfacet
  facet normal -0.0654024 -0.997859 0
    outer loop
      vertex 5.65158 0.0556078 0
      vertex 6.5 0 2.4
      vertex 5.65158 0.0556078 2.4
    endloop
  endfacet
  facet normal -0.0654024 -0.997859 -0
    outer loop
      vertex 6.5 0 2.4
      vertex 5.65158 0.0556078 0
      vertex 6.5 0 0
    endloop
  endfacet
  facet normal 0.0653933 0.99786 -0
    outer loop
      vertex 7.34842 12.9444 0
      vertex 6.5 13 2.4
      vertex 7.34842 12.9444 2.4
    endloop
  endfacet
  facet normal 0.0653933 0.99786 0
    outer loop
      vertex 6.5 13 2.4
      vertex 7.34842 12.9444 0
      vertex 6.5 13 0
    endloop
  endfacet
  facet normal -0.94693 -0.321439 0
    outer loop
      vertex 0.494782 4.01256 0
      vertex 0.221481 4.81768 2.4
      vertex 0.221481 4.81768 0
    endloop
  endfacet
  facet normal -0.94693 -0.321439 0
    outer loop
      vertex 0.221481 4.81768 2.4
      vertex 0.494782 4.01256 0
      vertex 0.494782 4.01256 2.4
    endloop
  endfacet
  facet normal 0.831435 0.555623 0
    outer loop
      vertex 12.1292 9.75 2.4
      vertex 11.6568 10.4569 0
      vertex 11.6568 10.4569 2.4
    endloop
  endfacet
  facet normal 0.831435 0.555623 0
    outer loop
      vertex 11.6568 10.4569 0
      vertex 12.1292 9.75 2.4
      vertex 12.1292 9.75 0
    endloop
  endfacet
  facet normal 0.555623 0.831435 -0
    outer loop
      vertex 10.4569 11.6568 0
      vertex 9.75 12.1292 2.4
      vertex 10.4569 11.6568 2.4
    endloop
  endfacet
  facet normal 0.555623 0.831435 0
    outer loop
      vertex 9.75 12.1292 2.4
      vertex 10.4569 11.6568 0
      vertex 9.75 12.1292 0
    endloop
  endfacet
  facet normal -0.321438 0.946931 0
    outer loop
      vertex 4.81768 12.7785 0
      vertex 4.01256 12.5052 2.4
      vertex 4.81768 12.7785 2.4
    endloop
  endfacet
  facet normal -0.321438 0.946931 0
    outer loop
      vertex 4.01256 12.5052 2.4
      vertex 4.81768 12.7785 0
      vertex 4.01256 12.5052 0
    endloop
  endfacet
  facet normal -0.997859 0.0654024 0
    outer loop
      vertex 0 6.5 0
      vertex 0.0556078 7.34842 2.4
      vertex 0.0556078 7.34842 0
    endloop
  endfacet
  facet normal -0.997859 0.0654024 0
    outer loop
      vertex 0.0556078 7.34842 2.4
      vertex 0 6.5 0
      vertex 0 6.5 2.4
    endloop
  endfacet
  facet normal 0.442288 -0.896873 0
    outer loop
      vertex 8.98744 0.494782 0
      vertex 9.75 0.870834 2.4
      vertex 8.98744 0.494782 2.4
    endloop
  endfacet
  facet normal 0.442288 -0.896873 0
    outer loop
      vertex 9.75 0.870834 2.4
      vertex 8.98744 0.494782 0
      vertex 9.75 0.870834 0
    endloop
  endfacet
  facet normal 0.896853 -0.442328 0
    outer loop
      vertex 12.1292 3.25 2.4
      vertex 12.2525 3.5 0
      vertex 12.2525 3.5 2.4
    endloop
  endfacet
  facet normal 0.896853 -0.442328 0
    outer loop
      vertex 12.2525 3.5 0
      vertex 12.1292 3.25 2.4
      vertex 12.1292 3.25 0
    endloop
  endfacet
  facet normal 0.831453 -0.555596 0
    outer loop
      vertex 11.6568 2.54305 2.4
      vertex 12.1292 3.25 0
      vertex 12.1292 3.25 2.4
    endloop
  endfacet
  facet normal 0.831453 -0.555596 0
    outer loop
      vertex 12.1292 3.25 0
      vertex 11.6568 2.54305 2.4
      vertex 11.6568 2.54305 0
    endloop
  endfacet
  facet normal -0.195121 0.980779 0
    outer loop
      vertex 5.65158 12.9444 0
      vertex 4.81768 12.7785 2.4
      vertex 5.65158 12.9444 2.4
    endloop
  endfacet
  facet normal -0.195121 0.980779 0
    outer loop
      vertex 4.81768 12.7785 2.4
      vertex 5.65158 12.9444 0
      vertex 4.81768 12.7785 0
    endloop
  endfacet
  facet normal -0.442239 0.896897 0
    outer loop
      vertex 4.01256 12.5052 0
      vertex 3.25 12.1292 2.4
      vertex 4.01256 12.5052 2.4
    endloop
  endfacet
  facet normal -0.442239 0.896897 0
    outer loop
      vertex 3.25 12.1292 2.4
      vertex 4.01256 12.5052 0
      vertex 3.25 12.1292 0
    endloop
  endfacet
  facet normal -0.831471 -0.555568 0
    outer loop
      vertex 1.3432 2.54305 0
      vertex 0.870834 3.25 2.4
      vertex 0.870834 3.25 0
    endloop
  endfacet
  facet normal -0.831471 -0.555568 0
    outer loop
      vertex 0.870834 3.25 2.4
      vertex 1.3432 2.54305 0
      vertex 1.3432 2.54305 2.4
    endloop
  endfacet
  facet normal 0.195121 0.980779 -0
    outer loop
      vertex 8.18232 12.7785 0
      vertex 7.34842 12.9444 2.4
      vertex 8.18232 12.7785 2.4
    endloop
  endfacet
  facet normal 0.195121 0.980779 0
    outer loop
      vertex 7.34842 12.9444 2.4
      vertex 8.18232 12.7785 0
      vertex 7.34842 12.9444 0
    endloop
  endfacet
  facet normal 0.555595 -0.831453 0
    outer loop
      vertex 9.75 0.870834 0
      vertex 10.4569 1.3432 2.4
      vertex 9.75 0.870834 2.4
    endloop
  endfacet
  facet normal 0.555595 -0.831453 0
    outer loop
      vertex 10.4569 1.3432 2.4
      vertex 9.75 0.870834 0
      vertex 10.4569 1.3432 0
    endloop
  endfacet
  facet normal 0.321438 0.946931 -0
    outer loop
      vertex 8.98744 12.5052 0
      vertex 8.18232 12.7785 2.4
      vertex 8.98744 12.5052 2.4
    endloop
  endfacet
  facet normal 0.321438 0.946931 0
    outer loop
      vertex 8.18232 12.7785 2.4
      vertex 8.98744 12.5052 0
      vertex 8.18232 12.7785 0
    endloop
  endfacet
  facet normal -0.997859 -0.0654024 0
    outer loop
      vertex 0.0556078 5.65158 0
      vertex 0 6.5 2.4
      vertex 0 6.5 0
    endloop
  endfacet
  facet normal -0.997859 -0.0654024 0
    outer loop
      vertex 0 6.5 2.4
      vertex 0.0556078 5.65158 0
      vertex 0.0556078 5.65158 2.4
    endloop
  endfacet
  facet normal 0.896853 0.442328 0
    outer loop
      vertex 12.2525 9.5 2.4
      vertex 12.1292 9.75 0
      vertex 12.1292 9.75 2.4
    endloop
  endfacet
  facet normal 0.896853 0.442328 0
    outer loop
      vertex 12.1292 9.75 0
      vertex 12.2525 9.5 2.4
      vertex 12.2525 9.5 0
    endloop
  endfacet
  facet normal -0.195091 -0.980785 0
    outer loop
      vertex 4.81768 0.221481 0
      vertex 5.65158 0.0556078 2.4
      vertex 4.81768 0.221481 2.4
    endloop
  endfacet
  facet normal -0.195091 -0.980785 -0
    outer loop
      vertex 5.65158 0.0556078 2.4
      vertex 4.81768 0.221481 0
      vertex 5.65158 0.0556078 0
    endloop
  endfacet
  facet normal 0.659312 0.75187 -0
    outer loop
      vertex 11.0962 11.0962 0
      vertex 10.4569 11.6568 2.4
      vertex 11.0962 11.0962 2.4
    endloop
  endfacet
  facet normal 0.659312 0.75187 0
    outer loop
      vertex 10.4569 11.6568 2.4
      vertex 11.0962 11.0962 0
      vertex 10.4569 11.6568 0
    endloop
  endfacet
  facet normal 0.321439 -0.94693 0
    outer loop
      vertex 8.18232 0.221481 0
      vertex 8.98744 0.494782 2.4
      vertex 8.18232 0.221481 2.4
    endloop
  endfacet
  facet normal 0.321439 -0.94693 0
    outer loop
      vertex 8.98744 0.494782 2.4
      vertex 8.18232 0.221481 0
      vertex 8.98744 0.494782 0
    endloop
  endfacet
  facet normal 0 0 -1
    outer loop
      vertex 28.455 23.5 0
      vertex 31.7 23.5 0
      vertex 31.6534 22.7886 0
    endloop
  endfacet
  facet normal 0 0 -1
    outer loop
      vertex 28.4361 23.2122 0
      vertex 31.6534 22.7886 0
      vertex 31.5143 22.0894 0
    endloop
  endfacet
  facet normal 0 0 -1
    outer loop
      vertex 31.7 23.5 0
      vertex 28.455 23.5 0
      vertex 31.6534 24.2114 0
    endloop
  endfacet
  facet normal 0 0 -1
    outer loop
      vertex 28.3799 22.9293 0
      vertex 31.5143 22.0894 0
      vertex 31.2851 21.4144 0
    endloop
  endfacet
  facet normal 0 0 -1
    outer loop
      vertex 28.4361 23.7878 0
      vertex 31.6534 24.2114 0
      vertex 28.455 23.5 0
    endloop
  endfacet
  facet normal 0 0 -1
    outer loop
      vertex 28.2872 22.6562 0
      vertex 31.2851 21.4144 0
      vertex 30.9698 20.775 0
    endloop
  endfacet
  facet normal -0 0 -1
    outer loop
      vertex 31.6534 24.2114 0
      vertex 28.4361 23.7878 0
      vertex 31.5143 24.9106 0
    endloop
  endfacet
  facet normal 0 0 -1
    outer loop
      vertex 28.1596 22.3975 0
      vertex 30.9698 20.775 0
      vertex 30.5738 20.1823 0
    endloop
  endfacet
  facet normal 0 0 -1
    outer loop
      vertex 28.3799 24.0707 0
      vertex 31.5143 24.9106 0
      vertex 28.4361 23.7878 0
    endloop
  endfacet
  facet normal 0 0 -1
    outer loop
      vertex 27.9993 22.1577 0
      vertex 30.5738 20.1823 0
      vertex 30.1037 19.6463 0
    endloop
  endfacet
  facet normal -0 0 -1
    outer loop
      vertex 31.5143 24.9106 0
      vertex 28.3799 24.0707 0
      vertex 31.2851 25.5856 0
    endloop
  endfacet
  facet normal 0 0 -1
    outer loop
      vertex 27.8092 21.9408 0
      vertex 30.1037 19.6463 0
      vertex 29.5677 19.1762 0
    endloop
  endfacet
  facet normal 0 0 -1
    outer loop
      vertex 28.2872 24.3438 0
      vertex 31.2851 25.5856 0
      vertex 28.3799 24.0707 0
    endloop
  endfacet
  facet normal 0 0 -1
    outer loop
      vertex 27.5923 21.7507 0
      vertex 29.5677 19.1762 0
      vertex 29.25 18.9639 0
    endloop
  endfacet
  facet normal -0 0 -1
    outer loop
      vertex 31.2851 25.5856 0
      vertex 28.2872 24.3438 0
      vertex 30.9698 26.225 0
    endloop
  endfacet
  facet normal -0 0 -1
    outer loop
      vertex 30.9698 26.225 0
      vertex 28.1596 24.6025 0
      vertex 30.5738 26.8177 0
    endloop
  endfacet
  facet normal 0 0 -1
    outer loop
      vertex 27.9993 24.8423 0
      vertex 30.5738 26.8177 0
      vertex 28.1596 24.6025 0
    endloop
  endfacet
  facet normal -0 0 -1
    outer loop
      vertex 30.5738 26.8177 0
      vertex 27.9993 24.8423 0
      vertex 30.1037 27.3537 0
    endloop
  endfacet
  facet normal 0 0 -1
    outer loop
      vertex 27.8092 25.0592 0
      vertex 30.1037 27.3537 0
      vertex 27.9993 24.8423 0
    endloop
  endfacet
  facet normal -0 0 -1
    outer loop
      vertex 30.1037 27.3537 0
      vertex 27.8092 25.0592 0
      vertex 29.5677 27.8238 0
    endloop
  endfacet
  facet normal 0 0 -1
    outer loop
      vertex 27.5923 25.2493 0
      vertex 29.5677 27.8238 0
      vertex 27.8092 25.0592 0
    endloop
  endfacet
  facet normal -0 0 -1
    outer loop
      vertex 29.5677 27.8238 0
      vertex 27.5923 25.2493 0
      vertex 28.975 28.2198 0
    endloop
  endfacet
  facet normal 0 0 -1
    outer loop
      vertex 27.3525 25.4096 0
      vertex 28.975 28.2198 0
      vertex 27.5923 25.2493 0
    endloop
  endfacet
  facet normal -0 0 -1
    outer loop
      vertex 28.975 28.2198 0
      vertex 27.3525 25.4096 0
      vertex 28.3356 28.5351 0
    endloop
  endfacet
  facet normal 0 0 -1
    outer loop
      vertex 27.0938 25.5372 0
      vertex 28.3356 28.5351 0
      vertex 27.3525 25.4096 0
    endloop
  endfacet
  facet normal -0 0 -1
    outer loop
      vertex 28.3356 28.5351 0
      vertex 27.0938 25.5372 0
      vertex 27.6606 28.7643 0
    endloop
  endfacet
  facet normal 0 0 -1
    outer loop
      vertex 26.8207 25.6299 0
      vertex 27.6606 28.7643 0
      vertex 27.0938 25.5372 0
    endloop
  endfacet
  facet normal -0 0 -1
    outer loop
      vertex 27.6606 28.7643 0
      vertex 26.8207 25.6299 0
      vertex 26.9614 28.9034 0
    endloop
  endfacet
  facet normal 0 0 -1
    outer loop
      vertex 26.5378 25.6861 0
      vertex 26.9614 28.9034 0
      vertex 26.8207 25.6299 0
    endloop
  endfacet
  facet normal 0 0 -1
    outer loop
      vertex 26.25 25.705 0
      vertex 26.9614 28.9034 0
      vertex 26.5378 25.6861 0
    endloop
  endfacet
  facet normal 0 0 -1
    outer loop
      vertex 26.25 25.705 0
      vertex 26.25 28.95 0
      vertex 26.9614 28.9034 0
    endloop
  endfacet
  facet normal 0 0 -1
    outer loop
      vertex 25.9622 25.6861 0
      vertex 26.25 28.95 0
      vertex 26.25 25.705 0
    endloop
  endfacet
  facet normal 0 0 -1
    outer loop
      vertex 25.5386 28.9034 0
      vertex 25.9622 25.6861 0
      vertex 25.6793 25.6299 0
    endloop
  endfacet
  facet normal 0 0 -1
    outer loop
      vertex 25.9622 25.6861 0
      vertex 25.5386 28.9034 0
      vertex 26.25 28.95 0
    endloop
  endfacet
  facet normal 0 0 -1
    outer loop
      vertex 24.8394 28.7643 0
      vertex 25.6793 25.6299 0
      vertex 25.4062 25.5372 0
    endloop
  endfacet
  facet normal 0 0 -1
    outer loop
      vertex 24.1644 28.5351 0
      vertex 25.4062 25.5372 0
      vertex 25.1475 25.4096 0
    endloop
  endfacet
  facet normal 0 0 -1
    outer loop
      vertex 23.525 28.2198 0
      vertex 25.1475 25.4096 0
      vertex 24.9077 25.2493 0
    endloop
  endfacet
  facet normal 0 0 -1
    outer loop
      vertex 25.6793 25.6299 0
      vertex 24.8394 28.7643 0
      vertex 25.5386 28.9034 0
    endloop
  endfacet
  facet normal 0 0 -1
    outer loop
      vertex 22.9323 27.8238 0
      vertex 24.9077 25.2493 0
      vertex 24.6908 25.0592 0
    endloop
  endfacet
  facet normal 0 0 -1
    outer loop
      vertex 22.3963 27.3537 0
      vertex 24.6908 25.0592 0
      vertex 24.5007 24.8423 0
    endloop
  endfacet
  facet normal 0 0 -1
    outer loop
      vertex 21.9262 26.8177 0
      vertex 24.5007 24.8423 0
      vertex 24.3404 24.6025 0
    endloop
  endfacet
  facet normal 0 0 -1
    outer loop
      vertex 21.5302 26.225 0
      vertex 24.3404 24.6025 0
      vertex 24.2128 24.3438 0
    endloop
  endfacet
  facet normal 0 0 -1
    outer loop
      vertex 25.4062 25.5372 0
      vertex 24.1644 28.5351 0
      vertex 24.8394 28.7643 0
    endloop
  endfacet
  facet normal 0 0 -1
    outer loop
      vertex 21.2149 25.5856 0
      vertex 24.2128 24.3438 0
      vertex 24.1201 24.0707 0
    endloop
  endfacet
  facet normal 0 0 -1
    outer loop
      vertex 20.9857 24.9106 0
      vertex 24.1201 24.0707 0
      vertex 24.0639 23.7878 0
    endloop
  endfacet
  facet normal 0 0 -1
    outer loop
      vertex 20.8466 24.2114 0
      vertex 24.0639 23.7878 0
      vertex 24.045 23.5 0
    endloop
  endfacet
  facet normal 0 0 -1
    outer loop
      vertex 25.1475 25.4096 0
      vertex 23.525 28.2198 0
      vertex 24.1644 28.5351 0
    endloop
  endfacet
  facet normal -0 0 -1
    outer loop
      vertex 24.3404 22.3975 0
      vertex 21.5302 20.775 0
      vertex 24.2128 22.6562 0
    endloop
  endfacet
  facet normal 0 0 -1
    outer loop
      vertex 21.2149 21.4144 0
      vertex 24.2128 22.6562 0
      vertex 21.5302 20.775 0
    endloop
  endfacet
  facet normal 0 0 -1
    outer loop
      vertex 24.9077 25.2493 0
      vertex 22.9323 27.8238 0
      vertex 23.525 28.2198 0
    endloop
  endfacet
  facet normal -0 0 -1
    outer loop
      vertex 24.2128 22.6562 0
      vertex 21.2149 21.4144 0
      vertex 24.1201 22.9293 0
    endloop
  endfacet
  facet normal 0 0 -1
    outer loop
      vertex 24.6908 25.0592 0
      vertex 22.3963 27.3537 0
      vertex 22.9323 27.8238 0
    endloop
  endfacet
  facet normal 0 0 -1
    outer loop
      vertex 20.9857 22.0894 0
      vertex 24.1201 22.9293 0
      vertex 21.2149 21.4144 0
    endloop
  endfacet
  facet normal 0 0 -1
    outer loop
      vertex 24.5007 24.8423 0
      vertex 21.9262 26.8177 0
      vertex 22.3963 27.3537 0
    endloop
  endfacet
  facet normal -0 0 -1
    outer loop
      vertex 24.1201 22.9293 0
      vertex 20.9857 22.0894 0
      vertex 24.0639 23.2122 0
    endloop
  endfacet
  facet normal 0 0 -1
    outer loop
      vertex 24.3404 24.6025 0
      vertex 21.5302 26.225 0
      vertex 21.9262 26.8177 0
    endloop
  endfacet
  facet normal 0 0 -1
    outer loop
      vertex 20.8466 22.7886 0
      vertex 24.0639 23.2122 0
      vertex 20.9857 22.0894 0
    endloop
  endfacet
  facet normal 0 0 -1
    outer loop
      vertex 24.2128 24.3438 0
      vertex 21.2149 25.5856 0
      vertex 21.5302 26.225 0
    endloop
  endfacet
  facet normal -0 0 -1
    outer loop
      vertex 24.0639 23.2122 0
      vertex 20.8466 22.7886 0
      vertex 24.045 23.5 0
    endloop
  endfacet
  facet normal 0 0 -1
    outer loop
      vertex 24.1201 24.0707 0
      vertex 20.9857 24.9106 0
      vertex 21.2149 25.5856 0
    endloop
  endfacet
  facet normal 0 0 -1
    outer loop
      vertex 20.8 23.5 0
      vertex 24.045 23.5 0
      vertex 20.8466 22.7886 0
    endloop
  endfacet
  facet normal 0 0 -1
    outer loop
      vertex 24.0639 23.7878 0
      vertex 20.8466 24.2114 0
      vertex 20.9857 24.9106 0
    endloop
  endfacet
  facet normal 0 0 -1
    outer loop
      vertex 24.045 23.5 0
      vertex 20.8 23.5 0
      vertex 20.8466 24.2114 0
    endloop
  endfacet
  facet normal 0 0 -1
    outer loop
      vertex 8.24934 7.84232 0
      vertex 11.6568 10.4569 0
      vertex 8.40959 7.6025 0
    endloop
  endfacet
  facet normal -0 0 -1
    outer loop
      vertex 11.6568 10.4569 0
      vertex 8.24934 7.84232 0
      vertex 11.0962 11.0962 0
    endloop
  endfacet
  facet normal 0 0 -1
    outer loop
      vertex 8.05917 8.05917 0
      vertex 11.0962 11.0962 0
      vertex 8.24934 7.84232 0
    endloop
  endfacet
  facet normal -0 0 -1
    outer loop
      vertex 11.0962 11.0962 0
      vertex 8.05917 8.05917 0
      vertex 10.4569 11.6568 0
    endloop
  endfacet
  facet normal 0 0 -1
    outer loop
      vertex 7.84232 8.24934 0
      vertex 10.4569 11.6568 0
      vertex 8.05917 8.05917 0
    endloop
  endfacet
  facet normal -0 0 -1
    outer loop
      vertex 10.4569 11.6568 0
      vertex 7.84232 8.24934 0
      vertex 9.75 12.1292 0
    endloop
  endfacet
  facet normal 0 0 -1
    outer loop
      vertex 7.6025 8.40959 0
      vertex 9.75 12.1292 0
      vertex 7.84232 8.24934 0
    endloop
  endfacet
  facet normal -0 0 -1
    outer loop
      vertex 9.75 12.1292 0
      vertex 7.6025 8.40959 0
      vertex 8.98744 12.5052 0
    endloop
  endfacet
  facet normal 0 0 -1
    outer loop
      vertex 7.34382 8.53715 0
      vertex 8.98744 12.5052 0
      vertex 7.6025 8.40959 0
    endloop
  endfacet
  facet normal -0 0 -1
    outer loop
      vertex 8.98744 12.5052 0
      vertex 7.34382 8.53715 0
      vertex 8.18232 12.7785 0
    endloop
  endfacet
  facet normal 0 0 -1
    outer loop
      vertex 7.0707 8.62987 0
      vertex 8.18232 12.7785 0
      vertex 7.34382 8.53715 0
    endloop
  endfacet
  facet normal -0 0 -1
    outer loop
      vertex 8.18232 12.7785 0
      vertex 7.0707 8.62987 0
      vertex 7.34842 12.9444 0
    endloop
  endfacet
  facet normal 0 0 -1
    outer loop
      vertex 6.78781 8.68614 0
      vertex 7.34842 12.9444 0
      vertex 7.0707 8.62987 0
    endloop
  endfacet
  facet normal 0 0 -1
    outer loop
      vertex 6.5 8.705 0
      vertex 7.34842 12.9444 0
      vertex 6.78781 8.68614 0
    endloop
  endfacet
  facet normal 0 0 -1
    outer loop
      vertex 6.5 8.705 0
      vertex 6.5 13 0
      vertex 7.34842 12.9444 0
    endloop
  endfacet
  facet normal 0 0 -1
    outer loop
      vertex 6.21219 8.68614 0
      vertex 6.5 13 0
      vertex 6.5 8.705 0
    endloop
  endfacet
  facet normal 0 0 -1
    outer loop
      vertex 5.65158 12.9444 0
      vertex 6.21219 8.68614 0
      vertex 5.9293 8.62987 0
    endloop
  endfacet
  facet normal 0 0 -1
    outer loop
      vertex 4.81768 12.7785 0
      vertex 5.9293 8.62987 0
      vertex 5.65618 8.53715 0
    endloop
  endfacet
  facet normal 0 0 -1
    outer loop
      vertex 6.21219 8.68614 0
      vertex 5.65158 12.9444 0
      vertex 6.5 13 0
    endloop
  endfacet
  facet normal 0 0 -1
    outer loop
      vertex 4.01256 12.5052 0
      vertex 5.65618 8.53715 0
      vertex 5.3975 8.40959 0
    endloop
  endfacet
  facet normal 0 0 -1
    outer loop
      vertex 3.25 12.1292 0
      vertex 5.3975 8.40959 0
      vertex 5.15768 8.24934 0
    endloop
  endfacet
  facet normal 0 0 -1
    outer loop
      vertex 2.54305 11.6568 0
      vertex 5.15768 8.24934 0
      vertex 4.94083 8.05917 0
    endloop
  endfacet
  facet normal 0 0 -1
    outer loop
      vertex 5.9293 8.62987 0
      vertex 4.81768 12.7785 0
      vertex 5.65158 12.9444 0
    endloop
  endfacet
  facet normal 0 0 -1
    outer loop
      vertex 1.90381 11.0962 0
      vertex 4.94083 8.05917 0
      vertex 4.75066 7.84232 0
    endloop
  endfacet
  facet normal 0 0 -1
    outer loop
      vertex 1.3432 10.4569 0
      vertex 4.75066 7.84232 0
      vertex 4.59041 7.6025 0
    endloop
  endfacet
  facet normal 0 0 -1
    outer loop
      vertex 0.870834 9.75 0
      vertex 4.59041 7.6025 0
      vertex 4.46284 7.34382 0
    endloop
  endfacet
  facet normal 0 0 -1
    outer loop
      vertex 0.494782 8.98744 0
      vertex 4.46284 7.34382 0
      vertex 4.37013 7.0707 0
    endloop
  endfacet
  facet normal 0 0 -1
    outer loop
      vertex 0.221481 8.18232 0
      vertex 4.37013 7.0707 0
      vertex 4.31386 6.78781 0
    endloop
  endfacet
  facet normal 0 0 -1
    outer loop
      vertex 5.65618 8.53715 0
      vertex 4.01256 12.5052 0
      vertex 4.81768 12.7785 0
    endloop
  endfacet
  facet normal 0 0 -1
    outer loop
      vertex 0.0556078 7.34842 0
      vertex 4.31386 6.78781 0
      vertex 4.295 6.5 0
    endloop
  endfacet
  facet normal 0 0 -1
    outer loop
      vertex 0.870834 3.25 0
      vertex 4.59041 5.3975 0
      vertex 1.3432 2.54305 0
    endloop
  endfacet
  facet normal -0 0 -1
    outer loop
      vertex 4.59041 5.3975 0
      vertex 0.870834 3.25 0
      vertex 4.46284 5.65618 0
    endloop
  endfacet
  facet normal 0 0 -1
    outer loop
      vertex 5.3975 8.40959 0
      vertex 3.25 12.1292 0
      vertex 4.01256 12.5052 0
    endloop
  endfacet
  facet normal 0 0 -1
    outer loop
      vertex 0.494782 4.01256 0
      vertex 4.46284 5.65618 0
      vertex 0.870834 3.25 0
    endloop
  endfacet
  facet normal 0 0 -1
    outer loop
      vertex 5.15768 8.24934 0
      vertex 2.54305 11.6568 0
      vertex 3.25 12.1292 0
    endloop
  endfacet
  facet normal -0 0 -1
    outer loop
      vertex 4.46284 5.65618 0
      vertex 0.494782 4.01256 0
      vertex 4.37013 5.9293 0
    endloop
  endfacet
  facet normal 0 0 -1
    outer loop
      vertex 4.94083 8.05917 0
      vertex 1.90381 11.0962 0
      vertex 2.54305 11.6568 0
    endloop
  endfacet
  facet normal 0 0 -1
    outer loop
      vertex 0.221481 4.81768 0
      vertex 4.37013 5.9293 0
      vertex 0.494782 4.01256 0
    endloop
  endfacet
  facet normal 0 0 -1
    outer loop
      vertex 4.75066 7.84232 0
      vertex 1.3432 10.4569 0
      vertex 1.90381 11.0962 0
    endloop
  endfacet
  facet normal -0 0 -1
    outer loop
      vertex 4.37013 5.9293 0
      vertex 0.221481 4.81768 0
      vertex 4.31386 6.21219 0
    endloop
  endfacet
  facet normal 0 0 -1
    outer loop
      vertex 4.59041 7.6025 0
      vertex 0.870834 9.75 0
      vertex 1.3432 10.4569 0
    endloop
  endfacet
  facet normal 0 0 -1
    outer loop
      vertex 0.0556078 5.65158 0
      vertex 4.31386 6.21219 0
      vertex 0.221481 4.81768 0
    endloop
  endfacet
  facet normal 0 0 -1
    outer loop
      vertex 4.46284 7.34382 0
      vertex 0.494782 8.98744 0
      vertex 0.870834 9.75 0
    endloop
  endfacet
  facet normal -0 0 -1
    outer loop
      vertex 4.31386 6.21219 0
      vertex 0.0556078 5.65158 0
      vertex 4.295 6.5 0
    endloop
  endfacet
  facet normal 0 0 -1
    outer loop
      vertex 4.37013 7.0707 0
      vertex 0.221481 8.18232 0
      vertex 0.494782 8.98744 0
    endloop
  endfacet
  facet normal 0 0 -1
    outer loop
      vertex 0 6.5 0
      vertex 4.295 6.5 0
      vertex 0.0556078 5.65158 0
    endloop
  endfacet
  facet normal 0 0 -1
    outer loop
      vertex 4.31386 6.78781 0
      vertex 0.0556078 7.34842 0
      vertex 0.221481 8.18232 0
    endloop
  endfacet
  facet normal 0 0 -1
    outer loop
      vertex 4.295 6.5 0
      vertex 0 6.5 0
      vertex 0.0556078 7.34842 0
    endloop
  endfacet
  facet normal 0 0 -1
    outer loop
      vertex 48.205 6.5 0
      vertex 52.5 6.5 0
      vertex 52.4444 5.65158 0
    endloop
  endfacet
  facet normal 0 0 -1
    outer loop
      vertex 48.1861 6.21219 0
      vertex 52.4444 5.65158 0
      vertex 52.2785 4.81768 0
    endloop
  endfacet
  facet normal 0 0 -1
    outer loop
      vertex 52.5 6.5 0
      vertex 48.205 6.5 0
      vertex 52.4444 7.34842 0
    endloop
  endfacet
  facet normal 0 0 -1
    outer loop
      vertex 48.1299 5.9293 0
      vertex 52.2785 4.81768 0
      vertex 52.0052 4.01256 0
    endloop
  endfacet
  facet normal 0 0 -1
    outer loop
      vertex 48.1861 6.78781 0
      vertex 52.4444 7.34842 0
      vertex 48.205 6.5 0
    endloop
  endfacet
  facet normal 0 0 -1
    outer loop
      vertex 48.0372 5.65618 0
      vertex 52.0052 4.01256 0
      vertex 51.6292 3.25 0
    endloop
  endfacet
  facet normal -0 0 -1
    outer loop
      vertex 52.4444 7.34842 0
      vertex 48.1861 6.78781 0
      vertex 52.2785 8.18232 0
    endloop
  endfacet
  facet normal 0 0 -1
    outer loop
      vertex 47.9096 5.3975 0
      vertex 51.6292 3.25 0
      vertex 51.1568 2.54305 0
    endloop
  endfacet
  facet normal 0 0 -1
    outer loop
      vertex 48.1299 7.0707 0
      vertex 52.2785 8.18232 0
      vertex 48.1861 6.78781 0
    endloop
  endfacet
  facet normal 0 0 -1
    outer loop
      vertex 47.7493 5.15768 0
      vertex 51.1568 2.54305 0
      vertex 50.5962 1.90381 0
    endloop
  endfacet
  facet normal -0 0 -1
    outer loop
      vertex 52.2785 8.18232 0
      vertex 48.1299 7.0707 0
      vertex 52.0052 8.98744 0
    endloop
  endfacet
  facet normal 0 0 -1
    outer loop
      vertex 47.5592 4.94083 0
      vertex 50.5962 1.90381 0
      vertex 49.9569 1.3432 0
    endloop
  endfacet
  facet normal 0 0 -1
    outer loop
      vertex 48.0372 7.34382 0
      vertex 52.0052 8.98744 0
      vertex 48.1299 7.0707 0
    endloop
  endfacet
  facet normal 0 0 -1
    outer loop
      vertex 47.3423 4.75066 0
      vertex 49.9569 1.3432 0
      vertex 49.25 0.870834 0
    endloop
  endfacet
  facet normal -0 0 -1
    outer loop
      vertex 52.0052 8.98744 0
      vertex 48.0372 7.34382 0
      vertex 51.6292 9.75 0
    endloop
  endfacet
  facet normal 0 0 -1
    outer loop
      vertex 47.1025 4.59041 0
      vertex 49.25 0.870834 0
      vertex 48.4874 0.494782 0
    endloop
  endfacet
  facet normal 0 0 -1
    outer loop
      vertex 47.9096 7.6025 0
      vertex 51.6292 9.75 0
      vertex 48.0372 7.34382 0
    endloop
  endfacet
  facet normal -0 0 -1
    outer loop
      vertex 51.6292 9.75 0
      vertex 47.9096 7.6025 0
      vertex 51.1568 10.4569 0
    endloop
  endfacet
  facet normal 0 0 -1
    outer loop
      vertex 52.4444 5.65158 0
      vertex 48.1861 6.21219 0
      vertex 48.205 6.5 0
    endloop
  endfacet
  facet normal 0 0 -1
    outer loop
      vertex 52.2785 4.81768 0
      vertex 48.1299 5.9293 0
      vertex 48.1861 6.21219 0
    endloop
  endfacet
  facet normal 0 0 -1
    outer loop
      vertex 52.0052 4.01256 0
      vertex 48.0372 5.65618 0
      vertex 48.1299 5.9293 0
    endloop
  endfacet
  facet normal 0 0 -1
    outer loop
      vertex 51.6292 3.25 0
      vertex 47.9096 5.3975 0
      vertex 48.0372 5.65618 0
    endloop
  endfacet
  facet normal 0 0 -1
    outer loop
      vertex 51.1568 2.54305 0
      vertex 47.7493 5.15768 0
      vertex 47.9096 5.3975 0
    endloop
  endfacet
  facet normal 0 0 -1
    outer loop
      vertex 46.8438 4.46284 0
      vertex 48.4874 0.494782 0
      vertex 47.6823 0.221481 0
    endloop
  endfacet
  facet normal 0 0 -1
    outer loop
      vertex 50.5962 1.90381 0
      vertex 47.5592 4.94083 0
      vertex 47.7493 5.15768 0
    endloop
  endfacet
  facet normal 0 0 -1
    outer loop
      vertex 49.9569 1.3432 0
      vertex 47.3423 4.75066 0
      vertex 47.5592 4.94083 0
    endloop
  endfacet
  facet normal 0 0 -1
    outer loop
      vertex 49.25 0.870834 0
      vertex 47.1025 4.59041 0
      vertex 47.3423 4.75066 0
    endloop
  endfacet
  facet normal 0 0 -1
    outer loop
      vertex 46.5707 4.37013 0
      vertex 47.6823 0.221481 0
      vertex 46.8484 0.0556078 0
    endloop
  endfacet
  facet normal 0 0 -1
    outer loop
      vertex 48.4874 0.494782 0
      vertex 46.8438 4.46284 0
      vertex 47.1025 4.59041 0
    endloop
  endfacet
  facet normal 0 0 -1
    outer loop
      vertex 47.6823 0.221481 0
      vertex 46.5707 4.37013 0
      vertex 46.8438 4.46284 0
    endloop
  endfacet
  facet normal 0 0 -1
    outer loop
      vertex 46.8484 0.0556078 0
      vertex 46.2878 4.31386 0
      vertex 46.5707 4.37013 0
    endloop
  endfacet
  facet normal 0 0 -1
    outer loop
      vertex 46 0 0
      vertex 46.2878 4.31386 0
      vertex 46.8484 0.0556078 0
    endloop
  endfacet
  facet normal 0 0 -1
    outer loop
      vertex 46 0 0
      vertex 46 4.295 0
      vertex 46.2878 4.31386 0
    endloop
  endfacet
  facet normal 0 0 -1
    outer loop
      vertex 46 0 0
      vertex 45.7122 4.31386 0
      vertex 46 4.295 0
    endloop
  endfacet
  facet normal 0 0 -1
    outer loop
      vertex 45.1516 0.0556078 0
      vertex 45.7122 4.31386 0
      vertex 46 0 0
    endloop
  endfacet
  facet normal -0 0 -1
    outer loop
      vertex 45.7122 4.31386 0
      vertex 45.1516 0.0556078 0
      vertex 45.4293 4.37013 0
    endloop
  endfacet
  facet normal 0 0 -1
    outer loop
      vertex 44.3177 0.221481 0
      vertex 45.4293 4.37013 0
      vertex 45.1516 0.0556078 0
    endloop
  endfacet
  facet normal -0 0 -1
    outer loop
      vertex 45.4293 4.37013 0
      vertex 44.3177 0.221481 0
      vertex 45.1562 4.46284 0
    endloop
  endfacet
  facet normal 0 0 -1
    outer loop
      vertex 43.5126 0.494782 0
      vertex 45.1562 4.46284 0
      vertex 44.3177 0.221481 0
    endloop
  endfacet
  facet normal -0 0 -1
    outer loop
      vertex 45.1562 4.46284 0
      vertex 43.5126 0.494782 0
      vertex 44.8975 4.59041 0
    endloop
  endfacet
  facet normal 0 0 -1
    outer loop
      vertex 42.75 0.870834 0
      vertex 44.8975 4.59041 0
      vertex 43.5126 0.494782 0
    endloop
  endfacet
  facet normal -0 0 -1
    outer loop
      vertex 44.8975 4.59041 0
      vertex 42.75 0.870834 0
      vertex 44.6577 4.75066 0
    endloop
  endfacet
  facet normal 0 0 -1
    outer loop
      vertex 42.043 1.3432 0
      vertex 44.6577 4.75066 0
      vertex 42.75 0.870834 0
    endloop
  endfacet
  facet normal -0 0 -1
    outer loop
      vertex 44.6577 4.75066 0
      vertex 42.043 1.3432 0
      vertex 44.4408 4.94083 0
    endloop
  endfacet
  facet normal 0 0 -1
    outer loop
      vertex 41.4038 1.90381 0
      vertex 44.4408 4.94083 0
      vertex 42.043 1.3432 0
    endloop
  endfacet
  facet normal -0 0 -1
    outer loop
      vertex 44.4408 4.94083 0
      vertex 41.4038 1.90381 0
      vertex 44.2507 5.15768 0
    endloop
  endfacet
  facet normal -0 0 -1
    outer loop
      vertex 44.2507 5.15768 0
      vertex 40.8432 2.54305 0
      vertex 44.0904 5.3975 0
    endloop
  endfacet
  facet normal 0 0 -1
    outer loop
      vertex 40.8432 2.54305 0
      vertex 44.2507 5.15768 0
      vertex 41.4038 1.90381 0
    endloop
  endfacet
  facet normal 0 0 -1
    outer loop
      vertex 47.7493 7.84232 0
      vertex 51.1568 10.4569 0
      vertex 47.9096 7.6025 0
    endloop
  endfacet
  facet normal -0 0 -1
    outer loop
      vertex 51.1568 10.4569 0
      vertex 47.7493 7.84232 0
      vertex 50.5962 11.0962 0
    endloop
  endfacet
  facet normal 0 0 -1
    outer loop
      vertex 47.5592 8.05917 0
      vertex 50.5962 11.0962 0
      vertex 47.7493 7.84232 0
    endloop
  endfacet
  facet normal -0 0 -1
    outer loop
      vertex 50.5962 11.0962 0
      vertex 47.5592 8.05917 0
      vertex 49.9569 11.6568 0
    endloop
  endfacet
  facet normal 0 0 -1
    outer loop
      vertex 47.3423 8.24934 0
      vertex 49.9569 11.6568 0
      vertex 47.5592 8.05917 0
    endloop
  endfacet
  facet normal -0 0 -1
    outer loop
      vertex 49.9569 11.6568 0
      vertex 47.3423 8.24934 0
      vertex 49.25 12.1292 0
    endloop
  endfacet
  facet normal 0 0 -1
    outer loop
      vertex 47.1025 8.40959 0
      vertex 49.25 12.1292 0
      vertex 47.3423 8.24934 0
    endloop
  endfacet
  facet normal -0 0 -1
    outer loop
      vertex 49.25 12.1292 0
      vertex 47.1025 8.40959 0
      vertex 48.4874 12.5052 0
    endloop
  endfacet
  facet normal 0 0 -1
    outer loop
      vertex 46.8438 8.53715 0
      vertex 48.4874 12.5052 0
      vertex 47.1025 8.40959 0
    endloop
  endfacet
  facet normal -0 0 -1
    outer loop
      vertex 48.4874 12.5052 0
      vertex 46.8438 8.53715 0
      vertex 47.6823 12.7785 0
    endloop
  endfacet
  facet normal 0 0 -1
    outer loop
      vertex 46.5707 8.62987 0
      vertex 47.6823 12.7785 0
      vertex 46.8438 8.53715 0
    endloop
  endfacet
  facet normal -0 0 -1
    outer loop
      vertex 47.6823 12.7785 0
      vertex 46.5707 8.62987 0
      vertex 46.8484 12.9444 0
    endloop
  endfacet
  facet normal 0 0 -1
    outer loop
      vertex 46.2878 8.68614 0
      vertex 46.8484 12.9444 0
      vertex 46.5707 8.62987 0
    endloop
  endfacet
  facet normal 0 0 -1
    outer loop
      vertex 46 8.705 0
      vertex 46.8484 12.9444 0
      vertex 46.2878 8.68614 0
    endloop
  endfacet
  facet normal 0 0 -1
    outer loop
      vertex 46 8.705 0
      vertex 46 13 0
      vertex 46.8484 12.9444 0
    endloop
  endfacet
  facet normal 0 0 -1
    outer loop
      vertex 45.7122 8.68614 0
      vertex 46 13 0
      vertex 46 8.705 0
    endloop
  endfacet
  facet normal 0 0 -1
    outer loop
      vertex 45.1516 12.9444 0
      vertex 45.7122 8.68614 0
      vertex 45.4293 8.62987 0
    endloop
  endfacet
  facet normal 0 0 -1
    outer loop
      vertex 44.3177 12.7785 0
      vertex 45.4293 8.62987 0
      vertex 45.1562 8.53715 0
    endloop
  endfacet
  facet normal 0 0 -1
    outer loop
      vertex 45.7122 8.68614 0
      vertex 45.1516 12.9444 0
      vertex 46 13 0
    endloop
  endfacet
  facet normal 0 0 -1
    outer loop
      vertex 43.5126 12.5052 0
      vertex 45.1562 8.53715 0
      vertex 44.8975 8.40959 0
    endloop
  endfacet
  facet normal 0 0 -1
    outer loop
      vertex 42.75 12.1292 0
      vertex 44.8975 8.40959 0
      vertex 44.6577 8.24934 0
    endloop
  endfacet
  facet normal 0 0 -1
    outer loop
      vertex 42.043 11.6568 0
      vertex 44.6577 8.24934 0
      vertex 44.4408 8.05917 0
    endloop
  endfacet
  facet normal 0 0 -1
    outer loop
      vertex 45.4293 8.62987 0
      vertex 44.3177 12.7785 0
      vertex 45.1516 12.9444 0
    endloop
  endfacet
  facet normal 0 0 -1
    outer loop
      vertex 41.4038 11.0962 0
      vertex 44.4408 8.05917 0
      vertex 44.2507 7.84232 0
    endloop
  endfacet
  facet normal 0 0 -1
    outer loop
      vertex 40.8432 10.4569 0
      vertex 44.2507 7.84232 0
      vertex 44.0904 7.6025 0
    endloop
  endfacet
  facet normal 0 0 -1
    outer loop
      vertex 40.2475 9.5 0
      vertex 44.0904 7.6025 0
      vertex 43.9628 7.34382 0
    endloop
  endfacet
  facet normal 0 0 -1
    outer loop
      vertex 40.2475 9.5 0
      vertex 43.9628 7.34382 0
      vertex 43.8701 7.0707 0
    endloop
  endfacet
  facet normal 0 0 -1
    outer loop
      vertex 40.2475 9.5 0
      vertex 43.8701 7.0707 0
      vertex 43.8139 6.78781 0
    endloop
  endfacet
  facet normal 0 0 -1
    outer loop
      vertex 45.1562 8.53715 0
      vertex 43.5126 12.5052 0
      vertex 44.3177 12.7785 0
    endloop
  endfacet
  facet normal 0 0 -1
    outer loop
      vertex 40.2475 9.5 0
      vertex 43.8139 6.78781 0
      vertex 43.795 6.5 0
    endloop
  endfacet
  facet normal 0 0 -1
    outer loop
      vertex 40.3708 3.25 0
      vertex 44.0904 5.3975 0
      vertex 40.8432 2.54305 0
    endloop
  endfacet
  facet normal 0 0 -1
    outer loop
      vertex 40.2475 3.5 0
      vertex 44.0904 5.3975 0
      vertex 40.3708 3.25 0
    endloop
  endfacet
  facet normal 0 0 -1
    outer loop
      vertex 44.8975 8.40959 0
      vertex 42.75 12.1292 0
      vertex 43.5126 12.5052 0
    endloop
  endfacet
  facet normal -0 0 -1
    outer loop
      vertex 44.0904 5.3975 0
      vertex 40.2475 3.5 0
      vertex 43.9628 5.65618 0
    endloop
  endfacet
  facet normal 0 0 -1
    outer loop
      vertex 44.6577 8.24934 0
      vertex 42.043 11.6568 0
      vertex 42.75 12.1292 0
    endloop
  endfacet
  facet normal -0 0 -1
    outer loop
      vertex 43.9628 5.65618 0
      vertex 40.2475 3.5 0
      vertex 43.8701 5.9293 0
    endloop
  endfacet
  facet normal 0 0 -1
    outer loop
      vertex 44.4408 8.05917 0
      vertex 41.4038 11.0962 0
      vertex 42.043 11.6568 0
    endloop
  endfacet
  facet normal -0 0 -1
    outer loop
      vertex 43.8701 5.9293 0
      vertex 40.2475 3.5 0
      vertex 43.8139 6.21219 0
    endloop
  endfacet
  facet normal 0 0 -1
    outer loop
      vertex 40.2475 9.5 0
      vertex 43.795 6.5 0
      vertex 40.2475 3.5 0
    endloop
  endfacet
  facet normal -0 0 -1
    outer loop
      vertex 43.8139 6.21219 0
      vertex 40.2475 3.5 0
      vertex 43.795 6.5 0
    endloop
  endfacet
  facet normal 0 0 -1
    outer loop
      vertex 44.0904 7.6025 0
      vertex 40.2475 9.5 0
      vertex 40.3708 9.75 0
    endloop
  endfacet
  facet normal 0 0 -1
    outer loop
      vertex 44.2507 7.84232 0
      vertex 40.8432 10.4569 0
      vertex 41.4038 11.0962 0
    endloop
  endfacet
  facet normal 0 0 -1
    outer loop
      vertex 44.0904 7.6025 0
      vertex 40.3708 9.75 0
      vertex 40.8432 10.4569 0
    endloop
  endfacet
  facet normal 0 0 -1
    outer loop
      vertex 40.2475 3.5 0
      vertex 29.25 9.5 0
      vertex 40.2475 9.5 0
    endloop
  endfacet
  facet normal 0 0 -1
    outer loop
      vertex 23.25 9.5 0
      vertex 29.25 18.9639 0
      vertex 29.25 9.5 0
    endloop
  endfacet
  facet normal 0 0 -1
    outer loop
      vertex 28.1596 24.6025 0
      vertex 30.9698 26.225 0
      vertex 28.2872 24.3438 0
    endloop
  endfacet
  facet normal 0 0 -1
    outer loop
      vertex 31.6534 22.7886 0
      vertex 28.4361 23.2122 0
      vertex 28.455 23.5 0
    endloop
  endfacet
  facet normal 0 0 -1
    outer loop
      vertex 31.5143 22.0894 0
      vertex 28.3799 22.9293 0
      vertex 28.4361 23.2122 0
    endloop
  endfacet
  facet normal 0 0 -1
    outer loop
      vertex 31.2851 21.4144 0
      vertex 28.2872 22.6562 0
      vertex 28.3799 22.9293 0
    endloop
  endfacet
  facet normal 0 0 -1
    outer loop
      vertex 30.9698 20.775 0
      vertex 28.1596 22.3975 0
      vertex 28.2872 22.6562 0
    endloop
  endfacet
  facet normal 0 0 -1
    outer loop
      vertex 30.5738 20.1823 0
      vertex 27.9993 22.1577 0
      vertex 28.1596 22.3975 0
    endloop
  endfacet
  facet normal 0 0 -1
    outer loop
      vertex 30.1037 19.6463 0
      vertex 27.8092 21.9408 0
      vertex 27.9993 22.1577 0
    endloop
  endfacet
  facet normal 0 0 -1
    outer loop
      vertex 29.5677 19.1762 0
      vertex 27.5923 21.7507 0
      vertex 27.8092 21.9408 0
    endloop
  endfacet
  facet normal 0 0 -1
    outer loop
      vertex 29.25 18.9639 0
      vertex 27.3525 21.5904 0
      vertex 27.5923 21.7507 0
    endloop
  endfacet
  facet normal 0 0 -1
    outer loop
      vertex 29.25 18.9639 0
      vertex 27.0938 21.4628 0
      vertex 27.3525 21.5904 0
    endloop
  endfacet
  facet normal 0 0 -1
    outer loop
      vertex 29.25 18.9639 0
      vertex 26.8207 21.3701 0
      vertex 27.0938 21.4628 0
    endloop
  endfacet
  facet normal 0 0 -1
    outer loop
      vertex 29.25 18.9639 0
      vertex 26.5378 21.3139 0
      vertex 26.8207 21.3701 0
    endloop
  endfacet
  facet normal 0 0 -1
    outer loop
      vertex 29.25 18.9639 0
      vertex 26.25 21.295 0
      vertex 26.5378 21.3139 0
    endloop
  endfacet
  facet normal 0 0 -1
    outer loop
      vertex 23.25 18.9639 0
      vertex 29.25 18.9639 0
      vertex 23.25 9.5 0
    endloop
  endfacet
  facet normal 0 0 -1
    outer loop
      vertex 23.25 18.9639 0
      vertex 26.25 21.295 0
      vertex 29.25 18.9639 0
    endloop
  endfacet
  facet normal -0 0 -1
    outer loop
      vertex 26.25 21.295 0
      vertex 23.25 18.9639 0
      vertex 25.9622 21.3139 0
    endloop
  endfacet
  facet normal -0 0 -1
    outer loop
      vertex 25.9622 21.3139 0
      vertex 23.25 18.9639 0
      vertex 25.6793 21.3701 0
    endloop
  endfacet
  facet normal -0 0 -1
    outer loop
      vertex 25.6793 21.3701 0
      vertex 23.25 18.9639 0
      vertex 25.4062 21.4628 0
    endloop
  endfacet
  facet normal -0 0 -1
    outer loop
      vertex 25.4062 21.4628 0
      vertex 23.25 18.9639 0
      vertex 25.1475 21.5904 0
    endloop
  endfacet
  facet normal -0 0 -1
    outer loop
      vertex 25.1475 21.5904 0
      vertex 23.25 18.9639 0
      vertex 24.9077 21.7507 0
    endloop
  endfacet
  facet normal 0 0 -1
    outer loop
      vertex 22.9323 19.1762 0
      vertex 24.9077 21.7507 0
      vertex 23.25 18.9639 0
    endloop
  endfacet
  facet normal -0 0 -1
    outer loop
      vertex 24.9077 21.7507 0
      vertex 22.9323 19.1762 0
      vertex 24.6908 21.9408 0
    endloop
  endfacet
  facet normal 0 0 -1
    outer loop
      vertex 21.5302 20.775 0
      vertex 24.3404 22.3975 0
      vertex 21.9262 20.1823 0
    endloop
  endfacet
  facet normal -0 0 -1
    outer loop
      vertex 24.5007 22.1577 0
      vertex 21.9262 20.1823 0
      vertex 24.3404 22.3975 0
    endloop
  endfacet
  facet normal 0 0 -1
    outer loop
      vertex 21.9262 20.1823 0
      vertex 24.5007 22.1577 0
      vertex 22.3963 19.6463 0
    endloop
  endfacet
  facet normal -0 0 -1
    outer loop
      vertex 24.6908 21.9408 0
      vertex 22.3963 19.6463 0
      vertex 24.5007 22.1577 0
    endloop
  endfacet
  facet normal 0 0 -1
    outer loop
      vertex 22.3963 19.6463 0
      vertex 24.6908 21.9408 0
      vertex 22.9323 19.1762 0
    endloop
  endfacet
  facet normal 0 0 -1
    outer loop
      vertex 40.2475 3.5 0
      vertex 23.25 9.5 0
      vertex 29.25 9.5 0
    endloop
  endfacet
  facet normal 0 0 -1
    outer loop
      vertex 12.2525 3.5 0
      vertex 23.25 9.5 0
      vertex 40.2475 3.5 0
    endloop
  endfacet
  facet normal 0 0 -1
    outer loop
      vertex 12.2525 3.5 0
      vertex 12.2525 9.5 0
      vertex 23.25 9.5 0
    endloop
  endfacet
  facet normal 0 0 -1
    outer loop
      vertex 8.40959 5.3975 0
      vertex 12.2525 3.5 0
      vertex 12.1292 3.25 0
    endloop
  endfacet
  facet normal 0 0 -1
    outer loop
      vertex 12.2525 3.5 0
      vertex 8.705 6.5 0
      vertex 12.2525 9.5 0
    endloop
  endfacet
  facet normal 0 0 -1
    outer loop
      vertex 8.40959 5.3975 0
      vertex 12.1292 3.25 0
      vertex 11.6568 2.54305 0
    endloop
  endfacet
  facet normal 0 0 -1
    outer loop
      vertex 8.68614 6.78781 0
      vertex 12.2525 9.5 0
      vertex 8.705 6.5 0
    endloop
  endfacet
  facet normal 0 0 -1
    outer loop
      vertex 8.24934 5.15768 0
      vertex 11.6568 2.54305 0
      vertex 11.0962 1.90381 0
    endloop
  endfacet
  facet normal 0 0 -1
    outer loop
      vertex 8.62987 7.0707 0
      vertex 12.2525 9.5 0
      vertex 8.68614 6.78781 0
    endloop
  endfacet
  facet normal 0 0 -1
    outer loop
      vertex 8.05917 4.94083 0
      vertex 11.0962 1.90381 0
      vertex 10.4569 1.3432 0
    endloop
  endfacet
  facet normal 0 0 -1
    outer loop
      vertex 8.53715 7.34382 0
      vertex 12.2525 9.5 0
      vertex 8.62987 7.0707 0
    endloop
  endfacet
  facet normal 0 0 -1
    outer loop
      vertex 7.84232 4.75066 0
      vertex 10.4569 1.3432 0
      vertex 9.75 0.870834 0
    endloop
  endfacet
  facet normal 0 0 -1
    outer loop
      vertex 8.40959 7.6025 0
      vertex 12.2525 9.5 0
      vertex 8.53715 7.34382 0
    endloop
  endfacet
  facet normal 0 0 -1
    outer loop
      vertex 7.6025 4.59041 0
      vertex 9.75 0.870834 0
      vertex 8.98744 0.494782 0
    endloop
  endfacet
  facet normal -0 0 -1
    outer loop
      vertex 12.2525 9.5 0
      vertex 8.40959 7.6025 0
      vertex 12.1292 9.75 0
    endloop
  endfacet
  facet normal -0 0 -1
    outer loop
      vertex 12.1292 9.75 0
      vertex 8.40959 7.6025 0
      vertex 11.6568 10.4569 0
    endloop
  endfacet
  facet normal 0 0 -1
    outer loop
      vertex 12.2525 3.5 0
      vertex 8.68614 6.21219 0
      vertex 8.705 6.5 0
    endloop
  endfacet
  facet normal 0 0 -1
    outer loop
      vertex 12.2525 3.5 0
      vertex 8.62987 5.9293 0
      vertex 8.68614 6.21219 0
    endloop
  endfacet
  facet normal 0 0 -1
    outer loop
      vertex 12.2525 3.5 0
      vertex 8.53715 5.65618 0
      vertex 8.62987 5.9293 0
    endloop
  endfacet
  facet normal 0 0 -1
    outer loop
      vertex 12.2525 3.5 0
      vertex 8.40959 5.3975 0
      vertex 8.53715 5.65618 0
    endloop
  endfacet
  facet normal 0 0 -1
    outer loop
      vertex 11.6568 2.54305 0
      vertex 8.24934 5.15768 0
      vertex 8.40959 5.3975 0
    endloop
  endfacet
  facet normal 0 0 -1
    outer loop
      vertex 7.34382 4.46284 0
      vertex 8.98744 0.494782 0
      vertex 8.18232 0.221481 0
    endloop
  endfacet
  facet normal 0 0 -1
    outer loop
      vertex 11.0962 1.90381 0
      vertex 8.05917 4.94083 0
      vertex 8.24934 5.15768 0
    endloop
  endfacet
  facet normal 0 0 -1
    outer loop
      vertex 10.4569 1.3432 0
      vertex 7.84232 4.75066 0
      vertex 8.05917 4.94083 0
    endloop
  endfacet
  facet normal 0 0 -1
    outer loop
      vertex 9.75 0.870834 0
      vertex 7.6025 4.59041 0
      vertex 7.84232 4.75066 0
    endloop
  endfacet
  facet normal 0 0 -1
    outer loop
      vertex 7.0707 4.37013 0
      vertex 8.18232 0.221481 0
      vertex 7.34842 0.0556078 0
    endloop
  endfacet
  facet normal 0 0 -1
    outer loop
      vertex 8.98744 0.494782 0
      vertex 7.34382 4.46284 0
      vertex 7.6025 4.59041 0
    endloop
  endfacet
  facet normal 0 0 -1
    outer loop
      vertex 8.18232 0.221481 0
      vertex 7.0707 4.37013 0
      vertex 7.34382 4.46284 0
    endloop
  endfacet
  facet normal 0 0 -1
    outer loop
      vertex 7.34842 0.0556078 0
      vertex 6.78781 4.31386 0
      vertex 7.0707 4.37013 0
    endloop
  endfacet
  facet normal 0 0 -1
    outer loop
      vertex 6.5 0 0
      vertex 6.78781 4.31386 0
      vertex 7.34842 0.0556078 0
    endloop
  endfacet
  facet normal 0 0 -1
    outer loop
      vertex 6.5 0 0
      vertex 6.5 4.295 0
      vertex 6.78781 4.31386 0
    endloop
  endfacet
  facet normal 0 0 -1
    outer loop
      vertex 6.5 0 0
      vertex 6.21219 4.31386 0
      vertex 6.5 4.295 0
    endloop
  endfacet
  facet normal 0 0 -1
    outer loop
      vertex 5.65158 0.0556078 0
      vertex 6.21219 4.31386 0
      vertex 6.5 0 0
    endloop
  endfacet
  facet normal -0 0 -1
    outer loop
      vertex 6.21219 4.31386 0
      vertex 5.65158 0.0556078 0
      vertex 5.9293 4.37013 0
    endloop
  endfacet
  facet normal 0 0 -1
    outer loop
      vertex 4.81768 0.221481 0
      vertex 5.9293 4.37013 0
      vertex 5.65158 0.0556078 0
    endloop
  endfacet
  facet normal -0 0 -1
    outer loop
      vertex 5.9293 4.37013 0
      vertex 4.81768 0.221481 0
      vertex 5.65618 4.46284 0
    endloop
  endfacet
  facet normal 0 0 -1
    outer loop
      vertex 4.01256 0.494782 0
      vertex 5.65618 4.46284 0
      vertex 4.81768 0.221481 0
    endloop
  endfacet
  facet normal -0 0 -1
    outer loop
      vertex 5.65618 4.46284 0
      vertex 4.01256 0.494782 0
      vertex 5.3975 4.59041 0
    endloop
  endfacet
  facet normal 0 0 -1
    outer loop
      vertex 3.25 0.870834 0
      vertex 5.3975 4.59041 0
      vertex 4.01256 0.494782 0
    endloop
  endfacet
  facet normal -0 0 -1
    outer loop
      vertex 5.3975 4.59041 0
      vertex 3.25 0.870834 0
      vertex 5.15768 4.75066 0
    endloop
  endfacet
  facet normal 0 0 -1
    outer loop
      vertex 2.54305 1.3432 0
      vertex 5.15768 4.75066 0
      vertex 3.25 0.870834 0
    endloop
  endfacet
  facet normal -0 0 -1
    outer loop
      vertex 5.15768 4.75066 0
      vertex 2.54305 1.3432 0
      vertex 4.94083 4.94083 0
    endloop
  endfacet
  facet normal 0 0 -1
    outer loop
      vertex 1.90381 1.90381 0
      vertex 4.94083 4.94083 0
      vertex 2.54305 1.3432 0
    endloop
  endfacet
  facet normal -0 0 -1
    outer loop
      vertex 4.94083 4.94083 0
      vertex 1.90381 1.90381 0
      vertex 4.75066 5.15768 0
    endloop
  endfacet
  facet normal -0 0 -1
    outer loop
      vertex 4.75066 5.15768 0
      vertex 1.3432 2.54305 0
      vertex 4.59041 5.3975 0
    endloop
  endfacet
  facet normal 0 0 -1
    outer loop
      vertex 1.3432 2.54305 0
      vertex 4.75066 5.15768 0
      vertex 1.90381 1.90381 0
    endloop
  endfacet
  facet normal -0.659354 -0.751833 0
    outer loop
      vertex 1.90381 1.90381 0
      vertex 2.54305 1.3432 2.4
      vertex 1.90381 1.90381 2.4
    endloop
  endfacet
  facet normal -0.659354 -0.751833 -0
    outer loop
      vertex 2.54305 1.3432 2.4
      vertex 1.90381 1.90381 0
      vertex 2.54305 1.3432 0
    endloop
  endfacet
  facet normal -0.831453 0.555595 0
    outer loop
      vertex 0.870834 9.75 0
      vertex 1.3432 10.4569 2.4
      vertex 1.3432 10.4569 0
    endloop
  endfacet
  facet normal -0.831453 0.555595 0
    outer loop
      vertex 1.3432 10.4569 2.4
      vertex 0.870834 9.75 0
      vertex 0.870834 9.75 2.4
    endloop
  endfacet
  facet normal -0.442288 -0.896873 0
    outer loop
      vertex 3.25 0.870834 0
      vertex 4.01256 0.494782 2.4
      vertex 3.25 0.870834 2.4
    endloop
  endfacet
  facet normal -0.442288 -0.896873 -0
    outer loop
      vertex 4.01256 0.494782 2.4
      vertex 3.25 0.870834 0
      vertex 4.01256 0.494782 0
    endloop
  endfacet
  facet normal 0 0 1
    outer loop
      vertex 29.25 18.9639 2.4
      vertex 28.975 18.7802 2.4
      vertex 29.25 9.5 2.4
    endloop
  endfacet
  facet normal -0 0 1
    outer loop
      vertex 8.24934 5.15768 2.4
      vertex 11.6568 2.54305 2.4
      vertex 8.40959 5.3975 2.4
    endloop
  endfacet
  facet normal 0 0 1
    outer loop
      vertex 11.6568 2.54305 2.4
      vertex 8.24934 5.15768 2.4
      vertex 11.0962 1.90381 2.4
    endloop
  endfacet
  facet normal -0 0 1
    outer loop
      vertex 8.05917 4.94083 2.4
      vertex 11.0962 1.90381 2.4
      vertex 8.24934 5.15768 2.4
    endloop
  endfacet
  facet normal 0 0 1
    outer loop
      vertex 11.0962 1.90381 2.4
      vertex 8.05917 4.94083 2.4
      vertex 10.4569 1.3432 2.4
    endloop
  endfacet
  facet normal -0 0 1
    outer loop
      vertex 7.84232 4.75066 2.4
      vertex 10.4569 1.3432 2.4
      vertex 8.05917 4.94083 2.4
    endloop
  endfacet
  facet normal 0 0 1
    outer loop
      vertex 10.4569 1.3432 2.4
      vertex 7.84232 4.75066 2.4
      vertex 9.75 0.870834 2.4
    endloop
  endfacet
  facet normal -0 0 1
    outer loop
      vertex 7.6025 4.59041 2.4
      vertex 9.75 0.870834 2.4
      vertex 7.84232 4.75066 2.4
    endloop
  endfacet
  facet normal 0 0 1
    outer loop
      vertex 9.75 0.870834 2.4
      vertex 7.6025 4.59041 2.4
      vertex 8.98744 0.494782 2.4
    endloop
  endfacet
  facet normal -0 0 1
    outer loop
      vertex 7.34382 4.46284 2.4
      vertex 8.98744 0.494782 2.4
      vertex 7.6025 4.59041 2.4
    endloop
  endfacet
  facet normal 0 0 1
    outer loop
      vertex 8.98744 0.494782 2.4
      vertex 7.34382 4.46284 2.4
      vertex 8.18232 0.221481 2.4
    endloop
  endfacet
  facet normal -0 0 1
    outer loop
      vertex 7.0707 4.37013 2.4
      vertex 8.18232 0.221481 2.4
      vertex 7.34382 4.46284 2.4
    endloop
  endfacet
  facet normal 0 0 1
    outer loop
      vertex 8.18232 0.221481 2.4
      vertex 7.0707 4.37013 2.4
      vertex 7.34842 0.0556078 2.4
    endloop
  endfacet
  facet normal -0 0 1
    outer loop
      vertex 6.78781 4.31386 2.4
      vertex 7.34842 0.0556078 2.4
      vertex 7.0707 4.37013 2.4
    endloop
  endfacet
  facet normal -0 0 1
    outer loop
      vertex 6.5 4.295 2.4
      vertex 7.34842 0.0556078 2.4
      vertex 6.78781 4.31386 2.4
    endloop
  endfacet
  facet normal 0 0 1
    outer loop
      vertex 6.5 4.295 2.4
      vertex 6.5 0 2.4
      vertex 7.34842 0.0556078 2.4
    endloop
  endfacet
  facet normal 0 0 1
    outer loop
      vertex 6.21219 4.31386 2.4
      vertex 6.5 0 2.4
      vertex 6.5 4.295 2.4
    endloop
  endfacet
  facet normal 0 0 1
    outer loop
      vertex 5.65158 0.0556078 2.4
      vertex 6.21219 4.31386 2.4
      vertex 5.9293 4.37013 2.4
    endloop
  endfacet
  facet normal 0 0 1
    outer loop
      vertex 4.81768 0.221481 2.4
      vertex 5.9293 4.37013 2.4
      vertex 5.65618 4.46284 2.4
    endloop
  endfacet
  facet normal 0 0 1
    outer loop
      vertex 6.21219 4.31386 2.4
      vertex 5.65158 0.0556078 2.4
      vertex 6.5 0 2.4
    endloop
  endfacet
  facet normal 0 0 1
    outer loop
      vertex 4.01256 0.494782 2.4
      vertex 5.65618 4.46284 2.4
      vertex 5.3975 4.59041 2.4
    endloop
  endfacet
  facet normal 0 0 1
    outer loop
      vertex 3.25 0.870834 2.4
      vertex 5.3975 4.59041 2.4
      vertex 5.15768 4.75066 2.4
    endloop
  endfacet
  facet normal 0 0 1
    outer loop
      vertex 2.54305 1.3432 2.4
      vertex 5.15768 4.75066 2.4
      vertex 4.94083 4.94083 2.4
    endloop
  endfacet
  facet normal 0 0 1
    outer loop
      vertex 5.9293 4.37013 2.4
      vertex 4.81768 0.221481 2.4
      vertex 5.65158 0.0556078 2.4
    endloop
  endfacet
  facet normal 0 0 1
    outer loop
      vertex 1.90381 1.90381 2.4
      vertex 4.94083 4.94083 2.4
      vertex 4.75066 5.15768 2.4
    endloop
  endfacet
  facet normal 0 0 1
    outer loop
      vertex 1.3432 2.54305 2.4
      vertex 4.75066 5.15768 2.4
      vertex 4.59041 5.3975 2.4
    endloop
  endfacet
  facet normal 0 0 1
    outer loop
      vertex 0.870834 3.25 2.4
      vertex 4.59041 5.3975 2.4
      vertex 4.46284 5.65618 2.4
    endloop
  endfacet
  facet normal 0 0 1
    outer loop
      vertex 0.494782 4.01256 2.4
      vertex 4.46284 5.65618 2.4
      vertex 4.37013 5.9293 2.4
    endloop
  endfacet
  facet normal 0 0 1
    outer loop
      vertex 0.221481 4.81768 2.4
      vertex 4.37013 5.9293 2.4
      vertex 4.31386 6.21219 2.4
    endloop
  endfacet
  facet normal 0 0 1
    outer loop
      vertex 5.65618 4.46284 2.4
      vertex 4.01256 0.494782 2.4
      vertex 4.81768 0.221481 2.4
    endloop
  endfacet
  facet normal 0 0 1
    outer loop
      vertex 0.0556078 5.65158 2.4
      vertex 4.31386 6.21219 2.4
      vertex 4.295 6.5 2.4
    endloop
  endfacet
  facet normal -0 0 1
    outer loop
      vertex 0.870834 9.75 2.4
      vertex 4.59041 7.6025 2.4
      vertex 1.3432 10.4569 2.4
    endloop
  endfacet
  facet normal 0 0 1
    outer loop
      vertex 4.59041 7.6025 2.4
      vertex 0.870834 9.75 2.4
      vertex 4.46284 7.34382 2.4
    endloop
  endfacet
  facet normal 0 0 1
    outer loop
      vertex 5.3975 4.59041 2.4
      vertex 3.25 0.870834 2.4
      vertex 4.01256 0.494782 2.4
    endloop
  endfacet
  facet normal -0 0 1
    outer loop
      vertex 0.494782 8.98744 2.4
      vertex 4.46284 7.34382 2.4
      vertex 0.870834 9.75 2.4
    endloop
  endfacet
  facet normal 0 0 1
    outer loop
      vertex 5.15768 4.75066 2.4
      vertex 2.54305 1.3432 2.4
      vertex 3.25 0.870834 2.4
    endloop
  endfacet
  facet normal 0 0 1
    outer loop
      vertex 4.46284 7.34382 2.4
      vertex 0.494782 8.98744 2.4
      vertex 4.37013 7.0707 2.4
    endloop
  endfacet
  facet normal 0 0 1
    outer loop
      vertex 4.94083 4.94083 2.4
      vertex 1.90381 1.90381 2.4
      vertex 2.54305 1.3432 2.4
    endloop
  endfacet
  facet normal -0 0 1
    outer loop
      vertex 0.221481 8.18232 2.4
      vertex 4.37013 7.0707 2.4
      vertex 0.494782 8.98744 2.4
    endloop
  endfacet
  facet normal 0 0 1
    outer loop
      vertex 4.75066 5.15768 2.4
      vertex 1.3432 2.54305 2.4
      vertex 1.90381 1.90381 2.4
    endloop
  endfacet
  facet normal 0 0 1
    outer loop
      vertex 4.37013 7.0707 2.4
      vertex 0.221481 8.18232 2.4
      vertex 4.31386 6.78781 2.4
    endloop
  endfacet
  facet normal 0 0 1
    outer loop
      vertex 4.59041 5.3975 2.4
      vertex 0.870834 3.25 2.4
      vertex 1.3432 2.54305 2.4
    endloop
  endfacet
  facet normal -0 0 1
    outer loop
      vertex 0.0556078 7.34842 2.4
      vertex 4.31386 6.78781 2.4
      vertex 0.221481 8.18232 2.4
    endloop
  endfacet
  facet normal 0 0 1
    outer loop
      vertex 4.46284 5.65618 2.4
      vertex 0.494782 4.01256 2.4
      vertex 0.870834 3.25 2.4
    endloop
  endfacet
  facet normal 0 0 1
    outer loop
      vertex 4.31386 6.78781 2.4
      vertex 0.0556078 7.34842 2.4
      vertex 4.295 6.5 2.4
    endloop
  endfacet
  facet normal 0 0 1
    outer loop
      vertex 4.37013 5.9293 2.4
      vertex 0.221481 4.81768 2.4
      vertex 0.494782 4.01256 2.4
    endloop
  endfacet
  facet normal 0 0 1
    outer loop
      vertex 0 6.5 2.4
      vertex 4.295 6.5 2.4
      vertex 0.0556078 7.34842 2.4
    endloop
  endfacet
  facet normal 0 0 1
    outer loop
      vertex 4.31386 6.21219 2.4
      vertex 0.0556078 5.65158 2.4
      vertex 0.221481 4.81768 2.4
    endloop
  endfacet
  facet normal 0 0 1
    outer loop
      vertex 4.295 6.5 2.4
      vertex 0 6.5 2.4
      vertex 0.0556078 5.65158 2.4
    endloop
  endfacet
  facet normal 0 0 1
    outer loop
      vertex 48.205 6.5 2.4
      vertex 52.5 6.5 2.4
      vertex 52.4444 7.34842 2.4
    endloop
  endfacet
  facet normal 0 0 1
    outer loop
      vertex 48.1861 6.78781 2.4
      vertex 52.4444 7.34842 2.4
      vertex 52.2785 8.18232 2.4
    endloop
  endfacet
  facet normal 0 0 1
    outer loop
      vertex 52.5 6.5 2.4
      vertex 48.205 6.5 2.4
      vertex 52.4444 5.65158 2.4
    endloop
  endfacet
  facet normal 0 0 1
    outer loop
      vertex 48.1299 7.0707 2.4
      vertex 52.2785 8.18232 2.4
      vertex 52.0052 8.98744 2.4
    endloop
  endfacet
  facet normal -0 0 1
    outer loop
      vertex 48.1861 6.21219 2.4
      vertex 52.4444 5.65158 2.4
      vertex 48.205 6.5 2.4
    endloop
  endfacet
  facet normal 0 0 1
    outer loop
      vertex 48.0372 7.34382 2.4
      vertex 52.0052 8.98744 2.4
      vertex 51.6292 9.75 2.4
    endloop
  endfacet
  facet normal 0 0 1
    outer loop
      vertex 52.4444 5.65158 2.4
      vertex 48.1861 6.21219 2.4
      vertex 52.2785 4.81768 2.4
    endloop
  endfacet
  facet normal 0 0 1
    outer loop
      vertex 47.9096 7.6025 2.4
      vertex 51.6292 9.75 2.4
      vertex 51.1568 10.4569 2.4
    endloop
  endfacet
  facet normal -0 0 1
    outer loop
      vertex 48.1299 5.9293 2.4
      vertex 52.2785 4.81768 2.4
      vertex 48.1861 6.21219 2.4
    endloop
  endfacet
  facet normal 0 0 1
    outer loop
      vertex 47.7493 7.84232 2.4
      vertex 51.1568 10.4569 2.4
      vertex 50.5962 11.0962 2.4
    endloop
  endfacet
  facet normal 0 0 1
    outer loop
      vertex 52.2785 4.81768 2.4
      vertex 48.1299 5.9293 2.4
      vertex 52.0052 4.01256 2.4
    endloop
  endfacet
  facet normal 0 0 1
    outer loop
      vertex 47.5592 8.05917 2.4
      vertex 50.5962 11.0962 2.4
      vertex 49.9569 11.6568 2.4
    endloop
  endfacet
  facet normal -0 0 1
    outer loop
      vertex 48.0372 5.65618 2.4
      vertex 52.0052 4.01256 2.4
      vertex 48.1299 5.9293 2.4
    endloop
  endfacet
  facet normal 0 0 1
    outer loop
      vertex 47.3423 8.24934 2.4
      vertex 49.9569 11.6568 2.4
      vertex 49.25 12.1292 2.4
    endloop
  endfacet
  facet normal 0 0 1
    outer loop
      vertex 52.0052 4.01256 2.4
      vertex 48.0372 5.65618 2.4
      vertex 51.6292 3.25 2.4
    endloop
  endfacet
  facet normal 0 0 1
    outer loop
      vertex 47.1025 8.40959 2.4
      vertex 49.25 12.1292 2.4
      vertex 48.4874 12.5052 2.4
    endloop
  endfacet
  facet normal -0 0 1
    outer loop
      vertex 47.9096 5.3975 2.4
      vertex 51.6292 3.25 2.4
      vertex 48.0372 5.65618 2.4
    endloop
  endfacet
  facet normal 0 0 1
    outer loop
      vertex 51.6292 3.25 2.4
      vertex 47.9096 5.3975 2.4
      vertex 51.1568 2.54305 2.4
    endloop
  endfacet
  facet normal 0 0 1
    outer loop
      vertex 52.4444 7.34842 2.4
      vertex 48.1861 6.78781 2.4
      vertex 48.205 6.5 2.4
    endloop
  endfacet
  facet normal 0 0 1
    outer loop
      vertex 52.2785 8.18232 2.4
      vertex 48.1299 7.0707 2.4
      vertex 48.1861 6.78781 2.4
    endloop
  endfacet
  facet normal 0 0 1
    outer loop
      vertex 52.0052 8.98744 2.4
      vertex 48.0372 7.34382 2.4
      vertex 48.1299 7.0707 2.4
    endloop
  endfacet
  facet normal 0 0 1
    outer loop
      vertex 51.6292 9.75 2.4
      vertex 47.9096 7.6025 2.4
      vertex 48.0372 7.34382 2.4
    endloop
  endfacet
  facet normal 0 0 1
    outer loop
      vertex 51.1568 10.4569 2.4
      vertex 47.7493 7.84232 2.4
      vertex 47.9096 7.6025 2.4
    endloop
  endfacet
  facet normal 0 0 1
    outer loop
      vertex 46.8438 8.53715 2.4
      vertex 48.4874 12.5052 2.4
      vertex 47.6823 12.7785 2.4
    endloop
  endfacet
  facet normal 0 0 1
    outer loop
      vertex 50.5962 11.0962 2.4
      vertex 47.5592 8.05917 2.4
      vertex 47.7493 7.84232 2.4
    endloop
  endfacet
  facet normal 0 0 1
    outer loop
      vertex 49.9569 11.6568 2.4
      vertex 47.3423 8.24934 2.4
      vertex 47.5592 8.05917 2.4
    endloop
  endfacet
  facet normal 0 0 1
    outer loop
      vertex 49.25 12.1292 2.4
      vertex 47.1025 8.40959 2.4
      vertex 47.3423 8.24934 2.4
    endloop
  endfacet
  facet normal 0 0 1
    outer loop
      vertex 46.5707 8.62987 2.4
      vertex 47.6823 12.7785 2.4
      vertex 46.8484 12.9444 2.4
    endloop
  endfacet
  facet normal 0 0 1
    outer loop
      vertex 48.4874 12.5052 2.4
      vertex 46.8438 8.53715 2.4
      vertex 47.1025 8.40959 2.4
    endloop
  endfacet
  facet normal 0 0 1
    outer loop
      vertex 47.6823 12.7785 2.4
      vertex 46.5707 8.62987 2.4
      vertex 46.8438 8.53715 2.4
    endloop
  endfacet
  facet normal 0 0 1
    outer loop
      vertex 46.8484 12.9444 2.4
      vertex 46.2878 8.68614 2.4
      vertex 46.5707 8.62987 2.4
    endloop
  endfacet
  facet normal 0 0 1
    outer loop
      vertex 46 13 2.4
      vertex 46.2878 8.68614 2.4
      vertex 46.8484 12.9444 2.4
    endloop
  endfacet
  facet normal 0 0 1
    outer loop
      vertex 46 13 2.4
      vertex 46 8.705 2.4
      vertex 46.2878 8.68614 2.4
    endloop
  endfacet
  facet normal 0 0 1
    outer loop
      vertex 46 13 2.4
      vertex 45.7122 8.68614 2.4
      vertex 46 8.705 2.4
    endloop
  endfacet
  facet normal -0 0 1
    outer loop
      vertex 45.1516 12.9444 2.4
      vertex 45.7122 8.68614 2.4
      vertex 46 13 2.4
    endloop
  endfacet
  facet normal 0 0 1
    outer loop
      vertex 45.7122 8.68614 2.4
      vertex 45.1516 12.9444 2.4
      vertex 45.4293 8.62987 2.4
    endloop
  endfacet
  facet normal -0 0 1
    outer loop
      vertex 44.3177 12.7785 2.4
      vertex 45.4293 8.62987 2.4
      vertex 45.1516 12.9444 2.4
    endloop
  endfacet
  facet normal 0 0 1
    outer loop
      vertex 45.4293 8.62987 2.4
      vertex 44.3177 12.7785 2.4
      vertex 45.1562 8.53715 2.4
    endloop
  endfacet
  facet normal -0 0 1
    outer loop
      vertex 43.5126 12.5052 2.4
      vertex 45.1562 8.53715 2.4
      vertex 44.3177 12.7785 2.4
    endloop
  endfacet
  facet normal 0 0 1
    outer loop
      vertex 45.1562 8.53715 2.4
      vertex 43.5126 12.5052 2.4
      vertex 44.8975 8.40959 2.4
    endloop
  endfacet
  facet normal -0 0 1
    outer loop
      vertex 42.75 12.1292 2.4
      vertex 44.8975 8.40959 2.4
      vertex 43.5126 12.5052 2.4
    endloop
  endfacet
  facet normal 0 0 1
    outer loop
      vertex 44.8975 8.40959 2.4
      vertex 42.75 12.1292 2.4
      vertex 44.6577 8.24934 2.4
    endloop
  endfacet
  facet normal -0 0 1
    outer loop
      vertex 42.043 11.6568 2.4
      vertex 44.6577 8.24934 2.4
      vertex 42.75 12.1292 2.4
    endloop
  endfacet
  facet normal 0 0 1
    outer loop
      vertex 44.6577 8.24934 2.4
      vertex 42.043 11.6568 2.4
      vertex 44.4408 8.05917 2.4
    endloop
  endfacet
  facet normal -0 0 1
    outer loop
      vertex 41.4038 11.0962 2.4
      vertex 44.4408 8.05917 2.4
      vertex 42.043 11.6568 2.4
    endloop
  endfacet
  facet normal 0 0 1
    outer loop
      vertex 44.4408 8.05917 2.4
      vertex 41.4038 11.0962 2.4
      vertex 44.2507 7.84232 2.4
    endloop
  endfacet
  facet normal 0 0 1
    outer loop
      vertex 44.2507 7.84232 2.4
      vertex 40.8432 10.4569 2.4
      vertex 44.0904 7.6025 2.4
    endloop
  endfacet
  facet normal -0 0 1
    outer loop
      vertex 40.8432 10.4569 2.4
      vertex 44.2507 7.84232 2.4
      vertex 41.4038 11.0962 2.4
    endloop
  endfacet
  facet normal -0 0 1
    outer loop
      vertex 47.7493 5.15768 2.4
      vertex 51.1568 2.54305 2.4
      vertex 47.9096 5.3975 2.4
    endloop
  endfacet
  facet normal 0 0 1
    outer loop
      vertex 51.1568 2.54305 2.4
      vertex 47.7493 5.15768 2.4
      vertex 50.5962 1.90381 2.4
    endloop
  endfacet
  facet normal -0 0 1
    outer loop
      vertex 47.5592 4.94083 2.4
      vertex 50.5962 1.90381 2.4
      vertex 47.7493 5.15768 2.4
    endloop
  endfacet
  facet normal 0 0 1
    outer loop
      vertex 50.5962 1.90381 2.4
      vertex 47.5592 4.94083 2.4
      vertex 49.9569 1.3432 2.4
    endloop
  endfacet
  facet normal -0 0 1
    outer loop
      vertex 47.3423 4.75066 2.4
      vertex 49.9569 1.3432 2.4
      vertex 47.5592 4.94083 2.4
    endloop
  endfacet
  facet normal 0 0 1
    outer loop
      vertex 49.9569 1.3432 2.4
      vertex 47.3423 4.75066 2.4
      vertex 49.25 0.870834 2.4
    endloop
  endfacet
  facet normal -0 0 1
    outer loop
      vertex 47.1025 4.59041 2.4
      vertex 49.25 0.870834 2.4
      vertex 47.3423 4.75066 2.4
    endloop
  endfacet
  facet normal 0 0 1
    outer loop
      vertex 49.25 0.870834 2.4
      vertex 47.1025 4.59041 2.4
      vertex 48.4874 0.494782 2.4
    endloop
  endfacet
  facet normal -0 0 1
    outer loop
      vertex 46.8438 4.46284 2.4
      vertex 48.4874 0.494782 2.4
      vertex 47.1025 4.59041 2.4
    endloop
  endfacet
  facet normal 0 0 1
    outer loop
      vertex 48.4874 0.494782 2.4
      vertex 46.8438 4.46284 2.4
      vertex 47.6823 0.221481 2.4
    endloop
  endfacet
  facet normal -0 0 1
    outer loop
      vertex 46.5707 4.37013 2.4
      vertex 47.6823 0.221481 2.4
      vertex 46.8438 4.46284 2.4
    endloop
  endfacet
  facet normal 0 0 1
    outer loop
      vertex 47.6823 0.221481 2.4
      vertex 46.5707 4.37013 2.4
      vertex 46.8484 0.0556078 2.4
    endloop
  endfacet
  facet normal -0 0 1
    outer loop
      vertex 46.2878 4.31386 2.4
      vertex 46.8484 0.0556078 2.4
      vertex 46.5707 4.37013 2.4
    endloop
  endfacet
  facet normal -0 0 1
    outer loop
      vertex 46 4.295 2.4
      vertex 46.8484 0.0556078 2.4
      vertex 46.2878 4.31386 2.4
    endloop
  endfacet
  facet normal 0 0 1
    outer loop
      vertex 46 4.295 2.4
      vertex 46 0 2.4
      vertex 46.8484 0.0556078 2.4
    endloop
  endfacet
  facet normal 0 0 1
    outer loop
      vertex 45.7122 4.31386 2.4
      vertex 46 0 2.4
      vertex 46 4.295 2.4
    endloop
  endfacet
  facet normal 0 0 1
    outer loop
      vertex 45.1516 0.0556078 2.4
      vertex 45.7122 4.31386 2.4
      vertex 45.4293 4.37013 2.4
    endloop
  endfacet
  facet normal 0 0 1
    outer loop
      vertex 44.3177 0.221481 2.4
      vertex 45.4293 4.37013 2.4
      vertex 45.1562 4.46284 2.4
    endloop
  endfacet
  facet normal 0 0 1
    outer loop
      vertex 45.7122 4.31386 2.4
      vertex 45.1516 0.0556078 2.4
      vertex 46 0 2.4
    endloop
  endfacet
  facet normal 0 0 1
    outer loop
      vertex 43.5126 0.494782 2.4
      vertex 45.1562 4.46284 2.4
      vertex 44.8975 4.59041 2.4
    endloop
  endfacet
  facet normal 0 0 1
    outer loop
      vertex 42.75 0.870834 2.4
      vertex 44.8975 4.59041 2.4
      vertex 44.6577 4.75066 2.4
    endloop
  endfacet
  facet normal 0 0 1
    outer loop
      vertex 42.043 1.3432 2.4
      vertex 44.6577 4.75066 2.4
      vertex 44.4408 4.94083 2.4
    endloop
  endfacet
  facet normal 0 0 1
    outer loop
      vertex 45.4293 4.37013 2.4
      vertex 44.3177 0.221481 2.4
      vertex 45.1516 0.0556078 2.4
    endloop
  endfacet
  facet normal 0 0 1
    outer loop
      vertex 41.4038 1.90381 2.4
      vertex 44.4408 4.94083 2.4
      vertex 44.2507 5.15768 2.4
    endloop
  endfacet
  facet normal 0 0 1
    outer loop
      vertex 40.8432 2.54305 2.4
      vertex 44.2507 5.15768 2.4
      vertex 44.0904 5.3975 2.4
    endloop
  endfacet
  facet normal 0 0 1
    outer loop
      vertex 40.2475 3.5 2.4
      vertex 44.0904 5.3975 2.4
      vertex 43.9628 5.65618 2.4
    endloop
  endfacet
  facet normal 0 0 1
    outer loop
      vertex 40.2475 3.5 2.4
      vertex 43.9628 5.65618 2.4
      vertex 43.8701 5.9293 2.4
    endloop
  endfacet
  facet normal 0 0 1
    outer loop
      vertex 40.2475 3.5 2.4
      vertex 43.8701 5.9293 2.4
      vertex 43.8139 6.21219 2.4
    endloop
  endfacet
  facet normal 0 0 1
    outer loop
      vertex 45.1562 4.46284 2.4
      vertex 43.5126 0.494782 2.4
      vertex 44.3177 0.221481 2.4
    endloop
  endfacet
  facet normal 0 0 1
    outer loop
      vertex 40.2475 3.5 2.4
      vertex 43.8139 6.21219 2.4
      vertex 43.795 6.5 2.4
    endloop
  endfacet
  facet normal -0 0 1
    outer loop
      vertex 40.3708 9.75 2.4
      vertex 44.0904 7.6025 2.4
      vertex 40.8432 10.4569 2.4
    endloop
  endfacet
  facet normal -0 0 1
    outer loop
      vertex 40.2475 9.5 2.4
      vertex 44.0904 7.6025 2.4
      vertex 40.3708 9.75 2.4
    endloop
  endfacet
  facet normal 0 0 1
    outer loop
      vertex 44.8975 4.59041 2.4
      vertex 42.75 0.870834 2.4
      vertex 43.5126 0.494782 2.4
    endloop
  endfacet
  facet normal 0 0 1
    outer loop
      vertex 44.0904 7.6025 2.4
      vertex 40.2475 9.5 2.4
      vertex 43.9628 7.34382 2.4
    endloop
  endfacet
  facet normal 0 0 1
    outer loop
      vertex 44.6577 4.75066 2.4
      vertex 42.043 1.3432 2.4
      vertex 42.75 0.870834 2.4
    endloop
  endfacet
  facet normal 0 0 1
    outer loop
      vertex 43.9628 7.34382 2.4
      vertex 40.2475 9.5 2.4
      vertex 43.8701 7.0707 2.4
    endloop
  endfacet
  facet normal 0 0 1
    outer loop
      vertex 44.4408 4.94083 2.4
      vertex 41.4038 1.90381 2.4
      vertex 42.043 1.3432 2.4
    endloop
  endfacet
  facet normal 0 0 1
    outer loop
      vertex 43.8701 7.0707 2.4
      vertex 40.2475 9.5 2.4
      vertex 43.8139 6.78781 2.4
    endloop
  endfacet
  facet normal 0 0 1
    outer loop
      vertex 40.2475 3.5 2.4
      vertex 43.795 6.5 2.4
      vertex 40.2475 9.5 2.4
    endloop
  endfacet
  facet normal 0 0 1
    outer loop
      vertex 43.8139 6.78781 2.4
      vertex 40.2475 9.5 2.4
      vertex 43.795 6.5 2.4
    endloop
  endfacet
  facet normal 0 0 1
    outer loop
      vertex 44.0904 5.3975 2.4
      vertex 40.2475 3.5 2.4
      vertex 40.3708 3.25 2.4
    endloop
  endfacet
  facet normal 0 0 1
    outer loop
      vertex 44.2507 5.15768 2.4
      vertex 40.8432 2.54305 2.4
      vertex 41.4038 1.90381 2.4
    endloop
  endfacet
  facet normal 0 0 1
    outer loop
      vertex 44.0904 5.3975 2.4
      vertex 40.3708 3.25 2.4
      vertex 40.8432 2.54305 2.4
    endloop
  endfacet
  facet normal -0 0 1
    outer loop
      vertex 29.25 9.5 2.4
      vertex 40.2475 3.5 2.4
      vertex 40.2475 9.5 2.4
    endloop
  endfacet
  facet normal -0 0 1
    outer loop
      vertex 28.3356 18.4649 2.4
      vertex 29.25 9.5 2.4
      vertex 28.975 18.7802 2.4
    endloop
  endfacet
  facet normal -0 0 1
    outer loop
      vertex 27.6606 18.2357 2.4
      vertex 29.25 9.5 2.4
      vertex 28.3356 18.4649 2.4
    endloop
  endfacet
  facet normal -0 0 1
    outer loop
      vertex 26.9614 18.0966 2.4
      vertex 29.25 9.5 2.4
      vertex 27.6606 18.2357 2.4
    endloop
  endfacet
  facet normal -0 0 1
    outer loop
      vertex 26.25 18.05 2.4
      vertex 29.25 9.5 2.4
      vertex 26.9614 18.0966 2.4
    endloop
  endfacet
  facet normal 0 0 1
    outer loop
      vertex 23.25 9.5 2.4
      vertex 26.25 18.05 2.4
      vertex 25.5386 18.0966 2.4
    endloop
  endfacet
  facet normal 0 0 1
    outer loop
      vertex 23.25 9.5 2.4
      vertex 25.5386 18.0966 2.4
      vertex 24.8394 18.2357 2.4
    endloop
  endfacet
  facet normal 0 0 1
    outer loop
      vertex 23.25 9.5 2.4
      vertex 24.8394 18.2357 2.4
      vertex 24.1644 18.4649 2.4
    endloop
  endfacet
  facet normal 0 0 1
    outer loop
      vertex 23.25 9.5 2.4
      vertex 24.1644 18.4649 2.4
      vertex 23.525 18.7802 2.4
    endloop
  endfacet
  facet normal 0 0 1
    outer loop
      vertex 23.25 9.5 2.4
      vertex 23.525 18.7802 2.4
      vertex 23.25 18.9639 2.4
    endloop
  endfacet
  facet normal 0 0 1
    outer loop
      vertex 26.25 18.05 2.4
      vertex 23.25 9.5 2.4
      vertex 29.25 9.5 2.4
    endloop
  endfacet
  facet normal -0 0 1
    outer loop
      vertex 23.25 9.5 2.4
      vertex 40.2475 3.5 2.4
      vertex 29.25 9.5 2.4
    endloop
  endfacet
  facet normal 0 0 1
    outer loop
      vertex 12.2525 3.5 2.4
      vertex 23.25 9.5 2.4
      vertex 12.2525 9.5 2.4
    endloop
  endfacet
  facet normal 0 0 1
    outer loop
      vertex 23.25 9.5 2.4
      vertex 12.2525 3.5 2.4
      vertex 40.2475 3.5 2.4
    endloop
  endfacet
  facet normal 0 0 1
    outer loop
      vertex 8.40959 7.6025 2.4
      vertex 12.2525 9.5 2.4
      vertex 12.1292 9.75 2.4
    endloop
  endfacet
  facet normal 0 0 1
    outer loop
      vertex 12.2525 9.5 2.4
      vertex 8.705 6.5 2.4
      vertex 12.2525 3.5 2.4
    endloop
  endfacet
  facet normal 0 0 1
    outer loop
      vertex 8.40959 7.6025 2.4
      vertex 12.1292 9.75 2.4
      vertex 11.6568 10.4569 2.4
    endloop
  endfacet
  facet normal -0 0 1
    outer loop
      vertex 8.68614 6.21219 2.4
      vertex 12.2525 3.5 2.4
      vertex 8.705 6.5 2.4
    endloop
  endfacet
  facet normal 0 0 1
    outer loop
      vertex 8.24934 7.84232 2.4
      vertex 11.6568 10.4569 2.4
      vertex 11.0962 11.0962 2.4
    endloop
  endfacet
  facet normal -0 0 1
    outer loop
      vertex 8.62987 5.9293 2.4
      vertex 12.2525 3.5 2.4
      vertex 8.68614 6.21219 2.4
    endloop
  endfacet
  facet normal 0 0 1
    outer loop
      vertex 8.05917 8.05917 2.4
      vertex 11.0962 11.0962 2.4
      vertex 10.4569 11.6568 2.4
    endloop
  endfacet
  facet normal -0 0 1
    outer loop
      vertex 8.53715 5.65618 2.4
      vertex 12.2525 3.5 2.4
      vertex 8.62987 5.9293 2.4
    endloop
  endfacet
  facet normal 0 0 1
    outer loop
      vertex 7.84232 8.24934 2.4
      vertex 10.4569 11.6568 2.4
      vertex 9.75 12.1292 2.4
    endloop
  endfacet
  facet normal -0 0 1
    outer loop
      vertex 8.40959 5.3975 2.4
      vertex 12.2525 3.5 2.4
      vertex 8.53715 5.65618 2.4
    endloop
  endfacet
  facet normal 0 0 1
    outer loop
      vertex 7.6025 8.40959 2.4
      vertex 9.75 12.1292 2.4
      vertex 8.98744 12.5052 2.4
    endloop
  endfacet
  facet normal 0 0 1
    outer loop
      vertex 12.2525 3.5 2.4
      vertex 8.40959 5.3975 2.4
      vertex 12.1292 3.25 2.4
    endloop
  endfacet
  facet normal 0 0 1
    outer loop
      vertex 12.1292 3.25 2.4
      vertex 8.40959 5.3975 2.4
      vertex 11.6568 2.54305 2.4
    endloop
  endfacet
  facet normal 0 0 1
    outer loop
      vertex 12.2525 9.5 2.4
      vertex 8.68614 6.78781 2.4
      vertex 8.705 6.5 2.4
    endloop
  endfacet
  facet normal 0 0 1
    outer loop
      vertex 12.2525 9.5 2.4
      vertex 8.62987 7.0707 2.4
      vertex 8.68614 6.78781 2.4
    endloop
  endfacet
  facet normal 0 0 1
    outer loop
      vertex 12.2525 9.5 2.4
      vertex 8.53715 7.34382 2.4
      vertex 8.62987 7.0707 2.4
    endloop
  endfacet
  facet normal 0 0 1
    outer loop
      vertex 12.2525 9.5 2.4
      vertex 8.40959 7.6025 2.4
      vertex 8.53715 7.34382 2.4
    endloop
  endfacet
  facet normal 0 0 1
    outer loop
      vertex 11.6568 10.4569 2.4
      vertex 8.24934 7.84232 2.4
      vertex 8.40959 7.6025 2.4
    endloop
  endfacet
  facet normal 0 0 1
    outer loop
      vertex 7.34382 8.53715 2.4
      vertex 8.98744 12.5052 2.4
      vertex 8.18232 12.7785 2.4
    endloop
  endfacet
  facet normal 0 0 1
    outer loop
      vertex 11.0962 11.0962 2.4
      vertex 8.05917 8.05917 2.4
      vertex 8.24934 7.84232 2.4
    endloop
  endfacet
  facet normal 0 0 1
    outer loop
      vertex 10.4569 11.6568 2.4
      vertex 7.84232 8.24934 2.4
      vertex 8.05917 8.05917 2.4
    endloop
  endfacet
  facet normal 0 0 1
    outer loop
      vertex 9.75 12.1292 2.4
      vertex 7.6025 8.40959 2.4
      vertex 7.84232 8.24934 2.4
    endloop
  endfacet
  facet normal 0 0 1
    outer loop
      vertex 7.0707 8.62987 2.4
      vertex 8.18232 12.7785 2.4
      vertex 7.34842 12.9444 2.4
    endloop
  endfacet
  facet normal 0 0 1
    outer loop
      vertex 8.98744 12.5052 2.4
      vertex 7.34382 8.53715 2.4
      vertex 7.6025 8.40959 2.4
    endloop
  endfacet
  facet normal 0 0 1
    outer loop
      vertex 8.18232 12.7785 2.4
      vertex 7.0707 8.62987 2.4
      vertex 7.34382 8.53715 2.4
    endloop
  endfacet
  facet normal 0 0 1
    outer loop
      vertex 7.34842 12.9444 2.4
      vertex 6.78781 8.68614 2.4
      vertex 7.0707 8.62987 2.4
    endloop
  endfacet
  facet normal 0 0 1
    outer loop
      vertex 6.5 13 2.4
      vertex 6.78781 8.68614 2.4
      vertex 7.34842 12.9444 2.4
    endloop
  endfacet
  facet normal 0 0 1
    outer loop
      vertex 6.5 13 2.4
      vertex 6.5 8.705 2.4
      vertex 6.78781 8.68614 2.4
    endloop
  endfacet
  facet normal 0 0 1
    outer loop
      vertex 6.5 13 2.4
      vertex 6.21219 8.68614 2.4
      vertex 6.5 8.705 2.4
    endloop
  endfacet
  facet normal -0 0 1
    outer loop
      vertex 5.65158 12.9444 2.4
      vertex 6.21219 8.68614 2.4
      vertex 6.5 13 2.4
    endloop
  endfacet
  facet normal 0 0 1
    outer loop
      vertex 6.21219 8.68614 2.4
      vertex 5.65158 12.9444 2.4
      vertex 5.9293 8.62987 2.4
    endloop
  endfacet
  facet normal -0 0 1
    outer loop
      vertex 4.81768 12.7785 2.4
      vertex 5.9293 8.62987 2.4
      vertex 5.65158 12.9444 2.4
    endloop
  endfacet
  facet normal 0 0 1
    outer loop
      vertex 5.9293 8.62987 2.4
      vertex 4.81768 12.7785 2.4
      vertex 5.65618 8.53715 2.4
    endloop
  endfacet
  facet normal -0 0 1
    outer loop
      vertex 4.01256 12.5052 2.4
      vertex 5.65618 8.53715 2.4
      vertex 4.81768 12.7785 2.4
    endloop
  endfacet
  facet normal 0 0 1
    outer loop
      vertex 5.65618 8.53715 2.4
      vertex 4.01256 12.5052 2.4
      vertex 5.3975 8.40959 2.4
    endloop
  endfacet
  facet normal -0 0 1
    outer loop
      vertex 3.25 12.1292 2.4
      vertex 5.3975 8.40959 2.4
      vertex 4.01256 12.5052 2.4
    endloop
  endfacet
  facet normal 0 0 1
    outer loop
      vertex 5.3975 8.40959 2.4
      vertex 3.25 12.1292 2.4
      vertex 5.15768 8.24934 2.4
    endloop
  endfacet
  facet normal -0 0 1
    outer loop
      vertex 2.54305 11.6568 2.4
      vertex 5.15768 8.24934 2.4
      vertex 3.25 12.1292 2.4
    endloop
  endfacet
  facet normal 0 0 1
    outer loop
      vertex 5.15768 8.24934 2.4
      vertex 2.54305 11.6568 2.4
      vertex 4.94083 8.05917 2.4
    endloop
  endfacet
  facet normal -0 0 1
    outer loop
      vertex 1.90381 11.0962 2.4
      vertex 4.94083 8.05917 2.4
      vertex 2.54305 11.6568 2.4
    endloop
  endfacet
  facet normal 0 0 1
    outer loop
      vertex 4.94083 8.05917 2.4
      vertex 1.90381 11.0962 2.4
      vertex 4.75066 7.84232 2.4
    endloop
  endfacet
  facet normal 0 0 1
    outer loop
      vertex 4.75066 7.84232 2.4
      vertex 1.3432 10.4569 2.4
      vertex 4.59041 7.6025 2.4
    endloop
  endfacet
  facet normal -0 0 1
    outer loop
      vertex 1.3432 10.4569 2.4
      vertex 4.75066 7.84232 2.4
      vertex 1.90381 11.0962 2.4
    endloop
  endfacet
  facet normal 0.896897 0.442239 0
    outer loop
      vertex 52.0052 8.98744 2.4
      vertex 51.6292 9.75 0
      vertex 51.6292 9.75 2.4
    endloop
  endfacet
  facet normal 0.896897 0.442239 0
    outer loop
      vertex 51.6292 9.75 0
      vertex 52.0052 8.98744 2.4
      vertex 52.0052 8.98744 0
    endloop
  endfacet
  facet normal 0.980779 0.195121 0
    outer loop
      vertex 52.4444 7.34842 2.4
      vertex 52.2785 8.18232 0
      vertex 52.2785 8.18232 2.4
    endloop
  endfacet
  facet normal 0.980779 0.195121 0
    outer loop
      vertex 52.2785 8.18232 0
      vertex 52.4444 7.34842 2.4
      vertex 52.4444 7.34842 0
    endloop
  endfacet
  facet normal -0.555541 -0.831489 0
    outer loop
      vertex 42.043 1.3432 0
      vertex 42.75 0.870834 2.4
      vertex 42.043 1.3432 2.4
    endloop
  endfacet
  facet normal -0.555541 -0.831489 -0
    outer loop
      vertex 42.75 0.870834 2.4
      vertex 42.043 1.3432 0
      vertex 42.75 0.870834 0
    endloop
  endfacet
  facet normal 0.44222 0.896907 -0
    outer loop
      vertex 49.25 12.1292 0
      vertex 48.4874 12.5052 2.4
      vertex 49.25 12.1292 2.4
    endloop
  endfacet
  facet normal 0.44222 0.896907 0
    outer loop
      vertex 48.4874 12.5052 2.4
      vertex 49.25 12.1292 0
      vertex 48.4874 12.5052 0
    endloop
  endfacet
  facet normal -0.65937 0.751818 0
    outer loop
      vertex 42.043 11.6568 0
      vertex 41.4038 11.0962 2.4
      vertex 42.043 11.6568 2.4
    endloop
  endfacet
  facet normal -0.65937 0.751818 0
    outer loop
      vertex 41.4038 11.0962 2.4
      vertex 42.043 11.6568 0
      vertex 41.4038 11.0962 0
    endloop
  endfacet
  facet normal -0.44222 0.896907 0
    outer loop
      vertex 43.5126 12.5052 0
      vertex 42.75 12.1292 2.4
      vertex 43.5126 12.5052 2.4
    endloop
  endfacet
  facet normal -0.44222 0.896907 0
    outer loop
      vertex 42.75 12.1292 2.4
      vertex 43.5126 12.5052 0
      vertex 42.75 12.1292 0
    endloop
  endfacet
  facet normal 0.321446 -0.946928 0
    outer loop
      vertex 47.6823 0.221481 0
      vertex 48.4874 0.494782 2.4
      vertex 47.6823 0.221481 2.4
    endloop
  endfacet
  facet normal 0.321446 -0.946928 0
    outer loop
      vertex 48.4874 0.494782 2.4
      vertex 47.6823 0.221481 0
      vertex 48.4874 0.494782 0
    endloop
  endfacet
  facet normal 0.195091 -0.980785 0
    outer loop
      vertex 46.8484 0.0556078 0
      vertex 47.6823 0.221481 2.4
      vertex 46.8484 0.0556078 2.4
    endloop
  endfacet
  facet normal 0.195091 -0.980785 0
    outer loop
      vertex 47.6823 0.221481 2.4
      vertex 46.8484 0.0556078 0
      vertex 47.6823 0.221481 0
    endloop
  endfacet
  facet normal -0.0653948 0.997859 0
    outer loop
      vertex 46 13 0
      vertex 45.1516 12.9444 2.4
      vertex 46 13 2.4
    endloop
  endfacet
  facet normal -0.0653948 0.997859 0
    outer loop
      vertex 45.1516 12.9444 2.4
      vertex 46 13 0
      vertex 45.1516 12.9444 0
    endloop
  endfacet
  facet normal 0.99786 0.0653933 0
    outer loop
      vertex 52.5 6.5 2.4
      vertex 52.4444 7.34842 0
      vertex 52.4444 7.34842 2.4
    endloop
  endfacet
  facet normal 0.99786 0.0653933 0
    outer loop
      vertex 52.4444 7.34842 0
      vertex 52.5 6.5 2.4
      vertex 52.5 6.5 0
    endloop
  endfacet
  facet normal 0.659319 -0.751864 0
    outer loop
      vertex 49.9569 1.3432 0
      vertex 50.5962 1.90381 2.4
      vertex 49.9569 1.3432 2.4
    endloop
  endfacet
  facet normal 0.659319 -0.751864 0
    outer loop
      vertex 50.5962 1.90381 2.4
      vertex 49.9569 1.3432 0
      vertex 50.5962 1.90381 0
    endloop
  endfacet
  facet normal -0.195121 0.980779 0
    outer loop
      vertex 45.1516 12.9444 0
      vertex 44.3177 12.7785 2.4
      vertex 45.1516 12.9444 2.4
    endloop
  endfacet
  facet normal -0.195121 0.980779 0
    outer loop
      vertex 44.3177 12.7785 2.4
      vertex 45.1516 12.9444 0
      vertex 44.3177 12.7785 0
    endloop
  endfacet
  facet normal 0.75187 0.659312 0
    outer loop
      vertex 51.1568 10.4569 2.4
      vertex 50.5962 11.0962 0
      vertex 50.5962 11.0962 2.4
    endloop
  endfacet
  facet normal 0.75187 0.659312 0
    outer loop
      vertex 50.5962 11.0962 0
      vertex 51.1568 10.4569 2.4
      vertex 51.1568 10.4569 0
    endloop
  endfacet
  facet normal -0.442269 -0.896882 0
    outer loop
      vertex 42.75 0.870834 0
      vertex 43.5126 0.494782 2.4
      vertex 42.75 0.870834 2.4
    endloop
  endfacet
  facet normal -0.442269 -0.896882 -0
    outer loop
      vertex 43.5126 0.494782 2.4
      vertex 42.75 0.870834 0
      vertex 43.5126 0.494782 0
    endloop
  endfacet
  facet normal 0.946931 -0.321438 0
    outer loop
      vertex 52.0052 4.01256 2.4
      vertex 52.2785 4.81768 0
      vertex 52.2785 4.81768 2.4
    endloop
  endfacet
  facet normal 0.946931 -0.321438 0
    outer loop
      vertex 52.2785 4.81768 0
      vertex 52.0052 4.01256 2.4
      vertex 52.0052 4.01256 0
    endloop
  endfacet
  facet normal -0.831435 0.555623 0
    outer loop
      vertex 40.3708 9.75 0
      vertex 40.8432 10.4569 2.4
      vertex 40.8432 10.4569 0
    endloop
  endfacet
  facet normal -0.831435 0.555623 0
    outer loop
      vertex 40.8432 10.4569 2.4
      vertex 40.3708 9.75 0
      vertex 40.3708 9.75 2.4
    endloop
  endfacet
  facet normal 0.831453 -0.555596 0
    outer loop
      vertex 51.1568 2.54305 2.4
      vertex 51.6292 3.25 0
      vertex 51.6292 3.25 2.4
    endloop
  endfacet
  facet normal 0.831453 -0.555596 0
    outer loop
      vertex 51.6292 3.25 0
      vertex 51.1568 2.54305 2.4
      vertex 51.1568 2.54305 0
    endloop
  endfacet
  facet normal 0.321445 0.946928 -0
    outer loop
      vertex 48.4874 12.5052 0
      vertex 47.6823 12.7785 2.4
      vertex 48.4874 12.5052 2.4
    endloop
  endfacet
  facet normal 0.321445 0.946928 0
    outer loop
      vertex 47.6823 12.7785 2.4
      vertex 48.4874 12.5052 0
      vertex 47.6823 12.7785 0
    endloop
  endfacet
  facet normal 0.831435 0.555623 0
    outer loop
      vertex 51.6292 9.75 2.4
      vertex 51.1568 10.4569 0
      vertex 51.1568 10.4569 2.4
    endloop
  endfacet
  facet normal 0.831435 0.555623 0
    outer loop
      vertex 51.1568 10.4569 0
      vertex 51.6292 9.75 2.4
      vertex 51.6292 9.75 0
    endloop
  endfacet
  facet normal 0.555623 0.831435 -0
    outer loop
      vertex 49.9569 11.6568 0
      vertex 49.25 12.1292 2.4
      vertex 49.9569 11.6568 2.4
    endloop
  endfacet
  facet normal 0.555623 0.831435 0
    outer loop
      vertex 49.25 12.1292 2.4
      vertex 49.9569 11.6568 0
      vertex 49.25 12.1292 0
    endloop
  endfacet
  facet normal -0.896853 -0.442328 0
    outer loop
      vertex 40.3708 3.25 0
      vertex 40.2475 3.5 2.4
      vertex 40.2475 3.5 0
    endloop
  endfacet
  facet normal -0.896853 -0.442328 0
    outer loop
      vertex 40.2475 3.5 2.4
      vertex 40.3708 3.25 0
      vertex 40.3708 3.25 2.4
    endloop
  endfacet
  facet normal -0.195091 -0.980785 0
    outer loop
      vertex 44.3177 0.221481 0
      vertex 45.1516 0.0556078 2.4
      vertex 44.3177 0.221481 2.4
    endloop
  endfacet
  facet normal -0.195091 -0.980785 -0
    outer loop
      vertex 45.1516 0.0556078 2.4
      vertex 44.3177 0.221481 0
      vertex 45.1516 0.0556078 0
    endloop
  endfacet
  facet normal 0.946931 0.321438 0
    outer loop
      vertex 52.2785 8.18232 2.4
      vertex 52.0052 8.98744 0
      vertex 52.0052 8.98744 2.4
    endloop
  endfacet
  facet normal 0.946931 0.321438 0
    outer loop
      vertex 52.0052 8.98744 0
      vertex 52.2785 8.18232 2.4
      vertex 52.2785 8.18232 0
    endloop
  endfacet
  facet normal 0.896897 -0.442239 0
    outer loop
      vertex 51.6292 3.25 2.4
      vertex 52.0052 4.01256 0
      vertex 52.0052 4.01256 2.4
    endloop
  endfacet
  facet normal 0.896897 -0.442239 0
    outer loop
      vertex 52.0052 4.01256 0
      vertex 51.6292 3.25 2.4
      vertex 51.6292 3.25 0
    endloop
  endfacet
  facet normal -0.751839 -0.659347 0
    outer loop
      vertex 41.4038 1.90381 0
      vertex 40.8432 2.54305 2.4
      vertex 40.8432 2.54305 0
    endloop
  endfacet
  facet normal -0.751839 -0.659347 0
    outer loop
      vertex 40.8432 2.54305 2.4
      vertex 41.4038 1.90381 0
      vertex 41.4038 1.90381 2.4
    endloop
  endfacet
  facet normal -0.555568 0.831471 0
    outer loop
      vertex 42.75 12.1292 0
      vertex 42.043 11.6568 2.4
      vertex 42.75 12.1292 2.4
    endloop
  endfacet
  facet normal -0.555568 0.831471 0
    outer loop
      vertex 42.043 11.6568 2.4
      vertex 42.75 12.1292 0
      vertex 42.043 11.6568 0
    endloop
  endfacet
  facet normal -0.831453 -0.555596 0
    outer loop
      vertex 40.8432 2.54305 0
      vertex 40.3708 3.25 2.4
      vertex 40.3708 3.25 0
    endloop
  endfacet
  facet normal -0.831453 -0.555596 0
    outer loop
      vertex 40.3708 3.25 2.4
      vertex 40.8432 2.54305 0
      vertex 40.8432 2.54305 2.4
    endloop
  endfacet
  facet normal 0.99786 -0.0653933 0
    outer loop
      vertex 52.4444 5.65158 2.4
      vertex 52.5 6.5 0
      vertex 52.5 6.5 2.4
    endloop
  endfacet
  facet normal 0.99786 -0.0653933 0
    outer loop
      vertex 52.5 6.5 0
      vertex 52.4444 5.65158 2.4
      vertex 52.4444 5.65158 0
    endloop
  endfacet
  facet normal -0.321446 -0.946928 0
    outer loop
      vertex 43.5126 0.494782 0
      vertex 44.3177 0.221481 2.4
      vertex 43.5126 0.494782 2.4
    endloop
  endfacet
  facet normal -0.321446 -0.946928 -0
    outer loop
      vertex 44.3177 0.221481 2.4
      vertex 43.5126 0.494782 0
      vertex 44.3177 0.221481 0
    endloop
  endfacet
  facet normal 0.0653948 0.997859 -0
    outer loop
      vertex 46.8484 12.9444 0
      vertex 46 13 2.4
      vertex 46.8484 12.9444 2.4
    endloop
  endfacet
  facet normal 0.0653948 0.997859 0
    outer loop
      vertex 46 13 2.4
      vertex 46.8484 12.9444 0
      vertex 46 13 0
    endloop
  endfacet
  facet normal -0.75187 0.659312 0
    outer loop
      vertex 40.8432 10.4569 0
      vertex 41.4038 11.0962 2.4
      vertex 41.4038 11.0962 0
    endloop
  endfacet
  facet normal -0.75187 0.659312 0
    outer loop
      vertex 41.4038 11.0962 2.4
      vertex 40.8432 10.4569 0
      vertex 40.8432 10.4569 2.4
    endloop
  endfacet
  facet normal 0.555595 -0.831453 0
    outer loop
      vertex 49.25 0.870834 0
      vertex 49.9569 1.3432 2.4
      vertex 49.25 0.870834 2.4
    endloop
  endfacet
  facet normal 0.555595 -0.831453 0
    outer loop
      vertex 49.9569 1.3432 2.4
      vertex 49.25 0.870834 0
      vertex 49.9569 1.3432 0
    endloop
  endfacet
  facet normal 0.980779 -0.195121 0
    outer loop
      vertex 52.2785 4.81768 2.4
      vertex 52.4444 5.65158 0
      vertex 52.4444 5.65158 2.4
    endloop
  endfacet
  facet normal 0.980779 -0.195121 0
    outer loop
      vertex 52.4444 5.65158 0
      vertex 52.2785 4.81768 2.4
      vertex 52.2785 4.81768 0
    endloop
  endfacet
  facet normal -0.321445 0.946928 0
    outer loop
      vertex 44.3177 12.7785 0
      vertex 43.5126 12.5052 2.4
      vertex 44.3177 12.7785 2.4
    endloop
  endfacet
  facet normal -0.321445 0.946928 0
    outer loop
      vertex 43.5126 12.5052 2.4
      vertex 44.3177 12.7785 0
      vertex 43.5126 12.5052 0
    endloop
  endfacet
  facet normal -0.896853 0.442328 0
    outer loop
      vertex 40.2475 9.5 0
      vertex 40.3708 9.75 2.4
      vertex 40.3708 9.75 0
    endloop
  endfacet
  facet normal -0.896853 0.442328 0
    outer loop
      vertex 40.3708 9.75 2.4
      vertex 40.2475 9.5 0
      vertex 40.2475 9.5 2.4
    endloop
  endfacet
  facet normal 0.065404 -0.997859 0
    outer loop
      vertex 46 0 0
      vertex 46.8484 0.0556078 2.4
      vertex 46 0 2.4
    endloop
  endfacet
  facet normal 0.065404 -0.997859 0
    outer loop
      vertex 46.8484 0.0556078 2.4
      vertex 46 0 0
      vertex 46.8484 0.0556078 0
    endloop
  endfacet
  facet normal -0.659377 -0.751813 0
    outer loop
      vertex 41.4038 1.90381 0
      vertex 42.043 1.3432 2.4
      vertex 41.4038 1.90381 2.4
    endloop
  endfacet
  facet normal -0.659377 -0.751813 -0
    outer loop
      vertex 42.043 1.3432 2.4
      vertex 41.4038 1.90381 0
      vertex 42.043 1.3432 0
    endloop
  endfacet
  facet normal 0.659312 0.75187 -0
    outer loop
      vertex 50.5962 11.0962 0
      vertex 49.9569 11.6568 2.4
      vertex 50.5962 11.0962 2.4
    endloop
  endfacet
  facet normal 0.659312 0.75187 0
    outer loop
      vertex 49.9569 11.6568 2.4
      vertex 50.5962 11.0962 0
      vertex 49.9569 11.6568 0
    endloop
  endfacet
  facet normal 0.195121 0.980779 -0
    outer loop
      vertex 47.6823 12.7785 0
      vertex 46.8484 12.9444 2.4
      vertex 47.6823 12.7785 2.4
    endloop
  endfacet
  facet normal 0.195121 0.980779 0
    outer loop
      vertex 46.8484 12.9444 2.4
      vertex 47.6823 12.7785 0
      vertex 46.8484 12.9444 0
    endloop
  endfacet
  facet normal 0.751839 -0.659347 0
    outer loop
      vertex 50.5962 1.90381 2.4
      vertex 51.1568 2.54305 0
      vertex 51.1568 2.54305 2.4
    endloop
  endfacet
  facet normal 0.751839 -0.659347 0
    outer loop
      vertex 51.1568 2.54305 0
      vertex 50.5962 1.90381 2.4
      vertex 50.5962 1.90381 0
    endloop
  endfacet
  facet normal 0.442269 -0.896882 0
    outer loop
      vertex 48.4874 0.494782 0
      vertex 49.25 0.870834 2.4
      vertex 48.4874 0.494782 2.4
    endloop
  endfacet
  facet normal 0.442269 -0.896882 0
    outer loop
      vertex 49.25 0.870834 2.4
      vertex 48.4874 0.494782 0
      vertex 49.25 0.870834 0
    endloop
  endfacet
  facet normal -0.065404 -0.997859 0
    outer loop
      vertex 45.1516 0.0556078 0
      vertex 46 0 2.4
      vertex 45.1516 0.0556078 2.4
    endloop
  endfacet
  facet normal -0.065404 -0.997859 -0
    outer loop
      vertex 46 0 2.4
      vertex 45.1516 0.0556078 0
      vertex 46 0 0
    endloop
  endfacet
  facet normal 0 1 -0
    outer loop
      vertex 23.25 9.5 0
      vertex 12.2525 9.5 2.4
      vertex 23.25 9.5 2.4
    endloop
  endfacet
  facet normal 0 1 0
    outer loop
      vertex 12.2525 9.5 2.4
      vertex 23.25 9.5 0
      vertex 12.2525 9.5 0
    endloop
  endfacet
  facet normal 0 1 -0
    outer loop
      vertex 40.2475 9.5 0
      vertex 29.25 9.5 2.4
      vertex 40.2475 9.5 2.4
    endloop
  endfacet
  facet normal 0 1 0
    outer loop
      vertex 29.25 9.5 2.4
      vertex 40.2475 9.5 0
      vertex 29.25 9.5 0
    endloop
  endfacet
  facet normal 0 -1 0
    outer loop
      vertex 12.2525 3.5 0
      vertex 40.2475 3.5 2.4
      vertex 12.2525 3.5 2.4
    endloop
  endfacet
  facet normal 0 -1 -0
    outer loop
      vertex 40.2475 3.5 2.4
      vertex 12.2525 3.5 0
      vertex 40.2475 3.5 0
    endloop
  endfacet
  facet normal -0.946901 -0.321525 0
    outer loop
      vertex 21.2149 21.4144 0
      vertex 20.9857 22.0894 10
      vertex 20.9857 22.0894 0
    endloop
  endfacet
  facet normal -0.946901 -0.321525 0
    outer loop
      vertex 20.9857 22.0894 10
      vertex 21.2149 21.4144 0
      vertex 21.2149 21.4144 10
    endloop
  endfacet
  facet normal 0.442269 -0.896882 0
    outer loop
      vertex 28.3356 18.4649 2.4
      vertex 28.975 18.7802 10
      vertex 28.3356 18.4649 10
    endloop
  endfacet
  facet normal 0.442269 -0.896882 0
    outer loop
      vertex 28.975 18.7802 10
      vertex 28.3356 18.4649 2.4
      vertex 28.975 18.7802 2.4
    endloop
  endfacet
  facet normal 0.442269 0.896882 -0
    outer loop
      vertex 28.975 28.2198 0
      vertex 28.3356 28.5351 10
      vertex 28.975 28.2198 10
    endloop
  endfacet
  facet normal 0.442269 0.896882 0
    outer loop
      vertex 28.3356 28.5351 10
      vertex 28.975 28.2198 0
      vertex 28.3356 28.5351 0
    endloop
  endfacet
  facet normal 0.321525 -0.946901 0
    outer loop
      vertex 27.6606 18.2357 2.4
      vertex 28.3356 18.4649 10
      vertex 27.6606 18.2357 10
    endloop
  endfacet
  facet normal 0.321525 -0.946901 0
    outer loop
      vertex 28.3356 18.4649 10
      vertex 27.6606 18.2357 2.4
      vertex 28.3356 18.4649 2.4
    endloop
  endfacet
  facet normal -0.98078 -0.195118 0
    outer loop
      vertex 20.9857 22.0894 0
      vertex 20.8466 22.7886 10
      vertex 20.8466 22.7886 0
    endloop
  endfacet
  facet normal -0.98078 -0.195118 0
    outer loop
      vertex 20.8466 22.7886 10
      vertex 20.9857 22.0894 0
      vertex 20.9857 22.0894 10
    endloop
  endfacet
  facet normal 0.751812 0.659378 0
    outer loop
      vertex 30.5738 26.8177 10
      vertex 30.1037 27.3537 0
      vertex 30.1037 27.3537 10
    endloop
  endfacet
  facet normal 0.751812 0.659378 0
    outer loop
      vertex 30.1037 27.3537 0
      vertex 30.5738 26.8177 10
      vertex 30.5738 26.8177 0
    endloop
  endfacet
  facet normal -0.0653646 -0.997861 0
    outer loop
      vertex 25.5386 18.0966 2.4
      vertex 26.25 18.05 10
      vertex 25.5386 18.0966 10
    endloop
  endfacet
  facet normal -0.0653646 -0.997861 -0
    outer loop
      vertex 26.25 18.05 10
      vertex 25.5386 18.0966 2.4
      vertex 26.25 18.05 2.4
    endloop
  endfacet
  facet normal -0.0653646 0.997861 0
    outer loop
      vertex 26.25 28.95 0
      vertex 25.5386 28.9034 10
      vertex 26.25 28.95 10
    endloop
  endfacet
  facet normal -0.0653646 0.997861 0
    outer loop
      vertex 25.5386 28.9034 10
      vertex 26.25 28.95 0
      vertex 25.5386 28.9034 0
    endloop
  endfacet
  facet normal 0.997861 0.0653646 0
    outer loop
      vertex 31.7 23.5 10
      vertex 31.6534 24.2114 0
      vertex 31.6534 24.2114 10
    endloop
  endfacet
  facet normal 0.997861 0.0653646 0
    outer loop
      vertex 31.6534 24.2114 0
      vertex 31.7 23.5 10
      vertex 31.7 23.5 0
    endloop
  endfacet
  facet normal -0.659378 -0.751812 0
    outer loop
      vertex 22.3963 19.6463 0
      vertex 22.9323 19.1762 10
      vertex 22.3963 19.6463 10
    endloop
  endfacet
  facet normal -0.659378 -0.751812 -0
    outer loop
      vertex 22.9323 19.1762 10
      vertex 22.3963 19.6463 0
      vertex 22.9323 19.1762 0
    endloop
  endfacet
  facet normal -0.442269 -0.896882 0
    outer loop
      vertex 23.525 18.7802 2.4
      vertex 24.1644 18.4649 10
      vertex 23.525 18.7802 10
    endloop
  endfacet
  facet normal -0.442269 -0.896882 -0
    outer loop
      vertex 24.1644 18.4649 10
      vertex 23.525 18.7802 2.4
      vertex 24.1644 18.4649 2.4
    endloop
  endfacet
  facet normal -0.831489 0.555542 0
    outer loop
      vertex 21.5302 26.225 0
      vertex 21.9262 26.8177 10
      vertex 21.9262 26.8177 0
    endloop
  endfacet
  facet normal -0.831489 0.555542 0
    outer loop
      vertex 21.9262 26.8177 10
      vertex 21.5302 26.225 0
      vertex 21.5302 26.225 10
    endloop
  endfacet
  facet normal -0.195118 0.98078 0
    outer loop
      vertex 25.5386 28.9034 0
      vertex 24.8394 28.7643 10
      vertex 25.5386 28.9034 10
    endloop
  endfacet
  facet normal -0.195118 0.98078 0
    outer loop
      vertex 24.8394 28.7643 10
      vertex 25.5386 28.9034 0
      vertex 24.8394 28.7643 0
    endloop
  endfacet
  facet normal 0.98078 0.195118 0
    outer loop
      vertex 31.6534 24.2114 10
      vertex 31.5143 24.9106 0
      vertex 31.5143 24.9106 10
    endloop
  endfacet
  facet normal 0.98078 0.195118 0
    outer loop
      vertex 31.5143 24.9106 0
      vertex 31.6534 24.2114 10
      vertex 31.6534 24.2114 0
    endloop
  endfacet
  facet normal -0.831489 -0.555542 0
    outer loop
      vertex 21.9262 20.1823 0
      vertex 21.5302 20.775 10
      vertex 21.5302 20.775 0
    endloop
  endfacet
  facet normal -0.831489 -0.555542 0
    outer loop
      vertex 21.5302 20.775 10
      vertex 21.9262 20.1823 0
      vertex 21.9262 20.1823 10
    endloop
  endfacet
  facet normal 0.555542 0.831489 -0
    outer loop
      vertex 29.5677 27.8238 0
      vertex 28.975 28.2198 10
      vertex 29.5677 27.8238 10
    endloop
  endfacet
  facet normal 0.555542 0.831489 0
    outer loop
      vertex 28.975 28.2198 10
      vertex 29.5677 27.8238 0
      vertex 28.975 28.2198 0
    endloop
  endfacet
  facet normal -0.997861 -0.0653646 0
    outer loop
      vertex 20.8466 22.7886 0
      vertex 20.8 23.5 10
      vertex 20.8 23.5 0
    endloop
  endfacet
  facet normal -0.997861 -0.0653646 0
    outer loop
      vertex 20.8 23.5 10
      vertex 20.8466 22.7886 0
      vertex 20.8466 22.7886 10
    endloop
  endfacet
  facet normal -0 0 1
    outer loop
      vertex 29.5439 23.593 10
      vertex 31.7 23.5 10
      vertex 31.6534 24.2114 10
    endloop
  endfacet
  facet normal -0 0 1
    outer loop
      vertex 29.4557 24.2627 10
      vertex 31.6534 24.2114 10
      vertex 31.5143 24.9106 10
    endloop
  endfacet
  facet normal 0 0 1
    outer loop
      vertex 31.7 23.5 10
      vertex 29.5439 23.593 10
      vertex 29.55 23.5 10
    endloop
  endfacet
  facet normal 0 0 1
    outer loop
      vertex 29.4076 24.4424 10
      vertex 31.5143 24.9106 10
      vertex 31.2851 25.5856 10
    endloop
  endfacet
  facet normal 0 0 1
    outer loop
      vertex 29.5439 23.407 10
      vertex 31.7 23.5 10
      vertex 29.55 23.5 10
    endloop
  endfacet
  facet normal 0 0 1
    outer loop
      vertex 29.1491 25.0664 10
      vertex 31.2851 25.5856 10
      vertex 30.9698 26.225 10
    endloop
  endfacet
  facet normal 0 0 1
    outer loop
      vertex 31.7 23.5 10
      vertex 29.5439 23.407 10
      vertex 31.6534 22.7886 10
    endloop
  endfacet
  facet normal 0 0 1
    outer loop
      vertex 29.0561 25.2275 10
      vertex 30.9698 26.225 10
      vertex 30.5738 26.8177 10
    endloop
  endfacet
  facet normal -0 0 1
    outer loop
      vertex 29.5218 23.0693 10
      vertex 31.6534 22.7886 10
      vertex 29.5439 23.407 10
    endloop
  endfacet
  facet normal 0 0 1
    outer loop
      vertex 28.6449 25.7634 10
      vertex 30.5738 26.8177 10
      vertex 30.1037 27.3537 10
    endloop
  endfacet
  facet normal 0 0 1
    outer loop
      vertex 29.4557 22.7373 10
      vertex 31.6534 22.7886 10
      vertex 29.5218 23.0693 10
    endloop
  endfacet
  facet normal 0 0 1
    outer loop
      vertex 28.5134 25.8949 10
      vertex 30.1037 27.3537 10
      vertex 29.5677 27.8238 10
    endloop
  endfacet
  facet normal -0 0 1
    outer loop
      vertex 29.4376 22.6459 10
      vertex 31.5143 22.0894 10
      vertex 29.4557 22.7373 10
    endloop
  endfacet
  facet normal -0 0 1
    outer loop
      vertex 29.4076 22.5576 10
      vertex 31.5143 22.0894 10
      vertex 29.4376 22.6459 10
    endloop
  endfacet
  facet normal 0 0 1
    outer loop
      vertex 31.6534 22.7886 10
      vertex 29.4557 22.7373 10
      vertex 31.5143 22.0894 10
    endloop
  endfacet
  facet normal 0 0 1
    outer loop
      vertex 31.6534 24.2114 10
      vertex 29.5218 23.9307 10
      vertex 29.5439 23.593 10
    endloop
  endfacet
  facet normal 0 0 1
    outer loop
      vertex 31.6534 24.2114 10
      vertex 29.4557 24.2627 10
      vertex 29.5218 23.9307 10
    endloop
  endfacet
  facet normal 0 0 1
    outer loop
      vertex 31.5143 24.9106 10
      vertex 29.4376 24.3541 10
      vertex 29.4557 24.2627 10
    endloop
  endfacet
  facet normal 0 0 1
    outer loop
      vertex 31.5143 24.9106 10
      vertex 29.4076 24.4424 10
      vertex 29.4376 24.3541 10
    endloop
  endfacet
  facet normal 0 0 1
    outer loop
      vertex 31.2851 25.5856 10
      vertex 29.2988 24.7629 10
      vertex 29.4076 24.4424 10
    endloop
  endfacet
  facet normal 0 0 1
    outer loop
      vertex 31.2851 25.5856 10
      vertex 29.1491 25.0664 10
      vertex 29.2988 24.7629 10
    endloop
  endfacet
  facet normal 0 0 1
    outer loop
      vertex 30.9698 26.225 10
      vertex 29.1079 25.15 10
      vertex 29.1491 25.0664 10
    endloop
  endfacet
  facet normal 0 0 1
    outer loop
      vertex 30.9698 26.225 10
      vertex 29.0561 25.2275 10
      vertex 29.1079 25.15 10
    endloop
  endfacet
  facet normal 0 0 1
    outer loop
      vertex 27.9775 26.3061 10
      vertex 29.5677 27.8238 10
      vertex 28.975 28.2198 10
    endloop
  endfacet
  facet normal 0 0 1
    outer loop
      vertex 30.5738 26.8177 10
      vertex 28.8681 25.5089 10
      vertex 29.0561 25.2275 10
    endloop
  endfacet
  facet normal 0 0 1
    outer loop
      vertex 30.5738 26.8177 10
      vertex 28.6449 25.7634 10
      vertex 28.8681 25.5089 10
    endloop
  endfacet
  facet normal 0 0 1
    outer loop
      vertex 30.1037 27.3537 10
      vertex 28.5835 25.8335 10
      vertex 28.6449 25.7634 10
    endloop
  endfacet
  facet normal 0 0 1
    outer loop
      vertex 30.1037 27.3537 10
      vertex 28.5134 25.8949 10
      vertex 28.5835 25.8335 10
    endloop
  endfacet
  facet normal 0 0 1
    outer loop
      vertex 27.8164 26.3991 10
      vertex 28.975 28.2198 10
      vertex 28.3356 28.5351 10
    endloop
  endfacet
  facet normal 0 0 1
    outer loop
      vertex 29.5677 27.8238 10
      vertex 28.2589 26.1181 10
      vertex 28.5134 25.8949 10
    endloop
  endfacet
  facet normal 0 0 1
    outer loop
      vertex 29.5677 27.8238 10
      vertex 27.9775 26.3061 10
      vertex 28.2589 26.1181 10
    endloop
  endfacet
  facet normal 0 0 1
    outer loop
      vertex 28.975 28.2198 10
      vertex 27.9 26.3579 10
      vertex 27.9775 26.3061 10
    endloop
  endfacet
  facet normal 0 0 1
    outer loop
      vertex 28.975 28.2198 10
      vertex 27.8164 26.3991 10
      vertex 27.9 26.3579 10
    endloop
  endfacet
  facet normal 0 0 1
    outer loop
      vertex 27.1924 26.6576 10
      vertex 28.3356 28.5351 10
      vertex 27.6606 28.7643 10
    endloop
  endfacet
  facet normal 0 0 1
    outer loop
      vertex 28.3356 28.5351 10
      vertex 27.5129 26.5488 10
      vertex 27.8164 26.3991 10
    endloop
  endfacet
  facet normal 0 0 1
    outer loop
      vertex 28.3356 28.5351 10
      vertex 27.1924 26.6576 10
      vertex 27.5129 26.5488 10
    endloop
  endfacet
  facet normal 0 0 1
    outer loop
      vertex 27.6606 28.7643 10
      vertex 27.1041 26.6876 10
      vertex 27.1924 26.6576 10
    endloop
  endfacet
  facet normal 0 0 1
    outer loop
      vertex 27.6606 28.7643 10
      vertex 27.0127 26.7057 10
      vertex 27.1041 26.6876 10
    endloop
  endfacet
  facet normal 0 0 1
    outer loop
      vertex 26.9614 28.9034 10
      vertex 27.0127 26.7057 10
      vertex 27.6606 28.7643 10
    endloop
  endfacet
  facet normal 0 0 1
    outer loop
      vertex 26.9614 28.9034 10
      vertex 26.6807 26.7718 10
      vertex 27.0127 26.7057 10
    endloop
  endfacet
  facet normal 0 0 1
    outer loop
      vertex 26.9614 28.9034 10
      vertex 26.343 26.7939 10
      vertex 26.6807 26.7718 10
    endloop
  endfacet
  facet normal 0 0 1
    outer loop
      vertex 26.25 28.95 10
      vertex 26.343 26.7939 10
      vertex 26.9614 28.9034 10
    endloop
  endfacet
  facet normal 0 0 1
    outer loop
      vertex 26.25 28.95 10
      vertex 26.25 26.8 10
      vertex 26.343 26.7939 10
    endloop
  endfacet
  facet normal 0 0 1
    outer loop
      vertex 26.25 28.95 10
      vertex 26.157 26.7939 10
      vertex 26.25 26.8 10
    endloop
  endfacet
  facet normal -0 0 1
    outer loop
      vertex 25.5386 28.9034 10
      vertex 26.157 26.7939 10
      vertex 26.25 28.95 10
    endloop
  endfacet
  facet normal 0 0 1
    outer loop
      vertex 26.157 26.7939 10
      vertex 25.5386 28.9034 10
      vertex 25.8193 26.7718 10
    endloop
  endfacet
  facet normal 0 0 1
    outer loop
      vertex 25.5386 28.9034 10
      vertex 25.4873 26.7057 10
      vertex 25.8193 26.7718 10
    endloop
  endfacet
  facet normal -0 0 1
    outer loop
      vertex 24.8394 28.7643 10
      vertex 25.4873 26.7057 10
      vertex 25.5386 28.9034 10
    endloop
  endfacet
  facet normal 0 0 1
    outer loop
      vertex 25.4873 26.7057 10
      vertex 24.8394 28.7643 10
      vertex 25.3959 26.6876 10
    endloop
  endfacet
  facet normal 0 0 1
    outer loop
      vertex 25.3959 26.6876 10
      vertex 24.8394 28.7643 10
      vertex 25.3076 26.6576 10
    endloop
  endfacet
  facet normal -0 0 1
    outer loop
      vertex 24.1644 28.5351 10
      vertex 25.3076 26.6576 10
      vertex 24.8394 28.7643 10
    endloop
  endfacet
  facet normal 0 0 1
    outer loop
      vertex 25.3076 26.6576 10
      vertex 24.1644 28.5351 10
      vertex 24.9871 26.5488 10
    endloop
  endfacet
  facet normal 0 0 1
    outer loop
      vertex 24.9871 26.5488 10
      vertex 24.1644 28.5351 10
      vertex 24.6836 26.3991 10
    endloop
  endfacet
  facet normal -0 0 1
    outer loop
      vertex 23.525 28.2198 10
      vertex 24.6836 26.3991 10
      vertex 24.1644 28.5351 10
    endloop
  endfacet
  facet normal 0 0 1
    outer loop
      vertex 24.6836 26.3991 10
      vertex 23.525 28.2198 10
      vertex 24.6 26.3579 10
    endloop
  endfacet
  facet normal 0 0 1
    outer loop
      vertex 24.6 26.3579 10
      vertex 23.525 28.2198 10
      vertex 24.5225 26.3061 10
    endloop
  endfacet
  facet normal -0 0 1
    outer loop
      vertex 22.9323 27.8238 10
      vertex 24.5225 26.3061 10
      vertex 23.525 28.2198 10
    endloop
  endfacet
  facet normal 0 0 1
    outer loop
      vertex 24.5225 26.3061 10
      vertex 22.9323 27.8238 10
      vertex 24.2411 26.1181 10
    endloop
  endfacet
  facet normal 0 0 1
    outer loop
      vertex 24.2411 26.1181 10
      vertex 22.9323 27.8238 10
      vertex 23.9866 25.8949 10
    endloop
  endfacet
  facet normal -0 0 1
    outer loop
      vertex 22.3963 27.3537 10
      vertex 23.9866 25.8949 10
      vertex 22.9323 27.8238 10
    endloop
  endfacet
  facet normal 0 0 1
    outer loop
      vertex 23.9866 25.8949 10
      vertex 22.3963 27.3537 10
      vertex 23.9165 25.8335 10
    endloop
  endfacet
  facet normal 0 0 1
    outer loop
      vertex 23.9165 25.8335 10
      vertex 22.3963 27.3537 10
      vertex 23.8551 25.7634 10
    endloop
  endfacet
  facet normal -0 0 1
    outer loop
      vertex 21.9262 26.8177 10
      vertex 23.8551 25.7634 10
      vertex 22.3963 27.3537 10
    endloop
  endfacet
  facet normal 0 0 1
    outer loop
      vertex 23.8551 25.7634 10
      vertex 21.9262 26.8177 10
      vertex 23.6319 25.5089 10
    endloop
  endfacet
  facet normal 0 0 1
    outer loop
      vertex 23.6319 25.5089 10
      vertex 21.9262 26.8177 10
      vertex 23.4439 25.2275 10
    endloop
  endfacet
  facet normal -0 0 1
    outer loop
      vertex 21.5302 26.225 10
      vertex 23.4439 25.2275 10
      vertex 21.9262 26.8177 10
    endloop
  endfacet
  facet normal 0 0 1
    outer loop
      vertex 23.4439 25.2275 10
      vertex 21.5302 26.225 10
      vertex 23.3921 25.15 10
    endloop
  endfacet
  facet normal 0 0 1
    outer loop
      vertex 23.3921 25.15 10
      vertex 21.5302 26.225 10
      vertex 23.3509 25.0664 10
    endloop
  endfacet
  facet normal -0 0 1
    outer loop
      vertex 21.2149 25.5856 10
      vertex 23.3509 25.0664 10
      vertex 21.5302 26.225 10
    endloop
  endfacet
  facet normal -0 0 1
    outer loop
      vertex 20.9857 24.9106 10
      vertex 23.0924 24.4424 10
      vertex 21.2149 25.5856 10
    endloop
  endfacet
  facet normal 0 0 1
    outer loop
      vertex 23.2012 24.7629 10
      vertex 21.2149 25.5856 10
      vertex 23.0924 24.4424 10
    endloop
  endfacet
  facet normal 0 0 1
    outer loop
      vertex 23.3509 25.0664 10
      vertex 21.2149 25.5856 10
      vertex 23.2012 24.7629 10
    endloop
  endfacet
  facet normal 0 0 1
    outer loop
      vertex 31.5143 22.0894 10
      vertex 29.4076 22.5576 10
      vertex 31.2851 21.4144 10
    endloop
  endfacet
  facet normal -0 0 1
    outer loop
      vertex 29.2988 22.2371 10
      vertex 31.2851 21.4144 10
      vertex 29.4076 22.5576 10
    endloop
  endfacet
  facet normal -0 0 1
    outer loop
      vertex 29.1491 21.9336 10
      vertex 31.2851 21.4144 10
      vertex 29.2988 22.2371 10
    endloop
  endfacet
  facet normal 0 0 1
    outer loop
      vertex 31.2851 21.4144 10
      vertex 29.1491 21.9336 10
      vertex 30.9698 20.775 10
    endloop
  endfacet
  facet normal -0 0 1
    outer loop
      vertex 29.1079 21.85 10
      vertex 30.9698 20.775 10
      vertex 29.1491 21.9336 10
    endloop
  endfacet
  facet normal -0 0 1
    outer loop
      vertex 29.0561 21.7725 10
      vertex 30.9698 20.775 10
      vertex 29.1079 21.85 10
    endloop
  endfacet
  facet normal 0 0 1
    outer loop
      vertex 30.9698 20.775 10
      vertex 29.0561 21.7725 10
      vertex 30.5738 20.1823 10
    endloop
  endfacet
  facet normal -0 0 1
    outer loop
      vertex 28.8681 21.4911 10
      vertex 30.5738 20.1823 10
      vertex 29.0561 21.7725 10
    endloop
  endfacet
  facet normal -0 0 1
    outer loop
      vertex 28.6449 21.2366 10
      vertex 30.5738 20.1823 10
      vertex 28.8681 21.4911 10
    endloop
  endfacet
  facet normal 0 0 1
    outer loop
      vertex 30.5738 20.1823 10
      vertex 28.6449 21.2366 10
      vertex 30.1037 19.6463 10
    endloop
  endfacet
  facet normal -0 0 1
    outer loop
      vertex 28.5835 21.1665 10
      vertex 30.1037 19.6463 10
      vertex 28.6449 21.2366 10
    endloop
  endfacet
  facet normal -0 0 1
    outer loop
      vertex 28.5134 21.1051 10
      vertex 30.1037 19.6463 10
      vertex 28.5835 21.1665 10
    endloop
  endfacet
  facet normal 0 0 1
    outer loop
      vertex 30.1037 19.6463 10
      vertex 28.5134 21.1051 10
      vertex 29.5677 19.1762 10
    endloop
  endfacet
  facet normal -0 0 1
    outer loop
      vertex 28.2589 20.8819 10
      vertex 29.5677 19.1762 10
      vertex 28.5134 21.1051 10
    endloop
  endfacet
  facet normal -0 0 1
    outer loop
      vertex 27.9775 20.6939 10
      vertex 29.5677 19.1762 10
      vertex 28.2589 20.8819 10
    endloop
  endfacet
  facet normal 0 0 1
    outer loop
      vertex 29.5677 19.1762 10
      vertex 27.9775 20.6939 10
      vertex 28.975 18.7802 10
    endloop
  endfacet
  facet normal -0 0 1
    outer loop
      vertex 27.9 20.6421 10
      vertex 28.975 18.7802 10
      vertex 27.9775 20.6939 10
    endloop
  endfacet
  facet normal -0 0 1
    outer loop
      vertex 27.8164 20.6009 10
      vertex 28.975 18.7802 10
      vertex 27.9 20.6421 10
    endloop
  endfacet
  facet normal 0 0 1
    outer loop
      vertex 28.975 18.7802 10
      vertex 27.8164 20.6009 10
      vertex 28.3356 18.4649 10
    endloop
  endfacet
  facet normal -0 0 1
    outer loop
      vertex 27.5129 20.4512 10
      vertex 28.3356 18.4649 10
      vertex 27.8164 20.6009 10
    endloop
  endfacet
  facet normal -0 0 1
    outer loop
      vertex 27.1924 20.3424 10
      vertex 28.3356 18.4649 10
      vertex 27.5129 20.4512 10
    endloop
  endfacet
  facet normal 0 0 1
    outer loop
      vertex 28.3356 18.4649 10
      vertex 27.1924 20.3424 10
      vertex 27.6606 18.2357 10
    endloop
  endfacet
  facet normal -0 0 1
    outer loop
      vertex 27.1041 20.3124 10
      vertex 27.6606 18.2357 10
      vertex 27.1924 20.3424 10
    endloop
  endfacet
  facet normal -0 0 1
    outer loop
      vertex 27.0127 20.2943 10
      vertex 27.6606 18.2357 10
      vertex 27.1041 20.3124 10
    endloop
  endfacet
  facet normal 0 0 1
    outer loop
      vertex 27.0127 20.2943 10
      vertex 26.9614 18.0966 10
      vertex 27.6606 18.2357 10
    endloop
  endfacet
  facet normal -0 0 1
    outer loop
      vertex 26.6807 20.2282 10
      vertex 26.9614 18.0966 10
      vertex 27.0127 20.2943 10
    endloop
  endfacet
  facet normal -0 0 1
    outer loop
      vertex 26.343 20.2061 10
      vertex 26.9614 18.0966 10
      vertex 26.6807 20.2282 10
    endloop
  endfacet
  facet normal 0 0 1
    outer loop
      vertex 26.25 18.05 10
      vertex 26.343 20.2061 10
      vertex 26.25 20.2 10
    endloop
  endfacet
  facet normal 0 0 1
    outer loop
      vertex 26.343 20.2061 10
      vertex 26.25 18.05 10
      vertex 26.9614 18.0966 10
    endloop
  endfacet
  facet normal 0 0 1
    outer loop
      vertex 26.157 20.2061 10
      vertex 26.25 18.05 10
      vertex 26.25 20.2 10
    endloop
  endfacet
  facet normal 0 0 1
    outer loop
      vertex 25.5386 18.0966 10
      vertex 26.157 20.2061 10
      vertex 25.8193 20.2282 10
    endloop
  endfacet
  facet normal 0 0 1
    outer loop
      vertex 26.157 20.2061 10
      vertex 25.5386 18.0966 10
      vertex 26.25 18.05 10
    endloop
  endfacet
  facet normal 0 0 1
    outer loop
      vertex 25.4873 20.2943 10
      vertex 25.5386 18.0966 10
      vertex 25.8193 20.2282 10
    endloop
  endfacet
  facet normal 0 0 1
    outer loop
      vertex 24.8394 18.2357 10
      vertex 25.4873 20.2943 10
      vertex 25.3959 20.3124 10
    endloop
  endfacet
  facet normal 0 0 1
    outer loop
      vertex 24.8394 18.2357 10
      vertex 25.3959 20.3124 10
      vertex 25.3076 20.3424 10
    endloop
  endfacet
  facet normal 0 0 1
    outer loop
      vertex 24.1644 18.4649 10
      vertex 25.3076 20.3424 10
      vertex 24.9871 20.4512 10
    endloop
  endfacet
  facet normal 0 0 1
    outer loop
      vertex 25.4873 20.2943 10
      vertex 24.8394 18.2357 10
      vertex 25.5386 18.0966 10
    endloop
  endfacet
  facet normal 0 0 1
    outer loop
      vertex 24.1644 18.4649 10
      vertex 24.9871 20.4512 10
      vertex 24.6836 20.6009 10
    endloop
  endfacet
  facet normal 0 0 1
    outer loop
      vertex 23.525 18.7802 10
      vertex 24.6836 20.6009 10
      vertex 24.6 20.6421 10
    endloop
  endfacet
  facet normal 0 0 1
    outer loop
      vertex 23.525 18.7802 10
      vertex 24.6 20.6421 10
      vertex 24.5225 20.6939 10
    endloop
  endfacet
  facet normal 0 0 1
    outer loop
      vertex 22.9323 19.1762 10
      vertex 24.5225 20.6939 10
      vertex 24.2411 20.8819 10
    endloop
  endfacet
  facet normal 0 0 1
    outer loop
      vertex 25.3076 20.3424 10
      vertex 24.1644 18.4649 10
      vertex 24.8394 18.2357 10
    endloop
  endfacet
  facet normal 0 0 1
    outer loop
      vertex 22.9323 19.1762 10
      vertex 24.2411 20.8819 10
      vertex 23.9866 21.1051 10
    endloop
  endfacet
  facet normal 0 0 1
    outer loop
      vertex 22.3963 19.6463 10
      vertex 23.9866 21.1051 10
      vertex 23.9165 21.1665 10
    endloop
  endfacet
  facet normal 0 0 1
    outer loop
      vertex 22.3963 19.6463 10
      vertex 23.9165 21.1665 10
      vertex 23.8551 21.2366 10
    endloop
  endfacet
  facet normal 0 0 1
    outer loop
      vertex 21.9262 20.1823 10
      vertex 23.8551 21.2366 10
      vertex 23.6319 21.4911 10
    endloop
  endfacet
  facet normal 0 0 1
    outer loop
      vertex 24.6836 20.6009 10
      vertex 23.525 18.7802 10
      vertex 24.1644 18.4649 10
    endloop
  endfacet
  facet normal 0 0 1
    outer loop
      vertex 21.9262 20.1823 10
      vertex 23.6319 21.4911 10
      vertex 23.4439 21.7725 10
    endloop
  endfacet
  facet normal 0 0 1
    outer loop
      vertex 21.5302 20.775 10
      vertex 23.4439 21.7725 10
      vertex 23.3921 21.85 10
    endloop
  endfacet
  facet normal 0 0 1
    outer loop
      vertex 21.5302 20.775 10
      vertex 23.3921 21.85 10
      vertex 23.3509 21.9336 10
    endloop
  endfacet
  facet normal 0 0 1
    outer loop
      vertex 21.2149 21.4144 10
      vertex 23.3509 21.9336 10
      vertex 23.2012 22.2371 10
    endloop
  endfacet
  facet normal 0 0 1
    outer loop
      vertex 21.2149 21.4144 10
      vertex 23.2012 22.2371 10
      vertex 23.0924 22.5576 10
    endloop
  endfacet
  facet normal 0 0 1
    outer loop
      vertex 20.9857 22.0894 10
      vertex 23.0924 22.5576 10
      vertex 23.0624 22.6459 10
    endloop
  endfacet
  facet normal 0 0 1
    outer loop
      vertex 20.9857 22.0894 10
      vertex 23.0624 22.6459 10
      vertex 23.0443 22.7373 10
    endloop
  endfacet
  facet normal -0 0 1
    outer loop
      vertex 20.8466 22.7886 10
      vertex 23.0443 22.7373 10
      vertex 22.9782 23.0693 10
    endloop
  endfacet
  facet normal 0 0 1
    outer loop
      vertex 24.5225 20.6939 10
      vertex 22.9323 19.1762 10
      vertex 23.525 18.7802 10
    endloop
  endfacet
  facet normal 0 0 1
    outer loop
      vertex 20.8466 22.7886 10
      vertex 22.9782 23.0693 10
      vertex 22.9561 23.407 10
    endloop
  endfacet
  facet normal -0 0 1
    outer loop
      vertex 20.8 23.5 10
      vertex 22.9561 23.407 10
      vertex 22.95 23.5 10
    endloop
  endfacet
  facet normal 0 0 1
    outer loop
      vertex 23.0924 24.4424 10
      vertex 20.9857 24.9106 10
      vertex 23.0624 24.3541 10
    endloop
  endfacet
  facet normal 0 0 1
    outer loop
      vertex 23.0624 24.3541 10
      vertex 20.9857 24.9106 10
      vertex 23.0443 24.2627 10
    endloop
  endfacet
  facet normal 0 0 1
    outer loop
      vertex 23.9866 21.1051 10
      vertex 22.3963 19.6463 10
      vertex 22.9323 19.1762 10
    endloop
  endfacet
  facet normal 0 0 1
    outer loop
      vertex 20.8466 24.2114 10
      vertex 23.0443 24.2627 10
      vertex 20.9857 24.9106 10
    endloop
  endfacet
  facet normal 0 0 1
    outer loop
      vertex 23.8551 21.2366 10
      vertex 21.9262 20.1823 10
      vertex 22.3963 19.6463 10
    endloop
  endfacet
  facet normal 0 0 1
    outer loop
      vertex 23.0443 24.2627 10
      vertex 20.8466 24.2114 10
      vertex 22.9782 23.9307 10
    endloop
  endfacet
  facet normal 0 0 1
    outer loop
      vertex 23.4439 21.7725 10
      vertex 21.5302 20.775 10
      vertex 21.9262 20.1823 10
    endloop
  endfacet
  facet normal 0 0 1
    outer loop
      vertex 22.9782 23.9307 10
      vertex 20.8466 24.2114 10
      vertex 22.9561 23.593 10
    endloop
  endfacet
  facet normal 0 0 1
    outer loop
      vertex 23.3509 21.9336 10
      vertex 21.2149 21.4144 10
      vertex 21.5302 20.775 10
    endloop
  endfacet
  facet normal 0 0 1
    outer loop
      vertex 20.8 23.5 10
      vertex 22.9561 23.593 10
      vertex 20.8466 24.2114 10
    endloop
  endfacet
  facet normal 0 0 1
    outer loop
      vertex 23.0924 22.5576 10
      vertex 20.9857 22.0894 10
      vertex 21.2149 21.4144 10
    endloop
  endfacet
  facet normal 0 0 1
    outer loop
      vertex 22.9561 23.593 10
      vertex 20.8 23.5 10
      vertex 22.95 23.5 10
    endloop
  endfacet
  facet normal 0 0 1
    outer loop
      vertex 23.0443 22.7373 10
      vertex 20.8466 22.7886 10
      vertex 20.9857 22.0894 10
    endloop
  endfacet
  facet normal 0 0 1
    outer loop
      vertex 22.9561 23.407 10
      vertex 20.8 23.5 10
      vertex 20.8466 22.7886 10
    endloop
  endfacet
  facet normal -0.321525 -0.946901 0
    outer loop
      vertex 24.1644 18.4649 2.4
      vertex 24.8394 18.2357 10
      vertex 24.1644 18.4649 10
    endloop
  endfacet
  facet normal -0.321525 -0.946901 -0
    outer loop
      vertex 24.8394 18.2357 10
      vertex 24.1644 18.4649 2.4
      vertex 24.8394 18.2357 2.4
    endloop
  endfacet
  facet normal 0.946901 -0.321525 0
    outer loop
      vertex 31.2851 21.4144 10
      vertex 31.5143 22.0894 0
      vertex 31.5143 22.0894 10
    endloop
  endfacet
  facet normal 0.946901 -0.321525 0
    outer loop
      vertex 31.5143 22.0894 0
      vertex 31.2851 21.4144 10
      vertex 31.2851 21.4144 0
    endloop
  endfacet
  facet normal 0.195118 0.98078 -0
    outer loop
      vertex 27.6606 28.7643 0
      vertex 26.9614 28.9034 10
      vertex 27.6606 28.7643 10
    endloop
  endfacet
  facet normal 0.195118 0.98078 0
    outer loop
      vertex 26.9614 28.9034 10
      vertex 27.6606 28.7643 0
      vertex 26.9614 28.9034 0
    endloop
  endfacet
  facet normal 0.195118 -0.98078 0
    outer loop
      vertex 26.9614 18.0966 2.4
      vertex 27.6606 18.2357 10
      vertex 26.9614 18.0966 10
    endloop
  endfacet
  facet normal 0.195118 -0.98078 0
    outer loop
      vertex 27.6606 18.2357 10
      vertex 26.9614 18.0966 2.4
      vertex 27.6606 18.2357 2.4
    endloop
  endfacet
  facet normal -0.195118 -0.98078 0
    outer loop
      vertex 24.8394 18.2357 2.4
      vertex 25.5386 18.0966 10
      vertex 24.8394 18.2357 10
    endloop
  endfacet
  facet normal -0.195118 -0.98078 -0
    outer loop
      vertex 25.5386 18.0966 10
      vertex 24.8394 18.2357 2.4
      vertex 25.5386 18.0966 2.4
    endloop
  endfacet
  facet normal 0.0653646 -0.997861 0
    outer loop
      vertex 26.25 18.05 2.4
      vertex 26.9614 18.0966 10
      vertex 26.25 18.05 10
    endloop
  endfacet
  facet normal 0.0653646 -0.997861 0
    outer loop
      vertex 26.9614 18.0966 10
      vertex 26.25 18.05 2.4
      vertex 26.9614 18.0966 2.4
    endloop
  endfacet
  facet normal 0.831489 0.555542 0
    outer loop
      vertex 30.9698 26.225 10
      vertex 30.5738 26.8177 0
      vertex 30.5738 26.8177 10
    endloop
  endfacet
  facet normal 0.831489 0.555542 0
    outer loop
      vertex 30.5738 26.8177 0
      vertex 30.9698 26.225 10
      vertex 30.9698 26.225 0
    endloop
  endfacet
  facet normal -0.321525 0.946901 0
    outer loop
      vertex 24.8394 28.7643 0
      vertex 24.1644 28.5351 10
      vertex 24.8394 28.7643 10
    endloop
  endfacet
  facet normal -0.321525 0.946901 0
    outer loop
      vertex 24.1644 28.5351 10
      vertex 24.8394 28.7643 0
      vertex 24.1644 28.5351 0
    endloop
  endfacet
  facet normal -0.442269 0.896882 0
    outer loop
      vertex 24.1644 28.5351 0
      vertex 23.525 28.2198 10
      vertex 24.1644 28.5351 10
    endloop
  endfacet
  facet normal -0.442269 0.896882 0
    outer loop
      vertex 23.525 28.2198 10
      vertex 24.1644 28.5351 0
      vertex 23.525 28.2198 0
    endloop
  endfacet
  facet normal 0.0653646 0.997861 -0
    outer loop
      vertex 26.9614 28.9034 0
      vertex 26.25 28.95 10
      vertex 26.9614 28.9034 10
    endloop
  endfacet
  facet normal 0.0653646 0.997861 0
    outer loop
      vertex 26.25 28.95 10
      vertex 26.9614 28.9034 0
      vertex 26.25 28.95 0
    endloop
  endfacet
  facet normal 0.555468 -0.831538 0
    outer loop
      vertex 29.25 18.9639 2.4
      vertex 28.975 18.7802 10
      vertex 28.975 18.7802 2.4
    endloop
  endfacet
  facet normal 0.555542 -0.831489 3.87823e-06
    outer loop
      vertex 28.975 18.7802 10
      vertex 29.25 18.9639 2.4
      vertex 29.5677 19.1762 10
    endloop
  endfacet
  facet normal 0.555606 -0.831446 0
    outer loop
      vertex 29.5677 19.1762 0
      vertex 29.25 18.9639 2.4
      vertex 29.25 18.9639 0
    endloop
  endfacet
  facet normal 0.555606 -0.831446 0
    outer loop
      vertex 29.25 18.9639 2.4
      vertex 29.5677 19.1762 0
      vertex 29.5677 19.1762 10
    endloop
  endfacet
  facet normal -0.896882 -0.442269 0
    outer loop
      vertex 21.5302 20.775 0
      vertex 21.2149 21.4144 10
      vertex 21.2149 21.4144 0
    endloop
  endfacet
  facet normal -0.896882 -0.442269 0
    outer loop
      vertex 21.2149 21.4144 10
      vertex 21.5302 20.775 0
      vertex 21.5302 20.775 10
    endloop
  endfacet
  facet normal 0.659378 -0.751812 0
    outer loop
      vertex 29.5677 19.1762 0
      vertex 30.1037 19.6463 10
      vertex 29.5677 19.1762 10
    endloop
  endfacet
  facet normal 0.659378 -0.751812 0
    outer loop
      vertex 30.1037 19.6463 10
      vertex 29.5677 19.1762 0
      vertex 30.1037 19.6463 0
    endloop
  endfacet
  facet normal 0.946901 0.321525 0
    outer loop
      vertex 31.5143 24.9106 10
      vertex 31.2851 25.5856 0
      vertex 31.2851 25.5856 10
    endloop
  endfacet
  facet normal 0.946901 0.321525 0
    outer loop
      vertex 31.2851 25.5856 0
      vertex 31.5143 24.9106 10
      vertex 31.5143 24.9106 0
    endloop
  endfacet
  facet normal 0.997861 -0.0653646 0
    outer loop
      vertex 31.6534 22.7886 10
      vertex 31.7 23.5 0
      vertex 31.7 23.5 10
    endloop
  endfacet
  facet normal 0.997861 -0.0653646 0
    outer loop
      vertex 31.7 23.5 0
      vertex 31.6534 22.7886 10
      vertex 31.6534 22.7886 0
    endloop
  endfacet
  facet normal 0.321525 0.946901 -0
    outer loop
      vertex 28.3356 28.5351 0
      vertex 27.6606 28.7643 10
      vertex 28.3356 28.5351 10
    endloop
  endfacet
  facet normal 0.321525 0.946901 0
    outer loop
      vertex 27.6606 28.7643 10
      vertex 28.3356 28.5351 0
      vertex 27.6606 28.7643 0
    endloop
  endfacet
  facet normal -0.555542 0.831489 0
    outer loop
      vertex 23.525 28.2198 0
      vertex 22.9323 27.8238 10
      vertex 23.525 28.2198 10
    endloop
  endfacet
  facet normal -0.555542 0.831489 0
    outer loop
      vertex 22.9323 27.8238 10
      vertex 23.525 28.2198 0
      vertex 22.9323 27.8238 0
    endloop
  endfacet
  facet normal 0.831489 -0.555542 0
    outer loop
      vertex 30.5738 20.1823 10
      vertex 30.9698 20.775 0
      vertex 30.9698 20.775 10
    endloop
  endfacet
  facet normal 0.831489 -0.555542 0
    outer loop
      vertex 30.9698 20.775 0
      vertex 30.5738 20.1823 10
      vertex 30.5738 20.1823 0
    endloop
  endfacet
  facet normal 0.896882 -0.442269 0
    outer loop
      vertex 30.9698 20.775 10
      vertex 31.2851 21.4144 0
      vertex 31.2851 21.4144 10
    endloop
  endfacet
  facet normal 0.896882 -0.442269 0
    outer loop
      vertex 31.2851 21.4144 0
      vertex 30.9698 20.775 10
      vertex 30.9698 20.775 0
    endloop
  endfacet
  facet normal 0.659378 0.751812 -0
    outer loop
      vertex 30.1037 27.3537 0
      vertex 29.5677 27.8238 10
      vertex 30.1037 27.3537 10
    endloop
  endfacet
  facet normal 0.659378 0.751812 0
    outer loop
      vertex 29.5677 27.8238 10
      vertex 30.1037 27.3537 0
      vertex 29.5677 27.8238 0
    endloop
  endfacet
  facet normal -0.946901 0.321525 0
    outer loop
      vertex 20.9857 24.9106 0
      vertex 21.2149 25.5856 10
      vertex 21.2149 25.5856 0
    endloop
  endfacet
  facet normal -0.946901 0.321525 0
    outer loop
      vertex 21.2149 25.5856 10
      vertex 20.9857 24.9106 0
      vertex 20.9857 24.9106 10
    endloop
  endfacet
  facet normal 0.98078 -0.195118 0
    outer loop
      vertex 31.5143 22.0894 10
      vertex 31.6534 22.7886 0
      vertex 31.6534 22.7886 10
    endloop
  endfacet
  facet normal 0.98078 -0.195118 0
    outer loop
      vertex 31.6534 22.7886 0
      vertex 31.5143 22.0894 10
      vertex 31.5143 22.0894 0
    endloop
  endfacet
  facet normal -0.751812 -0.659378 0
    outer loop
      vertex 22.3963 19.6463 0
      vertex 21.9262 20.1823 10
      vertex 21.9262 20.1823 0
    endloop
  endfacet
  facet normal -0.751812 -0.659378 0
    outer loop
      vertex 21.9262 20.1823 10
      vertex 22.3963 19.6463 0
      vertex 22.3963 19.6463 10
    endloop
  endfacet
  facet normal 0.896882 0.442269 0
    outer loop
      vertex 31.2851 25.5856 10
      vertex 30.9698 26.225 0
      vertex 30.9698 26.225 10
    endloop
  endfacet
  facet normal 0.896882 0.442269 0
    outer loop
      vertex 30.9698 26.225 0
      vertex 31.2851 25.5856 10
      vertex 31.2851 25.5856 0
    endloop
  endfacet
  facet normal -0.751812 0.659378 0
    outer loop
      vertex 21.9262 26.8177 0
      vertex 22.3963 27.3537 10
      vertex 22.3963 27.3537 0
    endloop
  endfacet
  facet normal -0.751812 0.659378 0
    outer loop
      vertex 22.3963 27.3537 10
      vertex 21.9262 26.8177 0
      vertex 21.9262 26.8177 10
    endloop
  endfacet
  facet normal -0.555542 -0.831489 3.87823e-06
    outer loop
      vertex 22.9323 19.1762 10
      vertex 23.25 18.9639 2.4
      vertex 23.525 18.7802 10
    endloop
  endfacet
  facet normal -0.555606 -0.831446 0
    outer loop
      vertex 22.9323 19.1762 0
      vertex 23.25 18.9639 2.4
      vertex 22.9323 19.1762 10
    endloop
  endfacet
  facet normal -0.555606 -0.831446 -0
    outer loop
      vertex 23.25 18.9639 2.4
      vertex 22.9323 19.1762 0
      vertex 23.25 18.9639 0
    endloop
  endfacet
  facet normal -0.555468 -0.831538 -0
    outer loop
      vertex 23.525 18.7802 10
      vertex 23.25 18.9639 2.4
      vertex 23.525 18.7802 2.4
    endloop
  endfacet
  facet normal 0.751812 -0.659378 0
    outer loop
      vertex 30.1037 19.6463 10
      vertex 30.5738 20.1823 0
      vertex 30.5738 20.1823 10
    endloop
  endfacet
  facet normal 0.751812 -0.659378 0
    outer loop
      vertex 30.5738 20.1823 0
      vertex 30.1037 19.6463 10
      vertex 30.1037 19.6463 0
    endloop
  endfacet
  facet normal -0.659378 0.751812 0
    outer loop
      vertex 22.9323 27.8238 0
      vertex 22.3963 27.3537 10
      vertex 22.9323 27.8238 10
    endloop
  endfacet
  facet normal -0.659378 0.751812 0
    outer loop
      vertex 22.3963 27.3537 10
      vertex 22.9323 27.8238 0
      vertex 22.3963 27.3537 0
    endloop
  endfacet
  facet normal -0.98078 0.195118 0
    outer loop
      vertex 20.8466 24.2114 0
      vertex 20.9857 24.9106 10
      vertex 20.9857 24.9106 0
    endloop
  endfacet
  facet normal -0.98078 0.195118 0
    outer loop
      vertex 20.9857 24.9106 10
      vertex 20.8466 24.2114 0
      vertex 20.8466 24.2114 10
    endloop
  endfacet
  facet normal -0.997861 0.0653646 0
    outer loop
      vertex 20.8 23.5 0
      vertex 20.8466 24.2114 10
      vertex 20.8466 24.2114 0
    endloop
  endfacet
  facet normal -0.997861 0.0653646 0
    outer loop
      vertex 20.8466 24.2114 10
      vertex 20.8 23.5 0
      vertex 20.8 23.5 10
    endloop
  endfacet
  facet normal -0.896882 0.442269 0
    outer loop
      vertex 21.2149 25.5856 0
      vertex 21.5302 26.225 10
      vertex 21.5302 26.225 0
    endloop
  endfacet
  facet normal -0.896882 0.442269 0
    outer loop
      vertex 21.5302 26.225 10
      vertex 21.2149 25.5856 0
      vertex 21.2149 25.5856 10
    endloop
  endfacet
  facet normal 1 -0 0
    outer loop
      vertex 29.25 9.5 2.4
      vertex 29.25 18.9639 0
      vertex 29.25 18.9639 2.4
    endloop
  endfacet
  facet normal 1 0 0
    outer loop
      vertex 29.25 18.9639 0
      vertex 29.25 9.5 2.4
      vertex 29.25 9.5 0
    endloop
  endfacet
  facet normal -1 0 0
    outer loop
      vertex 23.25 9.5 0
      vertex 23.25 18.9639 2.4
      vertex 23.25 18.9639 0
    endloop
  endfacet
  facet normal -1 -0 0
    outer loop
      vertex 23.25 18.9639 2.4
      vertex 23.25 9.5 0
      vertex 23.25 9.5 2.4
    endloop
  endfacet
  facet normal -0.831458 -0.555588 0
    outer loop
      vertex 8.40959 7.6025 0
      vertex 8.24934 7.84232 2.4
      vertex 8.24934 7.84232 0
    endloop
  endfacet
  facet normal -0.831458 -0.555588 0
    outer loop
      vertex 8.24934 7.84232 2.4
      vertex 8.40959 7.6025 0
      vertex 8.40959 7.6025 2.4
    endloop
  endfacet
  facet normal -0.555588 -0.831458 0
    outer loop
      vertex 7.6025 8.40959 0
      vertex 7.84232 8.24934 2.4
      vertex 7.6025 8.40959 2.4
    endloop
  endfacet
  facet normal -0.555588 -0.831458 -0
    outer loop
      vertex 7.84232 8.24934 2.4
      vertex 7.6025 8.40959 0
      vertex 7.84232 8.24934 0
    endloop
  endfacet
  facet normal -0.44227 -0.896882 0
    outer loop
      vertex 7.34382 8.53715 0
      vertex 7.6025 8.40959 2.4
      vertex 7.34382 8.53715 2.4
    endloop
  endfacet
  facet normal -0.44227 -0.896882 -0
    outer loop
      vertex 7.6025 8.40959 2.4
      vertex 7.34382 8.53715 0
      vertex 7.6025 8.40959 0
    endloop
  endfacet
  facet normal -0.321434 0.946932 0
    outer loop
      vertex 7.34382 4.46284 0
      vertex 7.0707 4.37013 2.4
      vertex 7.34382 4.46284 2.4
    endloop
  endfacet
  facet normal -0.321434 0.946932 0
    outer loop
      vertex 7.0707 4.37013 2.4
      vertex 7.34382 4.46284 0
      vertex 7.0707 4.37013 0
    endloop
  endfacet
  facet normal 0.195089 0.980785 -0
    outer loop
      vertex 6.21219 4.31386 0
      vertex 5.9293 4.37013 2.4
      vertex 6.21219 4.31386 2.4
    endloop
  endfacet
  facet normal 0.195089 0.980785 0
    outer loop
      vertex 5.9293 4.37013 2.4
      vertex 6.21219 4.31386 0
      vertex 5.9293 4.37013 0
    endloop
  endfacet
  facet normal -0.896882 -0.44227 0
    outer loop
      vertex 8.53715 7.34382 0
      vertex 8.40959 7.6025 2.4
      vertex 8.40959 7.6025 0
    endloop
  endfacet
  facet normal -0.896882 -0.44227 0
    outer loop
      vertex 8.40959 7.6025 2.4
      vertex 8.53715 7.34382 0
      vertex 8.53715 7.34382 2.4
    endloop
  endfacet
  facet normal 0.980785 -0.195089 0
    outer loop
      vertex 4.31386 6.78781 2.4
      vertex 4.37013 7.0707 0
      vertex 4.37013 7.0707 2.4
    endloop
  endfacet
  facet normal 0.980785 -0.195089 0
    outer loop
      vertex 4.37013 7.0707 0
      vertex 4.31386 6.78781 2.4
      vertex 4.31386 6.78781 0
    endloop
  endfacet
  facet normal -0.99786 -0.0653891 0
    outer loop
      vertex 8.705 6.5 0
      vertex 8.68614 6.78781 2.4
      vertex 8.68614 6.78781 0
    endloop
  endfacet
  facet normal -0.99786 -0.0653891 0
    outer loop
      vertex 8.68614 6.78781 2.4
      vertex 8.705 6.5 0
      vertex 8.705 6.5 2.4
    endloop
  endfacet
  facet normal -0.980785 -0.195089 0
    outer loop
      vertex 8.68614 6.78781 0
      vertex 8.62987 7.0707 2.4
      vertex 8.62987 7.0707 0
    endloop
  endfacet
  facet normal -0.980785 -0.195089 0
    outer loop
      vertex 8.62987 7.0707 2.4
      vertex 8.68614 6.78781 0
      vertex 8.68614 6.78781 2.4
    endloop
  endfacet
  facet normal 0.555588 0.831458 -0
    outer loop
      vertex 5.3975 4.59041 0
      vertex 5.15768 4.75066 2.4
      vertex 5.3975 4.59041 2.4
    endloop
  endfacet
  facet normal 0.555588 0.831458 0
    outer loop
      vertex 5.15768 4.75066 2.4
      vertex 5.3975 4.59041 0
      vertex 5.15768 4.75066 0
    endloop
  endfacet
  facet normal -0.99786 0.0653891 0
    outer loop
      vertex 8.68614 6.21219 0
      vertex 8.705 6.5 2.4
      vertex 8.705 6.5 0
    endloop
  endfacet
  facet normal -0.99786 0.0653891 0
    outer loop
      vertex 8.705 6.5 2.4
      vertex 8.68614 6.21219 0
      vertex 8.68614 6.21219 2.4
    endloop
  endfacet
  facet normal -0.0653891 -0.99786 0
    outer loop
      vertex 6.5 8.705 0
      vertex 6.78781 8.68614 2.4
      vertex 6.5 8.705 2.4
    endloop
  endfacet
  facet normal -0.0653891 -0.99786 -0
    outer loop
      vertex 6.78781 8.68614 2.4
      vertex 6.5 8.705 0
      vertex 6.78781 8.68614 0
    endloop
  endfacet
  facet normal 0.946932 -0.321434 0
    outer loop
      vertex 4.37013 7.0707 2.4
      vertex 4.46284 7.34382 0
      vertex 4.46284 7.34382 2.4
    endloop
  endfacet
  facet normal 0.946932 -0.321434 0
    outer loop
      vertex 4.46284 7.34382 0
      vertex 4.37013 7.0707 2.4
      vertex 4.37013 7.0707 0
    endloop
  endfacet
  facet normal 0.442297 0.896868 -0
    outer loop
      vertex 5.65618 4.46284 0
      vertex 5.3975 4.59041 2.4
      vertex 5.65618 4.46284 2.4
    endloop
  endfacet
  facet normal 0.442297 0.896868 0
    outer loop
      vertex 5.3975 4.59041 2.4
      vertex 5.65618 4.46284 0
      vertex 5.3975 4.59041 0
    endloop
  endfacet
  facet normal 0.555588 -0.831458 0
    outer loop
      vertex 5.15768 8.24934 0
      vertex 5.3975 8.40959 2.4
      vertex 5.15768 8.24934 2.4
    endloop
  endfacet
  facet normal 0.555588 -0.831458 0
    outer loop
      vertex 5.3975 8.40959 2.4
      vertex 5.15768 8.24934 0
      vertex 5.3975 8.40959 0
    endloop
  endfacet
  facet normal -0.195089 0.980785 0
    outer loop
      vertex 7.0707 4.37013 0
      vertex 6.78781 4.31386 2.4
      vertex 7.0707 4.37013 2.4
    endloop
  endfacet
  facet normal -0.195089 0.980785 0
    outer loop
      vertex 6.78781 4.31386 2.4
      vertex 7.0707 4.37013 0
      vertex 6.78781 4.31386 0
    endloop
  endfacet
  facet normal 0.0653891 -0.99786 0
    outer loop
      vertex 6.21219 8.68614 0
      vertex 6.5 8.705 2.4
      vertex 6.21219 8.68614 2.4
    endloop
  endfacet
  facet normal 0.0653891 -0.99786 0
    outer loop
      vertex 6.5 8.705 2.4
      vertex 6.21219 8.68614 0
      vertex 6.5 8.705 0
    endloop
  endfacet
  facet normal -0.195089 -0.980785 0
    outer loop
      vertex 6.78781 8.68614 0
      vertex 7.0707 8.62987 2.4
      vertex 6.78781 8.68614 2.4
    endloop
  endfacet
  facet normal -0.195089 -0.980785 -0
    outer loop
      vertex 7.0707 8.62987 2.4
      vertex 6.78781 8.68614 0
      vertex 7.0707 8.62987 0
    endloop
  endfacet
  facet normal 0.831458 -0.555588 0
    outer loop
      vertex 4.59041 7.6025 2.4
      vertex 4.75066 7.84232 0
      vertex 4.75066 7.84232 2.4
    endloop
  endfacet
  facet normal 0.831458 -0.555588 0
    outer loop
      vertex 4.75066 7.84232 0
      vertex 4.59041 7.6025 2.4
      vertex 4.59041 7.6025 0
    endloop
  endfacet
  facet normal -0.896882 0.44227 0
    outer loop
      vertex 8.40959 5.3975 0
      vertex 8.53715 5.65618 2.4
      vertex 8.53715 5.65618 0
    endloop
  endfacet
  facet normal -0.896882 0.44227 0
    outer loop
      vertex 8.53715 5.65618 2.4
      vertex 8.40959 5.3975 0
      vertex 8.40959 5.3975 2.4
    endloop
  endfacet
  facet normal 0.195089 -0.980785 0
    outer loop
      vertex 5.9293 8.62987 0
      vertex 6.21219 8.68614 2.4
      vertex 5.9293 8.62987 2.4
    endloop
  endfacet
  facet normal 0.195089 -0.980785 0
    outer loop
      vertex 6.21219 8.68614 2.4
      vertex 5.9293 8.62987 0
      vertex 6.21219 8.68614 0
    endloop
  endfacet
  facet normal -0.946921 -0.321465 0
    outer loop
      vertex 8.62987 7.0707 0
      vertex 8.53715 7.34382 2.4
      vertex 8.53715 7.34382 0
    endloop
  endfacet
  facet normal -0.946921 -0.321465 0
    outer loop
      vertex 8.53715 7.34382 2.4
      vertex 8.62987 7.0707 0
      vertex 8.62987 7.0707 2.4
    endloop
  endfacet
  facet normal -0.0653891 0.99786 0
    outer loop
      vertex 6.78781 4.31386 0
      vertex 6.5 4.295 2.4
      vertex 6.78781 4.31386 2.4
    endloop
  endfacet
  facet normal -0.0653891 0.99786 0
    outer loop
      vertex 6.5 4.295 2.4
      vertex 6.78781 4.31386 0
      vertex 6.5 4.295 0
    endloop
  endfacet
  facet normal 0.896868 -0.442297 0
    outer loop
      vertex 4.46284 7.34382 2.4
      vertex 4.59041 7.6025 0
      vertex 4.59041 7.6025 2.4
    endloop
  endfacet
  facet normal 0.896868 -0.442297 0
    outer loop
      vertex 4.59041 7.6025 0
      vertex 4.46284 7.34382 2.4
      vertex 4.46284 7.34382 0
    endloop
  endfacet
  facet normal 0.0653891 0.99786 -0
    outer loop
      vertex 6.5 4.295 0
      vertex 6.21219 4.31386 2.4
      vertex 6.5 4.295 2.4
    endloop
  endfacet
  facet normal 0.0653891 0.99786 0
    outer loop
      vertex 6.21219 4.31386 2.4
      vertex 6.5 4.295 0
      vertex 6.21219 4.31386 0
    endloop
  endfacet
  facet normal 0.831458 0.555588 0
    outer loop
      vertex 4.75066 5.15768 2.4
      vertex 4.59041 5.3975 0
      vertex 4.59041 5.3975 2.4
    endloop
  endfacet
  facet normal 0.831458 0.555588 0
    outer loop
      vertex 4.59041 5.3975 0
      vertex 4.75066 5.15768 2.4
      vertex 4.75066 5.15768 0
    endloop
  endfacet
  facet normal -0.659341 -0.751844 0
    outer loop
      vertex 7.84232 8.24934 0
      vertex 8.05917 8.05917 2.4
      vertex 7.84232 8.24934 2.4
    endloop
  endfacet
  facet normal -0.659341 -0.751844 -0
    outer loop
      vertex 8.05917 8.05917 2.4
      vertex 7.84232 8.24934 0
      vertex 8.05917 8.05917 0
    endloop
  endfacet
  facet normal -0.442297 0.896868 0
    outer loop
      vertex 7.6025 4.59041 0
      vertex 7.34382 4.46284 2.4
      vertex 7.6025 4.59041 2.4
    endloop
  endfacet
  facet normal -0.442297 0.896868 0
    outer loop
      vertex 7.34382 4.46284 2.4
      vertex 7.6025 4.59041 0
      vertex 7.34382 4.46284 0
    endloop
  endfacet
  facet normal 0.321465 -0.946921 0
    outer loop
      vertex 5.65618 8.53715 0
      vertex 5.9293 8.62987 2.4
      vertex 5.65618 8.53715 2.4
    endloop
  endfacet
  facet normal 0.321465 -0.946921 0
    outer loop
      vertex 5.9293 8.62987 2.4
      vertex 5.65618 8.53715 0
      vertex 5.9293 8.62987 0
    endloop
  endfacet
  facet normal -0.555588 0.831458 0
    outer loop
      vertex 7.84232 4.75066 0
      vertex 7.6025 4.59041 2.4
      vertex 7.84232 4.75066 2.4
    endloop
  endfacet
  facet normal -0.555588 0.831458 0
    outer loop
      vertex 7.6025 4.59041 2.4
      vertex 7.84232 4.75066 0
      vertex 7.6025 4.59041 0
    endloop
  endfacet
  facet normal -0.831458 0.555588 0
    outer loop
      vertex 8.24934 5.15768 0
      vertex 8.40959 5.3975 2.4
      vertex 8.40959 5.3975 0
    endloop
  endfacet
  facet normal -0.831458 0.555588 0
    outer loop
      vertex 8.40959 5.3975 2.4
      vertex 8.24934 5.15768 0
      vertex 8.24934 5.15768 2.4
    endloop
  endfacet
  facet normal 0.44227 -0.896882 0
    outer loop
      vertex 5.3975 8.40959 0
      vertex 5.65618 8.53715 2.4
      vertex 5.3975 8.40959 2.4
    endloop
  endfacet
  facet normal 0.44227 -0.896882 0
    outer loop
      vertex 5.65618 8.53715 2.4
      vertex 5.3975 8.40959 0
      vertex 5.65618 8.53715 0
    endloop
  endfacet
  facet normal 0.980785 0.195089 0
    outer loop
      vertex 4.37013 5.9293 2.4
      vertex 4.31386 6.21219 0
      vertex 4.31386 6.21219 2.4
    endloop
  endfacet
  facet normal 0.980785 0.195089 0
    outer loop
      vertex 4.31386 6.21219 0
      vertex 4.37013 5.9293 2.4
      vertex 4.37013 5.9293 0
    endloop
  endfacet
  facet normal -0.980785 0.195089 0
    outer loop
      vertex 8.62987 5.9293 0
      vertex 8.68614 6.21219 2.4
      vertex 8.68614 6.21219 0
    endloop
  endfacet
  facet normal -0.980785 0.195089 0
    outer loop
      vertex 8.68614 6.21219 2.4
      vertex 8.62987 5.9293 0
      vertex 8.62987 5.9293 2.4
    endloop
  endfacet
  facet normal 0.99786 0.0653891 0
    outer loop
      vertex 4.31386 6.21219 2.4
      vertex 4.295 6.5 0
      vertex 4.295 6.5 2.4
    endloop
  endfacet
  facet normal 0.99786 0.0653891 0
    outer loop
      vertex 4.295 6.5 0
      vertex 4.31386 6.21219 2.4
      vertex 4.31386 6.21219 0
    endloop
  endfacet
  facet normal 0.896868 0.442297 0
    outer loop
      vertex 4.59041 5.3975 2.4
      vertex 4.46284 5.65618 0
      vertex 4.46284 5.65618 2.4
    endloop
  endfacet
  facet normal 0.896868 0.442297 0
    outer loop
      vertex 4.46284 5.65618 0
      vertex 4.59041 5.3975 2.4
      vertex 4.59041 5.3975 0
    endloop
  endfacet
  facet normal -0.659341 0.751844 0
    outer loop
      vertex 8.05917 4.94083 0
      vertex 7.84232 4.75066 2.4
      vertex 8.05917 4.94083 2.4
    endloop
  endfacet
  facet normal -0.659341 0.751844 0
    outer loop
      vertex 7.84232 4.75066 2.4
      vertex 8.05917 4.94083 0
      vertex 7.84232 4.75066 0
    endloop
  endfacet
  facet normal -0.321465 -0.946921 0
    outer loop
      vertex 7.0707 8.62987 0
      vertex 7.34382 8.53715 2.4
      vertex 7.0707 8.62987 2.4
    endloop
  endfacet
  facet normal -0.321465 -0.946921 -0
    outer loop
      vertex 7.34382 8.53715 2.4
      vertex 7.0707 8.62987 0
      vertex 7.34382 8.53715 0
    endloop
  endfacet
  facet normal 0.751844 -0.659341 0
    outer loop
      vertex 4.75066 7.84232 2.4
      vertex 4.94083 8.05917 0
      vertex 4.94083 8.05917 2.4
    endloop
  endfacet
  facet normal 0.751844 -0.659341 0
    outer loop
      vertex 4.94083 8.05917 0
      vertex 4.75066 7.84232 2.4
      vertex 4.75066 7.84232 0
    endloop
  endfacet
  facet normal 0.659341 0.751844 -0
    outer loop
      vertex 5.15768 4.75066 0
      vertex 4.94083 4.94083 2.4
      vertex 5.15768 4.75066 2.4
    endloop
  endfacet
  facet normal 0.659341 0.751844 0
    outer loop
      vertex 4.94083 4.94083 2.4
      vertex 5.15768 4.75066 0
      vertex 4.94083 4.94083 0
    endloop
  endfacet
  facet normal 0.751844 0.659341 0
    outer loop
      vertex 4.94083 4.94083 2.4
      vertex 4.75066 5.15768 0
      vertex 4.75066 5.15768 2.4
    endloop
  endfacet
  facet normal 0.751844 0.659341 0
    outer loop
      vertex 4.75066 5.15768 0
      vertex 4.94083 4.94083 2.4
      vertex 4.94083 4.94083 0
    endloop
  endfacet
  facet normal 0.659341 -0.751844 0
    outer loop
      vertex 4.94083 8.05917 0
      vertex 5.15768 8.24934 2.4
      vertex 4.94083 8.05917 2.4
    endloop
  endfacet
  facet normal 0.659341 -0.751844 0
    outer loop
      vertex 5.15768 8.24934 2.4
      vertex 4.94083 8.05917 0
      vertex 5.15768 8.24934 0
    endloop
  endfacet
  facet normal -0.751844 -0.659341 0
    outer loop
      vertex 8.24934 7.84232 0
      vertex 8.05917 8.05917 2.4
      vertex 8.05917 8.05917 0
    endloop
  endfacet
  facet normal -0.751844 -0.659341 0
    outer loop
      vertex 8.05917 8.05917 2.4
      vertex 8.24934 7.84232 0
      vertex 8.24934 7.84232 2.4
    endloop
  endfacet
  facet normal -0.751844 0.659341 0
    outer loop
      vertex 8.05917 4.94083 0
      vertex 8.24934 5.15768 2.4
      vertex 8.24934 5.15768 0
    endloop
  endfacet
  facet normal -0.751844 0.659341 0
    outer loop
      vertex 8.24934 5.15768 2.4
      vertex 8.05917 4.94083 0
      vertex 8.05917 4.94083 2.4
    endloop
  endfacet
  facet normal -0.946921 0.321465 0
    outer loop
      vertex 8.53715 5.65618 0
      vertex 8.62987 5.9293 2.4
      vertex 8.62987 5.9293 0
    endloop
  endfacet
  facet normal -0.946921 0.321465 0
    outer loop
      vertex 8.62987 5.9293 2.4
      vertex 8.53715 5.65618 0
      vertex 8.53715 5.65618 2.4
    endloop
  endfacet
  facet normal 0.946932 0.321434 0
    outer loop
      vertex 4.46284 5.65618 2.4
      vertex 4.37013 5.9293 0
      vertex 4.37013 5.9293 2.4
    endloop
  endfacet
  facet normal 0.946932 0.321434 0
    outer loop
      vertex 4.37013 5.9293 0
      vertex 4.46284 5.65618 2.4
      vertex 4.46284 5.65618 0
    endloop
  endfacet
  facet normal 0.99786 -0.0653891 0
    outer loop
      vertex 4.295 6.5 2.4
      vertex 4.31386 6.78781 0
      vertex 4.31386 6.78781 2.4
    endloop
  endfacet
  facet normal 0.99786 -0.0653891 0
    outer loop
      vertex 4.31386 6.78781 0
      vertex 4.295 6.5 2.4
      vertex 4.295 6.5 0
    endloop
  endfacet
  facet normal 0.321434 0.946932 -0
    outer loop
      vertex 5.9293 4.37013 0
      vertex 5.65618 4.46284 2.4
      vertex 5.9293 4.37013 2.4
    endloop
  endfacet
  facet normal 0.321434 0.946932 0
    outer loop
      vertex 5.65618 4.46284 2.4
      vertex 5.9293 4.37013 0
      vertex 5.65618 4.46284 0
    endloop
  endfacet
  facet normal -0.980832 -0.194856 0
    outer loop
      vertex 48.1861 6.78781 0
      vertex 48.1299 7.0707 2.4
      vertex 48.1299 7.0707 0
    endloop
  endfacet
  facet normal -0.980832 -0.194856 0
    outer loop
      vertex 48.1299 7.0707 2.4
      vertex 48.1861 6.78781 0
      vertex 48.1861 6.78781 2.4
    endloop
  endfacet
  facet normal -0.997851 -0.0655272 0
    outer loop
      vertex 48.205 6.5 0
      vertex 48.1861 6.78781 2.4
      vertex 48.1861 6.78781 0
    endloop
  endfacet
  facet normal -0.997851 -0.0655272 0
    outer loop
      vertex 48.1861 6.78781 2.4
      vertex 48.205 6.5 0
      vertex 48.205 6.5 2.4
    endloop
  endfacet
  facet normal -0.946943 -0.321403 0
    outer loop
      vertex 48.1299 7.0707 0
      vertex 48.0372 7.34382 2.4
      vertex 48.0372 7.34382 0
    endloop
  endfacet
  facet normal -0.946943 -0.321403 0
    outer loop
      vertex 48.0372 7.34382 2.4
      vertex 48.1299 7.0707 0
      vertex 48.1299 7.0707 2.4
    endloop
  endfacet
  facet normal 0.896827 0.442381 0
    outer loop
      vertex 44.0904 5.3975 2.4
      vertex 43.9628 5.65618 0
      vertex 43.9628 5.65618 2.4
    endloop
  endfacet
  facet normal 0.896827 0.442381 0
    outer loop
      vertex 43.9628 5.65618 0
      vertex 44.0904 5.3975 2.4
      vertex 44.0904 5.3975 0
    endloop
  endfacet
  facet normal -0.946943 0.321403 0
    outer loop
      vertex 48.0372 5.65618 0
      vertex 48.1299 5.9293 2.4
      vertex 48.1299 5.9293 0
    endloop
  endfacet
  facet normal -0.946943 0.321403 0
    outer loop
      vertex 48.1299 5.9293 2.4
      vertex 48.0372 5.65618 0
      vertex 48.0372 5.65618 2.4
    endloop
  endfacet
  facet normal 0.195083 -0.980787 0
    outer loop
      vertex 45.4293 8.62987 0
      vertex 45.7122 8.68614 2.4
      vertex 45.4293 8.62987 2.4
    endloop
  endfacet
  facet normal 0.195083 -0.980787 0
    outer loop
      vertex 45.7122 8.68614 2.4
      vertex 45.4293 8.62987 0
      vertex 45.7122 8.68614 0
    endloop
  endfacet
  facet normal -0.321486 -0.946914 0
    outer loop
      vertex 46.5707 8.62987 0
      vertex 46.8438 8.53715 2.4
      vertex 46.5707 8.62987 2.4
    endloop
  endfacet
  facet normal -0.321486 -0.946914 -0
    outer loop
      vertex 46.8438 8.53715 2.4
      vertex 46.5707 8.62987 0
      vertex 46.8438 8.53715 0
    endloop
  endfacet
  facet normal 0.751964 -0.659204 0
    outer loop
      vertex 44.2507 7.84232 2.4
      vertex 44.4408 8.05917 0
      vertex 44.4408 8.05917 2.4
    endloop
  endfacet
  facet normal 0.751964 -0.659204 0
    outer loop
      vertex 44.4408 8.05917 0
      vertex 44.2507 7.84232 2.4
      vertex 44.2507 7.84232 0
    endloop
  endfacet
  facet normal -0.831378 -0.555708 0
    outer loop
      vertex 47.9096 7.6025 0
      vertex 47.7493 7.84232 2.4
      vertex 47.7493 7.84232 0
    endloop
  endfacet
  facet normal -0.831378 -0.555708 0
    outer loop
      vertex 47.7493 7.84232 2.4
      vertex 47.9096 7.6025 0
      vertex 47.9096 7.6025 2.4
    endloop
  endfacet
  facet normal -0.896827 -0.442381 0
    outer loop
      vertex 48.0372 7.34382 0
      vertex 47.9096 7.6025 2.4
      vertex 47.9096 7.6025 0
    endloop
  endfacet
  facet normal -0.896827 -0.442381 0
    outer loop
      vertex 47.9096 7.6025 2.4
      vertex 48.0372 7.34382 0
      vertex 48.0372 7.34382 2.4
    endloop
  endfacet
  facet normal 0.751964 0.659204 0
    outer loop
      vertex 44.4408 4.94083 2.4
      vertex 44.2507 5.15768 0
      vertex 44.2507 5.15768 2.4
    endloop
  endfacet
  facet normal 0.751964 0.659204 0
    outer loop
      vertex 44.2507 5.15768 0
      vertex 44.4408 4.94083 2.4
      vertex 44.4408 4.94083 0
    endloop
  endfacet
  facet normal 0.946943 0.321403 0
    outer loop
      vertex 43.9628 5.65618 2.4
      vertex 43.8701 5.9293 0
      vertex 43.8701 5.9293 2.4
    endloop
  endfacet
  facet normal 0.946943 0.321403 0
    outer loop
      vertex 43.8701 5.9293 0
      vertex 43.9628 5.65618 2.4
      vertex 43.9628 5.65618 0
    endloop
  endfacet
  facet normal -0.659255 -0.751919 0
    outer loop
      vertex 47.3423 8.24934 0
      vertex 47.5592 8.05917 2.4
      vertex 47.3423 8.24934 2.4
    endloop
  endfacet
  facet normal -0.659255 -0.751919 -0
    outer loop
      vertex 47.5592 8.05917 2.4
      vertex 47.3423 8.24934 0
      vertex 47.5592 8.05917 0
    endloop
  endfacet
  facet normal -0.896827 0.442381 0
    outer loop
      vertex 47.9096 5.3975 0
      vertex 48.0372 5.65618 2.4
      vertex 48.0372 5.65618 0
    endloop
  endfacet
  facet normal -0.896827 0.442381 0
    outer loop
      vertex 48.0372 5.65618 2.4
      vertex 47.9096 5.3975 0
      vertex 47.9096 5.3975 2.4
    endloop
  endfacet
  facet normal 0.55562 0.831436 -0
    outer loop
      vertex 44.8975 4.59041 0
      vertex 44.6577 4.75066 2.4
      vertex 44.8975 4.59041 2.4
    endloop
  endfacet
  facet normal 0.55562 0.831436 0
    outer loop
      vertex 44.6577 4.75066 2.4
      vertex 44.8975 4.59041 0
      vertex 44.6577 4.75066 0
    endloop
  endfacet
  facet normal -0.55562 -0.831436 0
    outer loop
      vertex 47.1025 8.40959 0
      vertex 47.3423 8.24934 2.4
      vertex 47.1025 8.40959 2.4
    endloop
  endfacet
  facet normal -0.55562 -0.831436 -0
    outer loop
      vertex 47.3423 8.24934 2.4
      vertex 47.1025 8.40959 0
      vertex 47.3423 8.24934 0
    endloop
  endfacet
  facet normal -0.980832 0.194856 0
    outer loop
      vertex 48.1299 5.9293 0
      vertex 48.1861 6.21219 2.4
      vertex 48.1861 6.21219 0
    endloop
  endfacet
  facet normal -0.980832 0.194856 0
    outer loop
      vertex 48.1861 6.21219 2.4
      vertex 48.1299 5.9293 0
      vertex 48.1299 5.9293 2.4
    endloop
  endfacet
  facet normal -0.321455 0.946925 0
    outer loop
      vertex 46.8438 4.46284 0
      vertex 46.5707 4.37013 2.4
      vertex 46.8438 4.46284 2.4
    endloop
  endfacet
  facet normal -0.321455 0.946925 0
    outer loop
      vertex 46.5707 4.37013 2.4
      vertex 46.8438 4.46284 0
      vertex 46.5707 4.37013 0
    endloop
  endfacet
  facet normal 0.997851 0.0655272 0
    outer loop
      vertex 43.8139 6.21219 2.4
      vertex 43.795 6.5 0
      vertex 43.795 6.5 2.4
    endloop
  endfacet
  facet normal 0.997851 0.0655272 0
    outer loop
      vertex 43.795 6.5 0
      vertex 43.8139 6.21219 2.4
      vertex 43.8139 6.21219 0
    endloop
  endfacet
  facet normal 0.442242 -0.896896 0
    outer loop
      vertex 44.8975 8.40959 0
      vertex 45.1562 8.53715 2.4
      vertex 44.8975 8.40959 2.4
    endloop
  endfacet
  facet normal 0.442242 -0.896896 0
    outer loop
      vertex 45.1562 8.53715 2.4
      vertex 44.8975 8.40959 0
      vertex 45.1562 8.53715 0
    endloop
  endfacet
  facet normal -0.751964 0.659204 0
    outer loop
      vertex 47.5592 4.94083 0
      vertex 47.7493 5.15768 2.4
      vertex 47.7493 5.15768 0
    endloop
  endfacet
  facet normal -0.751964 0.659204 0
    outer loop
      vertex 47.7493 5.15768 2.4
      vertex 47.5592 4.94083 0
      vertex 47.5592 4.94083 2.4
    endloop
  endfacet
  facet normal -0.751964 -0.659204 0
    outer loop
      vertex 47.7493 7.84232 0
      vertex 47.5592 8.05917 2.4
      vertex 47.5592 8.05917 0
    endloop
  endfacet
  facet normal -0.751964 -0.659204 0
    outer loop
      vertex 47.5592 8.05917 2.4
      vertex 47.7493 7.84232 0
      vertex 47.7493 7.84232 2.4
    endloop
  endfacet
  facet normal 0.55562 -0.831436 0
    outer loop
      vertex 44.6577 8.24934 0
      vertex 44.8975 8.40959 2.4
      vertex 44.6577 8.24934 2.4
    endloop
  endfacet
  facet normal 0.55562 -0.831436 0
    outer loop
      vertex 44.8975 8.40959 2.4
      vertex 44.6577 8.24934 0
      vertex 44.8975 8.40959 0
    endloop
  endfacet
  facet normal 0.321455 0.946925 -0
    outer loop
      vertex 45.4293 4.37013 0
      vertex 45.1562 4.46284 2.4
      vertex 45.4293 4.37013 2.4
    endloop
  endfacet
  facet normal 0.321455 0.946925 0
    outer loop
      vertex 45.1562 4.46284 2.4
      vertex 45.4293 4.37013 0
      vertex 45.1562 4.46284 0
    endloop
  endfacet
  facet normal -0.442242 -0.896896 0
    outer loop
      vertex 46.8438 8.53715 0
      vertex 47.1025 8.40959 2.4
      vertex 46.8438 8.53715 2.4
    endloop
  endfacet
  facet normal -0.442242 -0.896896 -0
    outer loop
      vertex 47.1025 8.40959 2.4
      vertex 46.8438 8.53715 0
      vertex 47.1025 8.40959 0
    endloop
  endfacet
  facet normal 0.831378 -0.555708 0
    outer loop
      vertex 44.0904 7.6025 2.4
      vertex 44.2507 7.84232 0
      vertex 44.2507 7.84232 2.4
    endloop
  endfacet
  facet normal 0.831378 -0.555708 0
    outer loop
      vertex 44.2507 7.84232 0
      vertex 44.0904 7.6025 2.4
      vertex 44.0904 7.6025 0
    endloop
  endfacet
  facet normal -0.195083 0.980787 0
    outer loop
      vertex 46.5707 4.37013 0
      vertex 46.2878 4.31386 2.4
      vertex 46.5707 4.37013 2.4
    endloop
  endfacet
  facet normal -0.195083 0.980787 0
    outer loop
      vertex 46.2878 4.31386 2.4
      vertex 46.5707 4.37013 0
      vertex 46.2878 4.31386 0
    endloop
  endfacet
  facet normal 0.44227 0.896882 -0
    outer loop
      vertex 45.1562 4.46284 0
      vertex 44.8975 4.59041 2.4
      vertex 45.1562 4.46284 2.4
    endloop
  endfacet
  facet normal 0.44227 0.896882 0
    outer loop
      vertex 44.8975 4.59041 2.4
      vertex 45.1562 4.46284 0
      vertex 44.8975 4.59041 0
    endloop
  endfacet
  facet normal -0.997851 0.0655272 0
    outer loop
      vertex 48.1861 6.21219 0
      vertex 48.205 6.5 2.4
      vertex 48.205 6.5 0
    endloop
  endfacet
  facet normal -0.997851 0.0655272 0
    outer loop
      vertex 48.205 6.5 2.4
      vertex 48.1861 6.21219 0
      vertex 48.1861 6.21219 2.4
    endloop
  endfacet
  facet normal 0.659255 -0.751919 0
    outer loop
      vertex 44.4408 8.05917 0
      vertex 44.6577 8.24934 2.4
      vertex 44.4408 8.05917 2.4
    endloop
  endfacet
  facet normal 0.659255 -0.751919 0
    outer loop
      vertex 44.6577 8.24934 2.4
      vertex 44.4408 8.05917 0
      vertex 44.6577 8.24934 0
    endloop
  endfacet
  facet normal 0.0653914 -0.99786 0
    outer loop
      vertex 45.7122 8.68614 0
      vertex 46 8.705 2.4
      vertex 45.7122 8.68614 2.4
    endloop
  endfacet
  facet normal 0.0653914 -0.99786 0
    outer loop
      vertex 46 8.705 2.4
      vertex 45.7122 8.68614 0
      vertex 46 8.705 0
    endloop
  endfacet
  facet normal 0.831378 0.555708 0
    outer loop
      vertex 44.2507 5.15768 2.4
      vertex 44.0904 5.3975 0
      vertex 44.0904 5.3975 2.4
    endloop
  endfacet
  facet normal 0.831378 0.555708 0
    outer loop
      vertex 44.0904 5.3975 0
      vertex 44.2507 5.15768 2.4
      vertex 44.2507 5.15768 0
    endloop
  endfacet
  facet normal -0.831378 0.555708 0
    outer loop
      vertex 47.7493 5.15768 0
      vertex 47.9096 5.3975 2.4
      vertex 47.9096 5.3975 0
    endloop
  endfacet
  facet normal -0.831378 0.555708 0
    outer loop
      vertex 47.9096 5.3975 2.4
      vertex 47.7493 5.15768 0
      vertex 47.7493 5.15768 2.4
    endloop
  endfacet
  facet normal -0.0653914 0.99786 0
    outer loop
      vertex 46.2878 4.31386 0
      vertex 46 4.295 2.4
      vertex 46.2878 4.31386 2.4
    endloop
  endfacet
  facet normal -0.0653914 0.99786 0
    outer loop
      vertex 46 4.295 2.4
      vertex 46.2878 4.31386 0
      vertex 46 4.295 0
    endloop
  endfacet
  facet normal -0.44227 0.896882 0
    outer loop
      vertex 47.1025 4.59041 0
      vertex 46.8438 4.46284 2.4
      vertex 47.1025 4.59041 2.4
    endloop
  endfacet
  facet normal -0.44227 0.896882 0
    outer loop
      vertex 46.8438 4.46284 2.4
      vertex 47.1025 4.59041 0
      vertex 46.8438 4.46284 0
    endloop
  endfacet
  facet normal -0.0653914 -0.99786 0
    outer loop
      vertex 46 8.705 0
      vertex 46.2878 8.68614 2.4
      vertex 46 8.705 2.4
    endloop
  endfacet
  facet normal -0.0653914 -0.99786 -0
    outer loop
      vertex 46.2878 8.68614 2.4
      vertex 46 8.705 0
      vertex 46.2878 8.68614 0
    endloop
  endfacet
  facet normal 0.321486 -0.946914 0
    outer loop
      vertex 45.1562 8.53715 0
      vertex 45.4293 8.62987 2.4
      vertex 45.1562 8.53715 2.4
    endloop
  endfacet
  facet normal 0.321486 -0.946914 0
    outer loop
      vertex 45.4293 8.62987 2.4
      vertex 45.1562 8.53715 0
      vertex 45.4293 8.62987 0
    endloop
  endfacet
  facet normal -0.55562 0.831436 0
    outer loop
      vertex 47.3423 4.75066 0
      vertex 47.1025 4.59041 2.4
      vertex 47.3423 4.75066 2.4
    endloop
  endfacet
  facet normal -0.55562 0.831436 0
    outer loop
      vertex 47.1025 4.59041 2.4
      vertex 47.3423 4.75066 0
      vertex 47.1025 4.59041 0
    endloop
  endfacet
  facet normal 0.980832 0.194856 0
    outer loop
      vertex 43.8701 5.9293 2.4
      vertex 43.8139 6.21219 0
      vertex 43.8139 6.21219 2.4
    endloop
  endfacet
  facet normal 0.980832 0.194856 0
    outer loop
      vertex 43.8139 6.21219 0
      vertex 43.8701 5.9293 2.4
      vertex 43.8701 5.9293 0
    endloop
  endfacet
  facet normal 0.195083 0.980787 -0
    outer loop
      vertex 45.7122 4.31386 0
      vertex 45.4293 4.37013 2.4
      vertex 45.7122 4.31386 2.4
    endloop
  endfacet
  facet normal 0.195083 0.980787 0
    outer loop
      vertex 45.4293 4.37013 2.4
      vertex 45.7122 4.31386 0
      vertex 45.4293 4.37013 0
    endloop
  endfacet
  facet normal 0.0653914 0.99786 -0
    outer loop
      vertex 46 4.295 0
      vertex 45.7122 4.31386 2.4
      vertex 46 4.295 2.4
    endloop
  endfacet
  facet normal 0.0653914 0.99786 0
    outer loop
      vertex 45.7122 4.31386 2.4
      vertex 46 4.295 0
      vertex 45.7122 4.31386 0
    endloop
  endfacet
  facet normal 0.980832 -0.194856 0
    outer loop
      vertex 43.8139 6.78781 2.4
      vertex 43.8701 7.0707 0
      vertex 43.8701 7.0707 2.4
    endloop
  endfacet
  facet normal 0.980832 -0.194856 0
    outer loop
      vertex 43.8701 7.0707 0
      vertex 43.8139 6.78781 2.4
      vertex 43.8139 6.78781 0
    endloop
  endfacet
  facet normal 0.946943 -0.321403 0
    outer loop
      vertex 43.8701 7.0707 2.4
      vertex 43.9628 7.34382 0
      vertex 43.9628 7.34382 2.4
    endloop
  endfacet
  facet normal 0.946943 -0.321403 0
    outer loop
      vertex 43.9628 7.34382 0
      vertex 43.8701 7.0707 2.4
      vertex 43.8701 7.0707 0
    endloop
  endfacet
  facet normal 0.997851 -0.0655272 0
    outer loop
      vertex 43.795 6.5 2.4
      vertex 43.8139 6.78781 0
      vertex 43.8139 6.78781 2.4
    endloop
  endfacet
  facet normal 0.997851 -0.0655272 0
    outer loop
      vertex 43.8139 6.78781 0
      vertex 43.795 6.5 2.4
      vertex 43.795 6.5 0
    endloop
  endfacet
  facet normal -0.195083 -0.980787 0
    outer loop
      vertex 46.2878 8.68614 0
      vertex 46.5707 8.62987 2.4
      vertex 46.2878 8.68614 2.4
    endloop
  endfacet
  facet normal -0.195083 -0.980787 -0
    outer loop
      vertex 46.5707 8.62987 2.4
      vertex 46.2878 8.68614 0
      vertex 46.5707 8.62987 0
    endloop
  endfacet
  facet normal 0.659255 0.751919 -0
    outer loop
      vertex 44.6577 4.75066 0
      vertex 44.4408 4.94083 2.4
      vertex 44.6577 4.75066 2.4
    endloop
  endfacet
  facet normal 0.659255 0.751919 0
    outer loop
      vertex 44.4408 4.94083 2.4
      vertex 44.6577 4.75066 0
      vertex 44.4408 4.94083 0
    endloop
  endfacet
  facet normal -0.659255 0.751919 0
    outer loop
      vertex 47.5592 4.94083 0
      vertex 47.3423 4.75066 2.4
      vertex 47.5592 4.94083 2.4
    endloop
  endfacet
  facet normal -0.659255 0.751919 0
    outer loop
      vertex 47.3423 4.75066 2.4
      vertex 47.5592 4.94083 0
      vertex 47.3423 4.75066 0
    endloop
  endfacet
  facet normal 0.896827 -0.442381 0
    outer loop
      vertex 43.9628 7.34382 2.4
      vertex 44.0904 7.6025 0
      vertex 44.0904 7.6025 2.4
    endloop
  endfacet
  facet normal 0.896827 -0.442381 0
    outer loop
      vertex 44.0904 7.6025 0
      vertex 43.9628 7.34382 2.4
      vertex 43.9628 7.34382 0
    endloop
  endfacet
  facet normal 0.896881 0.442272 0
    outer loop
      vertex 23.7818 22.075 9.4
      vertex 23.6169 22.4094 1.5
      vertex 23.6169 22.4094 9.4
    endloop
  endfacet
  facet normal 0.896881 0.442272 0
    outer loop
      vertex 23.6169 22.4094 1.5
      vertex 23.7818 22.075 9.4
      vertex 23.7818 22.075 1.5
    endloop
  endfacet
  facet normal -0.442272 0.896881 0
    outer loop
      vertex 27.675 21.0318 1.5
      vertex 27.3406 20.8669 9.4
      vertex 27.675 21.0318 9.4
    endloop
  endfacet
  facet normal -0.442272 0.896881 0
    outer loop
      vertex 27.3406 20.8669 9.4
      vertex 27.675 21.0318 1.5
      vertex 27.3406 20.8669 1.5
    endloop
  endfacet
  facet normal -0.980797 -0.195033 0
    outer loop
      vertex 29.0756 23.872 1.5
      vertex 29.0029 24.2376 9.4
      vertex 29.0029 24.2376 1.5
    endloop
  endfacet
  facet normal -0.980797 -0.195033 0
    outer loop
      vertex 29.0029 24.2376 9.4
      vertex 29.0756 23.872 1.5
      vertex 29.0756 23.872 9.4
    endloop
  endfacet
  facet normal -0.997856 -0.0654508 0
    outer loop
      vertex 29.1 23.5 1.5
      vertex 29.0756 23.872 9.4
      vertex 29.0756 23.872 1.5
    endloop
  endfacet
  facet normal -0.997856 -0.0654508 0
    outer loop
      vertex 29.0756 23.872 9.4
      vertex 29.1 23.5 1.5
      vertex 29.1 23.5 9.4
    endloop
  endfacet
  facet normal -0.946952 -0.321374 0
    outer loop
      vertex 29.0029 24.2376 1.5
      vertex 28.8831 24.5906 9.4
      vertex 28.8831 24.5906 1.5
    endloop
  endfacet
  facet normal -0.946952 -0.321374 0
    outer loop
      vertex 28.8831 24.5906 9.4
      vertex 29.0029 24.2376 1.5
      vertex 29.0029 24.2376 9.4
    endloop
  endfacet
  facet normal -0.751862 0.659321 0
    outer loop
      vertex 28.2653 21.4847 1.5
      vertex 28.5111 21.765 9.4
      vertex 28.5111 21.765 1.5
    endloop
  endfacet
  facet normal -0.751862 0.659321 0
    outer loop
      vertex 28.5111 21.765 9.4
      vertex 28.2653 21.4847 1.5
      vertex 28.2653 21.4847 9.4
    endloop
  endfacet
  facet normal 0.555505 -0.831513 0
    outer loop
      vertex 24.515 25.7611 1.5
      vertex 24.825 25.9682 9.4
      vertex 24.515 25.7611 9.4
    endloop
  endfacet
  facet normal 0.555505 -0.831513 0
    outer loop
      vertex 24.825 25.9682 9.4
      vertex 24.515 25.7611 1.5
      vertex 24.825 25.9682 1.5
    endloop
  endfacet
  facet normal -0.321374 -0.946952 0
    outer loop
      vertex 26.9876 26.2529 1.5
      vertex 27.3406 26.1331 9.4
      vertex 26.9876 26.2529 9.4
    endloop
  endfacet
  facet normal -0.321374 -0.946952 -0
    outer loop
      vertex 27.3406 26.1331 9.4
      vertex 26.9876 26.2529 1.5
      vertex 27.3406 26.1331 1.5
    endloop
  endfacet
  facet normal -0.555505 -0.831513 0
    outer loop
      vertex 27.675 25.9682 1.5
      vertex 27.985 25.7611 9.4
      vertex 27.675 25.9682 9.4
    endloop
  endfacet
  facet normal -0.555505 -0.831513 -0
    outer loop
      vertex 27.985 25.7611 9.4
      vertex 27.675 25.9682 1.5
      vertex 27.985 25.7611 1.5
    endloop
  endfacet
  facet normal -0.321374 0.946952 0
    outer loop
      vertex 27.3406 20.8669 1.5
      vertex 26.9876 20.7471 9.4
      vertex 27.3406 20.8669 9.4
    endloop
  endfacet
  facet normal -0.321374 0.946952 0
    outer loop
      vertex 26.9876 20.7471 9.4
      vertex 27.3406 20.8669 1.5
      vertex 26.9876 20.7471 1.5
    endloop
  endfacet
  facet normal -0.896881 -0.442272 0
    outer loop
      vertex 28.8831 24.5906 1.5
      vertex 28.7182 24.925 9.4
      vertex 28.7182 24.925 1.5
    endloop
  endfacet
  facet normal -0.896881 -0.442272 0
    outer loop
      vertex 28.7182 24.925 9.4
      vertex 28.8831 24.5906 1.5
      vertex 28.8831 24.5906 9.4
    endloop
  endfacet
  facet normal 0.195033 -0.980797 0
    outer loop
      vertex 25.5124 26.2529 1.5
      vertex 25.878 26.3256 9.4
      vertex 25.5124 26.2529 9.4
    endloop
  endfacet
  facet normal 0.195033 -0.980797 0
    outer loop
      vertex 25.878 26.3256 9.4
      vertex 25.5124 26.2529 1.5
      vertex 25.878 26.3256 1.5
    endloop
  endfacet
  facet normal -0.946952 0.321374 0
    outer loop
      vertex 28.8831 22.4094 1.5
      vertex 29.0029 22.7624 9.4
      vertex 29.0029 22.7624 1.5
    endloop
  endfacet
  facet normal -0.946952 0.321374 0
    outer loop
      vertex 29.0029 22.7624 9.4
      vertex 28.8831 22.4094 1.5
      vertex 28.8831 22.4094 9.4
    endloop
  endfacet
  facet normal 0.555505 0.831513 -0
    outer loop
      vertex 24.825 21.0318 1.5
      vertex 24.515 21.2389 9.4
      vertex 24.825 21.0318 9.4
    endloop
  endfacet
  facet normal 0.555505 0.831513 0
    outer loop
      vertex 24.515 21.2389 9.4
      vertex 24.825 21.0318 1.5
      vertex 24.515 21.2389 1.5
    endloop
  endfacet
  facet normal 0.659321 -0.751862 0
    outer loop
      vertex 24.2347 25.5153 1.5
      vertex 24.515 25.7611 9.4
      vertex 24.2347 25.5153 9.4
    endloop
  endfacet
  facet normal 0.659321 -0.751862 0
    outer loop
      vertex 24.515 25.7611 9.4
      vertex 24.2347 25.5153 1.5
      vertex 24.515 25.7611 1.5
    endloop
  endfacet
  facet normal 0.980797 -0.195033 0
    outer loop
      vertex 23.4244 23.872 9.4
      vertex 23.4971 24.2376 1.5
      vertex 23.4971 24.2376 9.4
    endloop
  endfacet
  facet normal 0.980797 -0.195033 0
    outer loop
      vertex 23.4971 24.2376 1.5
      vertex 23.4244 23.872 9.4
      vertex 23.4244 23.872 1.5
    endloop
  endfacet
  facet normal 0.321374 -0.946952 0
    outer loop
      vertex 25.1594 26.1331 1.5
      vertex 25.5124 26.2529 9.4
      vertex 25.1594 26.1331 9.4
    endloop
  endfacet
  facet normal 0.321374 -0.946952 0
    outer loop
      vertex 25.5124 26.2529 9.4
      vertex 25.1594 26.1331 1.5
      vertex 25.5124 26.2529 1.5
    endloop
  endfacet
  facet normal -0.659321 0.751862 0
    outer loop
      vertex 28.2653 21.4847 1.5
      vertex 27.985 21.2389 9.4
      vertex 28.2653 21.4847 9.4
    endloop
  endfacet
  facet normal -0.659321 0.751862 0
    outer loop
      vertex 27.985 21.2389 9.4
      vertex 28.2653 21.4847 1.5
      vertex 27.985 21.2389 1.5
    endloop
  endfacet
  facet normal -0.831513 -0.555505 0
    outer loop
      vertex 28.7182 24.925 1.5
      vertex 28.5111 25.235 9.4
      vertex 28.5111 25.235 1.5
    endloop
  endfacet
  facet normal -0.831513 -0.555505 0
    outer loop
      vertex 28.5111 25.235 9.4
      vertex 28.7182 24.925 1.5
      vertex 28.7182 24.925 9.4
    endloop
  endfacet
  facet normal -0.195033 0.980797 0
    outer loop
      vertex 26.9876 20.7471 1.5
      vertex 26.622 20.6744 9.4
      vertex 26.9876 20.7471 9.4
    endloop
  endfacet
  facet normal -0.195033 0.980797 0
    outer loop
      vertex 26.622 20.6744 9.4
      vertex 26.9876 20.7471 1.5
      vertex 26.622 20.6744 1.5
    endloop
  endfacet
  facet normal 0.980797 0.195033 0
    outer loop
      vertex 23.4971 22.7624 9.4
      vertex 23.4244 23.128 1.5
      vertex 23.4244 23.128 9.4
    endloop
  endfacet
  facet normal 0.980797 0.195033 0
    outer loop
      vertex 23.4244 23.128 1.5
      vertex 23.4971 22.7624 9.4
      vertex 23.4971 22.7624 1.5
    endloop
  endfacet
  facet normal -0.659321 -0.751862 0
    outer loop
      vertex 27.985 25.7611 1.5
      vertex 28.2653 25.5153 9.4
      vertex 27.985 25.7611 9.4
    endloop
  endfacet
  facet normal -0.659321 -0.751862 -0
    outer loop
      vertex 28.2653 25.5153 9.4
      vertex 27.985 25.7611 1.5
      vertex 28.2653 25.5153 1.5
    endloop
  endfacet
  facet normal -0.997856 0.0654508 0
    outer loop
      vertex 29.0756 23.128 1.5
      vertex 29.1 23.5 9.4
      vertex 29.1 23.5 1.5
    endloop
  endfacet
  facet normal -0.997856 0.0654508 0
    outer loop
      vertex 29.1 23.5 9.4
      vertex 29.0756 23.128 1.5
      vertex 29.0756 23.128 9.4
    endloop
  endfacet
  facet normal -0.980797 0.195033 0
    outer loop
      vertex 29.0029 22.7624 1.5
      vertex 29.0756 23.128 9.4
      vertex 29.0756 23.128 1.5
    endloop
  endfacet
  facet normal -0.980797 0.195033 0
    outer loop
      vertex 29.0756 23.128 9.4
      vertex 29.0029 22.7624 1.5
      vertex 29.0029 22.7624 9.4
    endloop
  endfacet
  facet normal -0.555505 0.831513 0
    outer loop
      vertex 27.985 21.2389 1.5
      vertex 27.675 21.0318 9.4
      vertex 27.985 21.2389 9.4
    endloop
  endfacet
  facet normal -0.555505 0.831513 0
    outer loop
      vertex 27.675 21.0318 9.4
      vertex 27.985 21.2389 1.5
      vertex 27.675 21.0318 1.5
    endloop
  endfacet
  facet normal -0.195033 -0.980797 0
    outer loop
      vertex 26.622 26.3256 1.5
      vertex 26.9876 26.2529 9.4
      vertex 26.622 26.3256 9.4
    endloop
  endfacet
  facet normal -0.195033 -0.980797 -0
    outer loop
      vertex 26.9876 26.2529 9.4
      vertex 26.622 26.3256 1.5
      vertex 26.9876 26.2529 1.5
    endloop
  endfacet
  facet normal -0.751862 -0.659321 0
    outer loop
      vertex 28.5111 25.235 1.5
      vertex 28.2653 25.5153 9.4
      vertex 28.2653 25.5153 1.5
    endloop
  endfacet
  facet normal -0.751862 -0.659321 0
    outer loop
      vertex 28.2653 25.5153 9.4
      vertex 28.5111 25.235 1.5
      vertex 28.5111 25.235 9.4
    endloop
  endfacet
  facet normal -0.0654508 -0.997856 0
    outer loop
      vertex 26.25 26.35 1.5
      vertex 26.622 26.3256 9.4
      vertex 26.25 26.35 9.4
    endloop
  endfacet
  facet normal -0.0654508 -0.997856 -0
    outer loop
      vertex 26.622 26.3256 9.4
      vertex 26.25 26.35 1.5
      vertex 26.622 26.3256 1.5
    endloop
  endfacet
  facet normal 0.946952 -0.321374 0
    outer loop
      vertex 23.4971 24.2376 9.4
      vertex 23.6169 24.5906 1.5
      vertex 23.6169 24.5906 9.4
    endloop
  endfacet
  facet normal 0.946952 -0.321374 0
    outer loop
      vertex 23.6169 24.5906 1.5
      vertex 23.4971 24.2376 9.4
      vertex 23.4971 24.2376 1.5
    endloop
  endfacet
  facet normal 0.0654508 0.997856 -0
    outer loop
      vertex 26.25 20.65 1.5
      vertex 25.878 20.6744 9.4
      vertex 26.25 20.65 9.4
    endloop
  endfacet
  facet normal 0.0654508 0.997856 0
    outer loop
      vertex 25.878 20.6744 9.4
      vertex 26.25 20.65 1.5
      vertex 25.878 20.6744 1.5
    endloop
  endfacet
  facet normal -0.442272 -0.896881 0
    outer loop
      vertex 27.3406 26.1331 1.5
      vertex 27.675 25.9682 9.4
      vertex 27.3406 26.1331 9.4
    endloop
  endfacet
  facet normal -0.442272 -0.896881 -0
    outer loop
      vertex 27.675 25.9682 9.4
      vertex 27.3406 26.1331 1.5
      vertex 27.675 25.9682 1.5
    endloop
  endfacet
  facet normal 0.997856 0.0654508 0
    outer loop
      vertex 23.4244 23.128 9.4
      vertex 23.4 23.5 1.5
      vertex 23.4 23.5 9.4
    endloop
  endfacet
  facet normal 0.997856 0.0654508 0
    outer loop
      vertex 23.4 23.5 1.5
      vertex 23.4244 23.128 9.4
      vertex 23.4244 23.128 1.5
    endloop
  endfacet
  facet normal 0.659321 0.751862 -0
    outer loop
      vertex 24.515 21.2389 1.5
      vertex 24.2347 21.4847 9.4
      vertex 24.515 21.2389 9.4
    endloop
  endfacet
  facet normal 0.659321 0.751862 0
    outer loop
      vertex 24.2347 21.4847 9.4
      vertex 24.515 21.2389 1.5
      vertex 24.2347 21.4847 1.5
    endloop
  endfacet
  facet normal -0.831513 0.555505 0
    outer loop
      vertex 28.5111 21.765 1.5
      vertex 28.7182 22.075 9.4
      vertex 28.7182 22.075 1.5
    endloop
  endfacet
  facet normal -0.831513 0.555505 0
    outer loop
      vertex 28.7182 22.075 9.4
      vertex 28.5111 21.765 1.5
      vertex 28.5111 21.765 9.4
    endloop
  endfacet
  facet normal 0.751862 0.659321 0
    outer loop
      vertex 24.2347 21.4847 9.4
      vertex 23.9889 21.765 1.5
      vertex 23.9889 21.765 9.4
    endloop
  endfacet
  facet normal 0.751862 0.659321 0
    outer loop
      vertex 23.9889 21.765 1.5
      vertex 24.2347 21.4847 9.4
      vertex 24.2347 21.4847 1.5
    endloop
  endfacet
  facet normal -0.896881 0.442272 0
    outer loop
      vertex 28.7182 22.075 1.5
      vertex 28.8831 22.4094 9.4
      vertex 28.8831 22.4094 1.5
    endloop
  endfacet
  facet normal -0.896881 0.442272 0
    outer loop
      vertex 28.8831 22.4094 9.4
      vertex 28.7182 22.075 1.5
      vertex 28.7182 22.075 9.4
    endloop
  endfacet
  facet normal 0.997856 -0.0654508 0
    outer loop
      vertex 23.4 23.5 9.4
      vertex 23.4244 23.872 1.5
      vertex 23.4244 23.872 9.4
    endloop
  endfacet
  facet normal 0.997856 -0.0654508 0
    outer loop
      vertex 23.4244 23.872 1.5
      vertex 23.4 23.5 9.4
      vertex 23.4 23.5 1.5
    endloop
  endfacet
  facet normal 0.195033 0.980797 -0
    outer loop
      vertex 25.878 20.6744 1.5
      vertex 25.5124 20.7471 9.4
      vertex 25.878 20.6744 9.4
    endloop
  endfacet
  facet normal 0.195033 0.980797 0
    outer loop
      vertex 25.5124 20.7471 9.4
      vertex 25.878 20.6744 1.5
      vertex 25.5124 20.7471 1.5
    endloop
  endfacet
  facet normal -0.0654508 0.997856 0
    outer loop
      vertex 26.622 20.6744 1.5
      vertex 26.25 20.65 9.4
      vertex 26.622 20.6744 9.4
    endloop
  endfacet
  facet normal -0.0654508 0.997856 0
    outer loop
      vertex 26.25 20.65 9.4
      vertex 26.622 20.6744 1.5
      vertex 26.25 20.65 1.5
    endloop
  endfacet
  facet normal 0.946952 0.321374 0
    outer loop
      vertex 23.6169 22.4094 9.4
      vertex 23.4971 22.7624 1.5
      vertex 23.4971 22.7624 9.4
    endloop
  endfacet
  facet normal 0.946952 0.321374 0
    outer loop
      vertex 23.4971 22.7624 1.5
      vertex 23.6169 22.4094 9.4
      vertex 23.6169 22.4094 1.5
    endloop
  endfacet
  facet normal 0.442272 -0.896881 0
    outer loop
      vertex 24.825 25.9682 1.5
      vertex 25.1594 26.1331 9.4
      vertex 24.825 25.9682 9.4
    endloop
  endfacet
  facet normal 0.442272 -0.896881 0
    outer loop
      vertex 25.1594 26.1331 9.4
      vertex 24.825 25.9682 1.5
      vertex 25.1594 26.1331 1.5
    endloop
  endfacet
  facet normal 0.321374 0.946952 -0
    outer loop
      vertex 25.5124 20.7471 1.5
      vertex 25.1594 20.8669 9.4
      vertex 25.5124 20.7471 9.4
    endloop
  endfacet
  facet normal 0.321374 0.946952 0
    outer loop
      vertex 25.1594 20.8669 9.4
      vertex 25.5124 20.7471 1.5
      vertex 25.1594 20.8669 1.5
    endloop
  endfacet
  facet normal 0.751862 -0.659321 0
    outer loop
      vertex 23.9889 25.235 9.4
      vertex 24.2347 25.5153 1.5
      vertex 24.2347 25.5153 9.4
    endloop
  endfacet
  facet normal 0.751862 -0.659321 0
    outer loop
      vertex 24.2347 25.5153 1.5
      vertex 23.9889 25.235 9.4
      vertex 23.9889 25.235 1.5
    endloop
  endfacet
  facet normal 0.831513 0.555505 0
    outer loop
      vertex 23.9889 21.765 9.4
      vertex 23.7818 22.075 1.5
      vertex 23.7818 22.075 9.4
    endloop
  endfacet
  facet normal 0.831513 0.555505 0
    outer loop
      vertex 23.7818 22.075 1.5
      vertex 23.9889 21.765 9.4
      vertex 23.9889 21.765 1.5
    endloop
  endfacet
  facet normal 0.0654508 -0.997856 0
    outer loop
      vertex 25.878 26.3256 1.5
      vertex 26.25 26.35 9.4
      vertex 25.878 26.3256 9.4
    endloop
  endfacet
  facet normal 0.0654508 -0.997856 0
    outer loop
      vertex 26.25 26.35 9.4
      vertex 25.878 26.3256 1.5
      vertex 26.25 26.35 1.5
    endloop
  endfacet
  facet normal 0.442272 0.896881 -0
    outer loop
      vertex 25.1594 20.8669 1.5
      vertex 24.825 21.0318 9.4
      vertex 25.1594 20.8669 9.4
    endloop
  endfacet
  facet normal 0.442272 0.896881 0
    outer loop
      vertex 24.825 21.0318 9.4
      vertex 25.1594 20.8669 1.5
      vertex 24.825 21.0318 1.5
    endloop
  endfacet
  facet normal 0 0 1
    outer loop
      vertex 28.455 23.5 1.5
      vertex 29.1 23.5 1.5
      vertex 29.0756 23.872 1.5
    endloop
  endfacet
  facet normal 0 0 1
    outer loop
      vertex 28.4361 23.7878 1.5
      vertex 29.0756 23.872 1.5
      vertex 29.0029 24.2376 1.5
    endloop
  endfacet
  facet normal 0 0 1
    outer loop
      vertex 29.1 23.5 1.5
      vertex 28.455 23.5 1.5
      vertex 29.0756 23.128 1.5
    endloop
  endfacet
  facet normal 0 0 1
    outer loop
      vertex 28.3799 24.0707 1.5
      vertex 29.0029 24.2376 1.5
      vertex 28.8831 24.5906 1.5
    endloop
  endfacet
  facet normal -0 0 1
    outer loop
      vertex 28.4361 23.2122 1.5
      vertex 29.0756 23.128 1.5
      vertex 28.455 23.5 1.5
    endloop
  endfacet
  facet normal 0 0 1
    outer loop
      vertex 28.2872 24.3438 1.5
      vertex 28.8831 24.5906 1.5
      vertex 28.7182 24.925 1.5
    endloop
  endfacet
  facet normal 0 0 1
    outer loop
      vertex 29.0756 23.128 1.5
      vertex 28.4361 23.2122 1.5
      vertex 29.0029 22.7624 1.5
    endloop
  endfacet
  facet normal 0 0 1
    outer loop
      vertex 28.1596 24.6025 1.5
      vertex 28.7182 24.925 1.5
      vertex 28.5111 25.235 1.5
    endloop
  endfacet
  facet normal -0 0 1
    outer loop
      vertex 28.3799 22.9293 1.5
      vertex 29.0029 22.7624 1.5
      vertex 28.4361 23.2122 1.5
    endloop
  endfacet
  facet normal 0 0 1
    outer loop
      vertex 29.0029 22.7624 1.5
      vertex 28.3799 22.9293 1.5
      vertex 28.8831 22.4094 1.5
    endloop
  endfacet
  facet normal 0 0 1
    outer loop
      vertex 29.0756 23.872 1.5
      vertex 28.4361 23.7878 1.5
      vertex 28.455 23.5 1.5
    endloop
  endfacet
  facet normal 0 0 1
    outer loop
      vertex 29.0029 24.2376 1.5
      vertex 28.3799 24.0707 1.5
      vertex 28.4361 23.7878 1.5
    endloop
  endfacet
  facet normal 0 0 1
    outer loop
      vertex 28.8831 24.5906 1.5
      vertex 28.2872 24.3438 1.5
      vertex 28.3799 24.0707 1.5
    endloop
  endfacet
  facet normal 0 0 1
    outer loop
      vertex 27.9993 24.8423 1.5
      vertex 28.5111 25.235 1.5
      vertex 28.2653 25.5153 1.5
    endloop
  endfacet
  facet normal 0 0 1
    outer loop
      vertex 28.7182 24.925 1.5
      vertex 28.1596 24.6025 1.5
      vertex 28.2872 24.3438 1.5
    endloop
  endfacet
  facet normal 0 0 1
    outer loop
      vertex 28.5111 25.235 1.5
      vertex 27.9993 24.8423 1.5
      vertex 28.1596 24.6025 1.5
    endloop
  endfacet
  facet normal 0 0 1
    outer loop
      vertex 27.8092 25.0592 1.5
      vertex 28.2653 25.5153 1.5
      vertex 27.985 25.7611 1.5
    endloop
  endfacet
  facet normal 0 0 1
    outer loop
      vertex 28.2653 25.5153 1.5
      vertex 27.8092 25.0592 1.5
      vertex 27.9993 24.8423 1.5
    endloop
  endfacet
  facet normal 0 0 1
    outer loop
      vertex 27.5923 25.2493 1.5
      vertex 27.985 25.7611 1.5
      vertex 27.675 25.9682 1.5
    endloop
  endfacet
  facet normal 0 0 1
    outer loop
      vertex 27.985 25.7611 1.5
      vertex 27.5923 25.2493 1.5
      vertex 27.8092 25.0592 1.5
    endloop
  endfacet
  facet normal 0 0 1
    outer loop
      vertex 27.675 25.9682 1.5
      vertex 27.3525 25.4096 1.5
      vertex 27.5923 25.2493 1.5
    endloop
  endfacet
  facet normal 0 0 1
    outer loop
      vertex 27.3406 26.1331 1.5
      vertex 27.3525 25.4096 1.5
      vertex 27.675 25.9682 1.5
    endloop
  endfacet
  facet normal 0 0 1
    outer loop
      vertex 27.3406 26.1331 1.5
      vertex 27.0938 25.5372 1.5
      vertex 27.3525 25.4096 1.5
    endloop
  endfacet
  facet normal 0 0 1
    outer loop
      vertex 26.9876 26.2529 1.5
      vertex 27.0938 25.5372 1.5
      vertex 27.3406 26.1331 1.5
    endloop
  endfacet
  facet normal 0 0 1
    outer loop
      vertex 26.9876 26.2529 1.5
      vertex 26.8207 25.6299 1.5
      vertex 27.0938 25.5372 1.5
    endloop
  endfacet
  facet normal 0 0 1
    outer loop
      vertex 26.622 26.3256 1.5
      vertex 26.8207 25.6299 1.5
      vertex 26.9876 26.2529 1.5
    endloop
  endfacet
  facet normal 0 0 1
    outer loop
      vertex 26.622 26.3256 1.5
      vertex 26.5378 25.6861 1.5
      vertex 26.8207 25.6299 1.5
    endloop
  endfacet
  facet normal 0 0 1
    outer loop
      vertex 26.25 26.35 1.5
      vertex 26.5378 25.6861 1.5
      vertex 26.622 26.3256 1.5
    endloop
  endfacet
  facet normal 0 0 1
    outer loop
      vertex 26.25 26.35 1.5
      vertex 26.25 25.705 1.5
      vertex 26.5378 25.6861 1.5
    endloop
  endfacet
  facet normal 0 0 1
    outer loop
      vertex 26.25 26.35 1.5
      vertex 25.9622 25.6861 1.5
      vertex 26.25 25.705 1.5
    endloop
  endfacet
  facet normal -0 0 1
    outer loop
      vertex 25.878 26.3256 1.5
      vertex 25.9622 25.6861 1.5
      vertex 26.25 26.35 1.5
    endloop
  endfacet
  facet normal 0 0 1
    outer loop
      vertex 25.878 26.3256 1.5
      vertex 25.6793 25.6299 1.5
      vertex 25.9622 25.6861 1.5
    endloop
  endfacet
  facet normal -0 0 1
    outer loop
      vertex 25.5124 26.2529 1.5
      vertex 25.6793 25.6299 1.5
      vertex 25.878 26.3256 1.5
    endloop
  endfacet
  facet normal 0 0 1
    outer loop
      vertex 25.5124 26.2529 1.5
      vertex 25.4062 25.5372 1.5
      vertex 25.6793 25.6299 1.5
    endloop
  endfacet
  facet normal -0 0 1
    outer loop
      vertex 25.1594 26.1331 1.5
      vertex 25.4062 25.5372 1.5
      vertex 25.5124 26.2529 1.5
    endloop
  endfacet
  facet normal 0 0 1
    outer loop
      vertex 25.1594 26.1331 1.5
      vertex 25.1475 25.4096 1.5
      vertex 25.4062 25.5372 1.5
    endloop
  endfacet
  facet normal -0 0 1
    outer loop
      vertex 24.825 25.9682 1.5
      vertex 25.1475 25.4096 1.5
      vertex 25.1594 26.1331 1.5
    endloop
  endfacet
  facet normal 0 0 1
    outer loop
      vertex 25.1475 25.4096 1.5
      vertex 24.825 25.9682 1.5
      vertex 24.9077 25.2493 1.5
    endloop
  endfacet
  facet normal -0 0 1
    outer loop
      vertex 24.515 25.7611 1.5
      vertex 24.9077 25.2493 1.5
      vertex 24.825 25.9682 1.5
    endloop
  endfacet
  facet normal 0 0 1
    outer loop
      vertex 24.9077 25.2493 1.5
      vertex 24.515 25.7611 1.5
      vertex 24.6908 25.0592 1.5
    endloop
  endfacet
  facet normal -0 0 1
    outer loop
      vertex 24.2347 25.5153 1.5
      vertex 24.6908 25.0592 1.5
      vertex 24.515 25.7611 1.5
    endloop
  endfacet
  facet normal 0 0 1
    outer loop
      vertex 24.6908 25.0592 1.5
      vertex 24.2347 25.5153 1.5
      vertex 24.5007 24.8423 1.5
    endloop
  endfacet
  facet normal -0 0 1
    outer loop
      vertex 23.9889 25.235 1.5
      vertex 24.5007 24.8423 1.5
      vertex 24.2347 25.5153 1.5
    endloop
  endfacet
  facet normal 0 0 1
    outer loop
      vertex 24.5007 24.8423 1.5
      vertex 23.9889 25.235 1.5
      vertex 24.3404 24.6025 1.5
    endloop
  endfacet
  facet normal -0 0 1
    outer loop
      vertex 23.7818 24.925 1.5
      vertex 24.3404 24.6025 1.5
      vertex 23.9889 25.235 1.5
    endloop
  endfacet
  facet normal 0 0 1
    outer loop
      vertex 24.3404 24.6025 1.5
      vertex 23.7818 24.925 1.5
      vertex 24.2128 24.3438 1.5
    endloop
  endfacet
  facet normal 0 0 1
    outer loop
      vertex 24.2128 24.3438 1.5
      vertex 23.6169 24.5906 1.5
      vertex 24.1201 24.0707 1.5
    endloop
  endfacet
  facet normal -0 0 1
    outer loop
      vertex 23.6169 24.5906 1.5
      vertex 24.2128 24.3438 1.5
      vertex 23.7818 24.925 1.5
    endloop
  endfacet
  facet normal -0 0 1
    outer loop
      vertex 28.2872 22.6562 1.5
      vertex 28.8831 22.4094 1.5
      vertex 28.3799 22.9293 1.5
    endloop
  endfacet
  facet normal 0 0 1
    outer loop
      vertex 28.8831 22.4094 1.5
      vertex 28.2872 22.6562 1.5
      vertex 28.7182 22.075 1.5
    endloop
  endfacet
  facet normal -0 0 1
    outer loop
      vertex 28.1596 22.3975 1.5
      vertex 28.7182 22.075 1.5
      vertex 28.2872 22.6562 1.5
    endloop
  endfacet
  facet normal 0 0 1
    outer loop
      vertex 28.7182 22.075 1.5
      vertex 28.1596 22.3975 1.5
      vertex 28.5111 21.765 1.5
    endloop
  endfacet
  facet normal -0 0 1
    outer loop
      vertex 27.9993 22.1577 1.5
      vertex 28.5111 21.765 1.5
      vertex 28.1596 22.3975 1.5
    endloop
  endfacet
  facet normal 0 0 1
    outer loop
      vertex 28.5111 21.765 1.5
      vertex 27.9993 22.1577 1.5
      vertex 28.2653 21.4847 1.5
    endloop
  endfacet
  facet normal -0 0 1
    outer loop
      vertex 27.8092 21.9408 1.5
      vertex 28.2653 21.4847 1.5
      vertex 27.9993 22.1577 1.5
    endloop
  endfacet
  facet normal 0 0 1
    outer loop
      vertex 28.2653 21.4847 1.5
      vertex 27.8092 21.9408 1.5
      vertex 27.985 21.2389 1.5
    endloop
  endfacet
  facet normal -0 0 1
    outer loop
      vertex 27.5923 21.7507 1.5
      vertex 27.985 21.2389 1.5
      vertex 27.8092 21.9408 1.5
    endloop
  endfacet
  facet normal 0 0 1
    outer loop
      vertex 27.985 21.2389 1.5
      vertex 27.5923 21.7507 1.5
      vertex 27.675 21.0318 1.5
    endloop
  endfacet
  facet normal -0 0 1
    outer loop
      vertex 27.3525 21.5904 1.5
      vertex 27.675 21.0318 1.5
      vertex 27.5923 21.7507 1.5
    endloop
  endfacet
  facet normal 0 0 1
    outer loop
      vertex 27.3525 21.5904 1.5
      vertex 27.3406 20.8669 1.5
      vertex 27.675 21.0318 1.5
    endloop
  endfacet
  facet normal -0 0 1
    outer loop
      vertex 27.0938 21.4628 1.5
      vertex 27.3406 20.8669 1.5
      vertex 27.3525 21.5904 1.5
    endloop
  endfacet
  facet normal 0 0 1
    outer loop
      vertex 27.0938 21.4628 1.5
      vertex 26.9876 20.7471 1.5
      vertex 27.3406 20.8669 1.5
    endloop
  endfacet
  facet normal -0 0 1
    outer loop
      vertex 26.8207 21.3701 1.5
      vertex 26.9876 20.7471 1.5
      vertex 27.0938 21.4628 1.5
    endloop
  endfacet
  facet normal 0 0 1
    outer loop
      vertex 26.8207 21.3701 1.5
      vertex 26.622 20.6744 1.5
      vertex 26.9876 20.7471 1.5
    endloop
  endfacet
  facet normal -0 0 1
    outer loop
      vertex 26.5378 21.3139 1.5
      vertex 26.622 20.6744 1.5
      vertex 26.8207 21.3701 1.5
    endloop
  endfacet
  facet normal -0 0 1
    outer loop
      vertex 26.25 21.295 1.5
      vertex 26.622 20.6744 1.5
      vertex 26.5378 21.3139 1.5
    endloop
  endfacet
  facet normal 0 0 1
    outer loop
      vertex 26.25 21.295 1.5
      vertex 26.25 20.65 1.5
      vertex 26.622 20.6744 1.5
    endloop
  endfacet
  facet normal 0 0 1
    outer loop
      vertex 25.9622 21.3139 1.5
      vertex 26.25 20.65 1.5
      vertex 26.25 21.295 1.5
    endloop
  endfacet
  facet normal 0 0 1
    outer loop
      vertex 25.9622 21.3139 1.5
      vertex 25.878 20.6744 1.5
      vertex 26.25 20.65 1.5
    endloop
  endfacet
  facet normal 0 0 1
    outer loop
      vertex 25.6793 21.3701 1.5
      vertex 25.878 20.6744 1.5
      vertex 25.9622 21.3139 1.5
    endloop
  endfacet
  facet normal 0 0 1
    outer loop
      vertex 25.6793 21.3701 1.5
      vertex 25.5124 20.7471 1.5
      vertex 25.878 20.6744 1.5
    endloop
  endfacet
  facet normal 0 0 1
    outer loop
      vertex 25.4062 21.4628 1.5
      vertex 25.5124 20.7471 1.5
      vertex 25.6793 21.3701 1.5
    endloop
  endfacet
  facet normal 0 0 1
    outer loop
      vertex 25.4062 21.4628 1.5
      vertex 25.1594 20.8669 1.5
      vertex 25.5124 20.7471 1.5
    endloop
  endfacet
  facet normal 0 0 1
    outer loop
      vertex 25.1475 21.5904 1.5
      vertex 25.1594 20.8669 1.5
      vertex 25.4062 21.4628 1.5
    endloop
  endfacet
  facet normal 0 0 1
    outer loop
      vertex 24.825 21.0318 1.5
      vertex 25.1475 21.5904 1.5
      vertex 24.9077 21.7507 1.5
    endloop
  endfacet
  facet normal 0 0 1
    outer loop
      vertex 25.1475 21.5904 1.5
      vertex 24.825 21.0318 1.5
      vertex 25.1594 20.8669 1.5
    endloop
  endfacet
  facet normal 0 0 1
    outer loop
      vertex 24.515 21.2389 1.5
      vertex 24.9077 21.7507 1.5
      vertex 24.6908 21.9408 1.5
    endloop
  endfacet
  facet normal 0 0 1
    outer loop
      vertex 24.9077 21.7507 1.5
      vertex 24.515 21.2389 1.5
      vertex 24.825 21.0318 1.5
    endloop
  endfacet
  facet normal 0 0 1
    outer loop
      vertex 24.2347 21.4847 1.5
      vertex 24.6908 21.9408 1.5
      vertex 24.5007 22.1577 1.5
    endloop
  endfacet
  facet normal 0 0 1
    outer loop
      vertex 23.9889 21.765 1.5
      vertex 24.5007 22.1577 1.5
      vertex 24.3404 22.3975 1.5
    endloop
  endfacet
  facet normal 0 0 1
    outer loop
      vertex 24.6908 21.9408 1.5
      vertex 24.2347 21.4847 1.5
      vertex 24.515 21.2389 1.5
    endloop
  endfacet
  facet normal 0 0 1
    outer loop
      vertex 23.7818 22.075 1.5
      vertex 24.3404 22.3975 1.5
      vertex 24.2128 22.6562 1.5
    endloop
  endfacet
  facet normal 0 0 1
    outer loop
      vertex 23.6169 22.4094 1.5
      vertex 24.2128 22.6562 1.5
      vertex 24.1201 22.9293 1.5
    endloop
  endfacet
  facet normal 0 0 1
    outer loop
      vertex 23.4971 22.7624 1.5
      vertex 24.1201 22.9293 1.5
      vertex 24.0639 23.2122 1.5
    endloop
  endfacet
  facet normal 0 0 1
    outer loop
      vertex 24.5007 22.1577 1.5
      vertex 23.9889 21.765 1.5
      vertex 24.2347 21.4847 1.5
    endloop
  endfacet
  facet normal 0 0 1
    outer loop
      vertex 23.4244 23.128 1.5
      vertex 24.0639 23.2122 1.5
      vertex 24.045 23.5 1.5
    endloop
  endfacet
  facet normal -0 0 1
    outer loop
      vertex 23.4971 24.2376 1.5
      vertex 24.1201 24.0707 1.5
      vertex 23.6169 24.5906 1.5
    endloop
  endfacet
  facet normal 0 0 1
    outer loop
      vertex 24.1201 24.0707 1.5
      vertex 23.4971 24.2376 1.5
      vertex 24.0639 23.7878 1.5
    endloop
  endfacet
  facet normal 0 0 1
    outer loop
      vertex 24.3404 22.3975 1.5
      vertex 23.7818 22.075 1.5
      vertex 23.9889 21.765 1.5
    endloop
  endfacet
  facet normal -0 0 1
    outer loop
      vertex 23.4244 23.872 1.5
      vertex 24.0639 23.7878 1.5
      vertex 23.4971 24.2376 1.5
    endloop
  endfacet
  facet normal 0 0 1
    outer loop
      vertex 24.2128 22.6562 1.5
      vertex 23.6169 22.4094 1.5
      vertex 23.7818 22.075 1.5
    endloop
  endfacet
  facet normal 0 0 1
    outer loop
      vertex 24.0639 23.7878 1.5
      vertex 23.4244 23.872 1.5
      vertex 24.045 23.5 1.5
    endloop
  endfacet
  facet normal 0 0 1
    outer loop
      vertex 24.1201 22.9293 1.5
      vertex 23.4971 22.7624 1.5
      vertex 23.6169 22.4094 1.5
    endloop
  endfacet
  facet normal 0 0 1
    outer loop
      vertex 23.4 23.5 1.5
      vertex 24.045 23.5 1.5
      vertex 23.4244 23.872 1.5
    endloop
  endfacet
  facet normal 0 0 1
    outer loop
      vertex 24.0639 23.2122 1.5
      vertex 23.4244 23.128 1.5
      vertex 23.4971 22.7624 1.5
    endloop
  endfacet
  facet normal 0 0 1
    outer loop
      vertex 24.045 23.5 1.5
      vertex 23.4 23.5 1.5
      vertex 23.4244 23.128 1.5
    endloop
  endfacet
  facet normal 0.896881 -0.442272 0
    outer loop
      vertex 23.6169 24.5906 9.4
      vertex 23.7818 24.925 1.5
      vertex 23.7818 24.925 9.4
    endloop
  endfacet
  facet normal 0.896881 -0.442272 0
    outer loop
      vertex 23.7818 24.925 1.5
      vertex 23.6169 24.5906 9.4
      vertex 23.6169 24.5906 1.5
    endloop
  endfacet
  facet normal 0.831513 -0.555505 0
    outer loop
      vertex 23.7818 24.925 9.4
      vertex 23.9889 25.235 1.5
      vertex 23.9889 25.235 9.4
    endloop
  endfacet
  facet normal 0.831513 -0.555505 0
    outer loop
      vertex 23.9889 25.235 1.5
      vertex 23.7818 24.925 9.4
      vertex 23.7818 24.925 1.5
    endloop
  endfacet
  facet normal -0.980833 -0.194849 0
    outer loop
      vertex 28.4361 23.7878 0
      vertex 28.3799 24.0707 1.5
      vertex 28.3799 24.0707 0
    endloop
  endfacet
  facet normal -0.980833 -0.194849 0
    outer loop
      vertex 28.3799 24.0707 1.5
      vertex 28.4361 23.7878 0
      vertex 28.4361 23.7878 1.5
    endloop
  endfacet
  facet normal -0.997851 -0.0655295 0
    outer loop
      vertex 28.455 23.5 0
      vertex 28.4361 23.7878 1.5
      vertex 28.4361 23.7878 0
    endloop
  endfacet
  facet normal -0.997851 -0.0655295 0
    outer loop
      vertex 28.4361 23.7878 1.5
      vertex 28.455 23.5 0
      vertex 28.455 23.5 1.5
    endloop
  endfacet
  facet normal -0.946935 -0.321424 0
    outer loop
      vertex 28.3799 24.0707 0
      vertex 28.2872 24.3438 1.5
      vertex 28.2872 24.3438 0
    endloop
  endfacet
  facet normal -0.946935 -0.321424 0
    outer loop
      vertex 28.2872 24.3438 1.5
      vertex 28.3799 24.0707 0
      vertex 28.3799 24.0707 1.5
    endloop
  endfacet
  facet normal -0.442354 -0.896841 0
    outer loop
      vertex 27.0938 25.5372 0
      vertex 27.3525 25.4096 1.5
      vertex 27.0938 25.5372 1.5
    endloop
  endfacet
  facet normal -0.442354 -0.896841 -0
    outer loop
      vertex 27.3525 25.4096 1.5
      vertex 27.0938 25.5372 0
      vertex 27.3525 25.4096 0
    endloop
  endfacet
  facet normal -0.831356 -0.55574 0
    outer loop
      vertex 28.1596 24.6025 0
      vertex 27.9993 24.8423 1.5
      vertex 27.9993 24.8423 0
    endloop
  endfacet
  facet normal -0.831356 -0.55574 0
    outer loop
      vertex 27.9993 24.8423 1.5
      vertex 28.1596 24.6025 0
      vertex 28.1596 24.6025 1.5
    endloop
  endfacet
  facet normal 0.442354 0.896841 -0
    outer loop
      vertex 25.4062 21.4628 0
      vertex 25.1475 21.5904 1.5
      vertex 25.4062 21.4628 1.5
    endloop
  endfacet
  facet normal 0.442354 0.896841 0
    outer loop
      vertex 25.1475 21.5904 1.5
      vertex 25.4062 21.4628 0
      vertex 25.1475 21.5904 0
    endloop
  endfacet
  facet normal 0.659118 -0.752039 0
    outer loop
      vertex 24.6908 25.0592 0
      vertex 24.9077 25.2493 1.5
      vertex 24.6908 25.0592 1.5
    endloop
  endfacet
  facet normal 0.659118 -0.752039 0
    outer loop
      vertex 24.9077 25.2493 1.5
      vertex 24.6908 25.0592 0
      vertex 24.9077 25.2493 0
    endloop
  endfacet
  facet normal -0.896841 -0.442354 0
    outer loop
      vertex 28.2872 24.3438 0
      vertex 28.1596 24.6025 1.5
      vertex 28.1596 24.6025 0
    endloop
  endfacet
  facet normal -0.896841 -0.442354 0
    outer loop
      vertex 28.1596 24.6025 1.5
      vertex 28.2872 24.3438 0
      vertex 28.2872 24.3438 1.5
    endloop
  endfacet
  facet normal 0.194849 -0.980833 0
    outer loop
      vertex 25.6793 25.6299 0
      vertex 25.9622 25.6861 1.5
      vertex 25.6793 25.6299 1.5
    endloop
  endfacet
  facet normal 0.194849 -0.980833 0
    outer loop
      vertex 25.9622 25.6861 1.5
      vertex 25.6793 25.6299 0
      vertex 25.9622 25.6861 0
    endloop
  endfacet
  facet normal 0.194849 0.980833 -0
    outer loop
      vertex 25.9622 21.3139 0
      vertex 25.6793 21.3701 1.5
      vertex 25.9622 21.3139 1.5
    endloop
  endfacet
  facet normal 0.194849 0.980833 0
    outer loop
      vertex 25.6793 21.3701 1.5
      vertex 25.9622 21.3139 0
      vertex 25.6793 21.3701 0
    endloop
  endfacet
  facet normal 0.0655295 0.997851 -0
    outer loop
      vertex 26.25 21.295 0
      vertex 25.9622 21.3139 1.5
      vertex 26.25 21.295 1.5
    endloop
  endfacet
  facet normal 0.0655295 0.997851 0
    outer loop
      vertex 25.9622 21.3139 1.5
      vertex 26.25 21.295 0
      vertex 25.9622 21.3139 0
    endloop
  endfacet
  facet normal 0.0655295 -0.997851 0
    outer loop
      vertex 25.9622 25.6861 0
      vertex 26.25 25.705 1.5
      vertex 25.9622 25.6861 1.5
    endloop
  endfacet
  facet normal 0.0655295 -0.997851 0
    outer loop
      vertex 26.25 25.705 1.5
      vertex 25.9622 25.6861 0
      vertex 26.25 25.705 0
    endloop
  endfacet
  facet normal -0.0655295 0.997851 0
    outer loop
      vertex 26.5378 21.3139 0
      vertex 26.25 21.295 1.5
      vertex 26.5378 21.3139 1.5
    endloop
  endfacet
  facet normal -0.0655295 0.997851 0
    outer loop
      vertex 26.25 21.295 1.5
      vertex 26.5378 21.3139 0
      vertex 26.25 21.295 0
    endloop
  endfacet
  facet normal -0.752039 -0.659118 0
    outer loop
      vertex 27.9993 24.8423 0
      vertex 27.8092 25.0592 1.5
      vertex 27.8092 25.0592 0
    endloop
  endfacet
  facet normal -0.752039 -0.659118 0
    outer loop
      vertex 27.8092 25.0592 1.5
      vertex 27.9993 24.8423 0
      vertex 27.9993 24.8423 1.5
    endloop
  endfacet
  facet normal 0.442354 -0.896841 0
    outer loop
      vertex 25.1475 25.4096 0
      vertex 25.4062 25.5372 1.5
      vertex 25.1475 25.4096 1.5
    endloop
  endfacet
  facet normal 0.442354 -0.896841 0
    outer loop
      vertex 25.4062 25.5372 1.5
      vertex 25.1475 25.4096 0
      vertex 25.4062 25.5372 0
    endloop
  endfacet
  facet normal 0.980833 0.194849 0
    outer loop
      vertex 24.1201 22.9293 1.5
      vertex 24.0639 23.2122 0
      vertex 24.0639 23.2122 1.5
    endloop
  endfacet
  facet normal 0.980833 0.194849 0
    outer loop
      vertex 24.0639 23.2122 0
      vertex 24.1201 22.9293 1.5
      vertex 24.1201 22.9293 0
    endloop
  endfacet
  facet normal -0.831356 0.55574 0
    outer loop
      vertex 27.9993 22.1577 0
      vertex 28.1596 22.3975 1.5
      vertex 28.1596 22.3975 0
    endloop
  endfacet
  facet normal -0.831356 0.55574 0
    outer loop
      vertex 28.1596 22.3975 1.5
      vertex 27.9993 22.1577 0
      vertex 27.9993 22.1577 1.5
    endloop
  endfacet
  facet normal 0.946935 -0.321424 0
    outer loop
      vertex 24.1201 24.0707 1.5
      vertex 24.2128 24.3438 0
      vertex 24.2128 24.3438 1.5
    endloop
  endfacet
  facet normal 0.946935 -0.321424 0
    outer loop
      vertex 24.2128 24.3438 0
      vertex 24.1201 24.0707 1.5
      vertex 24.1201 24.0707 0
    endloop
  endfacet
  facet normal -0.997851 0.0655295 0
    outer loop
      vertex 28.4361 23.2122 0
      vertex 28.455 23.5 1.5
      vertex 28.455 23.5 0
    endloop
  endfacet
  facet normal -0.997851 0.0655295 0
    outer loop
      vertex 28.455 23.5 1.5
      vertex 28.4361 23.2122 0
      vertex 28.4361 23.2122 1.5
    endloop
  endfacet
  facet normal 0.659118 0.752039 -0
    outer loop
      vertex 24.9077 21.7507 0
      vertex 24.6908 21.9408 1.5
      vertex 24.9077 21.7507 1.5
    endloop
  endfacet
  facet normal 0.659118 0.752039 0
    outer loop
      vertex 24.6908 21.9408 1.5
      vertex 24.9077 21.7507 0
      vertex 24.6908 21.9408 0
    endloop
  endfacet
  facet normal 0.896841 -0.442354 0
    outer loop
      vertex 24.2128 24.3438 1.5
      vertex 24.3404 24.6025 0
      vertex 24.3404 24.6025 1.5
    endloop
  endfacet
  facet normal 0.896841 -0.442354 0
    outer loop
      vertex 24.3404 24.6025 0
      vertex 24.2128 24.3438 1.5
      vertex 24.2128 24.3438 0
    endloop
  endfacet
  facet normal -0.55574 -0.831356 0
    outer loop
      vertex 27.3525 25.4096 0
      vertex 27.5923 25.2493 1.5
      vertex 27.3525 25.4096 1.5
    endloop
  endfacet
  facet normal -0.55574 -0.831356 -0
    outer loop
      vertex 27.5923 25.2493 1.5
      vertex 27.3525 25.4096 0
      vertex 27.5923 25.2493 0
    endloop
  endfacet
  facet normal -0.946935 0.321424 0
    outer loop
      vertex 28.2872 22.6562 0
      vertex 28.3799 22.9293 1.5
      vertex 28.3799 22.9293 0
    endloop
  endfacet
  facet normal -0.946935 0.321424 0
    outer loop
      vertex 28.3799 22.9293 1.5
      vertex 28.2872 22.6562 0
      vertex 28.2872 22.6562 1.5
    endloop
  endfacet
  facet normal -0.194849 0.980833 0
    outer loop
      vertex 26.8207 21.3701 0
      vertex 26.5378 21.3139 1.5
      vertex 26.8207 21.3701 1.5
    endloop
  endfacet
  facet normal -0.194849 0.980833 0
    outer loop
      vertex 26.5378 21.3139 1.5
      vertex 26.8207 21.3701 0
      vertex 26.5378 21.3139 0
    endloop
  endfacet
  facet normal 0.321424 -0.946935 0
    outer loop
      vertex 25.4062 25.5372 0
      vertex 25.6793 25.6299 1.5
      vertex 25.4062 25.5372 1.5
    endloop
  endfacet
  facet normal 0.321424 -0.946935 0
    outer loop
      vertex 25.6793 25.6299 1.5
      vertex 25.4062 25.5372 0
      vertex 25.6793 25.6299 0
    endloop
  endfacet
  facet normal 0.997851 0.0655295 0
    outer loop
      vertex 24.0639 23.2122 1.5
      vertex 24.045 23.5 0
      vertex 24.045 23.5 1.5
    endloop
  endfacet
  facet normal 0.997851 0.0655295 0
    outer loop
      vertex 24.045 23.5 0
      vertex 24.0639 23.2122 1.5
      vertex 24.0639 23.2122 0
    endloop
  endfacet
  facet normal 0.980833 -0.194849 0
    outer loop
      vertex 24.0639 23.7878 1.5
      vertex 24.1201 24.0707 0
      vertex 24.1201 24.0707 1.5
    endloop
  endfacet
  facet normal 0.980833 -0.194849 0
    outer loop
      vertex 24.1201 24.0707 0
      vertex 24.0639 23.7878 1.5
      vertex 24.0639 23.7878 0
    endloop
  endfacet
  facet normal 0.896841 0.442354 0
    outer loop
      vertex 24.3404 22.3975 1.5
      vertex 24.2128 22.6562 0
      vertex 24.2128 22.6562 1.5
    endloop
  endfacet
  facet normal 0.896841 0.442354 0
    outer loop
      vertex 24.2128 22.6562 0
      vertex 24.3404 22.3975 1.5
      vertex 24.3404 22.3975 0
    endloop
  endfacet
  facet normal 0.997851 -0.0655295 0
    outer loop
      vertex 24.045 23.5 1.5
      vertex 24.0639 23.7878 0
      vertex 24.0639 23.7878 1.5
    endloop
  endfacet
  facet normal 0.997851 -0.0655295 0
    outer loop
      vertex 24.0639 23.7878 0
      vertex 24.045 23.5 1.5
      vertex 24.045 23.5 0
    endloop
  endfacet
  facet normal 0.752039 -0.659118 0
    outer loop
      vertex 24.5007 24.8423 1.5
      vertex 24.6908 25.0592 0
      vertex 24.6908 25.0592 1.5
    endloop
  endfacet
  facet normal 0.752039 -0.659118 0
    outer loop
      vertex 24.6908 25.0592 0
      vertex 24.5007 24.8423 1.5
      vertex 24.5007 24.8423 0
    endloop
  endfacet
  facet normal 0.946935 0.321424 0
    outer loop
      vertex 24.2128 22.6562 1.5
      vertex 24.1201 22.9293 0
      vertex 24.1201 22.9293 1.5
    endloop
  endfacet
  facet normal 0.946935 0.321424 0
    outer loop
      vertex 24.1201 22.9293 0
      vertex 24.2128 22.6562 1.5
      vertex 24.2128 22.6562 0
    endloop
  endfacet
  facet normal 0.321424 0.946935 -0
    outer loop
      vertex 25.6793 21.3701 0
      vertex 25.4062 21.4628 1.5
      vertex 25.6793 21.3701 1.5
    endloop
  endfacet
  facet normal 0.321424 0.946935 0
    outer loop
      vertex 25.4062 21.4628 1.5
      vertex 25.6793 21.3701 0
      vertex 25.4062 21.4628 0
    endloop
  endfacet
  facet normal -0.896841 0.442354 0
    outer loop
      vertex 28.1596 22.3975 0
      vertex 28.2872 22.6562 1.5
      vertex 28.2872 22.6562 0
    endloop
  endfacet
  facet normal -0.896841 0.442354 0
    outer loop
      vertex 28.2872 22.6562 1.5
      vertex 28.1596 22.3975 0
      vertex 28.1596 22.3975 1.5
    endloop
  endfacet
  facet normal -0.55574 0.831356 0
    outer loop
      vertex 27.5923 21.7507 0
      vertex 27.3525 21.5904 1.5
      vertex 27.5923 21.7507 1.5
    endloop
  endfacet
  facet normal -0.55574 0.831356 0
    outer loop
      vertex 27.3525 21.5904 1.5
      vertex 27.5923 21.7507 0
      vertex 27.3525 21.5904 0
    endloop
  endfacet
  facet normal -0.659118 -0.752039 0
    outer loop
      vertex 27.5923 25.2493 0
      vertex 27.8092 25.0592 1.5
      vertex 27.5923 25.2493 1.5
    endloop
  endfacet
  facet normal -0.659118 -0.752039 -0
    outer loop
      vertex 27.8092 25.0592 1.5
      vertex 27.5923 25.2493 0
      vertex 27.8092 25.0592 0
    endloop
  endfacet
  facet normal -0.980833 0.194849 0
    outer loop
      vertex 28.3799 22.9293 0
      vertex 28.4361 23.2122 1.5
      vertex 28.4361 23.2122 0
    endloop
  endfacet
  facet normal -0.980833 0.194849 0
    outer loop
      vertex 28.4361 23.2122 1.5
      vertex 28.3799 22.9293 0
      vertex 28.3799 22.9293 1.5
    endloop
  endfacet
  facet normal 0.831356 0.55574 0
    outer loop
      vertex 24.5007 22.1577 1.5
      vertex 24.3404 22.3975 0
      vertex 24.3404 22.3975 1.5
    endloop
  endfacet
  facet normal 0.831356 0.55574 0
    outer loop
      vertex 24.3404 22.3975 0
      vertex 24.5007 22.1577 1.5
      vertex 24.5007 22.1577 0
    endloop
  endfacet
  facet normal -0.659118 0.752039 0
    outer loop
      vertex 27.8092 21.9408 0
      vertex 27.5923 21.7507 1.5
      vertex 27.8092 21.9408 1.5
    endloop
  endfacet
  facet normal -0.659118 0.752039 0
    outer loop
      vertex 27.5923 21.7507 1.5
      vertex 27.8092 21.9408 0
      vertex 27.5923 21.7507 0
    endloop
  endfacet
  facet normal -0.321424 -0.946935 0
    outer loop
      vertex 26.8207 25.6299 0
      vertex 27.0938 25.5372 1.5
      vertex 26.8207 25.6299 1.5
    endloop
  endfacet
  facet normal -0.321424 -0.946935 -0
    outer loop
      vertex 27.0938 25.5372 1.5
      vertex 26.8207 25.6299 0
      vertex 27.0938 25.5372 0
    endloop
  endfacet
  facet normal 0.55574 -0.831356 0
    outer loop
      vertex 24.9077 25.2493 0
      vertex 25.1475 25.4096 1.5
      vertex 24.9077 25.2493 1.5
    endloop
  endfacet
  facet normal 0.55574 -0.831356 0
    outer loop
      vertex 25.1475 25.4096 1.5
      vertex 24.9077 25.2493 0
      vertex 25.1475 25.4096 0
    endloop
  endfacet
  facet normal -0.321424 0.946935 0
    outer loop
      vertex 27.0938 21.4628 0
      vertex 26.8207 21.3701 1.5
      vertex 27.0938 21.4628 1.5
    endloop
  endfacet
  facet normal -0.321424 0.946935 0
    outer loop
      vertex 26.8207 21.3701 1.5
      vertex 27.0938 21.4628 0
      vertex 26.8207 21.3701 0
    endloop
  endfacet
  facet normal -0.442354 0.896841 0
    outer loop
      vertex 27.3525 21.5904 0
      vertex 27.0938 21.4628 1.5
      vertex 27.3525 21.5904 1.5
    endloop
  endfacet
  facet normal -0.442354 0.896841 0
    outer loop
      vertex 27.0938 21.4628 1.5
      vertex 27.3525 21.5904 0
      vertex 27.0938 21.4628 0
    endloop
  endfacet
  facet normal -0.0655295 -0.997851 0
    outer loop
      vertex 26.25 25.705 0
      vertex 26.5378 25.6861 1.5
      vertex 26.25 25.705 1.5
    endloop
  endfacet
  facet normal -0.0655295 -0.997851 -0
    outer loop
      vertex 26.5378 25.6861 1.5
      vertex 26.25 25.705 0
      vertex 26.5378 25.6861 0
    endloop
  endfacet
  facet normal 0.752039 0.659118 0
    outer loop
      vertex 24.6908 21.9408 1.5
      vertex 24.5007 22.1577 0
      vertex 24.5007 22.1577 1.5
    endloop
  endfacet
  facet normal 0.752039 0.659118 0
    outer loop
      vertex 24.5007 22.1577 0
      vertex 24.6908 21.9408 1.5
      vertex 24.6908 21.9408 0
    endloop
  endfacet
  facet normal 0.55574 0.831356 -0
    outer loop
      vertex 25.1475 21.5904 0
      vertex 24.9077 21.7507 1.5
      vertex 25.1475 21.5904 1.5
    endloop
  endfacet
  facet normal 0.55574 0.831356 0
    outer loop
      vertex 24.9077 21.7507 1.5
      vertex 25.1475 21.5904 0
      vertex 24.9077 21.7507 0
    endloop
  endfacet
  facet normal -0.194849 -0.980833 0
    outer loop
      vertex 26.5378 25.6861 0
      vertex 26.8207 25.6299 1.5
      vertex 26.5378 25.6861 1.5
    endloop
  endfacet
  facet normal -0.194849 -0.980833 -0
    outer loop
      vertex 26.8207 25.6299 1.5
      vertex 26.5378 25.6861 0
      vertex 26.8207 25.6299 0
    endloop
  endfacet
  facet normal 0.831356 -0.55574 0
    outer loop
      vertex 24.3404 24.6025 1.5
      vertex 24.5007 24.8423 0
      vertex 24.5007 24.8423 1.5
    endloop
  endfacet
  facet normal 0.831356 -0.55574 0
    outer loop
      vertex 24.5007 24.8423 0
      vertex 24.3404 24.6025 1.5
      vertex 24.3404 24.6025 0
    endloop
  endfacet
  facet normal -0.752039 0.659118 0
    outer loop
      vertex 27.8092 21.9408 0
      vertex 27.9993 22.1577 1.5
      vertex 27.9993 22.1577 0
    endloop
  endfacet
  facet normal -0.752039 0.659118 0
    outer loop
      vertex 27.9993 22.1577 1.5
      vertex 27.8092 21.9408 0
      vertex 27.8092 21.9408 1.5
    endloop
  endfacet
  facet normal -0.798901 -0.052401 0.599176
    outer loop
      vertex 29.1 23.5 9.4
      vertex 29.5439 23.593 10
      vertex 29.0756 23.872 9.4
    endloop
  endfacet
  facet normal -0.798901 -0.052401 0.599176
    outer loop
      vertex 29.5439 23.593 10
      vertex 29.1 23.5 9.4
      vertex 29.55 23.5 10
    endloop
  endfacet
  facet normal 0.665676 0.444929 0.599094
    outer loop
      vertex 23.9889 21.765 9.4
      vertex 23.3921 21.85 10
      vertex 23.4439 21.7725 10
    endloop
  endfacet
  facet normal 0.665727 0.444749 0.599171
    outer loop
      vertex 23.3921 21.85 10
      vertex 23.9889 21.765 9.4
      vertex 23.7818 22.075 9.4
    endloop
  endfacet
  facet normal -0.354162 -0.718024 0.599175
    outer loop
      vertex 27.8164 26.3991 10
      vertex 27.5129 26.5488 10
      vertex 27.3406 26.1331 9.4
    endloop
  endfacet
  facet normal 0.798901 -0.052401 0.599176
    outer loop
      vertex 23.4 23.5 9.4
      vertex 22.9561 23.593 10
      vertex 22.95 23.5 10
    endloop
  endfacet
  facet normal 0.798901 -0.052401 0.599176
    outer loop
      vertex 22.9561 23.593 10
      vertex 23.4 23.5 9.4
      vertex 23.4244 23.872 9.4
    endloop
  endfacet
  facet normal 0.718024 -0.354162 0.599175
    outer loop
      vertex 23.6169 24.5906 9.4
      vertex 23.3509 25.0664 10
      vertex 23.2012 24.7629 10
    endloop
  endfacet
  facet normal -0.257363 -0.758133 0.599166
    outer loop
      vertex 27.3406 26.1331 9.4
      vertex 27.5129 26.5488 10
      vertex 27.1924 26.6576 10
    endloop
  endfacet
  facet normal -0.257295 0.758138 0.599188
    outer loop
      vertex 26.9876 20.7471 9.4
      vertex 27.1924 20.3424 10
      vertex 27.3406 20.8669 9.4
    endloop
  endfacet
  facet normal -0.257544 0.758039 0.599206
    outer loop
      vertex 27.1924 20.3424 10
      vertex 26.9876 20.7471 9.4
      vertex 27.1041 20.3124 10
    endloop
  endfacet
  facet normal 0.354162 0.718024 0.599175
    outer loop
      vertex 24.9871 20.4512 10
      vertex 25.1594 20.8669 9.4
      vertex 24.6836 20.6009 10
    endloop
  endfacet
  facet normal 0.156327 0.785183 0.599208
    outer loop
      vertex 25.8193 20.2282 10
      vertex 25.878 20.6744 9.4
      vertex 25.4873 20.2943 10
    endloop
  endfacet
  facet normal -0.601978 0.527885 0.599132
    outer loop
      vertex 28.2653 21.4847 9.4
      vertex 28.6449 21.2366 10
      vertex 28.5111 21.765 9.4
    endloop
  endfacet
  facet normal -0.602267 0.52752 0.599164
    outer loop
      vertex 28.6449 21.2366 10
      vertex 28.2653 21.4847 9.4
      vertex 28.5835 21.1665 10
    endloop
  endfacet
  facet normal 0.602267 -0.52752 0.599164
    outer loop
      vertex 23.8551 25.7634 10
      vertex 24.2347 25.5153 9.4
      vertex 23.9165 25.8335 10
    endloop
  endfacet
  facet normal 0.601978 -0.527885 0.599132
    outer loop
      vertex 24.2347 25.5153 9.4
      vertex 23.8551 25.7634 10
      vertex 23.9889 25.235 9.4
    endloop
  endfacet
  facet normal -0.156327 0.785183 0.599208
    outer loop
      vertex 26.6807 20.2282 10
      vertex 27.0127 20.2943 10
      vertex 26.622 20.6744 9.4
    endloop
  endfacet
  facet normal 0.798901 0.052401 0.599176
    outer loop
      vertex 22.9561 23.407 10
      vertex 23.4 23.5 9.4
      vertex 22.95 23.5 10
    endloop
  endfacet
  facet normal 0.798901 0.052401 0.599176
    outer loop
      vertex 23.4 23.5 9.4
      vertex 22.9561 23.407 10
      vertex 23.4244 23.128 9.4
    endloop
  endfacet
  facet normal 0.718077 0.3541 0.599148
    outer loop
      vertex 23.3509 21.9336 10
      vertex 23.7818 22.075 9.4
      vertex 23.6169 22.4094 9.4
    endloop
  endfacet
  facet normal 0.718153 0.353922 0.599162
    outer loop
      vertex 23.7818 22.075 9.4
      vertex 23.3509 21.9336 10
      vertex 23.3921 21.85 10
    endloop
  endfacet
  facet normal 0.527911 0.601941 0.599147
    outer loop
      vertex 24.2411 20.8819 10
      vertex 24.515 21.2389 9.4
      vertex 23.9866 21.1051 10
    endloop
  endfacet
  facet normal 0.0522808 0.798879 0.599215
    outer loop
      vertex 26.157 20.2061 10
      vertex 25.878 20.6744 9.4
      vertex 25.8193 20.2282 10
    endloop
  endfacet
  facet normal -0.665727 0.444749 0.599171
    outer loop
      vertex 28.5111 21.765 9.4
      vertex 29.1079 21.85 10
      vertex 28.7182 22.075 9.4
    endloop
  endfacet
  facet normal -0.665676 0.444929 0.599094
    outer loop
      vertex 29.1079 21.85 10
      vertex 28.5111 21.765 9.4
      vertex 29.0561 21.7725 10
    endloop
  endfacet
  facet normal 0.798879 0.0522808 0.599215
    outer loop
      vertex 22.9782 23.0693 10
      vertex 23.4244 23.128 9.4
      vertex 22.9561 23.407 10
    endloop
  endfacet
  facet normal 0.354162 -0.718024 0.599175
    outer loop
      vertex 25.1594 26.1331 9.4
      vertex 24.9871 26.5488 10
      vertex 24.6836 26.3991 10
    endloop
  endfacet
  facet normal -0.527885 -0.601978 0.599132
    outer loop
      vertex 28.2653 25.5153 9.4
      vertex 28.5134 25.8949 10
      vertex 27.985 25.7611 9.4
    endloop
  endfacet
  facet normal -0.52752 -0.602267 0.599164
    outer loop
      vertex 28.5134 25.8949 10
      vertex 28.2653 25.5153 9.4
      vertex 28.5835 25.8335 10
    endloop
  endfacet
  facet normal -0.665676 -0.444929 0.599094
    outer loop
      vertex 28.5111 25.235 9.4
      vertex 29.1079 25.15 10
      vertex 29.0561 25.2275 10
    endloop
  endfacet
  facet normal -0.665727 -0.444749 0.599171
    outer loop
      vertex 29.1079 25.15 10
      vertex 28.5111 25.235 9.4
      vertex 28.7182 24.925 9.4
    endloop
  endfacet
  facet normal -0.718024 0.354162 0.599175
    outer loop
      vertex 29.1491 21.9336 10
      vertex 29.2988 22.2371 10
      vertex 28.8831 22.4094 9.4
    endloop
  endfacet
  facet normal 0.257363 0.758133 0.599166
    outer loop
      vertex 25.3076 20.3424 10
      vertex 25.1594 20.8669 9.4
      vertex 24.9871 20.4512 10
    endloop
  endfacet
  facet normal -0.052401 0.798901 0.599176
    outer loop
      vertex 26.25 20.65 9.4
      vertex 26.343 20.2061 10
      vertex 26.622 20.6744 9.4
    endloop
  endfacet
  facet normal -0.052401 0.798901 0.599176
    outer loop
      vertex 26.343 20.2061 10
      vertex 26.25 20.65 9.4
      vertex 26.25 20.2 10
    endloop
  endfacet
  facet normal 0.785357 -0.155525 0.599189
    outer loop
      vertex 23.0443 24.2627 10
      vertex 23.4971 24.2376 9.4
      vertex 23.0624 24.3541 10
    endloop
  endfacet
  facet normal 0.785265 -0.156151 0.599146
    outer loop
      vertex 23.4971 24.2376 9.4
      vertex 23.0443 24.2627 10
      vertex 23.4244 23.872 9.4
    endloop
  endfacet
  facet normal 0.785183 0.156327 0.599208
    outer loop
      vertex 23.0443 22.7373 10
      vertex 23.4244 23.128 9.4
      vertex 22.9782 23.0693 10
    endloop
  endfacet
  facet normal -0.798879 -0.0522808 0.599215
    outer loop
      vertex 29.5439 23.593 10
      vertex 29.5218 23.9307 10
      vertex 29.0756 23.872 9.4
    endloop
  endfacet
  facet normal -0.156327 -0.785183 0.599208
    outer loop
      vertex 27.0127 26.7057 10
      vertex 26.6807 26.7718 10
      vertex 26.622 26.3256 9.4
    endloop
  endfacet
  facet normal -0.798879 0.0522808 0.599215
    outer loop
      vertex 29.5218 23.0693 10
      vertex 29.5439 23.407 10
      vertex 29.0756 23.128 9.4
    endloop
  endfacet
  facet normal 0.798879 -0.0522808 0.599215
    outer loop
      vertex 23.4244 23.872 9.4
      vertex 22.9782 23.9307 10
      vertex 22.9561 23.593 10
    endloop
  endfacet
  facet normal -0.718024 -0.354162 0.599175
    outer loop
      vertex 29.2988 24.7629 10
      vertex 29.1491 25.0664 10
      vertex 28.8831 24.5906 9.4
    endloop
  endfacet
  facet normal -0.601941 -0.527911 0.599147
    outer loop
      vertex 28.8681 25.5089 10
      vertex 28.6449 25.7634 10
      vertex 28.5111 25.235 9.4
    endloop
  endfacet
  facet normal -0.0522808 -0.798879 0.599215
    outer loop
      vertex 26.622 26.3256 9.4
      vertex 26.6807 26.7718 10
      vertex 26.343 26.7939 10
    endloop
  endfacet
  facet normal -0.527911 0.601941 0.599147
    outer loop
      vertex 28.2589 20.8819 10
      vertex 28.5134 21.1051 10
      vertex 27.985 21.2389 9.4
    endloop
  endfacet
  facet normal -0.527911 -0.601941 0.599147
    outer loop
      vertex 28.5134 25.8949 10
      vertex 28.2589 26.1181 10
      vertex 27.985 25.7611 9.4
    endloop
  endfacet
  facet normal 0.785183 -0.156327 0.599208
    outer loop
      vertex 23.4244 23.872 9.4
      vertex 23.0443 24.2627 10
      vertex 22.9782 23.9307 10
    endloop
  endfacet
  facet normal 0.444929 -0.665676 0.599094
    outer loop
      vertex 24.515 25.7611 9.4
      vertex 24.6 26.3579 10
      vertex 24.5225 26.3061 10
    endloop
  endfacet
  facet normal 0.444749 -0.665727 0.599171
    outer loop
      vertex 24.6 26.3579 10
      vertex 24.515 25.7611 9.4
      vertex 24.825 25.9682 9.4
    endloop
  endfacet
  facet normal -0.758133 0.257363 0.599166
    outer loop
      vertex 29.2988 22.2371 10
      vertex 29.4076 22.5576 10
      vertex 28.8831 22.4094 9.4
    endloop
  endfacet
  facet normal -0.785265 0.156151 0.599146
    outer loop
      vertex 29.0029 22.7624 9.4
      vertex 29.4557 22.7373 10
      vertex 29.0756 23.128 9.4
    endloop
  endfacet
  facet normal -0.785357 0.155525 0.599189
    outer loop
      vertex 29.4557 22.7373 10
      vertex 29.0029 22.7624 9.4
      vertex 29.4376 22.6459 10
    endloop
  endfacet
  facet normal -0.798901 0.052401 0.599176
    outer loop
      vertex 29.1 23.5 9.4
      vertex 29.5439 23.407 10
      vertex 29.55 23.5 10
    endloop
  endfacet
  facet normal -0.798901 0.052401 0.599176
    outer loop
      vertex 29.5439 23.407 10
      vertex 29.1 23.5 9.4
      vertex 29.0756 23.128 9.4
    endloop
  endfacet
  facet normal 0.601978 0.527885 0.599132
    outer loop
      vertex 23.8551 21.2366 10
      vertex 24.2347 21.4847 9.4
      vertex 23.9889 21.765 9.4
    endloop
  endfacet
  facet normal 0.602267 0.52752 0.599164
    outer loop
      vertex 24.2347 21.4847 9.4
      vertex 23.8551 21.2366 10
      vertex 23.9165 21.1665 10
    endloop
  endfacet
  facet normal -0.758133 -0.257363 0.599166
    outer loop
      vertex 29.4076 24.4424 10
      vertex 29.2988 24.7629 10
      vertex 28.8831 24.5906 9.4
    endloop
  endfacet
  facet normal -0.444749 -0.665727 0.599171
    outer loop
      vertex 27.985 25.7611 9.4
      vertex 27.9 26.3579 10
      vertex 27.675 25.9682 9.4
    endloop
  endfacet
  facet normal -0.444929 -0.665676 0.599094
    outer loop
      vertex 27.9 26.3579 10
      vertex 27.985 25.7611 9.4
      vertex 27.9775 26.3061 10
    endloop
  endfacet
  facet normal -0.785183 0.156327 0.599208
    outer loop
      vertex 29.4557 22.7373 10
      vertex 29.5218 23.0693 10
      vertex 29.0756 23.128 9.4
    endloop
  endfacet
  facet normal 0.758133 -0.257363 0.599166
    outer loop
      vertex 23.6169 24.5906 9.4
      vertex 23.2012 24.7629 10
      vertex 23.0924 24.4424 10
    endloop
  endfacet
  facet normal 0.353922 -0.718153 0.599162
    outer loop
      vertex 24.825 25.9682 9.4
      vertex 24.6836 26.3991 10
      vertex 24.6 26.3579 10
    endloop
  endfacet
  facet normal 0.3541 -0.718077 0.599148
    outer loop
      vertex 24.6836 26.3991 10
      vertex 24.825 25.9682 9.4
      vertex 25.1594 26.1331 9.4
    endloop
  endfacet
  facet normal -0.665734 -0.444769 0.599149
    outer loop
      vertex 29.0561 25.2275 10
      vertex 28.8681 25.5089 10
      vertex 28.5111 25.235 9.4
    endloop
  endfacet
  facet normal 0.052401 -0.798901 0.599176
    outer loop
      vertex 26.25 26.35 9.4
      vertex 26.157 26.7939 10
      vertex 25.878 26.3256 9.4
    endloop
  endfacet
  facet normal 0.052401 -0.798901 0.599176
    outer loop
      vertex 26.157 26.7939 10
      vertex 26.25 26.35 9.4
      vertex 26.25 26.8 10
    endloop
  endfacet
  facet normal 0.601941 -0.527911 0.599147
    outer loop
      vertex 23.9889 25.235 9.4
      vertex 23.8551 25.7634 10
      vertex 23.6319 25.5089 10
    endloop
  endfacet
  facet normal -0.718077 0.3541 0.599148
    outer loop
      vertex 28.7182 22.075 9.4
      vertex 29.1491 21.9336 10
      vertex 28.8831 22.4094 9.4
    endloop
  endfacet
  facet normal -0.718153 0.353922 0.599162
    outer loop
      vertex 29.1491 21.9336 10
      vertex 28.7182 22.075 9.4
      vertex 29.1079 21.85 10
    endloop
  endfacet
  facet normal 0.155525 -0.785357 0.599189
    outer loop
      vertex 25.5124 26.2529 9.4
      vertex 25.4873 26.7057 10
      vertex 25.3959 26.6876 10
    endloop
  endfacet
  facet normal 0.156151 -0.785265 0.599146
    outer loop
      vertex 25.4873 26.7057 10
      vertex 25.5124 26.2529 9.4
      vertex 25.878 26.3256 9.4
    endloop
  endfacet
  facet normal -0.257544 -0.758039 0.599206
    outer loop
      vertex 26.9876 26.2529 9.4
      vertex 27.1924 26.6576 10
      vertex 27.1041 26.6876 10
    endloop
  endfacet
  facet normal -0.257295 -0.758138 0.599188
    outer loop
      vertex 27.1924 26.6576 10
      vertex 26.9876 26.2529 9.4
      vertex 27.3406 26.1331 9.4
    endloop
  endfacet
  facet normal -0.444929 0.665676 0.599094
    outer loop
      vertex 27.985 21.2389 9.4
      vertex 27.9 20.6421 10
      vertex 27.9775 20.6939 10
    endloop
  endfacet
  facet normal -0.444749 0.665727 0.599171
    outer loop
      vertex 27.9 20.6421 10
      vertex 27.985 21.2389 9.4
      vertex 27.675 21.0318 9.4
    endloop
  endfacet
  facet normal -0.602267 -0.52752 0.599164
    outer loop
      vertex 28.2653 25.5153 9.4
      vertex 28.6449 25.7634 10
      vertex 28.5835 25.8335 10
    endloop
  endfacet
  facet normal -0.601978 -0.527885 0.599132
    outer loop
      vertex 28.6449 25.7634 10
      vertex 28.2653 25.5153 9.4
      vertex 28.5111 25.235 9.4
    endloop
  endfacet
  facet normal -0.052401 -0.798901 0.599176
    outer loop
      vertex 26.25 26.35 9.4
      vertex 26.343 26.7939 10
      vertex 26.25 26.8 10
    endloop
  endfacet
  facet normal -0.052401 -0.798901 0.599176
    outer loop
      vertex 26.343 26.7939 10
      vertex 26.25 26.35 9.4
      vertex 26.622 26.3256 9.4
    endloop
  endfacet
  facet normal 0.3541 0.718077 0.599148
    outer loop
      vertex 24.825 21.0318 9.4
      vertex 24.6836 20.6009 10
      vertex 25.1594 20.8669 9.4
    endloop
  endfacet
  facet normal 0.353922 0.718153 0.599162
    outer loop
      vertex 24.6836 20.6009 10
      vertex 24.825 21.0318 9.4
      vertex 24.6 20.6421 10
    endloop
  endfacet
  facet normal -0.444769 0.665734 0.599149
    outer loop
      vertex 28.2589 20.8819 10
      vertex 27.985 21.2389 9.4
      vertex 27.9775 20.6939 10
    endloop
  endfacet
  facet normal -0.0522808 0.798879 0.599215
    outer loop
      vertex 26.6807 20.2282 10
      vertex 26.622 20.6744 9.4
      vertex 26.343 20.2061 10
    endloop
  endfacet
  facet normal -0.3541 -0.718077 0.599148
    outer loop
      vertex 27.675 25.9682 9.4
      vertex 27.8164 26.3991 10
      vertex 27.3406 26.1331 9.4
    endloop
  endfacet
  facet normal -0.353922 -0.718153 0.599162
    outer loop
      vertex 27.8164 26.3991 10
      vertex 27.675 25.9682 9.4
      vertex 27.9 26.3579 10
    endloop
  endfacet
  facet normal -0.156151 -0.785265 0.599146
    outer loop
      vertex 26.9876 26.2529 9.4
      vertex 27.0127 26.7057 10
      vertex 26.622 26.3256 9.4
    endloop
  endfacet
  facet normal -0.155525 -0.785357 0.599189
    outer loop
      vertex 27.0127 26.7057 10
      vertex 26.9876 26.2529 9.4
      vertex 27.1041 26.6876 10
    endloop
  endfacet
  facet normal -0.444769 -0.665734 0.599149
    outer loop
      vertex 27.985 25.7611 9.4
      vertex 28.2589 26.1181 10
      vertex 27.9775 26.3061 10
    endloop
  endfacet
  facet normal -0.353922 0.718153 0.599162
    outer loop
      vertex 27.675 21.0318 9.4
      vertex 27.8164 20.6009 10
      vertex 27.9 20.6421 10
    endloop
  endfacet
  facet normal -0.3541 0.718077 0.599148
    outer loop
      vertex 27.8164 20.6009 10
      vertex 27.675 21.0318 9.4
      vertex 27.3406 20.8669 9.4
    endloop
  endfacet
  facet normal -0.758039 0.257544 0.599206
    outer loop
      vertex 29.0029 22.7624 9.4
      vertex 29.4076 22.5576 10
      vertex 29.4376 22.6459 10
    endloop
  endfacet
  facet normal -0.758138 0.257295 0.599188
    outer loop
      vertex 29.4076 22.5576 10
      vertex 29.0029 22.7624 9.4
      vertex 28.8831 22.4094 9.4
    endloop
  endfacet
  facet normal 0.718153 -0.353922 0.599162
    outer loop
      vertex 23.3509 25.0664 10
      vertex 23.7818 24.925 9.4
      vertex 23.3921 25.15 10
    endloop
  endfacet
  facet normal 0.718077 -0.3541 0.599148
    outer loop
      vertex 23.7818 24.925 9.4
      vertex 23.3509 25.0664 10
      vertex 23.6169 24.5906 9.4
    endloop
  endfacet
  facet normal -0.718153 -0.353922 0.599162
    outer loop
      vertex 28.7182 24.925 9.4
      vertex 29.1491 25.0664 10
      vertex 29.1079 25.15 10
    endloop
  endfacet
  facet normal -0.718077 -0.3541 0.599148
    outer loop
      vertex 29.1491 25.0664 10
      vertex 28.7182 24.925 9.4
      vertex 28.8831 24.5906 9.4
    endloop
  endfacet
  facet normal -0.785183 -0.156327 0.599208
    outer loop
      vertex 29.5218 23.9307 10
      vertex 29.4557 24.2627 10
      vertex 29.0756 23.872 9.4
    endloop
  endfacet
  facet normal 0.665734 0.444769 0.599149
    outer loop
      vertex 23.6319 21.4911 10
      vertex 23.9889 21.765 9.4
      vertex 23.4439 21.7725 10
    endloop
  endfacet
  facet normal 0.527885 0.601978 0.599132
    outer loop
      vertex 24.2347 21.4847 9.4
      vertex 23.9866 21.1051 10
      vertex 24.515 21.2389 9.4
    endloop
  endfacet
  facet normal 0.52752 0.602267 0.599164
    outer loop
      vertex 23.9866 21.1051 10
      vertex 24.2347 21.4847 9.4
      vertex 23.9165 21.1665 10
    endloop
  endfacet
  facet normal -0.665734 0.444769 0.599149
    outer loop
      vertex 28.8681 21.4911 10
      vertex 29.0561 21.7725 10
      vertex 28.5111 21.765 9.4
    endloop
  endfacet
  facet normal 0.758039 -0.257544 0.599206
    outer loop
      vertex 23.4971 24.2376 9.4
      vertex 23.0924 24.4424 10
      vertex 23.0624 24.3541 10
    endloop
  endfacet
  facet normal 0.758138 -0.257295 0.599188
    outer loop
      vertex 23.0924 24.4424 10
      vertex 23.4971 24.2376 9.4
      vertex 23.6169 24.5906 9.4
    endloop
  endfacet
  facet normal 0.527911 -0.601941 0.599147
    outer loop
      vertex 24.515 25.7611 9.4
      vertex 24.2411 26.1181 10
      vertex 23.9866 25.8949 10
    endloop
  endfacet
  facet normal 0.444769 0.665734 0.599149
    outer loop
      vertex 24.5225 20.6939 10
      vertex 24.515 21.2389 9.4
      vertex 24.2411 20.8819 10
    endloop
  endfacet
  facet normal 0.444769 -0.665734 0.599149
    outer loop
      vertex 24.515 25.7611 9.4
      vertex 24.5225 26.3061 10
      vertex 24.2411 26.1181 10
    endloop
  endfacet
  facet normal 0.0522808 -0.798879 0.599215
    outer loop
      vertex 25.878 26.3256 9.4
      vertex 26.157 26.7939 10
      vertex 25.8193 26.7718 10
    endloop
  endfacet
  facet normal -0.354162 0.718024 0.599175
    outer loop
      vertex 27.5129 20.4512 10
      vertex 27.8164 20.6009 10
      vertex 27.3406 20.8669 9.4
    endloop
  endfacet
  facet normal 0.052401 0.798901 0.599176
    outer loop
      vertex 26.25 20.65 9.4
      vertex 26.157 20.2061 10
      vertex 26.25 20.2 10
    endloop
  endfacet
  facet normal 0.052401 0.798901 0.599176
    outer loop
      vertex 26.157 20.2061 10
      vertex 26.25 20.65 9.4
      vertex 25.878 20.6744 9.4
    endloop
  endfacet
  facet normal -0.601941 0.527911 0.599147
    outer loop
      vertex 28.6449 21.2366 10
      vertex 28.8681 21.4911 10
      vertex 28.5111 21.765 9.4
    endloop
  endfacet
  facet normal -0.52752 0.602267 0.599164
    outer loop
      vertex 28.2653 21.4847 9.4
      vertex 28.5134 21.1051 10
      vertex 28.5835 21.1665 10
    endloop
  endfacet
  facet normal -0.527885 0.601978 0.599132
    outer loop
      vertex 28.5134 21.1051 10
      vertex 28.2653 21.4847 9.4
      vertex 27.985 21.2389 9.4
    endloop
  endfacet
  facet normal -0.758138 -0.257295 0.599188
    outer loop
      vertex 29.0029 24.2376 9.4
      vertex 29.4076 24.4424 10
      vertex 28.8831 24.5906 9.4
    endloop
  endfacet
  facet normal -0.758039 -0.257544 0.599206
    outer loop
      vertex 29.4076 24.4424 10
      vertex 29.0029 24.2376 9.4
      vertex 29.4376 24.3541 10
    endloop
  endfacet
  facet normal -0.785357 -0.155525 0.599189
    outer loop
      vertex 29.0029 24.2376 9.4
      vertex 29.4557 24.2627 10
      vertex 29.4376 24.3541 10
    endloop
  endfacet
  facet normal -0.785265 -0.156151 0.599146
    outer loop
      vertex 29.4557 24.2627 10
      vertex 29.0029 24.2376 9.4
      vertex 29.0756 23.872 9.4
    endloop
  endfacet
  facet normal 0.444749 0.665727 0.599171
    outer loop
      vertex 24.515 21.2389 9.4
      vertex 24.6 20.6421 10
      vertex 24.825 21.0318 9.4
    endloop
  endfacet
  facet normal 0.444929 0.665676 0.599094
    outer loop
      vertex 24.6 20.6421 10
      vertex 24.515 21.2389 9.4
      vertex 24.5225 20.6939 10
    endloop
  endfacet
  facet normal 0.52752 -0.602267 0.599164
    outer loop
      vertex 24.2347 25.5153 9.4
      vertex 23.9866 25.8949 10
      vertex 23.9165 25.8335 10
    endloop
  endfacet
  facet normal 0.527885 -0.601978 0.599132
    outer loop
      vertex 23.9866 25.8949 10
      vertex 24.2347 25.5153 9.4
      vertex 24.515 25.7611 9.4
    endloop
  endfacet
  facet normal 0.718024 0.354162 0.599175
    outer loop
      vertex 23.3509 21.9336 10
      vertex 23.6169 22.4094 9.4
      vertex 23.2012 22.2371 10
    endloop
  endfacet
  facet normal 0.758133 0.257363 0.599166
    outer loop
      vertex 23.2012 22.2371 10
      vertex 23.6169 22.4094 9.4
      vertex 23.0924 22.5576 10
    endloop
  endfacet
  facet normal -0.155525 0.785357 0.599189
    outer loop
      vertex 26.9876 20.7471 9.4
      vertex 27.0127 20.2943 10
      vertex 27.1041 20.3124 10
    endloop
  endfacet
  facet normal -0.156151 0.785265 0.599146
    outer loop
      vertex 27.0127 20.2943 10
      vertex 26.9876 20.7471 9.4
      vertex 26.622 20.6744 9.4
    endloop
  endfacet
  facet normal 0.665676 -0.444929 0.599094
    outer loop
      vertex 23.3921 25.15 10
      vertex 23.9889 25.235 9.4
      vertex 23.4439 25.2275 10
    endloop
  endfacet
  facet normal 0.665727 -0.444749 0.599171
    outer loop
      vertex 23.9889 25.235 9.4
      vertex 23.3921 25.15 10
      vertex 23.7818 24.925 9.4
    endloop
  endfacet
  facet normal 0.665734 -0.444769 0.599149
    outer loop
      vertex 23.9889 25.235 9.4
      vertex 23.6319 25.5089 10
      vertex 23.4439 25.2275 10
    endloop
  endfacet
  facet normal -0.257363 0.758133 0.599166
    outer loop
      vertex 27.5129 20.4512 10
      vertex 27.3406 20.8669 9.4
      vertex 27.1924 20.3424 10
    endloop
  endfacet
  facet normal 0.257544 0.758039 0.599206
    outer loop
      vertex 25.5124 20.7471 9.4
      vertex 25.3076 20.3424 10
      vertex 25.3959 20.3124 10
    endloop
  endfacet
  facet normal 0.257295 0.758138 0.599188
    outer loop
      vertex 25.3076 20.3424 10
      vertex 25.5124 20.7471 9.4
      vertex 25.1594 20.8669 9.4
    endloop
  endfacet
  facet normal 0.601941 0.527911 0.599147
    outer loop
      vertex 23.8551 21.2366 10
      vertex 23.9889 21.765 9.4
      vertex 23.6319 21.4911 10
    endloop
  endfacet
  facet normal 0.257295 -0.758138 0.599188
    outer loop
      vertex 25.5124 26.2529 9.4
      vertex 25.3076 26.6576 10
      vertex 25.1594 26.1331 9.4
    endloop
  endfacet
  facet normal 0.257544 -0.758039 0.599206
    outer loop
      vertex 25.3076 26.6576 10
      vertex 25.5124 26.2529 9.4
      vertex 25.3959 26.6876 10
    endloop
  endfacet
  facet normal 0.156327 -0.785183 0.599208
    outer loop
      vertex 25.878 26.3256 9.4
      vertex 25.8193 26.7718 10
      vertex 25.4873 26.7057 10
    endloop
  endfacet
  facet normal 0.257363 -0.758133 0.599166
    outer loop
      vertex 25.1594 26.1331 9.4
      vertex 25.3076 26.6576 10
      vertex 24.9871 26.5488 10
    endloop
  endfacet
  facet normal 0.785265 0.156151 0.599146
    outer loop
      vertex 23.0443 22.7373 10
      vertex 23.4971 22.7624 9.4
      vertex 23.4244 23.128 9.4
    endloop
  endfacet
  facet normal 0.785357 0.155525 0.599189
    outer loop
      vertex 23.4971 22.7624 9.4
      vertex 23.0443 22.7373 10
      vertex 23.0624 22.6459 10
    endloop
  endfacet
  facet normal 0.758039 0.257544 0.599206
    outer loop
      vertex 23.0924 22.5576 10
      vertex 23.4971 22.7624 9.4
      vertex 23.0624 22.6459 10
    endloop
  endfacet
  facet normal 0.758138 0.257295 0.599188
    outer loop
      vertex 23.4971 22.7624 9.4
      vertex 23.0924 22.5576 10
      vertex 23.6169 22.4094 9.4
    endloop
  endfacet
  facet normal 0.156151 0.785265 0.599146
    outer loop
      vertex 25.5124 20.7471 9.4
      vertex 25.4873 20.2943 10
      vertex 25.878 20.6744 9.4
    endloop
  endfacet
  facet normal 0.155525 0.785357 0.599189
    outer loop
      vertex 25.4873 20.2943 10
      vertex 25.5124 20.7471 9.4
      vertex 25.3959 20.3124 10
    endloop
  endfacet
endsolid OpenSCAD_Model
